id,drcog_id,latitude,longitude,crashtime,time,crashtype,numbkilled,numbinjurd,drcoglocat,rdconditin,lightngcon,roadcntgrd,weatherco,location,roaddescrp,schoolzone,constrzone,splimit,bikeinv,pedinv,sctrinv,motoinv,svrty,rdsystem,ttlvehcls,hcf
,2018_02226,39.65032904,-104.9243555,2/12/2018 15:12,15:12,15,0,0,HUDSON STREET SOUTH & JEFFERSON AVENUE EAST,1,1,0,0,1,4,,0,25,0,0,0,0,0,4,2,13
,2018_02229,39.73686255,-104.9861294,7/10/2018 19:30,19:30,6,0,0,13TH AVENUE 000 BLOCK EAST & LINCOLN STREET NORTH,1,1,0,0,2,3,,0,35,0,0,0,0,0,4,3,13
,2018_02230,39.69675947,-105.0388183,12/8/2018 2:30,2:30,6,0,0,MISSISSIPPI AVENUE 3900 BLOCK WEST & PATTON COURT SOUTH,1,4,0,0,1,4,,0,30,0,0,0,0,0,4,2,13
,2018_02235,39.73031548,-105.0351269,2/2/2018 23:07,23:07,12,0,0,NINTH AVENUE WEST & LOWELL BOULEVARD NORTH,1,3,0,0,1,4,,0,,0,0,0,0,0,4,2,13
,2018_02236,39.75390962,-105.0034604,8/13/2018 6:45,6:45,12,0,0,16TH STREET 1900 BLOCK & CHESTNUT STREET,1,1,0,0,1,4,,0,30,0,0,0,0,0,4,2,13
,2018_02237,39.70555874,-104.9827917,5/31/2018 16:40,16:40,12,0,0,LOGAN STREET SOUTH & CENTER AVENUE EAST,1,1,0,0,1,4,,0,35,0,0,0,0,0,4,3,3
,2018_02239,39.67763841,-104.9579344,6/15/2018 20:15,20:15,6,0,0,JOSEPHINE SOUTH 2100 BLOCK SOUTH & EVANS AVENUE EAST,1,4,0,0,1,4,,0,25,0,0,0,0,0,4,2,1
,2018_02242,39.70218798,-105.0410851,12/24/2018 9:04,9:04,6,0,0,OHIO AVENUE 4100 BLOCK WEST & QUITMAN STREET SOUTH,1,1,0,0,1,4,,0,25,0,0,0,0,0,4,2,13
,2018_02243,39.68833777,-105.0452139,9/29/2018 10:14,10:14,6,0,0,UTICA STREET 1500 BLOCK SOUTH & IOWA AVENUE WEST,1,5,0,0,1,4,,0,25,0,0,0,0,0,4,2,13
,2018_02244,39.73493719,-104.9874041,8/11/2018 23:50,23:50,15,0,0,BROADWAT STREET NORTH & 11TH AVENUE EAST,1,3,0,0,1,4,,0,30,0,0,0,0,0,4,2,7
,2018_02248,39.72593242,-104.9848811,9/8/2018 10:39,10:39,6,0,0,SHERMAN STREET NORTH & SIXTH AVENUE EAST,1,1,0,0,1,4,,0,25,0,0,0,0,0,4,4,10
,2018_02249,39.67854483,-105.0037695,8/8/2018 7:01,7:01,12,0,0,EVANS AVENUE 1300 WEST & NAVAJO STREET SOUTH,1,1,1,0,1,4,,0,35,0,0,0,0,0,4,2,16
,2018_02252,39.67851804,-104.9879159,7/14/2018 2:02,2:02,15,0,0,EVANS AVENUE WEST & BROADWAY SOUTH,1,3,0,0,1,4,,0,40,0,0,0,0,0,4,2,13
,2018_02254,39.73336763,-105.0052728,1/22/2018 10:30,10:30,6,0,0,OSAGE STREET 1100 BLOCK NORTH & 12TH AVENUE WEST,5,1,1,0,1,4,,0,15,0,0,0,0,0,4,2,13
,2018_02259,39.73970007,-104.9587941,8/14/2018 9:35,9:35,15,0,0,JOSEPHINE STREET NORTH & COLFAX AVENUE EAST,1,1,0,0,1,4,,0,30,0,0,0,0,0,4,2,16
,2018_02261,39.76568059,-104.9946286,1/19/2018 10:04,10:04,12,0,0,PARK AVENUE WEST & GLOBEVILLE ROAD,1,1,0,0,1,3,,0,35,0,0,0,0,0,4,2,14
,2018_02263,39.72096905,-104.9534179,6/20/2018 10:45,10:45,6,0,0,THIRD AVENUE EAST & FILLMORE STREET NORTH,1,1,0,1,1,4,,0,25,0,0,0,0,0,4,2,13
,2018_02264,39.77504866,-104.8099197,6/27/2018 15:56,15:56,12,0,0,CHAMBERS ROAD 4400 BLOCK NORTH & ANDREWS DRIVE EAST,1,1,0,0,1,3,,0,40,0,0,0,0,0,4,2,5
,2018_02267,39.72974768,-104.991232,10/1/2018 14:45,14:45,12,0,0,SPEER BOULEVARD NORTH & BANNOCK STREET NORTH,1,1,0,0,1,4,,0,30,0,0,0,0,0,4,3,13
,2018_02270,39.78554914,-104.8933216,12/24/2018 14:36,14:36,15,0,0,NORTHFIELD BOULEVARD 8100 BLOCK EAST & UINTA STREET NORTH,1,1,0,0,1,3,,0,35,0,0,0,0,0,4,2,13
,2018_02271,39.76726874,-104.8375959,2/5/2018 7:06,7:06,6,0,0,37TH AVENUE EAST & TROY STREET NORTH,1,1,0,0,1,4,,0,25,0,0,0,0,0,4,2,4
,2018_02272,39.6851911,-104.9034364,11/26/2018 17:56,17:56,12,0,0,QUEBEC STREET SOUTH & CHERRY CREEK NORTH DRIVE EAST,1,4,0,0,1,4,,0,30,0,0,0,0,0,4,3,3
,2018_02273,39.75155802,-104.985947,3/23/2018 19:09,19:09,15,0,0,STOUT STREET & 22ND STREET,1,2,0,0,1,4,,0,30,0,0,0,0,0,4,2,8
,2018_02275,39.71157979,-105.0312247,9/21/2018 18:10,18:10,6,0,0,JULIAN STREET 200 BLOCK SOUTH & ALAMEDA AVENUE WEST,1,1,2,0,1,2,,0,25,0,0,0,0,0,4,2,3
,2018_02277,39.72411579,-104.9818121,10/13/2018 10:35,10:35,6,0,0,FIFTH AVENUE 400 BLOCK EAST & LOGAN STREET NORTH,1,1,0,0,1,4,,0,30,0,0,0,0,0,4,2,13
,2018_02278,39.73685004,-104.9874249,10/5/2018 19:30,19:30,8,0,0,13TH AVENUE & BROADWAY STREET NORTH,2,3,0,1,1,4,,0,30,0,0,0,0,0,4,2,5
,2018_02279,39.68229235,-105.0533442,8/3/2018 15:07,15:07,12,0,0,JEWELL AVENUE WEST & SHERIDAN BOULEVARD SOUTH,1,1,0,0,1,3,,0,35,0,0,0,0,0,4,2,13
,2018_02286,39.67614896,-104.9863451,4/28/2018 2:00,2:00,6,0,0,LINCOLN STREET 2200 BLOCK SOUTH & WARREN AVENUE EAST,1,1,0,0,1,4,,0,25,0,0,0,0,0,4,2,13
,2018_02287,39.75108127,-104.9128606,3/25/2018 11:37,11:37,3,0,2,MONACO PARKWAY & 23RD AVENUE EAST,1,1,1,0,1,1,,0,30,0,0,0,0,2,4,2,16
,2018_02290,39.74897162,-104.999532,11/8/2018 12:30,12:30,6,0,0,MARKET STREET 1500 BLOCK & 16TH STREET,1,1,0,0,1,4,,0,25,0,0,0,0,0,4,2,13
,2018_02294,39.72928495,-104.9034691,7/19/2018 20:45,20:45,12,0,0,QUEBEC STREET NORTH & EIGHTH AVENUE EAST,1,3,0,0,1,3,,0,35,0,0,0,0,0,4,2,3
,2018_02296,39.77072494,-104.7500931,8/14/2018 19:06,19:06,6,0,0,JEBEL STREET NORTH & 40TH AVENUE EAST,1,1,1,0,1,4,,0,,0,0,0,0,0,4,2,13
,2018_02299,39.77248605,-105.0432782,11/28/2018 11:55,11:55,6,0,0,41ST AVENUE 4300 BLOCK WEST & STUART STREET,1,1,0,0,1,4,,0,25,0,0,0,0,0,4,2,13
,2018_02301,39.66767677,-104.97222,10/6/2018 13:29,13:29,15,0,0,MARION STREET 1500 BLOCK NORTH & MARION STREET NORTH,1,1,0,0,1,3,,0,25,0,0,0,0,0,4,2,14
,2018_02302,39.71137123,-104.9369521,10/9/2018 8:32,8:32,12,0,0,ALAMEDA AVENUE EAST & LEETSDALE DRIVE,2,1,1,0,1,3,,0,30,0,0,0,0,0,4,2,2
,2018_02303,39.75312911,-104.9879753,9/23/2018 19:39,19:39,12,0,0,22ND STREET & 1200 BLOCK,1,1,0,0,1,4,,0,30,0,0,0,0,0,4,2,5
,2018_02306,39.76034101,-105.0357721,9/13/2018 16:15,16:15,6,0,0,30TH AVENUE WEST & MEADE STREET NORTH,1,1,0,0,1,4,,0,25,0,0,0,0,0,4,2,7
,2018_02307,39.75650327,-104.9897596,12/23/2018 21:04,21:04,5,0,0,WALNUT STREET & PARK AVENUE WEST,1,3,0,0,3,4,,0,30,0,0,0,0,0,4,1,5
,2018_02309,39.71967648,-105.0252744,6/19/2018 12:30,12:30,6,0,0,SECOND AVENUE 3000 BLOCK EAST & STREET PAUL STREET NORTH,1,1,0,0,1,4,,0,20,0,0,0,0,0,4,2,13
,2018_02310,39.75102134,-105.0022042,1/6/2018 22:00,22:00,6,0,0,WYNKOOP STREET 1536 & 15TH STREET,1,4,0,0,3,4,,0,,0,0,0,0,0,4,2,13
,2018_02314,39.64542614,-104.9128205,3/25/2018 11:32,11:32,6,0,0,MONACO STREET SOUTH & MANSFIELD AVENUE EAST,1,1,0,0,1,4,,0,35,0,0,0,0,0,4,2,13
,2018_02315,39.70740131,-105.0227039,12/17/2018 1:28,1:28,6,0,0,DECATUR STREET 400 BLOCK SOUTH & DAKOTA AVENUE WEST,1,4,0,0,1,4,,0,25,0,0,0,0,0,4,2,13
,2018_02320,39.69118842,-104.9781034,9/29/2018 21:19,21:19,6,0,0,ARKANSAS AVENUE EAST & CLARKSON STREET SOUTH,1,3,0,0,1,4,,0,25,0,0,0,0,0,4,2,3
,2018_02324,39.76926601,-105.0249712,1/2/2018 18:08,18:08,12,0,0,38TH AVENUE 2900 BLOCK WEST & FEDERAL BOULEVARD NORTH,1,2,1,0,1,4,,0,30,0,0,0,0,0,4,2,13
,2018_02327,39.79296728,-104.8105456,12/21/2018 23:12,23:12,6,0,0,GRANBY STREET 5400 BLOCK NORTH & 54TH AVENUE EAST,1,3,0,0,1,4,,0,25,0,0,0,0,0,4,3,7
,2018_02329,39.76911591,-104.9952965,8/16/2018 8:57,8:57,12,0,0,FOX STREET 3800 NORTH & 38TH AVENUE WEST,1,1,0,0,1,4,,0,35,0,0,0,0,0,4,2,3
,2018_02331,39.7167801,-104.9037022,9/30/2018 10:01,10:01,12,0,0,QUEBEC STREET NORTH & LOWRY BOULEVARD EAST,1,1,0,0,1,4,,0,35,0,0,0,0,0,4,2,13
,2018_02334,39.74144527,-104.9873965,4/5/2018 18:00,18:00,5,0,0,16TH STREET & BROADWAY NORTH,1,1,0,0,2,4,,0,25,0,0,0,0,0,4,1,3
,2018_02335,39.73686327,-104.9861294,1/24/2018 10:00,10:00,6,0,0,13TH AVENUE 100 EAST & LINCOLN STREET NORTH,5,1,1,0,1,4,,0,25,0,0,0,0,0,4,2,13
,2018_02336,39.77958824,-104.8460468,9/17/2018 19:32,19:32,15,0,0,PEORIA STREET 4400 BLOCK NORTH & I70,1,3,1,0,1,4,,0,40,0,0,0,0,0,4,2,13
,2018_02337,39.68781841,-104.9337032,10/28/2018 11:00,11:00,6,0,0,CHERRY STREET 1500 BLOCK SOUTH & IOWA AVENUE EAST,1,1,0,0,1,4,,0,25,0,0,0,0,0,4,2,13
,2018_02338,39.7858308,-104.8449154,10/22/2018 20:37,20:37,5,0,0,ANDREWS DRIVE 12200 BLOCK EAST & QUENTIN STREET NORTH,1,4,0,0,2,4,,0,25,0,0,0,0,0,4,1,4
,2018_02341,39.7323135,-104.9874047,5/19/2018 21:58,21:58,15,0,0,BROADWAY NORTH & 10TH AVENUE EAST,1,3,0,0,1,4,,0,35,0,0,0,0,0,4,2,3
,2018_02342,39.7323135,-104.9874047,9/25/2018 6:23,6:23,15,0,0,BROADWAY STREET NORTH & 10TH AVENUE EAST,1,1,0,0,1,4,,0,35,0,0,0,0,0,4,2,16
,2018_02343,39.78208405,-105.0406891,5/10/2018 18:03,18:03,12,0,0,47TH AVENUE WEST & QUITMAN STREET NORTH,1,1,0,0,1,4,,0,25,0,0,0,0,0,4,2,13
,2018_02345,39.71625254,-104.94987,6/20/2018 7:42,7:42,12,0,0,ELLSWORTH AVENUE 3200 BLOCK EAST & STEELE STREET NORTH,1,1,0,0,1,3,,0,25,0,0,0,0,0,4,2,3
,2018_02347,39.76949579,-105.0332831,8/20/2018 15:13,15:13,6,0,0,38TH AVENUE 3500 WEST & KING STREET NORTH,1,1,0,0,1,4,,0,35,0,0,0,0,0,4,2,13
,2018_02353,39.69825779,-104.903563,2/21/2018 16:49,16:49,15,0,0,QUEBEC STREET SOUTH & LEETSDALE DRIVE,1,1,0,0,1,4,,0,35,0,0,0,0,0,4,2,13
,2018_02354,39.67478356,-104.9129475,10/26/2018 9:05,9:05,12,0,0,MONACO STREET SOUTH & ILIFF AVENUE EAST,1,1,0,0,1,3,,0,35,0,0,0,0,0,4,2,16
,2018_02355,39.71475221,-104.9851154,5/6/2018 12:00,12:00,6,0,0,BAYAUD AVENUE 100 BLOCK EAST & SHERMAN STREET SOUTH,1,3,0,0,1,4,,0,25,0,0,0,0,0,4,2,1
,2018_02363,39.67851471,-104.9887271,9/18/2018 13:16,13:16,12,0,0,EVANS AVENUE WEST & ACOMA STREET SOUTH,1,1,0,0,1,3,,0,35,0,0,0,0,0,4,2,16
,2018_02367,39.77504868,-104.8099173,11/7/2018 13:55,13:55,12,0,0,ANDREWS STREET EAST & CHAMBERS ROAD NORTH,1,1,0,0,1,4,,0,35,0,0,0,0,0,4,2,16
,2018_02368,39.6604975,-105.0230124,4/12/2018 9:28,9:28,12,0,0,DECATUR STREET 3100 BLOCK SOUTH & DARTMOUTH AVENUE WEST,1,1,1,0,1,4,,0,25,0,0,0,0,0,4,2,13
,2018_02369,39.69297152,-104.9734074,6/21/2018 20:29,20:29,12,0,0,DOWNING STREET SOUTH & LOUISIANA AVENUE EAST,1,2,0,0,1,3,,0,25,0,0,0,0,0,4,3,3
,2018_02371,39.74696404,-104.9732855,10/23/2018 9:20,9:20,12,0,0,20TH AVENUE EAST & DOWING STREET NORTH,1,1,0,0,1,4,,0,25,0,0,0,0,0,4,2,13
,2018_02375,39.74545527,-104.8858218,5/8/2018 18:30,18:30,12,0,0,XENIA STREET 1700 NORTH & 19TH AVENUE EAST,1,1,0,0,1,2,,0,25,0,0,0,0,0,4,2,3
,2018_02376,39.71471355,-104.9780213,2/4/2018 15:15,15:15,6,0,0,BAYAUD AVENUE EAST & CLARKSON STREET SOUTH,1,5,0,0,1,3,,0,,0,0,0,0,0,4,2,13
,2018_02378,39.68358294,-105.0168651,2/21/2018 13:15,13:15,6,0,0,ALCOTT STREET SOUTH & COLORADO AVENUE WEST,1,1,0,0,1,4,,0,25,0,0,0,0,0,4,2,3
,2018_02379,39.79838515,-104.7862428,12/4/2018 12:49,12:49,15,0,0,56TH AVENUE 17500 BLOCK EAST & PENA BOULEVARD,1,1,0,0,1,4,,0,40,0,0,0,0,0,4,2,1
,2018_02380,39.89500096,-104.6754279,9/4/2018 5:40,5:40,4,0,0,109TH AVENUE & QUEENSBURG STREET,1,3,1,0,1,1,,0,45,0,0,0,0,0,4,1,13
,2018_02384,39.7632285,-105.0059717,12/28/2018 11:20,11:20,6,0,0,33RD AVENUE 1600 BLOCK WEST & PECOS STREET NORTH,1,1,0,0,1,4,,0,25,0,0,0,0,0,4,2,13
,2018_02388,39.77059378,-104.9767603,2/9/2018 7:41,7:41,15,0,0,36TH STREET & WYNKOOP STREET,1,1,0,1,1,3,,0,20,0,0,0,0,0,4,2,13
,2018_02390,39.7656857,-104.9953755,6/8/2018 12:19,12:19,12,0,1,PARK AVENUE WEST & GLOBEVILLE ROAD,1,1,0,0,1,3,,0,35,0,0,0,0,1,4,2,14
,2018_02392,39.74868261,-104.9894871,9/13/2018 19:56,19:56,12,0,1,19TH STREET & STOUT STREET,1,2,0,0,1,4,,0,25,0,0,0,0,2,4,2,13
,2018_02393,39.75548789,-104.9910431,12/8/2018 18:27,18:27,12,0,0,22ND STREET & MARKET STREET,1,2,0,0,1,3,,0,35,0,0,0,0,0,4,2,13
,2018_02398,39.75925454,-104.9861901,5/29/2018 8:40,8:40,15,0,0,26TH STREET 1300 BLOCK & WALNUT STREET,1,1,0,0,1,4,,0,25,0,0,0,0,0,4,2,7
,2018_02407,39.74167126,-104.9787323,2/12/2018 20:38,20:38,15,0,0,WASHINGTON STREET NORTH & 16TH AVENUE EAST,2,3,0,0,1,4,,0,35,0,0,0,0,0,4,2,14
,2018_02408,39.75849872,-105.033434,11/20/2018 14:15,14:15,6,0,0,29TH AVENUE 3400 BLOCK WEST & KING STREET,1,1,0,0,1,4,,0,25,0,0,0,0,0,4,2,13
,2018_02410,39.76926849,-105.0207854,7/15/2018 17:58,17:58,12,0,0,38TH AVENUE NORTH & CLAY STREET NORTH,2,1,0,1,1,4,,0,35,0,0,0,0,0,4,2,16
,2018_02411,39.71120993,-104.9219236,3/28/2018 12:10,12:10,12,0,0,ALAMEDA AVENUE 5600 BLOCK EAST & HOLLY STREET SOUTH,1,1,0,0,1,4,,0,35,0,0,0,0,0,4,2,3
,2018_02413,39.68948267,-105.0259698,3/19/2018 8:16,8:16,3,0,0,FLORIDA AVENUE WEST & FEDERAL BOULEVARD SOUTH,2,1,0,0,1,3,,0,30,0,0,0,0,0,4,2,13
,2018_02414,39.7836952,-104.7648972,8/9/2018 20:00,20:00,3,0,0,ARGONNE STREET 4800 BLOCK NORTH & GREEN VALLEY RANCH EAST,1,2,0,0,1,1,,0,35,0,0,0,0,0,4,3,12
,2018_02415,39.7999902,-104.8838146,12/11/2018 12:20,12:20,5,0,0,57TH AVENUE EAST & CENTRAL PARK BOULEVARD,1,1,0,6,1,4,,0,10,0,0,0,0,0,4,2,13
,2018_02416,39.68943836,-105.0346451,11/13/2018 15:02,15:02,12,0,1,FLORIDA AVENUE WEST & LOWELL BOULEVARD SOUTH,1,1,1,0,1,4,,0,30,0,0,0,0,1,4,2,3
,2018_02417,39.71292676,-104.9806675,10/29/2018 17:28,17:28,6,0,0,CEDAR AVENUE 500 BLOCK EAST & PEARL STREET SOUTH,1,1,0,0,1,4,,0,25,0,0,0,0,0,4,2,13
,2018_02419,39.74604972,-104.9861194,10/1/2018 16:29,16:29,6,0,0,LINCOLN STREET NORTH & 19TH AVENUE EAST,1,1,0,0,1,4,,0,35,0,0,0,0,0,4,2,13
,2018_02421,39.79837556,-104.784542,12/8/2018 17:45,17:45,4,0,0,PENA BOULEVARD & 56TH AVENUE EAST,1,3,0,0,1,4,,0,55,0,0,0,0,0,4,1,13
,2018_02422,39.73276561,-104.9597977,12/26/2018 18:03,18:03,15,0,0,YORK STREET NORTH & 11TH AVENUE EAST,2,4,0,2,1,4,,0,30,0,0,0,0,0,4,2,13
,2018_02424,39.74024741,-104.9587861,8/30/2018 20:45,20:45,10,0,0,JOSEPHINE STREET 1500 BLOCK NORTH & COLFAX AVENUE EAST,1,3,1,0,1,2,,0,30,0,0,0,0,0,4,2,13
,2018_02426,39.785374,-104.8042258,1/15/2018 11:21,11:21,6,0,0,JOPLIN STREET 4900 BLOCK NORTH & 49TH AVENUE EAST,5,1,0,2,1,4,,0,25,0,0,0,0,0,4,2,1
,2018_02430,39.71025193,-105.0341325,10/10/2018 11:55,11:55,6,0,0,MORRISON ROAD 3500 BLOCK & NEVADA PLACE WEST,2,1,0,2,1,4,,0,35,0,0,0,0,0,4,2,1
,2018_02432,39.71422145,-104.9036454,6/12/2018 10:06,10:06,5,0,0,QUEBEC STREET 100 BLOCK SOUTH & BAYAUD AVENUE EAST,1,1,0,0,2,4,,0,30,0,0,0,0,0,4,1,1
,2018_02433,39.68509504,-104.9034383,3/16/2018 12:40,12:40,12,0,0,QUEBEC STREET 1600 BLOCK SOUTH & CHERRY CREEK DRIVE SOUTH,1,1,0,0,1,3,,0,30,0,0,0,0,0,4,2,13
,2018_02437,39.77128599,-105.0440128,8/16/2018 20:30,20:30,6,0,0,TENNYSON STREET NORTH & 39TH AVENUE WEST,1,1,0,0,1,4,,0,25,0,0,0,0,0,4,2,13
,2018_02440,39.72743326,-104.9752501,1/23/2018 17:00,17:00,6,0,0,OGDEN STREET 700 BLOCK & SEVENTH AVENUE EAST,1,1,0,0,1,4,,0,25,0,0,0,0,0,4,2,13
,2018_02441,39.77292107,-104.8472751,10/9/2018 14:48,14:48,12,0,0,PEORIA STREET NORTH & 40TH AVENUE EAST,1,1,0,0,1,4,,0,35,0,0,0,0,0,4,2,13
,2018_02446,39.7191342,-104.9825754,12/10/2018 1:20,1:20,6,0,0,LOGAN STREET NORTH & SECOND AVENUE EAST,1,3,0,0,1,4,,0,30,0,0,0,0,0,4,3,13
,2018_02447,39.77446362,-104.9210807,5/8/2018 17:01,17:01,12,0,1,SMITH ROAD & HOLLY STREET NORTH,1,1,0,0,1,4,,0,35,0,0,0,0,1,4,2,3
,2018_02451,39.77049366,-104.8922321,8/11/2018 21:35,21:35,5,0,0,SMITH ROAD EAST & UNITA STREET NORTH,1,3,0,0,2,4,,0,25,0,0,0,0,0,4,1,13
,2018_02452,39.76124928,-105.0131408,4/14/2018 2:15,2:15,6,0,0,VALLEJO STREET 3100 BLOCK NORTH & 31ST AVENUE WEST,1,3,0,0,1,4,,0,25,0,0,0,0,0,4,3,13
,2018_02453,39.75320689,-105.0027385,2/20/2018 14:29,14:29,12,0,0,WEWATTA STREET 1500 & 16TH STREET,4,1,0,0,1,4,,0,25,0,0,0,0,0,4,3,7
,2018_02459,39.69634046,-104.9082094,10/16/2018 0:56,0:56,6,0,1,ONEIDA STREET SOUTH & MISSISSIPPI AVENUE EAST,1,3,0,0,1,4,,0,30,0,0,0,0,2,4,2,4
,2018_02465,39.74008326,-104.9574282,2/8/2018 13:00,13:00,6,0,0,COLUMBINE STREET 1400 BLOCK NORTH & COLFAX AVENUE EAST,1,1,0,0,1,4,,0,30,0,0,0,0,0,4,2,8
,2018_02470,39.77685889,-104.8470275,8/23/2018 12:39,12:39,3,0,0,PEORIA STREET NORTH & 44TH AVENUE EAST,1,1,0,0,1,1,,0,35,0,0,0,0,0,4,2,14
,2018_02477,39.72914973,-104.9907537,11/27/2018 2:46,2:46,5,0,0,SPEER BOULEVARD 800 BLOCK & EIGHTH AVENUE WEST,1,3,0,0,2,4,,0,30,0,0,0,0,0,4,1,5
,2018_02483,39.71496602,-105.0374768,3/31/2018 14:05,14:05,3,0,0,BAYAUD AVENUE WEST & NEWTON STREET SOUTH,1,1,0,0,1,5,,0,20,0,0,0,0,0,4,2,5
,2018_02484,39.68940046,-104.9877597,3/6/2018 13:23,13:23,6,0,0,FLORIDA AVENUE 0 BLOCK WEST & BROADWAY STREET SOUTH,1,1,0,0,1,2,,0,25,0,0,0,0,0,4,2,13
,2018_02485,39.68571045,-104.9354013,5/19/2018 16:06,16:06,6,0,1,MEXICO AVENUE 4400 BLOCK EAST & BIRCH STREET SOUTH,1,2,0,0,1,4,,0,30,0,0,0,0,2,4,2,5
,2018_02488,39.75930435,-104.9739483,7/22/2018 12:30,12:30,6,0,0,CALIFORNIA STREET 3100 BLOCK & 31ST STREET,1,1,0,0,1,4,,0,30,0,0,0,0,0,4,2,13
,2018_02490,39.77595015,-104.8469235,12/10/2018 8:08,8:08,15,0,0,PEORIA STREET 4300 BLOCK NORTH & I70 WB RAMP,1,1,0,0,1,4,,0,35,0,0,0,0,0,4,2,13
,2018_02492,39.76011868,-105.0092231,4/3/2018 12:48,12:48,15,0,0,17TH STREET 2500 BLOCK & BOULDER STREET,1,1,1,0,1,4,,0,25,0,0,0,0,0,4,2,13
,2018_02494,39.78387938,-105.0407868,11/11/2018 10:12,10:12,5,0,0,48TH AVENUE WEST & QUITMAN STREET NORTH,6,1,0,2,2,4,,0,25,0,0,0,0,0,4,1,1
,2018_02497,39.70865844,-104.9780675,10/31/2018 1:14,1:14,6,0,0,CLARKSON STREET 400 BLOCK SOUTH & VIRGINIA AVENUE EAST,2,3,0,1,1,4,,0,25,0,0,0,0,0,4,4,14
,2018_02498,39.73755828,-104.9752936,2/16/2018 21:45,21:45,6,0,0,13TH AVENUE EAST & OGDEN STREET NORTH,1,3,0,0,1,4,,0,20,0,0,0,0,0,4,2,14
,2018_02502,39.72906903,-104.9729354,4/26/2018 15:50,15:50,12,0,1,EIGHTH AVENUE & DOWNING STREET,2,1,0,0,1,1,,0,25,0,0,0,0,1,4,2,3
,2018_02505,39.77892331,-104.8098701,11/18/2018 14:43,14:43,15,0,0,CHAMBERS ROAD NORTH & 46TH AVENUE EAST,1,1,0,0,1,4,,1,40,0,0,0,0,0,4,2,13
,2018_02510,39.78386828,-104.8470245,11/10/2018 18:48,18:48,12,0,0,PEORIA STREET 4600 BLOCK NORTH & ALBROOK DRIVE EAST,1,2,0,0,1,4,,0,30,0,0,0,0,0,4,2,2
,2018_02515,39.78460412,-104.8097917,7/5/2018 17:40,17:40,12,0,2,CHAMBERS ROAD NORTH & GREEN VALLEY RANCH BOULEVARD EAST,1,1,0,0,1,4,,0,35,0,0,0,0,1,4,2,13
,2018_02516,39.75598824,-104.9033997,9/7/2018 10:35,10:35,12,0,0,28TH AVENUE EAST & QUEBEC STREET NORTH,1,1,0,0,1,4,,0,30,0,0,0,0,0,4,2,3
,2018_02518,39.7488094,-104.9875271,6/3/2018 5:30,5:30,5,0,1,20TH STREET & CALIFORNIA STREET,1,2,0,0,3,4,,0,30,0,0,0,0,1,4,1,5
,2018_02522,39.7425713,-104.9034585,5/25/2018 8:20,8:20,12,0,0,QUEBEC STREET NORTH & BATAVIA PLACE EAST,1,1,0,0,1,3,,0,30,0,0,0,0,0,4,2,7
,2018_02525,39.66946431,-104.9685909,11/5/2018 9:00,9:00,6,0,0,VASSAR AVENUE EAST & FRANKLIN STREET SOUTH,1,3,0,0,1,4,,0,20,0,0,0,0,0,4,2,13
,2018_02526,39.75684754,-104.9211176,7/9/2018 15:54,15:54,12,0,0,IVANHOE STREET NORTH & 28TH AVENUE EAST,1,1,0,0,1,2,,0,25,0,0,0,0,0,4,2,13
,2018_02527,39.77162102,-104.8470317,10/19/2018 6:00,6:00,12,0,0,PEORIA STREET NORTH & 39TH AVENUE EAST,1,1,0,0,1,3,,0,30,0,0,0,0,0,4,3,13
,2018_02528,39.71788647,-105.0263367,11/18/2018 1:30,1:30,6,0,0,FIRST AVENUE WEST & GROVE STREET NORTH,5,4,0,2,1,4,,0,25,0,0,0,0,0,4,2,13
,2018_02530,39.68986509,-104.9500415,7/19/2018 16:20,16:20,12,0,1,STEELE STREET 1400 SOUTH & FLORIDA AVENUE EAST,1,1,0,0,1,4,,0,25,0,0,0,0,1,4,2,13
,2018_02531,39.7256654,-104.9912235,10/21/2018 1:17,1:17,12,0,5,SIXTH AVENUE WEST & BANNOCK STREET NORTH,1,3,0,0,1,4,,0,30,0,0,0,0,1,4,2,5
,2018_02532,39.73998416,-104.9034581,4/18/2018 13:30,13:30,12,0,0,QUEBEC STREET NORTH & COLFAX AVENUE EAST,1,1,0,0,1,4,,0,30,0,0,0,0,0,4,2,7
,2018_02533,39.71772217,-105.0385045,4/13/2018 23:41,23:41,6,0,0,FIRST AVENUE WEST & OSCEOLA STREET NORTH,1,3,1,0,1,4,,0,25,0,0,0,0,0,4,2,9
,2018_02534,39.73328733,-104.9634974,7/5/2018 15:47,15:47,6,0,0,RACE STREET 1000 NORTH & 11TH AVENUE EAST,1,2,0,0,1,4,,0,,0,0,0,0,0,4,2,13
,2018_02535,39.68384176,-104.9734251,6/25/2018 14:37,14:37,12,0,0,DOWNING STREET SOUTH & COLORADO AVENUE EAST,1,1,0,0,1,3,,0,30,0,0,0,0,0,4,3,1
,2018_02540,39.74974256,-104.9258121,4/3/2018 11:54,11:54,6,0,0,GLENCOE STREET 2200 BLOCK NORTH & 22ND AVENUE EAST,1,1,3,0,1,4,,0,25,0,0,0,0,0,4,2,13