id,drcog_id,latitude,longitude,crashtime,time,crashtype,numbkilled,numbinjurd,drcoglocat,rdconditin,lightngcon,roadcntgrd,weatherco,location,roaddescrp,schoolzone,constrzone,splimit,bikeinv,pedinv,sctrinv,motoinv,svrty,rdsystem,ttlvehcls,hcf
,2018_02541,39.7776354,-104.8470301,5/5/2018 16:35,16:35,15,0,0,PEORIA STREET NORTH & 45TH AVENUE EAST,1,1,1,0,1,4,,0,35,0,0,0,0,0,4,2,16
,2018_02549,39.64320795,-104.8843682,3/18/2018 3:34,3:34,6,0,0,NASSAU AVENUE 9000 BLOCK EAST & YOSEMITE STREET SOUTH,1,3,1,0,1,4,,0,,0,0,0,0,0,4,4,13
,2018_02553,39.70997091,-105.0485965,11/17/2018 19:38,19:38,5,0,0,WOLFF STREET SOUTH & NEVADA PLACE WEST,5,3,1,2,3,3,,0,25,0,0,0,0,0,4,1,16
,2018_02564,39.72570704,-104.9987678,2/28/2018 6:37,6:37,12,0,0,SIXTH AVENUE WEST & SANTA FE DRIVE,1,1,0,0,1,4,,0,35,0,0,0,0,0,4,2,14
,2018_02572,39.68924843,-105.0442607,1/13/2018 17:25,17:25,8,0,2,TENNYSON STREET 1500 BLOCK SOUTH & FLORIDA AVENUE WEST,1,4,0,0,1,4,,0,25,0,0,0,0,2,4,2,3
,2018_02573,39.78315876,-104.8098064,3/17/2018 14:20,14:20,12,0,2,GATEWAY AVENUE EAST & CHAMBERS ROAD NORTH,1,1,0,0,1,4,,0,40,0,0,0,0,1,4,4,13
,2018_02575,39.76181997,-104.9499146,4/23/2018 19:47,19:47,12,0,2,MLK BOULEVARD & STEELE STREET NORTH,2,3,0,0,1,3,,0,30,0,0,0,0,1,4,2,1
,2018_02578,39.77939785,-105.0267736,10/3/2018 7:20,7:20,6,0,0,GROVE STREET & 2940 NORTH,1,1,0,0,1,4,,0,25,0,0,0,0,0,4,2,5
,2018_02579,39.77863657,-104.9497942,5/14/2018 17:32,17:32,3,0,0,STEELE STREET NORTH & 45TH AVENUE EAST,1,1,0,0,1,2,,0,30,0,0,0,0,0,4,2,1
,2018_02580,39.75799414,-104.9033938,9/3/2018 14:25,14:25,15,0,0,29TH AVENUE EAST & QUEBEC STREET NORTH,1,1,0,0,1,3,,0,30,0,0,0,0,0,4,2,8
,2018_02581,39.711622,-104.9471692,3/17/2018 2:05,2:05,5,0,1,ALAMEDA AVENUE EAST & CHERRY CREEK NORTH DRIVE EAST,1,3,0,0,3,4,,0,35,0,0,0,0,2,4,1,5
,2018_02583,39.78022249,-105.0345997,8/18/2018 18:06,18:06,6,0,0,LOWELL BOULEVARD 4585 NORTH & 46TH AVENUE WEST,1,1,0,0,1,3,,0,30,0,0,0,0,0,4,2,1
,2018_02589,39.75433761,-104.9820898,5/21/2018 4:24,4:24,5,0,0,25TH STREET 816 BLOCK & STOUT STREET,1,3,0,0,2,4,,0,25,0,0,0,0,0,4,1,16
,2018_02595,39.68217806,-105.0442646,6/27/2018 22:00,22:00,6,0,0,TENNYSON STREET 1913 BLOCK SOUTH & JEWELL AVENUE WEST,1,1,0,0,1,4,,0,25,0,0,0,0,0,4,2,13
,2018_02597,39.7947917,-104.8101169,3/22/2018 7:22,7:22,12,0,0,CHAMBERS ROAD NORTH & MAXWELL PLACE EAST,1,1,0,0,1,4,,0,25,0,0,0,0,0,4,3,4
,2018_02603,39.73652887,-104.9823018,10/24/2018 10:00,10:00,12,0,0,LOGAN STREET NORTH & 13TH AVENUE EAST,1,1,0,0,1,3,,0,30,0,0,0,0,0,4,2,3
,2018_02606,39.77152967,-104.8470323,4/19/2018 13:30,13:30,12,0,0,PEORIA STREET 3900 BLOCK NORTH & 39TH AVENUE EAST,1,1,0,0,1,4,,0,40,0,0,0,0,0,4,2,3
,2018_02618,39.6839178,-104.9655643,5/12/2018 5:00,5:00,5,0,0,COLORADO AVENUE EAST & HIGH STREET SOUTH,1,4,0,0,3,4,,0,,0,0,0,0,0,4,1,13
,2018_02619,39.70040241,-105.0254458,8/8/2018 12:40,12:40,12,0,0,KENTUCKY AVENUE 3000 WEST & FEDERAL BOULEVARD SOUTH,1,1,0,0,1,4,,0,25,0,0,0,0,0,4,2,3
,2018_02621,39.77113857,-105.0457564,12/7/2018 17:06,17:06,5,0,0,39TH AVENUE 4500 BLOCK WEST & VRAIN STREET NORTH,1,5,1,0,2,5,,0,25,0,0,0,0,0,4,1,13
,2018_02623,39.76435386,-104.9948179,5/19/2018 16:34,16:34,15,0,0,PARK AVENUE WEST & GLOBEVILLE ROAD NORTH,1,1,1,0,1,4,,0,35,0,0,0,0,0,4,2,3
,2018_02624,39.73727196,-104.8936725,11/26/2018 13:02,13:02,15,0,0,13TH AVENUE 8100 BLOCK EAST & ULSTER STREET NORTH,1,1,0,0,1,4,,0,30,0,0,0,0,0,4,2,13
,2018_02635,39.83283886,-104.7718795,5/1/2018 14:59,14:59,12,0,1,TOWER ROAD NORTH & PENA BOULEVARD OUTBOUND,1,1,0,0,1,4,,0,40,0,0,0,0,1,4,2,13
,2018_02638,39.76563782,-104.9034257,12/21/2018 17:09,17:09,15,0,0,35TH AVENUE EAST & QUEBEC STREET NORTH,1,5,0,4,1,3,,0,45,0,0,0,0,0,4,2,13
,2018_02639,39.79273411,-104.7985955,7/17/2018 18:40,18:40,6,0,0,LAREDO STREET NORTH & 53RD PLACE EAST,1,1,0,0,1,4,,0,25,0,0,0,0,0,4,2,13
,2018_02640,39.7246959,-105.0451216,12/25/2018 3:00,3:00,6,0,0,UTICA STREET NORTH & SIXTH AVENUE WEST,1,3,1,0,1,4,,0,20,0,0,0,0,0,4,2,13
,2018_02642,39.69493459,-105.040295,7/8/2018 12:42,12:42,12,0,0,ARIZONA AVENUE 4000 WEST & PERRY STREET SOUTH,1,1,0,0,1,4,,0,25,0,0,0,0,0,4,2,13
,2018_02643,39.68034205,-104.9808643,12/28/2018 1:42,1:42,6,0,0,PEARL STREET SOUTH & ASBURY AVENUE EAST,1,3,0,0,1,3,,0,25,0,0,0,0,0,4,2,5
,2018_02645,39.74349248,-104.9128116,11/9/2018 11:59,11:59,5,0,1,17TH AVENUE 6500 BLOCK EAST & MONACO STREET NORTH,1,1,0,0,3,4,,0,35,0,0,0,0,2,4,1,16
,2018_02655,39.76479514,-104.8904789,10/1/2018 7:40,7:40,12,0,1,CENTRAL PARK BOULEVARD NORTH & 35TH AVENUE EAST,1,1,0,0,1,4,,0,30,0,0,0,0,1,4,3,13
,2018_02656,39.71653091,-104.9812853,11/4/2018 7:02,7:02,6,0,0,ELLSWORTH AVENUE EAST & PENNSYLVANIA STREET NORTH,1,1,1,0,1,4,,0,25,0,0,0,0,0,4,3,5
,2018_02658,39.77400826,-105.0393074,3/10/2018 3:36,3:36,5,0,0,42ND AVENUE WEST & PERRY STREET NORTH,1,3,0,0,2,4,,0,25,0,0,0,0,0,4,1,14
,2018_02663,39.68229121,-105.0529888,10/13/2018 16:17,16:17,3,0,1,JEWELL AVENUE WEST & SHERIDAN BOULEVARD SOUTH,1,1,0,0,1,2,,0,25,0,0,0,0,1,4,2,7
,2018_02664,39.73681887,-104.9628126,10/3/2018 8:55,8:55,12,0,1,13TH AVENUE EAST & VINE STREET NORTH,1,1,0,0,1,4,,0,30,0,0,0,0,1,4,2,13
,2018_02665,39.70040241,-105.0254458,5/20/2018 1:47,1:47,6,0,2,KENTUCKY AVENUE WEST & FEDERAL BOULEVARD SOUTH,1,3,0,0,1,4,,0,25,0,0,0,0,1,4,4,5
,2018_02666,39.67864582,-105.0244992,10/18/2018 8:20,8:20,3,0,0,EVANS AVENUE 2900 BLOCK WEST & FEDERAL BOULEVARD SOUTH,1,1,0,0,1,2,,0,30,0,0,0,0,0,4,2,13
,2018_02668,39.74378919,-104.9067385,10/24/2018 16:34,16:34,12,0,0,17TH AVENUE EAST & OLIVE STREET NORTH,1,1,0,0,1,4,,0,30,0,0,0,0,0,4,3,7
,2018_02669,39.75875314,-105.0299273,4/4/2018 13:49,13:49,12,0,0,IRVING STREET 2900 BLOCK NORTH & 29TH AVENUE WEST,1,1,1,0,1,4,,0,25,0,0,0,0,0,4,2,13
,2018_02672,39.76062153,-104.9000989,5/1/2018 8:09,8:09,12,0,0,MLK BOULEVARD 7400 BLOCK EAST & ROSLYN STREET,1,1,0,0,1,4,,0,30,0,0,0,0,0,4,2,13
,2018_02674,39.78357832,-104.9829287,2/15/2018 20:00,20:00,6,0,0,CLARK PLACE NORTH & 48TH AVENUE WEST,4,3,0,2,1,4,,0,25,0,0,0,0,0,4,2,1
,2018_02684,39.83311338,-104.771879,10/16/2018 15:13,15:13,12,0,0,TOWER ROAD NORTH & PENA BOULEVARD INBOUND,1,1,0,0,1,3,,0,35,0,0,0,0,0,4,3,13
,2018_02685,39.75514788,-104.9881887,1/8/2018 10:19,10:19,12,0,0,LAWRENCE STREET 2200 BLOCK & PARK AVENUE WEST,1,1,0,0,1,4,,0,25,0,0,0,0,0,4,2,13
,2018_02688,39.73818145,-105.0322625,7/15/2018 17:18,17:18,5,0,0,KNOX COURT 1300 NORTH & 14TH AVENUE WEST,2,1,0,1,2,3,,0,30,0,0,0,0,0,4,1,1
,2018_02690,39.79729353,-104.8236234,1/7/2018 3:54,3:54,6,0,0,BLACKHAWK WAY 5500 BLOCK NORTH & RANDOLPH PLACE EAST,1,3,0,0,1,4,,0,25,0,0,0,0,0,4,2,13
,2018_02693,39.71458575,-104.959303,7/18/2018 15:46,15:46,5,0,0,UNIVERSITY BOULEVARD 100 BLOCK SOUTH & CHERRY CREEK DRIVE EAST,1,1,0,0,1,4,,0,30,0,0,0,0,0,4,2,13
,2018_02696,39.70806303,-104.9211311,8/5/2018 4:03,4:03,6,0,1,IVY STREET 400 BLOCK SOUTH & VIRGINIA AVENUE EAST,1,3,1,0,1,4,,0,25,0,0,0,0,1,4,2,12
,2018_02697,39.7250681,-104.9127268,12/4/2018 18:31,18:31,15,0,0,MONACO STREET NORTH & SIXTH AVENUE EAST,1,3,0,0,1,4,,0,30,0,0,0,0,0,4,2,14
,2018_02698,39.78764596,-104.8253654,9/17/2018 17:14,17:14,15,0,0,COLUMBUS WAY 5100 BLOCK NORTH & 51ST AVENUE EAST,1,1,0,0,1,4,,0,20,0,0,0,0,0,4,2,1
,2018_02701,39.68124751,-104.9341347,6/10/2018 1:00,1:00,6,0,0,CHERRY STREET 1980 SOUTH & JEWELL AVENUE EAST,1,3,3,0,1,4,,0,20,0,0,0,0,0,4,2,13
,2018_02704,39.80564356,-104.7863802,8/3/2018 6:20,6:20,12,0,0,PENA BOULEVARD 6100 BLOCK & 56TH AVENUE EAST,1,1,0,0,1,4,,0,65,0,0,0,0,0,4,2,14
,2018_02705,39.73001628,-104.9811264,4/5/2018 11:46,11:46,6,0,0,PENNSYLVANIA 800 BLOCK NORTH & NINTH AVENUE EAST,1,1,0,0,1,4,,0,,0,0,0,0,0,4,2,13
,2018_02708,39.72200503,-104.8825115,2/15/2018 16:15,16:15,2,0,1,SPORTS BOULEVARD 8800 BLOCK EAST & YOSEMITE WAY NORTH,1,1,0,0,1,4,,0,,1,0,0,0,3,4,2,14
,2018_02709,39.78779575,-104.8894319,3/27/2018 22:57,22:57,6,0,0,49TH DRIVE 8400 BLOCK EAST & WABASH STREET NORTH,1,3,0,0,1,4,,0,25,0,0,0,0,0,4,2,13
,2018_02711,39.67865767,-105.020725,7/19/2018 7:14,7:14,5,0,0,EVANS AVENUE WEST & CLAY STREET SOUTH,1,1,0,0,3,4,,0,35,0,0,0,0,0,4,1,14
,2018_02712,39.7367718,-105.0322427,3/6/2018 22:50,22:50,6,0,0,13TH AVENUE WEST & KNOX COURT NORTH,1,3,1,0,1,4,,0,30,0,0,0,0,0,4,2,13
,2018_02713,39.73688021,-104.979546,3/30/2018 10:37,10:37,6,0,0,13TH AVENUE EAST & PEARL STREET NORTH,1,1,0,0,1,4,,0,25,0,0,0,0,0,4,2,14
,2018_02714,39.68207965,-104.9348762,1/15/2018 19:42,19:42,6,0,0,JEWELL AVENUE EAST & CLERMONT STREET SOUTH,5,3,0,0,1,4,,0,25,0,0,0,0,0,4,3,13
,2018_02717,39.65226791,-104.8918801,11/26/2018 10:45,10:45,15,0,0,VERBENA STREET 3655 BLOCK SOUTH & HAMPDEN AVENUE EAST,1,1,0,0,1,4,,0,15,0,0,0,0,0,4,2,13
,2018_02720,39.83393738,-104.7718801,6/1/2018 6:45,6:45,15,0,0,TOWER ROAD NORTH & PENA BOULEVARD,1,1,1,0,1,4,,0,40,0,0,0,0,0,4,2,13
,2018_02721,39.73515189,-104.9579411,12/24/2018 15:49,15:49,3,0,0,12TH AVENUE EAST & JOSEPHINE STREET NORTH,1,1,0,0,1,5,,0,30,0,0,0,0,0,4,2,13
,2018_02723,39.78381329,-104.9147662,12/17/2018 7:25,7:25,12,0,0,48TH AVENUE 3500 BLOCK EAST & MONACO STREET NORTH,1,1,0,0,1,4,,0,30,0,0,0,0,0,4,2,13
,2018_02725,39.76904293,-105.0029666,2/26/2018 8:08,8:08,6,0,0,MARIPOSA STREET NORTH & 38TH AVENUE WEST,1,1,1,0,1,4,,0,,0,0,0,0,0,4,2,13
,2018_02726,39.71836817,-104.92813,3/24/2018 16:30,16:30,6,0,0,FAIRFAX STREET 160 NORTH & FIRST AVENUE EAST,1,1,0,0,1,4,,0,,0,0,0,0,0,4,2,13
,2018_02727,39.73686999,-104.973653,9/6/2018 9:14,9:14,6,0,0,13TH AVENUE EAST & CORONA STREET NORTH,1,1,0,0,1,5,,0,30,0,0,0,0,0,4,2,13
,2018_02729,39.75248084,-104.8855969,4/7/2018 23:30,23:30,6,0,0,XENIA STREET 2500 BLOCK NORTH & 25TH AVENUE EAST,1,3,0,0,1,4,,0,25,0,0,0,0,0,4,2,5
,2018_02740,39.76139141,-105.0173599,11/4/2018 11:25,11:25,6,0,0,ALCOTT STREET 3200 BLOCK NORTH & 33RD AVENUE WEST,1,1,1,0,1,4,,0,25,0,0,0,0,0,4,2,13
,2018_02741,39.73515292,-104.9583605,6/24/2018 23:40,23:40,15,0,0,JOSEPHINE STREET 1200 BLOCK NORTH & 13TH AVENUE EAST,1,3,1,0,1,4,,0,30,0,0,0,0,0,4,2,8
,2018_02746,39.7133831,-105.0298934,2/18/2018 2:00,2:00,11,0,1,CEDAR AVENUE WEST & IRVING STREET SOUTH,1,4,1,0,1,4,,0,25,0,1,0,0,1,4,3,5
,2018_02747,39.67846321,-104.9155967,3/31/2018 20:08,20:08,11,0,0,EVANS AVENUE 6300 BLOCK EAST & LEYDEN STREET SOUTH,1,3,1,0,1,4,,0,30,0,1,0,0,0,4,2,13
,2018_02749,39.79163207,-104.7648287,6/15/2018 17:50,17:50,11,0,1,53RD AVENUE EAST & CATHAY STREET NORTH,1,1,0,0,1,1,,0,,0,1,0,0,2,4,2,13
,2018_02750,39.73604837,-104.9764438,1/24/2018 23:16,23:16,11,0,1,13TH AVENUE EAST & EMERSON STREET NORTH,1,4,0,0,1,4,,0,25,0,1,0,0,2,4,2,14
,2018_02751,39.68010672,-104.9593889,11/18/2018 1:10,1:10,11,0,0,UNIVERSITY 2000 BLOCK SOUTH & ASBURY AVENUE EAST,1,3,0,0,1,4,,0,30,0,1,0,0,0,4,2,14
,2018_02752,39.68010672,-104.9593889,7/22/2018 1:40,1:40,11,0,1,UNIVERSITY BOULEVARD NORTH & ASBURY AVENUE EAST,1,3,0,0,1,4,,0,,0,1,0,0,3,4,2,13
,2018_02754,39.74743773,-104.9081311,8/13/2018 7:10,7:10,2,0,1,MONTVIEW BOULEVARD EAST & ONEIDA STREET NORTH,1,1,0,0,1,1,,0,35,1,0,0,0,2,4,2,13
,2018_02755,39.74532756,-104.9971719,3/17/2018 15:19,15:19,11,0,1,14TH STREET 1000 BLOCK & CURTIS STREET,1,1,0,0,1,4,,0,25,0,1,0,0,1,4,2,4
,2018_02758,39.68935844,-104.9243789,3/4/2018 20:15,20:15,11,0,1,FLORIDA AVENUE EAST & HUDSON STREET SOUTH,1,3,0,0,1,1,,0,30,0,1,0,0,2,4,2,13
,2018_02759,39.69672626,-105.0072488,7/24/2018 17:16,17:16,11,0,0,MISSISSIPPI 1700 BLOCK WEST & RARITAN STREET SOUTH,1,1,0,0,1,4,,0,,0,1,0,0,0,4,2,13
,2018_02761,39.78380815,-104.947731,4/17/2018 7:04,7:04,2,0,1,48TH AVENUE 3400 BLOCK EAST & VASQUEZ BOULEVARD NORTH,1,1,0,0,1,1,,0,30,1,0,0,0,3,4,2,3
,2018_02762,39.73720174,-105.0052513,6/13/2018 11:53,11:53,2,0,1,OSAGE STREET 1300 BLOCK NORTH & 13TH AVENUE WEST,1,1,1,0,1,4,,0,,1,0,0,0,1,4,2,13
,2018_02767,39.75304078,-105.0475953,7/1/2018 11:10,11:10,11,0,1,BYRON PLACE WEST & OAK STREET NORTH,1,1,0,0,1,1,,0,25,0,1,0,0,2,4,2,14
,2018_02768,39.75718697,-105.0144168,12/20/2018 13:44,13:44,11,0,1,28TH AVENUE WEST & WYANDOT STREET NORTH,1,1,0,0,1,1,,0,25,0,1,0,0,1,4,2,13
,2018_02786,39.740335,-105.042301,7/6/2018 16:57,16:57,9,0,1,COLFAX AVENUE WEST & 4200 BLOCK WEST,1,1,1,0,1,4,,0,30,0,0,0,1,3,2,2,13
,2018_02789,39.740236,-104.940601,4/3/2018 14:34,14:34,2,0,0,COLFAX AVENUE EAST & COLORADO BOULEVARD NORTH,1,1,0,0,1,1,,0,30,1,0,0,0,0,2,2,13
,2018_02799,39.711274,-105.05325,11/14/2018 16:00,16:00,2,0,1,ALAMEDA AVENUE WEST & SHERIDAN BOULEVARD SOUTH,1,2,0,0,1,3,,0,35,1,0,0,0,1,2,2,14
,2018_02812,39.732039,-104.990238,9/4/2018 18:20,18:20,2,0,1,10TH AVENUE 200 WEST & BANNOCK STREET,1,1,0,0,1,1,,0,25,1,0,0,0,1,4,2,13
,2018_02813,39.703887,-104.9129595,5/22/2018 11:45,11:45,2,0,0,EXPOSITION AVENUE EAST & MONACO STREET SOUTH,1,1,1,0,1,1,,0,,1,0,0,0,0,4,2,13
,2018_02829,39.791063,-105.013183,10/11/2018 9:15,9:15,3,0,0,52ND AVENUE & VALLEJO STREET EAST,1,1,1,0,1,5,,0,30,0,0,0,0,0,4,2,13
,2018_02830,39.6726849,-104.8753103,1/11/2018 19:14,19:14,3,0,0,DAYTON WAY NORTH SOUTH & ILIFF AVENUE EAST,1,3,0,0,1,2,,0,5,0,0,0,0,0,4,2,13
,2018_02845,39.78377712,-104.9221984,2/20/2018 17:09,17:09,14,0,0,48TH AVENUE EAST & HOLLY STREET,2,1,0,0,1,4,,0,,0,0,0,0,0,4,2,13
,2018_02846,39.65263008,-105.0646742,3/1/2018 21:30,21:30,9,0,0,HIGHWAY 285 FRONTAGE ROAD & HIGHWAY 285,1,4,1,0,3,4,,0,20,0,0,0,0,0,4,1,1
,2018_02854,39.667733,-105.081421,6/5/2018 13:23,13:23,11,0,1,WADSWORTH BOULEVARD SOUTH & YALE AVENUE WEST,1,1,0,0,1,1,,0,30,0,1,0,0,1,2,2,15
,2018_02860,39.7233,-104.903541,6/18/2018 18:09,18:09,11,0,1,QUEBEC STREET 2260 SOUTH & QUEBEC STREET 2260 SOUTH,1,1,0,0,5,7,,0,,0,1,0,0,1,3,2,1
,2018_02888,39.6965592,-104.8660774,6/7/2018 22:20,22:20,12,0,1,MISSISSIPPI AVENUE EAST & HAVANA STREET SOUTH,1,3,0,0,1,4,,0,40,0,0,0,0,1,4,2,14
,2018_02889,39.69655895,-104.8670191,11/20/2018 8:05,8:05,3,0,1,MISSISSIPPI AVENUE EAST & HAVANA STREET SOUTH,1,1,0,0,1,1,,0,40,0,0,0,0,2,4,2,3
,2018_02908,39.614461,-105.091148,4/26/2018 21:16,21:16,12,0,0,WADSWORTH BOULEVARD SOUTH & LONG DRIVE WEST,1,3,0,0,1,3,,0,,0,0,0,0,0,2,2,13
,2018_02930,39.667733,-105.081421,2/10/2018 11:50,11:50,1,0,0,YALE AVENUE WEST & WADSWORTH BOULEVARD SOUTH,10,1,1,2,1,1,,0,40,0,0,0,0,0,2,2,7
,2018_03031,39.66705,-105.081425,6/5/2018 15:55,15:55,3,0,0,WADSWORTH BOULEVARD SOUTH & YALE AVENUE WEST,1,1,0,0,1,2,,0,25,0,0,0,0,0,2,3,8
,2018_03045,39.663664,-105.08144,3/10/2018 11:44,11:44,12,0,1,WADSWORTH BOULEVARD SOUTH & 2900 BLOCK SOUTH APPROXIMATELY,1,1,0,0,1,4,,0,45,0,0,0,0,1,2,2,13
,2018_03051,39.776989,-105.053219,9/6/2018 18:25,18:25,12,0,0,SHERIDAN BOULEVARD SOUTH & 4400 BLOCK SOUTH,1,1,0,0,1,3,,0,35,0,0,0,0,0,2,2,13
,2018_03073,39.778384,-105.05323,10/2/2018 17:15,17:15,15,0,0,SHERIDAN BOULEVARD & 45TH STREET,1,1,0,0,1,3,,0,35,0,0,0,0,0,2,4,14
,2018_03084,39.725446,-105.053149,11/2/2018 10:01,10:01,15,0,0,SHERIDAN BOULEVARD & SIXTH AVENUE WEST EASTBOUND ON RAMP,1,1,1,0,1,1,,0,35,0,0,0,0,0,2,2,3
,2018_03106,39.791261,-105.025183,12/30/2018 21:13,21:13,15,0,0,HIGHWAY 287 & 52ND AVENUE,1,3,0,0,1,4,,0,45,0,0,0,0,0,2,2,8
,2018_03145,39.662458,-105.081435,4/22/2018 22:47,22:47,4,0,0,DUQUESNE WEST & WADSWORTH BOULEVARD SOUTH,1,4,1,4,1,1,,0,45,0,0,0,0,0,2,1,13
,2018_03167,39.668016,-105.081415,5/7/2018 15:24,15:24,12,0,0,WADSWORTH BOULEVARD SOUTH & YALE AVENUE WEST,1,1,1,0,1,1,,0,45,0,0,0,0,0,2,2,6
,2018_03185,39.790899,-105.053234,5/14/2018 10:52,10:52,12,0,1,SHERIDAN BL 5100 BLOCK NORTH & 52ND AVENUE WEST,1,1,0,0,1,1,,0,35,0,0,0,0,1,2,2,14
,2018_03187,39.667733,-105.081421,7/8/2018 2:52,2:52,5,0,0,WADSWORTH BOULEVARD SOUTH & YALE AVENUE WEST,1,3,1,0,2,1,,0,45,0,0,0,0,0,2,1,7
,2018_03276,39.73420663,-104.8847132,9/23/2018 18:31,18:31,12,0,0,YOSEMITE STREET NORTH & RICHTHOFEN PLACE EAST,1,1,0,0,1,2,,0,25,0,0,0,0,0,4,2,7
,2018_03277,39.707716,-104.865978,6/5/2018 14:55,14:55,15,0,0,HAVANA STREET 10000 BLOCK SOUTH & DAKOTA AVENUE EAST,1,1,0,0,1,4,,0,35,0,0,0,0,0,2,2,13
,2018_03295,39.67847108,-104.9221937,7/15/2018 1:03,1:03,12,0,2,EVANS AVENUE 5600 EAST & HOLLY STREET SOUTH,1,3,0,0,1,3,,0,30,0,0,0,0,1,4,2,13
,2018_03296,39.7544675,-104.9597644,3/8/2018 15:28,15:28,15,0,0,26TH AVENUE EAST & YORK STREET NORTH,1,1,0,0,1,3,,0,30,0,0,0,0,0,4,2,13
,2018_03298,39.75097372,-105.0205329,12/22/2018 16:23,16:23,5,0,0,CLAY STREET NORTH & 23RD AVENUE WEST,1,1,1,0,3,4,,0,30,0,0,0,0,0,4,3,13
,2018_03299,39.71269089,-104.9129125,3/6/2018 16:03,16:03,15,0,0,MONACO STREET 200 BLOCK SOUTH & CEDAR AVENUE EAST,1,1,0,0,1,4,,0,35,0,0,0,0,0,4,2,13
,2018_03300,39.69502952,-104.9035625,4/3/2018 17:11,17:11,15,0,0,QUEBEC STREET 1200 BLOCK SOUTH & MISSISSIPPI AVENUE EAST,1,1,0,0,1,4,,0,35,0,0,0,0,0,4,2,13
,2018_03301,39.67473415,-104.9593815,1/9/2018 8:54,8:54,12,0,0,UNIVERSITY BOULEVARD 2300 BLOCK SOUTH & ILIFF AVENUE EAST,1,1,0,0,1,3,,0,30,0,0,0,0,0,4,2,3
,2018_03305,39.74323812,-104.9691332,8/10/2018 16:11,16:11,12,0,0,17TH AVENUE 1400 EAST & FRANKLIN STREET NORTH,1,1,0,0,1,4,,0,30,0,0,0,0,0,4,3,4
,2018_03306,39.74323811,-104.9687776,10/4/2018 12:28,12:28,6,0,0,17TH AVENUE 1600 BLOCK EAST & FRANKLIN STREET NORTH,1,1,0,0,1,4,,0,30,0,0,0,0,0,4,2,14
,2018_03308,39.72563521,-104.9809769,9/19/2018 10:38,10:38,12,0,1,SIXTH AVENUE EAST & LINCOLN STREET NORTH,1,1,1,0,1,3,,0,30,0,0,0,0,1,4,3,12
,2018_03309,39.78186321,-104.9812023,1/18/2018 18:27,18:27,12,0,0,47TH AVENUE 500 BLOCK EAST & PENNSYLVANIA STREET NORTH,1,3,0,0,1,3,,0,25,0,0,0,0,0,4,2,2
,2018_03310,39.73870351,-104.8848368,12/4/2018 14:00,14:00,6,0,0,14TH AVENUE EAST & YOSEMITE STREET NORTH,1,1,0,0,1,4,,0,30,0,0,0,0,0,4,2,13
,2018_03311,39.70821801,-104.9444991,11/3/2018 21:00,21:00,5,0,0,CHERRY CREEK DRIVE EAST & HARRISON LANE SOUTH,1,3,0,0,2,4,,0,30,0,0,0,0,0,4,1,5
,2018_03313,39.74322101,-104.9621179,12/28/2018 20:38,20:38,6,0,1,17TH AVENUE EAST & VINE STREET NORTH,1,3,0,0,1,4,,0,30,0,0,0,0,2,4,3,5
,2018_03314,39.6784714,-104.9222298,5/7/2018 9:53,9:53,15,0,0,HOLLY STREET SOUTH & EVANS AVENUE EAST,1,1,0,0,1,1,,0,30,0,0,0,0,0,4,2,13
,2018_03315,39.6784714,-104.9222298,11/26/2018 12:05,12:05,12,0,0,HOLLY STREET 2000 BLOCK SOUTH & EVANS AVENUE EAST,1,1,0,0,1,2,,0,30,0,0,0,0,0,4,2,13
,2018_03316,39.730291,-104.9694665,10/11/2018 23:59,23:59,6,0,0,NINTH AVENUE WEST & HUMBOLDT STREET NORTH,1,3,0,0,3,1,,0,25,0,0,0,0,0,4,2,9
,2018_03318,39.68206856,-104.9222373,12/12/2018 17:20,17:20,12,0,0,HOLLY STREET SOUTH & JEWELL AVENUE EAST,1,3,0,0,1,4,,0,,0,0,0,0,0,4,2,13
,2018_03319,39.6784603,-104.9112932,8/16/2018 8:17,8:17,3,0,0,EVANS AVENUE EAST & MONACO STREET SOUTH,1,1,1,0,1,2,,0,35,0,0,0,0,0,4,2,7
,2018_03320,39.7181647,-104.9590545,5/3/2018 11:34,11:34,12,0,0,FIRST AVENUE EAST & UNIVERSITY BOULEVARD NORTH,2,1,0,1,1,3,,0,30,0,0,0,0,0,4,2,16
,2018_03325,39.69218167,-104.9317259,12/29/2018 11:50,11:50,12,0,0,DAHLIA STREET 1300 BLOCK SOUTH & WYOMING PLACE EAST,1,1,0,0,1,2,,0,25,0,0,0,0,0,4,2,13
,2018_03328,39.76601824,-104.8657838,10/22/2018 13:19,13:19,15,0,1,HAVANA STREET 3600 BLOCK NORTH  & SMITH ROAD,1,1,0,0,1,3,,0,35,0,0,0,0,1,4,2,13
,2018_03330,39.71006904,-104.9971517,10/2/2018 10:13,10:13,15,0,0,SANTA FE DRIVE SOUTH & ALAMEDA AVENUE,1,1,0,0,1,4,,0,5,0,0,0,0,0,4,2,16
,2018_03331,39.6784593,-104.9175818,2/27/2018 7:25,7:25,12,0,0,EVANS AVENUE 6100 BLOCK EAST & MONACO STREET SOUTH,1,1,0,0,1,4,,0,35,0,0,0,0,0,4,2,14
,2018_03333,39.7183439,-104.985089,5/10/2018 5:29,5:29,6,0,0,FIRST AVENUE EAST & SHERMAN STREET NORTH,1,1,0,0,1,4,,0,25,0,0,0,0,0,4,2,13