id,drcog_id,latitude,longitude,crashtime,time,crashtype,numbkilled,numbinjurd,drcoglocat,rdconditin,lightngcon,roadcntgrd,weatherco,location,roaddescrp,schoolzone,constrzone,splimit,bikeinv,pedinv,sctrinv,motoinv,svrty,rdsystem,ttlvehcls,hcf
,2018_03337,39.67852586,-104.9873487,4/30/2018 9:30,9:30,12,0,0,EVANS AVENUE EAST & BROADWAY STREET SOUTH,1,1,0,0,1,3,,0,35,0,0,0,0,0,4,3,13
,2018_03340,39.70011401,-104.9874743,6/6/2018 9:59,9:59,15,0,0,BROADWAY 900 BLOCK SOUTH & KENTUCKY AVENUE EAST,1,1,0,0,1,4,,0,30,0,0,0,0,0,4,2,13
,2018_03341,39.7130477,-104.912906,3/29/2018 14:27,14:27,12,0,1,MONACO STREET 200 BLOCK SOUTH & CEDAR AVENUE EAST,2,1,0,2,1,4,,0,35,0,0,0,0,1,4,2,13
,2018_03342,39.7130477,-104.912906,9/10/2018 7:33,7:33,12,0,0,MONACO STREET SOUTH & CEDAR AVENUE EAST,1,1,1,0,1,3,,0,,0,0,0,0,0,4,2,13
,2018_03346,39.67846231,-104.9129986,9/20/2018 23:30,23:30,15,0,0,EVANS AVENUE EAST & MONACO STREET SOUTH,1,1,0,0,1,4,,0,30,0,0,0,0,0,4,2,1
,2018_03347,39.67846255,-104.9136914,11/14/2018 12:47,12:47,15,0,0,EVANS AVENUE 6300 BLOCK EAST & MONACO STREET SOUTH,1,1,0,0,1,4,,0,35,0,0,0,0,0,4,2,13
,2018_03348,39.73839578,-104.9632052,3/29/2018 20:30,20:30,6,0,0,14TH AVENUE 2000 BLOCK EAST & RACE STREET NORTH,1,2,0,0,1,4,,0,25,0,0,0,0,0,4,2,6
,2018_03350,39.75442568,-104.9873403,1/23/2018 23:44,23:44,12,0,0,PARK AVENUE WEST 1000 BLOCK & ARAPAHOE STREET,1,3,0,0,1,4,,0,30,0,0,0,0,0,4,2,14
,2018_03351,39.75434366,-104.9942619,12/3/2018 17:31,17:31,12,0,0,20TH STREET & BLAKE STREET,1,3,0,0,1,1,,0,30,0,0,0,0,0,4,3,8
,2018_03353,39.69675895,-105.048398,6/9/2018 23:32,23:32,6,0,1,MISSISSIPPI AVENUE WEST & WOLFF STREET SOUTH,1,3,0,0,1,3,,0,25,0,0,0,0,1,4,2,10
,2018_03354,39.75516186,-105.0130998,12/18/2018 15:48,15:48,12,0,0,SPEER BOULEVARD & I25 NORTHBOUND RAMP GORE POINT,1,1,1,0,1,8,,0,35,0,0,0,0,0,4,3,13
,2018_03355,39.67831586,-104.922267,12/14/2018 17:34,17:34,12,0,0,EVANS AVENUE EAST & HOLLY STREET SOUTH,1,3,0,0,1,4,,0,30,0,0,0,0,0,4,2,13
,2018_03356,39.83346184,-104.6929319,7/17/2018 10:45,10:45,15,0,0,JACKSON GAP STREET & PENA BOULEVARD,1,1,0,0,1,4,,0,35,0,0,0,0,0,4,2,13
,2018_03358,39.63973796,-105.0528886,11/29/2018 7:43,7:43,15,0,0,QUINCY AVENUE 5100 BLOCK & SHERIDAN BOULEVARD SOUTH,1,1,0,0,1,4,,0,35,0,0,0,0,0,4,2,13
,2018_03359,39.76931255,-104.8657919,8/3/2018 9:25,9:25,5,0,0,HAVANA STREET NORTH & SMITH ROAD EAST,1,1,0,0,2,4,,0,35,0,0,0,0,0,4,1,2
,2018_03361,39.74848656,-105.0031929,8/24/2018 16:05,16:05,5,0,0,BLAKE STREET 1500 BLOCK & WAZEE STREET,1,1,0,0,2,5,,0,15,0,0,0,0,0,4,1,13
,2018_03364,39.78599413,-104.7978309,12/6/2018 17:35,17:35,10,0,0,MEMPHIS STREET NORTH & 49TH AVENUE EAST,1,3,0,0,1,4,,0,30,0,0,0,0,0,4,2,1
,2018_03365,39.75010642,-104.9961591,9/23/2018 18:41,18:41,5,0,1,17TH STREET & LARIMER STREET,1,2,0,0,3,1,,0,35,0,0,0,0,2,4,1,5
,2018_03367,39.67842844,-104.9583073,1/31/2018 10:18,10:18,6,0,1,EVANS AVENUE 2300 BLOCK EAST & JOSEPHINE STREET SOUTH,1,1,0,0,1,4,,0,35,0,0,0,0,2,4,4,14
,2018_03368,39.67308928,-104.9875289,2/17/2018 11:52,11:52,12,0,0,BROADWAY 2300 BLOCK SOUTH & WESLEY AVENUE EAST,1,1,0,0,1,4,,0,30,0,0,0,0,0,4,2,16
,2018_03372,39.67840548,-104.9612747,12/14/2018 18:00,18:00,15,0,0,EVANS AVENUE 2300 BLOCK EAST & UNIVERSITY BOULEVARD SOUTH,1,1,0,0,1,4,,0,30,0,0,0,0,0,4,2,13
,2018_03374,39.67434005,-104.9875766,5/5/2018 19:00,19:00,6,0,0,BROADWAY STREET 2200 BLOCK SOUTH & ILIFF AVENUE WEST,1,2,0,0,1,4,,0,35,0,0,0,0,0,4,2,13
,2018_03376,39.75009774,-104.9841331,6/10/2018 19:15,19:15,6,0,0,WELTON STREET & 22ND STREET,1,1,0,0,1,4,,0,35,0,0,0,0,0,4,2,5
,2018_03382,39.7125993,-104.9875458,4/5/2018 14:45,14:45,15,0,0,BROADWAY SOUTH & ALAMEDA AVENUE EAST,1,1,0,0,1,2,,0,35,0,0,0,0,0,4,2,13
,2018_03384,39.72554517,-104.8753354,10/6/2018 10:43,10:43,12,0,0,SIXTH AVENUE EAST & DAYTON STREET NORTH,1,1,0,0,1,4,,0,30,0,0,0,0,0,4,2,16
,2018_03389,39.74765969,-105.005291,7/30/2018 10:59,10:59,12,0,5,11TH STREET & AURARIA PARKWAY,1,1,0,0,1,3,,0,20,0,0,0,0,2,4,3,13
,2018_03391,39.71835879,-104.9874975,12/14/2018 17:27,17:27,12,0,0,BROADWAY NORTH & FIRST AVENUE EAST,1,3,0,0,1,3,,0,30,0,0,0,0,0,4,3,13
,2018_03397,39.79464011,-104.8331063,5/27/2018 23:36,23:36,6,0,0,MAXWELL PLACE EAST & LACKLAND DRIVE NORTH,1,3,0,0,2,4,,0,25,0,0,0,0,0,4,2,2
,2018_03398,39.75124596,-104.9999915,6/23/2018 17:45,17:45,1,0,0,WAZEE STREET & 16TH STREET,1,1,0,0,1,3,,0,25,0,0,0,0,0,4,2,13
,2018_03402,39.73869509,-104.9776174,7/24/2018 13:46,13:46,15,0,0,CLARKSON STREET 1400 NORTH & 14TH AVENUE,1,1,0,0,1,4,,0,25,0,0,0,0,0,4,3,14
,2018_03403,39.70749091,-104.9733809,11/30/2018 6:25,6:25,12,0,0,DOWNING STREET 400 BLOCK SOUTH & VIRGINIA AVENUE EAST,1,1,0,0,1,3,,0,30,0,0,0,0,0,4,2,3
,2018_03407,39.78557139,-104.9782713,12/19/2018 17:29,17:29,3,0,0,WASHINGTON STREET NORTH & 49TH AVENUE EAST,1,3,0,0,1,3,,0,35,0,0,0,0,0,4,2,13
,2018_03408,39.67846894,-104.9396982,2/26/2018 15:27,15:27,1,0,0,EVANS AVENUE 4000 BLOCK EAST & ALBION STREET SOUTH,1,1,0,0,1,2,,0,35,0,0,0,0,0,4,2,16
,2018_03412,39.72898443,-104.9902686,12/23/2018 8:11,8:11,12,0,0,EIGHTH AVENUE WEST & SPEER BOULEVARD,1,1,0,0,1,4,,0,30,0,0,0,0,0,4,2,16
,2018_03414,39.74481397,-104.9892441,5/17/2018 9:57,9:57,12,0,0,GLENARM PLACE & 17TH STREET,1,1,0,0,1,4,,0,30,0,0,0,0,0,4,2,13
,2018_03419,39.68255325,-104.9593948,6/28/2018 16:50,16:50,15,0,0,BUCHTEL BOULEVARD & UNIVERSITY BOULEVARD SOUTH,1,1,0,0,1,4,,0,35,0,0,0,0,0,4,2,13
,2018_03420,39.83793857,-104.6878122,6/3/2018 13:26,13:26,12,0,0,78TH AVENUE 25500 BLOCK EAST & JACKSON GAP STREET NORTH,1,1,0,0,1,4,,0,45,0,0,0,0,0,4,2,12
,2018_03422,39.79892929,-104.7721169,11/15/2018 16:37,16:37,15,0,0,TOWER ROAD NORTH & 56TH AVENUE EAST,1,3,0,0,1,4,,0,45,0,0,0,0,0,4,2,13
,2018_03425,39.72565007,-104.9891899,12/13/2018 18:01,18:01,15,0,0,SIXTH AVENUE WEST  & ACOMA STREET NORTH,1,3,0,0,1,4,,0,30,0,0,0,0,0,4,2,13
,2018_03437,39.74844231,-104.991458,9/28/2018 19:20,19:20,15,0,0,18TH STREET & CHAMPA STREET,1,3,0,0,1,3,,0,30,0,0,0,0,0,4,2,16
,2018_03439,39.8381165,-104.7142796,8/19/2018 20:13,20:13,10,0,1,78TH AVENUE 23000 BLOCK EAST & GUN CLUB ROAD NORTH,1,3,0,0,1,2,,0,45,0,0,0,0,1,4,2,8
,2018_03440,39.83812003,-104.714746,9/25/2018 8:00,8:00,12,0,0,78TH AVENUE EAST & GUN CLUB ROAD,1,1,1,0,1,4,,0,45,0,0,0,0,0,4,2,13
,2018_03442,39.73747921,-104.9764553,8/6/2018 7:20,7:20,12,0,0,EMERSON STREET 1300 BLOCK NORTH & 13TH AVENUE EAST,1,1,0,0,1,4,,0,25,0,0,0,0,0,4,3,13
,2018_03444,39.73045401,-104.9729627,9/10/2018 13:10,13:10,15,0,0,DOWNING STREET 800 BLOCK NORTH & NINTH AVENUE EAST,1,1,0,0,1,4,,0,30,0,0,0,0,0,4,2,13
,2018_03450,39.69452744,-104.9804079,5/10/2018 17:00,17:00,15,0,0,BUCHTEL BOULEVARD & PEARL STREET SOUTH,1,1,0,0,1,4,,0,30,0,0,0,0,0,4,2,1
,2018_03455,39.71338305,-105.0300001,9/3/2018 2:10,2:10,12,0,0,CEDAR AVENUE WEST & IRVING STREET SOUTH,1,3,1,0,1,4,,0,25,0,0,0,0,0,4,3,5
,2018_03456,39.71116258,-104.9971259,12/22/2018 20:39,20:39,12,0,0,ALAMEDA AVENUE WEST & SANTA FE DRIVE SOUTH,1,3,0,0,1,3,,0,35,0,0,0,0,0,4,3,5
,2018_03458,39.70177804,-104.8753514,9/17/2018 10:39,10:39,6,0,0,DAYTON STREET 600 BLOCK SOUTH & ALAMEDA AVENUE EAST,1,1,0,0,1,4,,0,30,0,0,0,0,0,4,2,2
,2018_03462,39.7203819,-105.0497719,1/12/2018 2:00,2:00,6,0,0,XAVIER STREET 189 NORTH & SECOND AVENUE WEST,1,4,0,0,1,4,,0,25,0,0,0,0,0,4,3,14
,2018_03464,39.69669641,-105.0015155,9/13/2018 7:15,7:15,12,0,0,MISSISSIPPI AVENUE WEST & LIPAN STREET SOUTH,1,1,1,0,1,4,,0,30,0,0,0,0,0,4,2,7
,2018_03465,39.61831557,-105.0902293,9/10/2018 14:00,14:00,12,0,0,CRESTLINE AVENUE WEST & WADSWORTH BOULEVARD SOUTH,1,1,0,0,1,2,,0,15,0,0,0,0,0,4,2,13
,2018_03467,39.77412064,-104.8827886,5/24/2018 16:30,16:30,15,0,0,CENTRAL PARK BOULEVARD & 40TH AVENUE EAST,1,1,0,0,1,3,,0,35,0,0,0,0,0,4,2,5
,2018_03476,39.67838453,-104.9577641,1/25/2018 17:56,17:56,15,0,0,EVANS AVENUE 2400 BLOCK EAST & JOSEPHINE STREET SOUTH,1,3,0,0,1,4,,0,30,0,0,0,0,0,4,2,1
,2018_03480,39.72410067,-104.9963778,8/26/2018 0:36,0:36,6,0,0,FIFTH AVENUE 600 WEST & GALAPAGO STREET NORTH,1,3,0,0,1,4,,0,25,0,0,0,0,0,4,2,5
,2018_03490,39.68328613,-104.9594347,4/4/2018 8:40,8:40,15,0,0,UNIVERSITY BOULEVARD 1800 BLOCK & BUCHTEL BOULEVARD EAST,1,1,0,0,1,4,,0,30,0,0,0,0,0,4,2,14
,2018_03493,39.68226867,-105.0479962,6/1/2018 16:40,16:40,12,0,0,JEWELL AVENUE WEST & WOLFF STREET SOUTH,1,1,1,0,1,3,,0,30,0,0,0,0,0,4,3,3
,2018_03496,39.67502031,-105.0193137,10/19/2018 9:03,9:03,12,0,0,CLAY STREET 2300 BLOCK NORTH & 23RD AVENUE WEST,1,1,1,0,1,4,,0,25,0,0,0,0,0,4,3,13
,2018_03503,39.71111841,-104.961721,6/12/2018 13:16,13:16,3,0,0,GAYLORD STREET 200 BLOCK SOUTH & ALAMEDA AVENUE EAST,1,1,0,0,1,2,,0,30,0,0,0,0,0,4,2,7
,2018_03507,39.75426133,-104.9943658,6/1/2018 14:17,14:17,15,0,0,20TH STREET & BLAKE STREET,1,1,0,0,1,4,,0,30,0,0,0,0,0,4,2,13
,2018_03508,39.71788216,-104.9511331,6/22/2018 11:45,11:45,15,0,0,FIRST AVENUE EAST & STEELE STREET SOUTH,1,1,1,0,1,4,,0,30,0,0,0,0,0,4,2,13
,2018_03509,39.787028,-104.8879694,1/22/2018 8:32,8:32,6,0,0,49TH PLACE 8500 BLOCK EAST & WILLOW STREET NORTH,5,1,0,0,1,4,,0,25,0,0,0,0,0,4,2,13
,2018_03510,39.74991489,-104.9862331,9/21/2018 23:09,23:09,6,0,0,21ST STREET & CALIFORNIA STREET,1,3,0,0,3,4,,0,,0,0,0,0,0,4,2,13
,2018_03514,39.67846034,-104.9209907,1/26/2018 19:31,19:31,6,0,0,IVANHOE STREET 2100 BLOCK SOUTH & EVANS AVENUE EAST,1,3,0,0,1,4,,0,25,0,0,0,0,0,4,2,5
,2018_03516,39.83812249,-104.7150708,10/25/2018 8:20,8:20,15,0,2,78TH AVENUE 23700 BLOCK EAST & CALAWBA COURT NORTH,1,1,0,0,1,2,,0,45,0,0,0,0,1,4,2,8
,2018_03518,39.6984348,-104.9777826,10/17/2018 1:45,1:45,6,0,0,CLARKSON STREET 1000 BLOCK NORTH & 10TH AVENUE EAST,1,3,0,0,1,4,,0,25,0,0,0,0,0,4,4,1
,2018_03520,39.68217898,-105.0343607,5/29/2018 18:00,18:00,12,0,0,JEWELL AVENUE WEST & LOWELL BOULEVARD SOUTH,1,1,0,0,1,4,,0,30,0,0,0,0,0,4,2,13
,2018_03525,39.79054394,-104.7984013,11/27/2018 15:54,15:54,13,0,1,53RD AVENUE EAST & LAREDO STREET NORTH,1,1,0,0,1,4,,0,25,0,0,0,0,2,4,2,13
,2018_03526,39.74305691,-104.9931977,12/27/2018 9:06,9:06,6,0,0,WELTON STREET 1400 BLOCK & 14TH STREET,1,1,0,0,1,4,,0,25,0,0,0,0,0,4,2,13
,2018_03527,39.74738049,-105.0234015,11/4/2018 12:27,12:27,6,0,0,ELIOT STREET 2000 BLOCK NORTH & 21ST AVENUE WEST,1,1,0,0,1,4,,0,25,0,0,0,0,0,4,3,7
,2018_03531,39.66746258,-104.9348141,6/20/2018 8:32,8:32,12,0,0,YALE AVENUE 4500 BLOCK EAST & CHERRY STREET SOUTH,1,1,0,0,1,4,,0,30,0,0,0,0,0,4,3,13
,2018_03532,39.73366689,-104.9965167,1/10/2018 8:33,8:33,12,0,0,11TH AVENUE 800 BLOCK WEST & GALAPAGO STREET NORTH,1,1,0,0,1,4,,0,25,0,0,0,0,0,4,2,13
,2018_03537,39.75285346,-104.9874679,6/10/2018 21:45,21:45,12,0,0,BROADWAY 2200 BLOCK NORTH & 22ND STREET,1,3,0,0,1,3,,0,30,0,0,0,0,0,4,2,7
,2018_03539,39.72923123,-104.9261132,3/5/2018 19:46,19:46,6,0,0,EIGHTH AVENUE 5200 BLOCK EAST & GLENCOE STREET NORTH,1,3,0,0,1,4,,0,25,0,0,0,0,0,4,3,5
,2018_03547,39.66747296,-104.9325537,7/9/2018 12:09,12:09,12,0,0,YALE AVENUE EAST & DEXTER STREET SOUTH,1,1,0,0,1,4,,0,30,0,0,0,0,0,4,3,16
,2018_03548,39.76514808,-104.8902924,3/22/2018 7:05,7:05,12,0,0,CENTRAL PARK BOULEVARD 3500 BLOCK NORTH & 36TH AVENUE EAST,1,1,0,0,1,4,,0,30,0,0,0,0,0,4,2,1
,2018_03558,39.65196449,-104.9129191,10/4/2018 7:56,7:56,3,0,1,MONACO STREET 4300 BLOCK SOUTH & NEWPORT WAY SOUTH,1,1,1,0,1,2,,0,35,0,0,0,0,1,4,2,3
,2018_03562,39.71835879,-104.9874975,3/19/2018 16:34,16:34,12,0,0,BROADWAY SOUTH & FIRST AVENUE EAST,1,1,0,0,1,4,,0,35,0,0,0,0,0,4,2,13
,2018_03563,39.76915845,-104.9998567,10/8/2018 9:55,9:55,3,0,0,38TH AVENUE WEST & KALAMATH STREET,2,1,1,1,1,5,,0,20,0,0,0,0,0,4,2,13
,2018_03565,39.67845719,-104.9985082,8/27/2018 7:52,7:52,12,0,0,EVANS AVENUE 800 WEST & PLATTE RIVER DRIVE SOUTH,1,1,0,0,1,4,,0,35,0,0,0,0,0,4,2,16
,2018_03566,39.73209887,-105.0027629,4/24/2018 11:45,11:45,12,0,0,MARIPOSA 1000 BLOCK NORTH & 11TH AVENUE WEST,2,1,0,1,1,4,,0,25,0,0,0,0,0,4,2,13
,2018_03567,39.73842675,-104.9799096,2/5/2018 4:09,4:09,6,0,0,PEARL STREET NORTH & 14TH AVENUE,2,3,0,0,1,4,,0,30,0,0,0,0,0,4,3,5
,2018_03573,39.77660912,-104.7424705,8/16/2018 13:11,13:11,1,0,4,MALAYA STREET NORTH & MITCHELL PLACE EAST,1,1,0,0,1,1,,0,30,0,0,0,0,2,4,3,8
,2018_03576,39.83368102,-104.7203416,4/12/2018 17:51,17:51,15,0,0,PENA BOULEVARD 7500 BLOCK & E470 INTCH APPROXIMATELY,1,1,0,0,1,4,,0,65,0,0,0,0,0,4,2,8
,2018_03578,39.79824197,-104.7721186,1/15/2018 9:00,9:00,12,0,0,TOWER ROAD NORTH & 56TH AVENUE EAST,5,1,0,2,1,4,,0,40,0,0,0,0,0,4,2,13
,2018_03579,39.77503472,-104.9779645,7/13/2018 22:42,22:42,12,0,1,38TH STREET & ARKING COURT,1,3,0,0,1,4,,0,35,0,0,0,0,1,4,2,13
,2018_03583,39.68277749,-104.9594238,10/24/2018 8:20,8:20,12,0,0,BUCHTEL BOULEVARD EAST & UNIVERSITY BOULEVARD SOUTH,1,1,0,0,1,3,,0,30,0,0,0,0,0,4,3,14
,2018_03584,39.70804338,-104.8789796,5/28/2018 11:27,11:27,12,0,0,CLINTON STREET 300 BLOCK SOUTH & ALAMEDA AVENUE EAST,1,1,0,0,1,3,,0,25,0,0,0,0,0,4,2,16
,2018_03586,39.72560504,-104.9439792,3/5/2018 6:30,6:30,15,0,0,SIXTH AVENUE 3700 BLOCK EAST & GARFIELD STREET NORTH,1,2,0,0,1,4,,0,30,0,0,0,0,0,4,2,1
,2018_03589,39.67846296,-104.9161119,12/27/2018 17:50,17:50,12,0,0,EVANS AVENUE EAST & LEYDEN STREET SOUTH,1,3,0,0,1,4,,0,30,0,0,0,0,0,4,3,12
,2018_03590,39.70402238,-105.0327989,1/26/2018 22:15,22:15,6,0,0,EXPOSITION AVENUE & KNOX COURT SOUTH,1,4,0,0,1,4,,0,35,0,0,0,0,0,4,2,3
,2018_03592,39.67065895,-104.9593915,7/23/2018 11:50,11:50,8,0,0,UNIVERSITY BOULEVARD 2500 SOUTH & HARVARD AVENUE EAST,1,1,0,0,1,4,,0,35,0,0,0,0,0,4,2,3
,2018_03593,39.76550774,-105.0127802,2/25/2018 14:05,14:05,6,0,0,VALLEJO STREET NORTH & 35TH AVENUE WEST,1,1,0,0,1,4,,0,30,0,0,0,0,0,4,2,3
,2018_03594,39.72851096,-104.9775788,2/11/2018 0:01,0:01,6,0,0,CLARKSON STREET 700 BLOCK NORTH & EIGHTH AVENUE EAST,4,1,1,0,1,4,,0,30,0,0,0,0,0,4,2,13
,2018_03600,39.69378458,-104.9593404,5/24/2018 15:58,15:58,12,0,0,UNIVERSITY 1200 BLOCK SOUTH & LOUISIANA AVENUE EAST,1,1,0,0,1,4,,0,,0,0,0,0,0,4,3,13
,2018_03602,39.73311453,-104.8882232,9/12/2018 16:40,16:40,6,0,0,WILLOW STREET NORTH & 11TH AVENUE EAST,1,1,0,0,1,4,,0,25,0,0,0,0,0,4,2,1
,2018_03610,39.73855971,-104.9776149,2/25/2018 17:30,17:30,3,0,1,CLARKSON STREET 1400 BLOCK NORTH & 14TH AVENUE EAST,1,1,0,0,1,5,,0,30,0,0,0,0,1,4,2,13
,2018_03611,39.76453935,-104.9417168,12/9/2018 15:34,15:34,6,0,0,HARRISON STREET NORTH & BRUCE RANDOLPH AVENUE,1,1,0,0,1,4,,0,25,0,0,0,0,0,4,2,10
,2018_03613,39.63858668,-105.0348448,2/26/2018 0:33,0:33,5,0,1,QUINCY AVENUE WEST & LOWELL BOULEVARD SOUTH,1,3,1,0,3,4,,0,35,0,0,0,0,2,4,1,5
,2018_03614,39.75199507,-104.9938214,2/25/2018 1:01,1:01,6,0,0,LARIMER STREET 1900 BLOCK & 20TH STREET,4,3,0,0,1,4,,0,25,0,0,0,0,0,4,2,13
,2018_03615,39.75483457,-105.0530027,3/6/2018 16:41,16:41,3,0,0,26TH AVENUE 2900 BLOCK WEST & SHERIDAN BOULEVARD NORTH,1,1,1,0,1,2,,0,30,0,0,0,0,0,4,2,13
,2018_03618,39.67856445,-104.9829959,2/8/2018 12:57,12:57,12,0,2,EVANS AVENUE 300 BLOCK EAST & LOGAN STREET SOUTH,1,1,0,0,1,3,,0,35,0,0,0,0,2,4,2,5
,2018_03619,39.67849053,-104.9689014,9/17/2018 8:15,8:15,12,0,0,EVANS AVENUE EAST & FRANKLIN STREET SOUTH,1,1,0,0,1,4,,0,30,0,0,0,0,0,4,2,13
,2018_03620,39.78227394,-104.8652094,5/8/2018 15:45,15:45,12,0,0,47TH AVENUE 10400 BLOCK EAST & HAVANA STREET NORTH,1,1,0,0,1,4,,0,35,0,0,0,0,0,4,2,13
,2018_03621,39.72890987,-104.9989594,10/2/2018 8:07,8:07,12,0,0,EIGHTH AVENUE WEST & SANTA FE DRIVE NORTH,1,1,0,0,1,4,,0,30,0,0,0,0,0,4,3,13
,2018_03623,39.72890552,-104.9984617,2/2/2018 11:36,11:36,6,0,0,EIGHTH AVENUE WEST & SANTA FE DRIVE NORTH,1,1,0,0,1,4,,0,30,0,0,0,0,0,4,2,13
,2018_03625,39.76379324,-104.9247077,1/22/2018 20:58,20:58,6,0,0,33RD AVENUE EAST & GRAPE STREET NORTH,5,3,0,0,1,4,,0,25,0,0,0,0,0,4,2,13
,2018_03626,39.69317853,-104.9874666,2/16/2018 16:01,16:01,15,0,0,BROADWAY STREET SOUTH & LOUISIANA AVENUE WEST,1,1,0,0,1,4,,0,30,0,0,0,0,0,4,3,13
,2018_03627,39.73842221,-104.9759023,4/16/2018 13:00,13:00,10,0,0,14TH AVENUE 900 BLOCK EAST & OGDEN STREET NORTH,1,1,0,0,1,5,,0,35,0,0,0,0,0,4,2,13
,2018_03628,39.73210051,-104.9966926,10/10/2018 15:49,15:49,3,0,0,10TH AVENUE WEST & GALAPAGO STREET NORTH,1,1,0,0,1,5,,0,10,0,0,0,0,0,4,2,1
,2018_03632,39.67856507,-104.9828005,9/4/2018 14:31,14:31,3,0,1,EVANS AVENUE EAST & LOGAN STREET SOUTH,1,1,1,0,1,1,,0,35,0,0,0,0,2,4,2,2
,2018_03633,39.67845634,-104.9081185,12/3/2018 14:43,14:43,1,0,1,EVANS AVENUE 7100 BLOCK EAST & ONEIDA STREET SOUTH,1,1,1,0,1,2,,0,35,0,0,0,0,2,4,2,13
,2018_03636,39.74735822,-104.9997858,9/29/2018 0:58,0:58,15,0,0,LARIMER STREET & 14TH STREET,1,3,0,0,1,4,,0,30,0,0,0,0,0,4,2,13
,2018_03638,39.7474404,-104.9031399,10/23/2018 11:25,11:25,12,0,0,MONTVIEW AVENUE EAST & QUEBEC STREET NORTH,1,1,0,0,1,4,,0,30,0,0,0,0,0,4,2,16
,2018_03639,39.77053584,-105.0042281,2/5/2018 1:58,1:58,6,0,0,39TH AVENUE WEST & NAVAJO STREET NORTH,1,4,0,0,1,4,,0,,0,0,0,0,0,4,2,13
,2018_03643,39.68748889,-105.0156845,6/23/2018 15:55,15:55,6,0,0,ZUNI STREET SOUTH & GUNNISON DRIVE WEST,1,1,0,0,1,4,,0,30,0,0,0,0,0,4,2,14
,2018_03644,39.68836737,-105.0156858,5/10/2018 2:33,2:33,6,0,0,ZUNI STREET 1500 BLOCK SOUTH & GUNNISON PLACE WEST,1,4,1,0,1,4,,0,30,0,0,0,0,0,4,2,7
,2018_03647,39.68203272,-104.9804963,11/26/2018 19:11,19:11,6,0,0,PEARL STREET SOUTH & JEWELL AVENUE EAST,1,2,1,0,1,4,,0,25,0,0,0,0,0,4,2,16
,2018_03650,39.71792216,-105.0287933,10/31/2018 13:20,13:20,15,0,0,HOOKER STREET NORTH & FIRST AVENUE WEST,1,1,0,0,1,4,,0,25,0,0,0,0,0,4,2,1
,2018_03651,39.79630238,-104.7550073,8/11/2018 18:06,18:06,6,0,0,HALIFAX COURT NORTH & 55TH PLACE EAST,1,1,0,0,1,2,,0,25,0,0,0,0,0,4,2,13
,2018_03652,39.78593668,-104.9529976,4/7/2018 8:19,8:19,6,0,0,FILLMORE STREET & BEEKMAN PLACE,1,2,0,0,1,4,,0,25,0,0,0,0,0,4,2,2
,2018_03653,39.72837372,-104.9775766,4/24/2018 17:48,17:48,12,0,0,CLARKSON STREET 700 BLOCK NORTH & EIGHTH AVENUE EAST,2,1,0,1,1,4,,0,25,0,0,0,0,0,4,4,12
,2018_03656,39.67676732,-105.0246948,3/30/2018 8:23,8:23,3,0,0,WARREN AVENUE 2900 BLOCK WEST & FEDERAL BOULEVARD SOUTH,1,1,0,0,1,2,,0,,0,0,0,0,0,4,2,13
,2018_03657,39.72560978,-104.9523862,5/23/2018 15:08,15:08,15,0,0,SIXTH AVENUE EAST & MILWAUKEE STREET NORTH,1,1,0,0,1,4,,0,35,0,0,0,0,0,4,2,16
,2018_03662,39.71116055,-104.9971249,2/22/2018 17:30,17:30,12,0,1,SANTA FE DRIVE 300 BLOCK SOUTH & ALAMEDA AVENUE WEST,5,2,1,2,1,3,,0,55,0,0,0,0,1,4,2,14
,2018_03663,39.74326526,-104.9801014,10/6/2018 9:35,9:35,14,0,0,17TH AVENUE 500 BLOCK EAST & PEARL STREET NORTH,1,1,0,0,1,3,,0,30,0,0,0,0,0,4,3,5
,2018_03668,39.67852544,-104.9875672,4/10/2018 21:02,21:02,12,0,0,BROADWAY 2000 BLOCK SOUTH & EVANS AVENUE EAST,1,3,0,0,1,3,,0,35,0,0,0,0,0,4,2,13
,2018_03672,39.78237166,-104.8582794,9/7/2018 8:50,8:50,15,0,0,47TH AVENUE EAST & KINGSTON STREET NORTH,1,1,0,0,1,4,,0,35,0,0,0,0,0,4,2,1
,2018_03675,39.71111735,-104.9592296,6/11/2018 17:48,17:48,12,0,0,ALAMEDA AVENUE 2400 BLOCK EAST & UNIVERSITY BOULEVARD SOUTH,1,1,1,0,1,4,,0,30,0,0,0,0,0,4,2,13
,2018_03679,39.71111724,-104.9594071,6/27/2018 7:50,7:50,5,0,0,ALAMEDA AVENUE EAST & UNIVERSITY BOULEVARD SOUTH,1,1,1,0,3,4,,0,30,0,0,0,0,0,4,1,3
,2018_03680,39.68749373,-104.9401096,12/16/2018 17:37,17:37,3,0,0,IOWA AVENUE EAST & COLORADO BOULEVARD SOUTH,1,3,0,0,1,2,,0,25,0,0,0,0,0,4,2,13
,2018_03688,39.72455621,-105.0419123,2/20/2018 14:37,14:37,5,0,0,FIFTH AVENUE WEST & RALEIGH STREET NORTH,4,1,0,0,3,4,,0,25,0,0,0,0,0,4,1,14