id,drcog_id,latitude,longitude,crashtime,time,crashtype,numbkilled,numbinjurd,drcoglocat,rdconditin,lightngcon,roadcntgrd,weatherco,location,roaddescrp,schoolzone,constrzone,splimit,bikeinv,pedinv,sctrinv,motoinv,svrty,rdsystem,ttlvehcls,hcf
,2018_04625,39.75237271,-104.9069524,9/19/2018 15:36,15:36,6,0,0,OLIVE STREET NORTH & 24TH AVENUE EAST,1,1,0,0,1,4,,0,,0,0,0,0,0,4,2,13
,2018_04629,39.77675163,-105.0346395,7/18/2018 23:27,23:27,12,0,0,LOWELL BOULEVARD NORTH & 44TH AVENUE WEST,1,3,0,0,1,1,,0,35,0,0,0,0,0,4,2,10
,2018_04631,39.68801536,-104.9875096,6/21/2018 15:53,15:53,15,0,0,BROADWAY 1500 BLOCK SOUTH & FLORIDA AVENUE WEST,1,1,0,0,1,4,,0,35,0,0,0,0,0,4,2,13
,2018_04632,39.6784633,-104.9158454,3/19/2018 13:52,13:52,3,0,0,EVANS AVENUE EAST & LEYDEN STREET SOUTH,1,1,1,0,1,2,,0,35,0,0,0,0,0,4,2,14
,2018_04633,39.6676267,-104.9037151,11/19/2018 17:50,17:50,12,0,0,YALE AVENUE 7200 BLOCK EAST & QUEBEC STREET SOUTH,1,3,0,0,1,4,,0,35,0,0,0,0,0,4,2,13
,2018_04634,39.66762627,-104.9036618,8/5/2018 19:10,19:10,3,0,0,YALE AVENUE 7200 BLOCK EAST & QUEBEC STREET SOUTH,1,2,1,0,1,1,,0,30,0,0,0,0,0,4,2,1
,2018_04636,39.73829323,-104.9256911,12/21/2018 23:00,23:00,12,0,0,14TH AVENUE EAST & GLENCOE STREET NORTH,1,3,0,0,1,4,,0,30,0,0,0,0,0,4,2,5
,2018_04637,39.70935009,-105.0059291,2/5/2018 10:04,10:04,6,0,0,DAKOTA AVENUE 1300 BLOCK & PECOS STREET SOUTH,1,1,0,0,1,4,,0,25,0,0,0,0,0,4,2,12
,2018_04638,39.65709348,-105.0297971,5/28/2018 11:00,11:00,6,0,0,IRVING STREET 3300 BLOCK SOUTH & FLOYD AVENUE WEST,1,1,1,0,1,4,,0,,0,0,0,0,0,4,2,13
,2018_04640,39.68934777,-104.9316972,1/30/2018 18:05,18:05,15,0,0,DAHLIA STREET SOUTH & FLORIDA AVENUE EAST,1,4,0,0,1,4,,0,25,0,0,0,0,0,4,2,5
,2018_04642,39.75486439,-105.0467957,2/23/2018 8:20,8:20,5,0,0,26TH AVENUE 4500 WEST & VRAIN STREET NORTH,5,1,0,0,3,4,,0,30,0,0,0,0,0,4,1,13
,2018_04645,39.72932255,-105.0162841,12/6/2018 16:35,16:35,15,0,0,EIGHTH AVENUE 2400 BLOCK WEST & ZUNI STREET NORTH,1,1,1,0,1,4,,0,35,0,0,0,0,0,4,2,13
,2018_04647,39.68403878,-105.0270363,7/10/2018 15:30,15:30,6,0,0,BAILS PLACE WEST & HAZEL COURT SOUTH,1,1,0,0,1,4,,0,25,0,0,0,0,0,4,3,3
,2018_04648,39.73840378,-104.9720378,5/11/2018 13:06,13:06,15,0,1,14TH AVENUE EAST & MARION STREET NORTH,1,1,0,0,1,4,,0,30,0,0,0,0,1,4,2,13
,2018_04649,39.73841763,-104.9780251,8/3/2018 13:55,13:55,15,0,2,14TH AVENUE EAST & CLARKSON STREET NORTH,2,1,0,1,1,4,,0,30,0,0,0,0,1,4,2,14
,2018_04650,39.67845673,-104.9073013,11/17/2018 12:51,12:51,8,0,0,EVANS AVENUE 7100 BLOCK EAST & ONEIDA STREET SOUTH,2,1,0,1,1,4,,0,35,0,0,0,0,0,4,2,7
,2018_04653,39.71500718,-105.0349037,8/24/2018 16:09,16:09,3,0,0,LOWELL BOULEVARD SOUTH & BAYAUD AVENUE WEST,1,1,0,0,1,1,,0,25,0,0,0,0,0,4,2,1
,2018_04658,39.70001811,-104.9593282,9/30/2018 11:01,11:01,12,0,0,UNIVERSITY BOULEVARD SOUTH & KENTUCKY AVENUE EAST,1,1,0,0,1,3,,0,30,0,0,0,0,0,4,2,13
,2018_04659,39.73844543,-104.9915533,10/12/2018 10:44,10:44,15,0,0,14TH AVENUE WEST & CHEROKEE STREET NORTH,1,1,0,0,1,4,,0,30,0,0,0,0,0,4,2,13
,2018_04667,39.70202106,-104.9875559,10/12/2018 16:45,16:45,15,0,0,BROADWAY STREET SOUTH & OHIO AVENUE EAST,1,1,0,0,1,4,,0,35,0,0,0,0,0,4,2,13
,2018_04668,39.77289476,-104.7960147,10/18/2018 21:37,21:37,3,0,0,AIRPORT WAY 16300 BLOCK NORTH & 40TH AVENUE EAST,1,3,0,0,1,3,,0,35,0,0,0,0,0,4,2,13
,2018_04669,39.63977653,-105.0533625,12/31/2018 12:19,12:19,12,0,0,QUINCY AVENUE 5200 BLOCK WEST & SHERIDAN BOULEVARD SOUTH,4,1,0,2,1,3,,0,30,0,0,0,0,0,4,2,14
,2018_04672,39.63138803,-104.885311,2/17/2018 15:42,15:42,12,0,0,UNION AVENUE EAST & YOSEMITE STREET SOUTH,1,1,0,0,1,3,,0,,0,0,0,0,0,4,2,13
,2018_04673,39.70161222,-104.9745809,10/3/2018 22:55,22:55,6,0,1,CORONA STREET 800 BLOCK SOUTH & OHIO AVENUE EAST,1,4,0,0,1,4,,0,25,0,0,0,0,1,4,2,5
,2018_04675,39.67848482,-104.9673567,6/13/2018 9:45,9:45,15,0,0,EVANS AVENUE 1700 BLOCK EAST & GILPIN STREET SOUTH,1,1,0,0,1,4,,0,35,0,0,0,0,0,4,2,13
,2018_04677,39.83346255,-104.6936442,9/25/2018 10:10,10:10,12,0,1,PENA BOULEVARD & JACKSON GAP STREET NORTH,1,1,1,0,1,4,,0,40,0,0,0,0,1,4,2,14
,2018_04679,39.68730444,-104.9804445,7/15/2018 12:41,12:41,15,0,0,PEARL STREET SOUTH & IOWA AVENUE EAST,2,1,1,1,1,4,,0,25,0,0,0,0,0,4,2,13
,2018_04680,39.74378878,-104.949031,7/30/2018 1:06,1:06,6,0,0,17TH AVENUE 3200 BLOCK EAST & ADAMS STREET NORTH,1,3,0,0,1,4,,0,30,0,0,0,0,0,4,3,5
,2018_04681,39.77671114,-105.0315201,8/16/2018 18:31,18:31,6,0,0,44TH AVENUE WEST & JULIAM STREET NORTH,1,1,0,0,1,4,,0,30,0,0,0,0,0,4,2,5
,2018_04683,39.77656877,-105.0163946,11/4/2018 9:00,9:00,6,0,0,44TH AVENUE 2400 BLOCK WEST & ZUNI STREET NORTH,1,1,0,0,1,4,,0,30,0,0,0,0,0,4,2,13
,2018_04684,39.71111694,-104.967982,8/2/2018 10:43,10:43,12,0,1,ALAMEDA AVENUE & 4200 EAST,1,1,0,0,1,4,,0,35,0,0,0,0,1,4,2,13
,2018_04685,39.71110862,-104.9792756,1/28/2018 11:00,11:00,12,0,0,ALAMEDA AVENUE 700 BLOCK EAST & WASHINGTON STREET SOUTH,1,1,0,0,1,4,,0,30,0,0,0,0,0,4,2,13
,2018_04687,39.76697222,-104.9719749,3/17/2018 11:31,11:31,6,0,0,MARION STREET NORTH & 36TH AVENUE EAST,1,1,0,0,1,3,,0,,0,0,0,0,0,4,2,13
,2018_04688,39.76833241,-105.0344616,6/4/2018 16:09,16:09,12,0,0,CLYDE PLACE WEST & LOWELL BOULEVARD NORTH,1,1,0,0,1,4,,0,,0,0,0,0,0,4,2,13
,2018_04691,39.73710717,-104.9472778,6/6/2018 17:38,17:38,6,0,0,COOK STREET NORTH & 13TH AVENUE EAST,1,1,0,0,1,2,,0,30,0,0,0,0,0,4,2,7
,2018_04692,39.65821662,-104.935648,9/29/2018 18:58,18:58,6,0,0,16TH AVENUE 4300 EAST & BIRCH STREET NORTH,1,3,0,0,1,4,,0,25,0,0,0,0,0,4,2,5
,2018_04694,39.72933453,-104.9775873,1/21/2018 9:46,9:46,3,0,0,CLARKSON STREET 800 BLOCK NORTH & EIGHTH AVENUE EAST,4,1,0,2,1,5,,0,,0,0,0,0,0,4,2,13
,2018_04696,39.76661508,-105.0505934,3/7/2018 19:30,19:30,6,0,0,36TH AVENUE 4935 WEST & YATES STREET NORTH,1,3,0,0,1,4,,0,,0,0,0,0,0,4,2,13
,2018_04698,39.71111715,-104.9683366,11/3/2018 10:16,10:16,12,0,3,ALAMEDA AVENUE 1600 BLOCK EAST & FRANKLIN STREET SOUTH,1,1,0,0,1,4,,0,30,0,0,0,0,1,4,3,16
,2018_04701,39.67824847,-104.9593932,9/18/2018 11:33,11:33,12,0,0,UNIVERSITY BOULEVARD SOUTH & EVANS AVENUE EAST,1,1,0,0,1,4,,0,35,0,0,0,0,0,4,2,1
,2018_04706,39.71110667,-104.9790268,6/8/2018 9:44,9:44,15,0,0,ALAMEDA AVENUE 600 BLOCK EAST & WASHINGTON STREET SOUTH,1,1,0,0,1,2,,0,30,0,0,0,0,0,4,2,13
,2018_04707,39.66947909,-104.9864584,12/4/2018 16:02,16:02,6,0,0,VASSAR AVENUE 0 BLOCK EAST & LINCOLN STREET SOUTH,1,1,0,0,1,4,,0,25,0,0,0,0,0,4,3,5
,2018_04708,39.71651834,-104.9814679,2/9/2018 21:33,21:33,6,0,0,PENNSYLVANIA STREET SOUTH & 918 SOUTH PENNSYLVANIA STREET,4,3,0,2,1,1,,0,25,0,0,0,0,0,4,2,5
,2018_04709,39.74327188,-104.9824028,4/26/2018 12:03,12:03,6,0,0,17TH AVENUE EAST & LOGAN STREET NORTH,1,1,1,0,1,4,,0,30,0,0,0,0,0,4,2,13
,2018_04710,39.62421759,-105.0976519,5/18/2018 12:30,12:30,12,0,0,BELLEVIEW AVENUE 8800 BLOCK WEST & FIELD STREET SOUTH,1,1,0,0,1,4,,0,30,0,0,0,0,0,4,2,13
,2018_04711,39.743803,-104.9556145,6/9/2018 0:33,0:33,15,0,2,17TH AVENUE EAST & ESPLANADE PARKWAY,1,3,0,0,1,4,,0,30,0,0,0,0,2,4,2,14
,2018_04713,39.79833705,-104.8500074,11/11/2018 6:32,6:32,5,0,0,56TH AVENUE EAST & OSWEGO STREET NORTH,4,1,0,2,3,4,,0,40,0,0,0,0,0,4,1,7
,2018_04723,39.77667458,-104.9541417,8/26/2018 21:52,21:52,6,0,0,CLAYTON STREET NORTH & 43RD AVENUE EAST,1,3,0,0,1,4,,0,30,0,0,0,0,0,4,2,3
,2018_04724,39.83346005,-104.6911516,2/10/2018 10:03,10:03,15,0,0,PENA BOULEVARD & JACKSON GAP STREET,4,1,1,2,1,4,,0,65,0,0,0,0,0,4,2,13
,2018_04732,39.6819436,-104.9593789,9/22/2018 17:30,17:30,12,0,0,UNIVERSITY BOULEVARD SOUTH & JEWELL AVENUE EAST,1,1,1,0,1,4,,0,30,0,0,0,0,0,4,2,16
,2018_04733,39.71934773,-104.9941036,9/27/2018 15:34,15:34,6,0,0,SECOND AVENUE 500 WEST & FOX STREET NORTH,1,1,0,0,1,5,,0,15,0,0,0,0,0,4,2,1
,2018_04734,39.71084854,-104.9593096,1/31/2018 16:21,16:21,12,0,0,UNIVERSITY BOULEVARD SOUTH & ALAMEDA AVENUE EAST,1,1,0,0,1,3,,0,35,0,0,0,0,0,4,2,13
,2018_04735,39.67854164,-104.986808,6/8/2018 14:50,14:50,12,0,0,EVANS AVENUE 000 BLOCK EAST & LINCOLN STREET SOUTH,1,1,0,0,1,4,,0,35,0,0,0,0,0,4,3,1
,2018_04737,39.77108115,-104.8464483,10/25/2018 14:00,14:00,15,0,1,39TH AVENUE EAST & PEORIA STREET NORTH,1,1,0,0,1,4,,0,30,0,0,0,1,2,4,2,16
,2018_04741,39.71834073,-104.9746626,11/14/2018 8:05,8:05,12,0,0,SPEER BOULEVARD & CORONA STREET NORTH,1,1,1,0,1,2,,0,30,0,0,0,0,0,4,2,16
,2018_04743,39.72536905,-105.008517,4/26/2018 8:10,8:10,15,0,0,SIXTH AVENUE WEST & QUIVAS STREET NORTH,1,1,0,0,1,4,,0,45,0,0,0,0,0,4,2,13
,2018_04744,39.71449332,-104.9128784,6/1/2018 14:15,14:15,12,0,1,MONACO PARKWAY SOUTH & BAYAUD AVENUE,1,1,0,0,1,1,,0,35,0,0,0,0,2,4,2,4
,2018_04745,39.72564592,-104.9863982,12/1/2018 19:05,19:05,3,0,1,SIXTH AVENUE EAST & LINCOLN STREET NORTH,1,4,0,0,1,2,,0,30,0,0,0,0,1,4,2,13
,2018_04747,39.67846508,-104.9301909,8/18/2018 12:20,12:20,12,0,1,EVANS AVENUE 4901 EAST & DAHLIA STREET SOUTH,2,1,0,1,1,4,,0,35,0,0,0,0,1,4,2,14
,2018_04748,39.74746616,-104.886113,3/7/2018 8:17,8:17,12,0,1,MONTEVIEW BOULEVARD 8600 BLOCK EAST & YOSEMITE STREET,1,1,0,0,1,4,,0,30,0,0,0,0,2,4,2,7
,2018_04751,39.73434955,-105.035786,12/17/2018 0:30,0:30,5,0,0,12TH AVENUE WEST & NEWTON STREET NORTH,1,4,0,0,2,4,,0,30,0,0,0,0,0,4,1,5
,2018_04753,39.76213666,-105.0342162,8/4/2018 12:50,12:50,3,0,0,32ND AVENUE 3400 BLOCK & LOWELL BOULEVARD NORTH,1,1,0,0,1,2,,0,30,0,0,0,0,0,4,3,13
,2018_04755,39.72557996,-104.9715744,4/17/2018 15:45,15:45,6,0,0,SIXTH AVENUE 1300 BLOCK EAST & MARION STREET NORTH,1,1,0,0,1,4,,0,30,0,0,0,0,0,4,2,13
,2018_04756,39.72562816,-104.9797288,7/11/2018 23:00,23:00,6,0,0,SIXTH AVENUE EAST & PEARL STREET NORTH,1,3,0,0,1,4,,0,30,0,0,0,0,0,4,2,13
,2018_04757,39.79319797,-104.8381841,8/18/2018 18:40,18:40,5,0,0,TOPEKA COURT 5491 NORTH & 55TH AVENUE EAST,1,1,0,0,3,4,,0,,0,0,0,0,0,4,1,13
,2018_04767,39.71111213,-104.9589454,12/2/2018 10:00,10:00,12,0,0,ALAMEDA AVENUE 2400 BLOCK EAST & UNIVERSITY BOULEVARD SOUTH,1,1,0,0,1,4,,0,25,0,0,0,0,0,4,2,13
,2018_04768,39.75482802,-105.0207051,10/1/2018 15:45,15:45,6,0,0,26TH AVENUE WEST & CLAY STREET NORTH,1,1,1,0,1,4,,0,25,0,0,0,0,0,4,2,13
,2018_04769,39.67846442,-104.9214477,3/6/2018 9:57,9:57,12,0,3,EVANS AVENUE EAST & HOLLY STREET SOUTH,1,1,0,0,1,3,,0,30,0,0,0,0,2,4,2,14
,2018_04772,39.74874077,-105.003012,11/9/2018 10:00,10:00,15,0,0,WAZEE STREET 1300 BLOCK & 14TH TT,1,3,0,0,1,4,,0,30,0,0,0,0,0,4,4,5
,2018_04773,39.65254208,-104.8847939,4/18/2018 17:56,17:56,12,0,0,YOSEMITE STREET 3600 BLOCK SOUTH & HAMPDEN AVENUE EAST,1,1,0,0,1,4,,0,35,0,0,0,0,0,4,2,13
,2018_04776,39.66763236,-104.9126042,10/21/2018 13:27,13:27,12,0,0,YALE AVENUE EAST & MONACO STREET SOUTH,1,1,0,0,1,3,,0,30,0,0,0,0,0,4,3,3
,2018_04781,39.714553,-104.9875283,2/7/2018 20:08,20:08,6,0,0,BROADWAY STREET 108 SOUTH & BAYAUD AVENUE EAST,1,3,0,0,1,4,,0,,0,0,0,0,0,4,2,13
,2018_04783,39.67921805,-104.9222695,12/19/2018 16:45,16:45,3,0,0,PACIFIC PLACE EAST & HOLLY STREET SOUTH,1,3,0,0,1,1,,0,35,0,0,0,0,0,4,2,13
,2018_04784,39.67845757,-104.919502,3/30/2018 7:44,7:44,12,0,0,EVANS AVENUE 5900 BLOCK EAST & JASMINE STREET SOUTH,1,1,0,0,1,4,,0,35,0,0,0,0,0,4,3,13
,2018_04785,39.67845643,-104.9188803,1/6/2018 13:41,13:41,3,0,0,EVANS AVENUE EAST & JASMINE STREET SOUTH,1,1,0,0,1,2,,0,35,0,0,0,0,0,4,2,8
,2018_04786,39.67847462,-104.9657646,4/18/2018 16:25,16:25,12,0,0,EVANS AVENUE 1800 BLOCK EAST & HIGH STREET SOUTH,1,1,0,0,1,4,,0,30,0,0,0,0,0,4,2,2
,2018_04787,39.6603322,-104.9566181,3/1/2018 15:45,15:45,12,0,0,DARTMOUTH AVENUE EAST & CLAYTON STREET SOUTH,1,1,0,0,1,4,,0,25,0,0,0,0,0,4,2,16
,2018_04788,39.73840681,-104.9675669,10/20/2018 13:04,13:04,15,0,0,14TH AVENUE EAST & GILPIN AVENUE NORTH,1,1,0,0,1,4,,0,30,0,0,0,0,0,4,2,13
,2018_04794,39.71584581,-104.9814759,6/17/2018 0:15,0:15,6,0,0,PENNSYLVANIA STREET 1100 BLOCK NORTH & PENNSYLVANIA STREET NORTH,1,3,0,0,1,4,,0,30,0,0,0,0,0,4,5,1
,2018_04795,39.71290153,-105.028775,4/27/2018 15:35,15:35,6,0,0,HOOKER STREET 200 BLOCK SOUTH & CEDAR AVENUE WEST,1,1,0,0,1,4,,0,25,0,0,0,0,0,4,2,13
,2018_04798,39.70161026,-104.9875428,7/31/2018 8:21,8:21,12,0,0,BROADWAY 800 SOUTH & OHIO AVENUE EAST,1,1,0,0,1,4,,0,30,0,0,0,0,0,4,2,3
,2018_04799,39.77617056,-104.9876069,11/6/2018 11:45,11:45,8,0,0,BROADWAY 4400 BLOCK NORTH & 45TH AVENUE,1,1,0,0,1,4,,0,25,0,0,0,0,0,4,2,16
,2018_04801,39.71486863,-104.987524,9/22/2018 1:59,1:59,15,0,0,BROADWAY STREET SOUTH & BAYAUD AVENUE WEST,1,3,0,0,1,4,,0,30,0,0,0,0,0,4,2,13
,2018_04803,39.77108461,-104.8468254,10/17/2018 11:27,11:27,12,0,0,39TH AVENUE EAST & PEORIA STREET NORTH,1,1,0,0,1,3,,0,35,0,0,0,0,0,4,2,2
,2018_04804,39.67839392,-104.9507473,9/19/2018 14:14,14:14,12,0,0,EVANS AVENUE EAST & STREET PAUL STREET SOUTH,1,1,0,0,1,3,,0,35,0,0,0,0,0,4,2,7
,2018_04805,39.67845894,-104.9177257,3/21/2018 13:00,13:00,3,0,0,EVANS AVENUE 6000 BLOCK EAST & JASMINE STREET SOUTH,1,1,0,0,1,2,,0,25,0,0,0,0,0,4,2,13
,2018_04806,39.68900143,-104.9875027,6/7/2018 12:24,12:24,12,0,0,BROADWAY SOUTH & IOWA AVENUE WEST,1,1,0,0,1,4,,0,35,0,0,0,0,0,4,2,16
,2018_04807,39.74969343,-104.8827607,7/30/2018 10:38,10:38,6,0,0,22ND AVENUE 9000 BLOCK EAST & AKRON WAY NORTH,1,1,0,0,1,3,,0,25,0,0,0,0,0,4,2,3
,2018_04808,39.71817398,-104.9591345,12/26/2018 6:44,6:44,15,0,0,FIRST AVENUE EAST & UNIVERSITY BOULEVARD NORTH,1,2,0,0,1,4,,0,35,0,0,0,0,0,4,2,7
,2018_04809,39.71817398,-104.9591345,3/9/2018 21:20,21:20,15,0,0,FIRST AVENUE EAST & UNIVERSITY BOULEVARD NORTH,1,3,0,0,1,4,,0,35,0,0,0,0,0,4,2,1
,2018_04810,39.74324038,-104.970808,9/28/2018 22:55,22:55,6,0,0,17TH AVENUE EAST & LAFAYETTE STREET NORTH,1,3,0,0,1,4,,0,30,0,0,0,0,0,4,3,13
,2018_04811,39.73839844,-104.9645987,3/4/2018 2:13,2:13,6,0,0,14TH AVENUE 1900 BLOCK EAST & HIGH STREET NORTH,1,3,0,0,1,4,,0,30,0,0,0,0,0,4,3,13
,2018_04814,39.79449987,-104.8620518,12/20/2018 5:03,5:03,6,0,0,54TH AVENUE 10800 BLOCK EAST & JOLIET STREET NORTH,1,3,0,0,1,4,,0,25,0,0,0,0,0,4,2,3
,2018_04819,39.83575776,-104.7230098,9/25/2018 14:26,14:26,12,0,0,PENA BOULEVARD OUTBOUND & 7550 PENA BOULEVARD TOLL PLAZA,1,1,0,0,1,4,,0,65,0,0,0,0,0,4,2,1
,2018_04820,39.75850164,-104.9854079,5/29/2018 17:38,17:38,6,0,0,26TH STREET & LARIMER STREET,1,1,0,0,1,4,,0,,0,0,0,0,0,4,2,13
,2018_04828,39.72891744,-104.9950414,9/24/2018 15:30,15:30,15,0,0,EIGHTH AVENUE WEST & FOX STREET NORTH,1,1,0,0,1,4,,0,30,0,0,0,1,0,4,2,16
,2018_04830,39.74017009,-104.902279,7/10/2018 15:03,15:03,3,0,0,QUINCE STREET 1500 BLOCK NORTH & COLFAX AVENUE EAST,1,1,0,0,1,2,,0,25,0,0,0,0,0,4,2,7
,2018_04831,39.83385727,-104.7515689,2/13/2018 8:10,8:10,12,0,0,PENA BOULEVARD 19420 & E470,1,1,0,0,1,4,,0,50,0,0,0,0,0,4,2,14
,2018_04833,39.67847182,-104.9223005,2/23/2018 15:25,15:25,15,0,0,EVANS AVENUE EAST & HOLLY STREET SOUTH,1,1,0,0,1,4,,0,35,0,0,0,0,0,4,2,13
,2018_04835,39.7293106,-105.0195872,3/27/2018 19:58,19:58,15,0,0,EIGHTH AVENUE 2600 BLOCK WEST & BRYANT STREET NORTH,1,3,0,0,1,4,,0,35,0,0,0,0,0,4,2,13
,2018_04837,39.67007038,-104.9129448,8/25/2018 20:43,20:43,5,0,0,LA SALLE PLACE EAST & MONACO STREET,1,3,0,0,3,4,,0,35,0,0,0,0,0,4,1,5
,2018_04840,39.69407483,-104.9223181,5/25/2018 16:09,16:09,12,0,0,HOLLY STREET 1200 BLOCK SOUTH & NEBRASKA WAY EAST,1,1,0,0,1,4,,0,30,0,0,0,0,0,4,3,13
,2018_04841,39.74448059,-105.0000041,12/16/2018 1:29,1:29,15,0,0,SPEER BOULEVARD & ARAPAHOE STREET,1,4,0,0,1,1,,0,30,0,0,0,0,0,4,2,14
,2018_04842,39.74471823,-104.9696763,9/13/2018 10:04,10:04,15,0,0,HUMBOLDT STREET NORTH & 18TH AVENUE EAST,1,1,0,1,1,4,,0,25,0,0,0,0,0,4,2,13
,2018_04846,39.73567733,-105.0243242,11/6/2018 9:54,9:54,3,0,0,HOLDEN PLACE 2800 BLOCK WEST & FEDERAL BOULEVARD NORTH,1,1,1,0,1,2,,0,,0,0,0,0,0,4,2,13
,2018_04848,39.67839235,-105.0017846,11/5/2018 12:40,12:40,12,0,0,LIPAN STREET 2100 BLOCK SOUTH & EVANS AVENUE WEST,1,1,0,0,1,4,,0,25,0,0,0,0,0,4,2,13
,2018_04851,39.678464,-104.9251552,11/7/2018 20:54,20:54,12,0,0,EVANS AVENUE EAST & GRAPE STREET SOUTH,1,3,0,0,1,1,,0,35,0,0,0,0,0,4,2,16
,2018_04852,39.6784642,-104.9251196,5/10/2018 12:45,12:45,15,0,0,EVANS AVENUE EAST & GRAPE STREET SOUTH,1,1,0,0,1,3,,0,30,0,0,0,0,0,4,2,3
,2018_04853,39.73837535,-104.9530445,10/9/2018 7:50,7:50,15,0,0,14TH AVENUE EAST & FILLMORE STREET NORTH,2,1,0,0,1,1,,0,30,0,0,0,0,0,4,2,14
,2018_04856,39.71177746,-104.9129294,4/13/2018 10:27,10:27,15,0,0,MONACO STREET 200 BLOCK SOUTH & ALAMEDA AVENUE EAST,1,1,0,0,1,4,,0,35,0,0,0,0,0,4,2,13
,2018_04857,39.83344499,-104.6788316,1/21/2018 15:15,15:15,15,0,1,PENA BOULEVARD OUTBOUND & JACKSON GAP ROAD,11,1,1,2,1,4,,0,45,0,0,0,0,2,4,2,13
,2018_04865,39.67846574,-104.9248354,11/14/2018 15:22,15:22,12,0,0,EVANS AVENUE EAST & GRAPE STREET SOUTH,1,1,0,0,1,4,,0,40,0,0,0,0,0,4,3,16
,2018_04866,39.67845561,-104.9405654,3/9/2018 17:36,17:36,1,0,2,EVANS AVENUE 4000 BLOCK EAST & COLORADO BOULEVARD SOUTH,1,1,0,0,1,2,,0,,0,0,0,0,1,4,3,13
,2018_04870,39.74322075,-104.962061,6/28/2018 20:55,20:55,15,0,0,17TH AVENUE 2100 BLOCK & VINE STREET NORTH,1,3,0,0,1,4,,0,35,0,0,0,0,0,4,2,13
,2018_04871,39.71505149,-105.0001783,10/29/2018 10:29,10:29,15,0,0,KALAMATH STREET SOUTH & BAYAUD AVENUE WEST,1,1,0,0,1,4,,0,35,0,0,0,0,0,4,2,13
,2018_04873,39.67846098,-104.9118261,1/30/2018 15:37,15:37,3,0,0,EVANS AVENUE 6500 BLOCK EAST & MONACO STREET SOUTH,1,1,0,0,1,2,,0,35,0,0,0,0,0,4,2,7
,2018_04875,39.74735124,-104.9874111,1/8/2018 11:09,11:09,6,0,0,WELTON STREET 1900 BLOCK & 20TH STREET,1,1,0,0,1,4,,0,,0,0,0,0,0,4,2,13
,2018_04878,39.74619277,-104.9872738,4/3/2018 10:24,10:24,12,0,0,19TH AVENUE 000 BLOCK & BROADWAY NORTH,1,1,0,0,1,4,,0,30,0,0,0,0,0,4,2,13
,2018_04884,39.71236039,-104.9875476,2/15/2018 22:05,22:05,15,0,0,BROADWAY SOUTH & BYERS PLACE WEST,6,3,0,2,1,4,,0,30,0,0,0,0,0,4,2,7
,2018_04885,39.74608347,-104.8846577,6/27/2018 11:41,11:41,6,0,0,YOSEMITE STREET 1700 BLOCK NORTH & MONTVIEW BOULEVARD,1,1,0,0,1,4,,0,35,0,0,0,0,0,4,2,3
,2018_04890,39.78558733,-104.9793576,4/25/2018 16:45,16:45,15,0,0,49TH AVENUE EAST & WASHINGTON STREET NORTH,1,1,0,0,1,4,,0,25,0,0,0,0,0,4,2,1
,2018_04892,39.79551169,-104.8207867,11/16/2018 21:20,21:20,6,0,0,CROWN BOULEVARD NORTH & CRYSTAL WAY NORTH,1,3,0,0,1,4,,0,25,0,0,0,0,0,4,2,1
,2018_04894,39.7255864,-104.9749217,4/5/2018 13:00,13:00,15,0,0,SIXTH AVENUE EAST & OGDEN STREET NORTH,1,1,0,0,1,4,,0,30,0,0,0,0,0,4,2,13
,2018_04898,39.71296536,-104.9129075,5/11/2018 13:03,13:03,12,0,1,MONACO STREET 200 BLOCK SOUTH & CEDAR AVENUE EAST,1,1,0,0,1,4,,0,30,0,0,0,0,1,4,2,3
,2018_04899,39.67846246,-104.9134249,7/26/2018 21:17,21:17,3,0,0,EVANS AVENUE 6400 BLOCK EAST & MONACO STREET SOUTH,1,3,0,0,1,2,,0,35,0,0,0,0,0,4,2,13
,2018_04900,39.67846277,-104.9143131,8/9/2018 17:12,17:12,3,0,0,EVANS AVENUE 6300 BLOCK EAST & MONACO STREET SOUTH,1,1,0,0,1,2,,0,40,0,0,0,0,0,4,2,7
,2018_04903,39.67847461,-104.923333,12/27/2018 13:14,13:14,12,0,0,EVANS AVENUE 5400 BLOCK EAST & HUDSON STREET SOUTH,1,1,0,0,1,4,,0,40,0,0,0,0,0,4,2,13
,2018_04904,39.76806796,-105.0096169,10/27/2018 17:30,17:30,3,0,0,SHOSHONE STREET NORTH & 37TH AVENUE WEST,1,2,0,0,1,3,,0,25,0,0,0,0,0,4,2,12
,2018_04905,39.6676139,-104.9136688,9/20/2018 13:26,13:26,12,0,0,YALE AVENUE EAST & MONACO STREET SOUTH,1,1,0,0,1,3,,0,30,0,0,0,0,0,4,2,12
,2018_04906,39.78414833,-105.0344834,5/13/2018 5:31,5:31,6,0,0,LOWELL BOULEVARD 4800 BLOCK NORTH & 49TH AVENUE WEST,2,2,1,4,1,4,,0,,0,0,0,0,0,4,2,13
,2018_04908,39.79836772,-104.8660334,8/12/2018 16:18,16:18,3,0,2,HAVANA STREET NORTH & 56TH AVENUE EAST,1,1,0,0,1,1,,0,45,0,0,0,0,2,4,2,5