id,drcog_id,latitude,longitude,crashtime,time,crashtype,numbkilled,numbinjurd,drcoglocat,rdconditin,lightngcon,roadcntgrd,weatherco,location,roaddescrp,schoolzone,constrzone,splimit,bikeinv,pedinv,sctrinv,motoinv,svrty,rdsystem,ttlvehcls,hcf
,2018_05275,39.71780524,-104.9416965,10/19/2018 10:01,10:01,5,0,0,FIRST AVENUE 3800 BLOCK EAST & HARRISON STREET NORTH,1,1,1,0,2,3,,0,30,0,0,0,0,0,4,1,1
,2018_05276,39.67844116,-104.9412046,1/31/2018 7:00,7:00,3,0,0,EVANS AVENUE 3900 BLOCK EAST & COLORADO BOULEVARD SOUTH,1,1,0,0,1,2,,0,35,0,0,0,0,0,4,2,13
,2018_05277,39.73301538,-105.0416329,3/24/2018 7:35,7:35,6,0,1,10TH AVENUE WEST & RALEIGH STREET NORTH,1,1,1,0,1,4,,0,30,0,0,0,0,2,4,2,14
,2018_05279,39.67822349,-104.9875683,1/17/2018 14:25,14:25,15,0,0,BROADWAY 2100 BLOCK SOUTH & EVANS AVENUE EAST,1,1,0,0,1,3,,0,35,0,0,0,0,0,4,2,13
,2018_05285,39.79112032,-104.7702358,5/18/2018 5:00,5:00,5,0,0,ANDES WAY & 4338 NORTH,1,3,0,0,3,4,,0,25,0,0,0,0,0,4,1,1
,2018_05289,39.67777902,-104.9593927,2/21/2018 10:00,10:00,6,0,0,UNIVERSITY BOULEVARD 2100 BLOCK SOUTH & EVANS AVENUE EAST,1,1,0,0,1,4,,0,30,0,0,0,0,0,4,2,14
,2018_05293,39.71110667,-104.9790268,7/17/2018 13:44,13:44,12,0,0,ALAMEDA AVENUE 700 EAST & WASHINGTON STREET SOUTH,1,1,0,0,1,3,,0,30,0,0,0,0,0,4,2,7
,2018_05294,39.7178105,-104.9384742,2/8/2018 15:23,15:23,12,0,0,FIRST AVENUE EAST & ASH STREET NORTH,1,1,0,0,1,1,,0,30,0,0,0,0,0,4,2,16
,2018_05298,39.75206923,-104.9937254,5/5/2018 18:05,18:05,15,0,0,LARIMER STREET 1900 BLOCK & 19TH STREET,1,2,0,0,1,4,,0,30,0,0,0,0,0,4,2,16
,2018_05299,39.71611128,-104.9826386,2/20/2018 17:00,17:00,15,0,0,LOGAN STREET 700 BLOCK NORTH & LOGAN STREET NORTH,2,1,3,0,1,4,,0,25,0,0,0,0,0,4,2,14
,2018_05302,39.68369539,-104.987549,11/13/2018 18:13,18:13,6,0,0,BROADWAY 1800 BLOCK SOUTH & COLORADO AVENUE EAST,1,3,0,0,1,4,,0,35,0,0,0,0,0,4,2,3
,2018_05306,39.68785345,-104.9804388,1/27/2018 14:02,14:02,6,0,0,PEARL STREET 1500 BLOCK & IOWA AVENUE EAST,1,1,0,0,1,4,,0,25,0,0,0,0,0,4,2,13
,2018_05307,39.68782649,-104.9875109,3/16/2018 12:19,12:19,15,0,0,BROADWAY 1500 BLOCK SOUTH & IOWA AVENUE EAST,1,1,0,0,1,4,,0,30,0,0,0,0,0,4,2,13
,2018_05311,39.67689152,-104.9593918,5/1/2018 11:43,11:43,12,0,0,UNIVERSITY BOULEVARD 2100 BLOCK SOUTH & WARREN AVENUE EAST,1,1,0,0,1,3,,0,0,0,0,0,0,0,4,2,13
,2018_05314,39.69832928,-105.012614,5/31/2018 20:55,20:55,6,0,0,TEJON STREET 900 BLOCK STREET & TENNESSEE AVENUE WEST,1,3,0,0,1,4,,0,25,0,0,0,0,0,4,3,5
,2018_05316,39.68576023,-104.9830442,10/24/2018 17:20,17:20,3,0,0,MEXICO AVENUE EAST & LOGAN STREET SOUTH,1,1,0,0,1,5,,0,25,0,0,0,0,0,4,2,16
,2018_05321,39.67969493,-104.95939,4/12/2018 20:20,20:20,6,0,0,UNIVERSITY BOULEVARD & ASBURY AVENUE EAST,1,3,0,0,1,4,,0,35,0,0,0,0,0,4,2,13
,2018_05322,39.67846232,-104.9322515,1/26/2018 15:01,15:01,15,0,0,EVANS AVENUE EAST & DAHLIA STREET SOUTH,1,1,0,0,1,3,,0,25,0,0,0,0,0,4,2,13
,2018_05324,39.83346191,-104.6930032,11/11/2018 15:30,15:30,15,0,1,PENA BOULEVARD 7500 BLOCK & JACKSON GAP STREET NORTH,6,1,0,2,1,4,,0,55,0,0,0,0,1,4,2,13
,2018_05325,39.71803385,-104.9543468,6/5/2018 14:50,14:50,15,0,0,FIRST AVENUE EAST & DETROIT STREET NORTH,1,1,0,0,1,4,,0,30,0,0,0,0,0,4,2,13
,2018_05326,39.72563193,-104.9814854,3/13/2018 6:50,6:50,15,0,0,SIXTH AVENUE EAST & PENNSYLVANIA STREET,1,1,0,0,1,4,,0,35,0,0,0,0,0,4,2,14
,2018_05327,39.72133601,-105.035265,11/2/2018 7:34,7:34,15,0,0,3TH AVENUE WEST & LOWELL BOULEVARD NORTH,1,1,0,0,1,4,,0,35,0,0,0,0,0,4,2,13
,2018_05328,39.71111458,-104.9606552,12/24/2018 14:51,14:51,5,0,0,ALAMEDA 2200 BLOCK EAST & GAYLORD STREET SOUTH,1,1,0,0,2,4,,0,35,0,0,0,0,0,4,1,13
,2018_05332,39.67530456,-105.0276092,4/11/2018 17:24,17:24,3,0,1,ILIFF AVENUE WEST & HAZEL WAY SOUTH,1,1,0,0,1,2,,0,15,0,0,0,0,1,4,4,1
,2018_05333,39.73870104,-104.9118452,4/22/2018 14:04,14:04,5,0,2,14TH AVENUE EAST & MAGNOLIA STREET NORTH,1,1,1,0,3,4,,0,30,0,0,0,0,1,4,1,7
,2018_05335,39.77292005,-105.0243411,5/15/2018 0:14,0:14,5,0,1,41ST AVENUE WEST & FEDERAL BOULEVARD NORTH,1,3,0,0,3,4,,0,25,0,0,0,0,1,4,1,5
,2018_05337,39.69485655,-104.9874488,12/11/2018 11:06,11:06,15,0,0,BROADWAY 1100 BLOCK SOUTH & ARIZONA AVENUE EAST,1,1,0,0,1,4,,0,30,0,0,0,0,0,4,2,13
,2018_05344,39.67932741,-105.0156958,7/6/2018 15:56,15:56,12,0,0,ZUNI STREET SOUTH & EVANS AVENUE WEST,1,1,0,0,1,4,,0,30,0,0,0,0,0,4,3,13
,2018_05345,39.71808799,-105.0397013,9/8/2018 21:06,21:06,12,0,0,PERRY STREET NORTH & FIRST AVENUE WEST,1,3,1,0,1,4,,0,25,0,0,0,0,0,4,3,5
,2018_05347,39.7140419,-104.9222757,1/23/2018 18:00,18:00,6,0,0,HOLLY STREET 100 BLOCK SOUTH & BAYAUD STREET EAST,1,3,1,0,1,4,,0,25,0,0,0,0,0,4,2,13
,2018_05349,39.69484618,-104.9223019,9/28/2018 15:31,15:31,12,0,0,HOLLY STREET SOUTH & MINNESOTA DRIVE EAST,1,1,0,0,1,4,,0,30,0,0,0,0,0,4,2,7
,2018_05350,39.71228386,-105.0287723,10/13/2018 1:10,1:10,6,0,0,HOOKER STREET SOUTH & CEDAR AVENUE WEST,1,4,0,0,1,4,,0,25,0,0,0,0,0,4,3,14
,2018_05352,39.73958789,-104.9622376,7/22/2018 10:45,10:45,12,0,0,VINE STREET 1400 BLOCK NORTH & COLFAX AVENUE EAST,1,1,0,0,1,2,,0,30,0,0,0,0,0,4,2,13
,2018_05353,39.73297387,-105.0286736,11/5/2018 7:40,7:40,3,0,0,10TH AVENUE WEST & HOOKER STREET NORTH,1,1,0,0,1,1,,0,25,0,0,0,0,0,4,2,16
,2018_05362,39.7074907,-104.9736369,10/19/2018 16:13,16:13,12,0,0,VIRGINIA AVENUE EAST & DOWNING STREET SOUTH,1,1,0,0,1,3,,0,25,0,0,0,0,0,4,2,16
,2018_05363,39.61442168,-105.0922089,10/30/2018 12:42,12:42,3,0,0,CROSS DRIVE 8600 BLOCK WEST & WADSWORTH BOULEVARD SOUTH,1,1,0,0,1,1,,0,30,0,0,0,0,0,4,2,3
,2018_05364,39.72933001,-105.0192838,9/27/2018 15:19,15:19,12,0,0,EIGHTH AVENUE 2600 W & BRYANT STREET NORTH,1,1,0,0,1,3,,0,30,0,0,0,0,0,4,2,13
,2018_05365,39.73835251,-104.9474923,8/4/2018 2:21,2:21,6,0,0,14TH AVENUE 3300 BLOCK EAST & COOK STREET NORTH,1,3,0,0,1,4,,0,30,0,0,0,0,0,4,3,2
,2018_05368,39.77851055,-104.9464074,5/2/2018 14:00,14:00,15,0,0,NORTHFIELD 4000 BLOCK NORTH & I70 EASTBOUND ON RAMP,1,1,1,0,1,4,,0,45,0,0,0,0,0,4,2,8
,2018_05369,39.73034042,-104.9694667,1/3/2018 13:30,13:30,12,0,0,HUMBOLDT STREET 800 BLOCK NORTH & NINTH AVENUE EAST,1,1,0,0,1,4,,0,25,0,0,0,0,0,4,2,3
,2018_05376,39.70073667,-104.9415288,5/7/2018 5:55,5:55,5,0,0,HARRISON LANE 800 BLOCK SOUTH & KENTUCKY AVENUE EAST,1,1,0,0,5,4,,0,,0,0,0,0,0,3,1,13
,2018_05380,39.66763949,-104.9084371,2/21/2018 15:49,15:49,12,0,0,YALE AVENUE EAST & NORMAN COURT SOUTH,1,1,0,0,1,4,,0,30,0,0,0,0,0,4,2,1
,2018_05381,39.66948411,-104.987401,4/20/2018 13:16,13:16,6,0,1,VASSAR AVENUE 000 BLOCK EAST & BROADWAY STREET SOUTH,1,1,0,0,1,4,,0,25,0,0,0,0,1,4,2,13
,2018_05382,39.7710865,-104.8470317,11/5/2018 5:56,5:56,9,0,1,PEORIA STREET NORTH & 39TH AVENUE EAST,1,2,0,0,3,1,,0,35,0,0,0,0,1,4,1,1
,2018_05384,39.67845636,-104.918756,3/12/2018 11:52,11:52,12,0,0,EVANS AVENUE EAST & JASMINE STREET SOUTH,1,1,1,0,1,4,,0,35,0,0,0,0,0,4,3,10
,2018_05385,39.67845716,-104.9184363,1/15/2018 10:19,10:19,14,0,0,EVANS AVENUE 5800 BLOCK EAST & JASMINE STREET SOUTH,5,1,0,2,6,3,,0,30,0,0,0,0,0,4,2,7
,2018_05386,39.67846583,-104.9294804,12/4/2018 14:12,14:12,15,0,0,EVANS AVENUE 5000 BLOCK EAST & DAHLIA STREET SOUTH,1,1,0,0,1,4,,0,30,0,0,0,0,0,4,2,1
,2018_05387,39.71136483,-104.9129348,2/12/2018 8:49,8:49,12,0,0,ALAMEDA AVENUE EAST & MONACO STREET SOUTH,2,1,0,2,1,4,,0,35,0,0,0,0,0,4,2,13
,2018_05388,39.71109978,-104.9780344,4/2/2018 7:53,7:53,15,0,0,ALAMEDA AVENUE EAST & CLARKSON STREET SOUTH,1,1,1,0,1,4,,0,35,0,0,0,0,0,4,2,13
,2018_05389,39.7838575,-105.0605039,1/21/2018 12:30,12:30,5,0,0,48TH AVENUE WEST & GOLDEN COURT NORTH,4,1,1,2,2,3,,0,25,0,0,0,0,0,4,1,16
,2018_05398,39.71077438,-105.0015221,6/26/2018 9:53,9:53,15,0,0,LIPAN STREET 300 BLOCK SOUTH & ALAMEDA AVENUE WEST,1,1,0,0,1,1,,0,25,0,0,0,0,0,4,2,13
,2018_05399,39.73828299,-104.9402247,5/20/2018 3:21,3:21,15,0,0,14TH AVENUE EAST & COLORADO BOULEVARD NORTH,1,3,0,0,1,4,,0,30,0,0,0,0,0,4,2,3
,2018_05403,39.70732547,-104.9222821,9/17/2018 19:53,19:53,12,0,1,HOLLY STREET SOUTH & LEETSDALE DRIVE,1,3,1,0,1,3,,0,30,0,0,0,1,1,4,2,13
,2018_05405,39.75342142,-104.9884947,2/26/2018 16:49,16:49,12,0,0,22ND STREET & ARAPAHOE STREET,1,1,0,0,1,3,,0,30,0,0,0,0,0,4,2,12
,2018_05406,39.68207264,-105.0275118,9/15/2018 11:00,11:00,5,0,0,HAZEL COURT SOUTH & JEWELL AVENUE WEST,1,4,0,0,2,3,,0,25,0,0,0,0,0,4,1,14
,2018_05408,39.67844613,-104.9340371,6/20/2018 10:30,10:30,15,0,0,EVANS AVENUE 4400 BLOCK EAST & I25 SOUTHBOUND ON RAMP,1,1,0,0,1,1,,0,35,0,0,0,0,0,4,2,13
,2018_05410,39.702686,-104.912473,1/31/2018 18:17,18:17,3,0,0,LEETSDALE DRIVE & MONACO PARKWAY / 6500 BLOCK,1,3,1,0,1,2,,0,30,0,0,0,0,0,2,2,13
,2018_05411,39.67846406,-104.9252074,3/23/2018 11:30,11:30,12,0,0,EVANS AVENUE 5300 BLOCK EAST & GRAPE STREET SOUTH,1,1,0,0,1,4,,0,25,0,0,0,0,0,4,2,3
,2018_05412,39.73048415,-104.9415357,4/5/2018 2:30,2:30,5,0,0,NINTH AVENUE 3900 BLOCK EAST & COLORADO BOULEVARD NORTH,1,4,0,0,2,4,,0,,0,0,0,0,0,4,1,13
,2018_05416,39.73285726,-104.8940778,7/2/2018 16:18,16:18,12,0,0,11TH AVENUE EAST & SYRACUSE STREET NORTH,1,1,0,0,1,4,,0,30,0,0,0,0,0,4,2,3
,2018_05418,39.74323676,-104.9677107,12/1/2018 12:49,12:49,12,0,0,17TH AVENUE EAST & FRANKLIN STREET NORTH,1,1,0,0,1,3,,0,30,0,0,0,0,0,4,2,1
,2018_05419,39.70534996,-104.9129564,8/8/2018 16:40,16:40,12,0,0,MONACO STREET 600 SOUTH & CENTER AVENUE EAST,1,1,0,0,1,4,,0,35,0,0,0,0,0,4,2,7
,2018_05423,39.70932306,-104.9875982,8/28/2018 15:54,15:54,6,0,0,DAKOTA AVENUE EAST & BROADWAY STREET SOUTH,1,1,0,0,1,4,,0,25,0,0,0,0,0,4,2,8
,2018_05428,39.67846477,-104.9250131,6/5/2018 13:24,13:24,15,0,0,EVANS AVENUE 5400 BLOCK EAST & GRAPE STREET SOUTH,1,1,0,0,1,4,,0,35,0,0,0,0,0,4,2,2
,2018_05429,39.72096908,-104.9522056,1/4/2018 1:52,1:52,5,0,0,THIRD AVENUE 2900 BLOCK EAST & MILWAUKEE STREET NORTH,1,3,0,0,3,4,,0,25,0,0,0,0,0,4,1,5
,2018_05431,39.75296172,-104.9925766,8/14/2018 17:30,17:30,15,0,0,20TH STREET & LARIMER STREET,1,1,0,0,1,3,,0,30,0,0,0,0,0,4,2,1
,2018_05432,39.66769788,-105.0349618,9/4/2018 10:45,10:45,12,0,1,YALE AVENUE 3600 BLOCK EAST & LOWELL BOULEVARD SOUTH,1,1,0,0,1,3,,0,,0,0,0,0,1,4,2,13
,2018_05433,39.71212705,-104.9875493,9/7/2018 2:58,2:58,6,0,0,BROADWAY SOUTH & BYERS PLACE WEST,1,3,0,0,1,4,,0,,0,0,0,0,0,4,2,13
,2018_05437,39.67846766,-104.9244802,7/17/2018 17:18,17:18,1,0,0,EVANS AVENUE 5400 BLOCK EAST & GRAPE STREET SOUTH,1,1,0,0,1,2,,0,35,0,0,0,0,0,4,2,3
,2018_05441,39.69583781,-104.9222604,1/5/2018 23:39,23:39,5,0,1,HOLLY STREET SOUTH & CHERRY CREEK SOUTH DRIVE,1,3,0,0,2,3,,0,30,0,0,0,0,2,4,1,5
,2018_05444,39.72452128,-105.0325021,6/12/2018 15:24,15:24,12,0,0,KNOX COURT 500 BLOCK & FIFTH AVENUE WEST,1,1,0,0,1,1,,0,30,0,0,0,0,0,4,2,13
,2018_05445,39.72908947,-104.9889226,10/26/2018 11:34,11:34,15,0,0,EIGHTH AVENUE WEST & ACOMA STREET NORTH,1,1,0,0,1,4,,0,30,0,0,0,0,0,4,2,13
,2018_05446,39.67846973,-104.9257235,7/7/2018 12:25,12:25,12,0,1,EVANS AVENUE EAST & GRAPE STREET SOUTH,1,1,0,0,1,4,,0,35,0,0,0,0,1,4,3,15
,2018_05447,39.77674763,-105.0349957,9/19/2018 17:43,17:43,3,0,0,44TH AVENUE 3600 BLOCK WEST & LOWELL BOULEVARD NORTH,2,1,0,1,1,2,,0,30,0,0,0,0,0,4,2,13
,2018_05449,39.74836155,-104.9985429,7/14/2018 15:25,15:25,15,0,0,LARIMER STREET 1500 BLOCK & 15TH STREET,1,1,0,0,1,4,,0,25,0,0,0,0,0,4,2,13
,2018_05450,39.73045033,-104.9752485,1/27/2018 0:54,0:54,6,0,0,OGDEN STREET NORTH & NINTH AVENUE EAST,1,3,0,0,1,4,,0,30,0,0,0,0,0,4,2,13
,2018_05456,39.68737867,-105.0378938,11/20/2018 22:25,22:25,6,0,0,NEWTON STREET SOUTH & IOWA AVENUE WEST,1,3,0,1,1,4,,0,25,0,0,0,0,0,4,2,5
,2018_05458,39.717827,-104.9509473,10/4/2018 8:04,8:04,15,0,0,FIRST AVENUE EAST & STEELE STREET NORTH,1,1,0,0,1,4,,0,30,0,0,0,0,0,4,2,16
,2018_05459,39.83801391,-104.699292,12/18/2018 14:30,14:30,3,0,0,78TH AVENUE 24500 BLOCK EAST & JACKSON GAP STREET NORTH,1,1,0,0,1,1,,0,45,0,0,0,0,0,4,2,13
,2018_05460,39.67846239,-104.9132473,5/30/2018 5:30,5:30,15,0,0,EVANS AVENUE 6400 BLOCK EAST & MONACO STREET SOUTH,1,1,0,0,1,4,,0,35,0,0,0,0,0,4,2,1
,2018_05461,39.67846229,-104.912963,12/28/2018 17:57,17:57,12,0,0,EVANS AVENUE 6400 BLOCK EAST & MONACO STREET SOUTH,1,4,0,0,1,4,,0,35,0,0,0,0,0,4,2,13
,2018_05463,39.71111862,-104.9129194,6/17/2018 9:35,9:35,3,0,0,MONACO PARKWAY 300 BLOCK SOUTH & ALAMEDA AVENUE WEST,1,1,0,0,1,2,,0,30,0,0,0,0,0,4,2,13
,2018_05464,39.67872743,-104.9222673,4/5/2018 12:46,12:46,15,0,0,HOLLY STREET SOUTH & EVANS AVENUE EAST,1,1,0,0,1,3,,0,30,0,0,0,0,0,4,2,13
,2018_05466,39.72565007,-104.9891899,9/18/2018 7:54,7:54,12,0,0,SIXTH AVENUE WEST & ACOMA STREET NORTH,1,1,0,0,1,4,,0,5,0,0,0,0,0,4,2,12
,2018_05468,39.6967895,-104.8753103,7/16/2018 14:30,14:30,15,0,0,DAYTON STREET 1000 BLOCK SOUTH & MISSISSIPPI AVENUE EAST,1,1,0,0,1,4,,0,25,0,0,0,0,0,4,2,13
,2018_05474,39.7448231,-104.974761,10/19/2018 16:30,16:30,15,0,0,18TH AVENUE EAST & OGDEN STREET NORTH,1,1,0,0,1,4,,0,35,0,0,0,0,0,4,2,16
,2018_05480,39.75108074,-104.9828697,6/10/2018 18:50,18:50,12,0,0,PARK AVENUE WEST & WELTON STREET,1,1,0,0,1,4,,0,35,0,0,0,0,0,4,2,14
,2018_05483,39.6784621,-104.9323754,12/20/2018 14:36,14:36,3,0,2,EVANS AVENUE EAST & I25 NORTHBOUND RAMPS,1,1,0,0,1,3,,0,35,0,0,0,0,2,4,3,14
,2018_05484,39.74198144,-104.8899418,7/23/2018 11:05,11:05,6,0,0,VERBENA 1600 BLOCK NORTH & 17TH AVENUE EAST,1,1,0,0,1,4,,0,25,0,0,0,0,0,4,2,13
,2018_05485,39.76132637,-104.9817664,8/27/2018 13:38,13:38,12,0,0,29TH STREET & LARIMER STREET,1,1,0,0,1,4,,0,25,0,0,0,0,0,4,2,14
,2018_05488,39.70204758,-104.8764333,5/6/2018 16:30,16:30,6,0,0,ALTON WAY SOUTH & CLINTON STREET SOUTH,1,1,0,0,1,4,,0,25,0,0,0,0,0,4,2,13
,2018_05492,39.66760586,-104.9140237,4/30/2018 11:50,11:50,15,0,0,YALE AVENUE 6400 BLOCK EAST & MONACO STREET SOUTH,1,1,0,0,1,4,,0,35,0,0,0,0,0,4,3,13
,2018_05493,39.71820605,-104.9522014,4/10/2018 9:14,9:14,12,0,0,FIRST AVENUE EAST & MILWAUKEE STREET NORTH,1,1,0,0,1,3,,0,35,0,0,0,0,0,4,2,13
,2018_05504,39.66762993,-104.9129611,6/28/2018 16:30,16:30,12,0,0,MONACO STREET SOUTH & YALE AVENUE EAST,1,1,0,0,1,3,,0,35,0,0,0,0,0,4,2,2
,2018_05505,39.68020696,-104.9340756,6/8/2018 19:09,19:09,5,0,0,ASBURY CIRCLE EAST & ASBURY AVENUE EAST,1,2,0,0,3,4,,0,25,0,0,0,0,0,4,2,3
,2018_05506,39.69859157,-105.024789,12/6/2018 14:48,14:48,6,0,0,TENNESSEE 2900 BLOCK WEST & FEDERAL BOULEVARD SOUTH,1,1,0,0,1,4,,0,25,0,0,0,0,0,4,2,13
,2018_05510,39.72932922,-105.0249489,1/11/2018 12:02,12:02,15,0,0,EIGHTH AVENUE 2900 BLOCK WEST & FEDERAL BOULEVARD NORTH,1,1,0,0,1,4,,0,30,0,0,0,0,0,4,2,14
,2018_05511,39.73841053,-104.9128234,11/7/2018 17:21,17:21,12,0,0,MONACO STREET NORTH & 14TH AVENUE EAST,1,3,0,0,1,3,,0,30,0,0,0,0,0,4,2,1
,2018_05512,39.67846889,-104.9394471,10/12/2018 16:41,16:41,15,0,0,EVANS AVENUE 4100 BLOCK EAST & ALBION STREET SOUTH,1,1,0,0,1,4,,0,35,0,0,0,0,0,4,2,13
,2018_05521,39.67846381,-104.9251909,1/30/2018 7:33,7:33,15,0,0,GRAPE STREET SOUTH & EVANS AVENUE EAST,1,1,0,0,1,3,,0,25,0,0,0,0,0,4,2,13
,2018_05523,39.75351133,-104.9970705,8/31/2018 21:45,21:45,6,0,0,WAZEE STREET 1800 BLOCK & 18TH STREET,1,3,0,0,1,4,,0,30,0,0,0,0,0,4,2,3
,2018_05528,39.70861412,-104.8753741,6/4/2018 2:15,2:15,6,0,0,DAYTON STREET SOUTH & ALAMEDA AVENUE EAST,1,4,0,0,1,4,,0,30,0,0,0,0,0,4,3,5
,2018_05530,39.70875138,-104.8753738,6/7/2018 16:05,16:05,3,0,0,DAYTON STREET 300 BLOCK SOUTH & ALAMEDA AVENUE EAST,1,1,0,0,1,2,,0,30,0,0,0,0,0,4,2,7
,2018_05533,39.76200938,-104.9548747,2/10/2018 17:57,17:57,5,0,0,MLK BOULEVARD 2600 BLOCK EAST & CLAYTON STREET NORTH,5,3,0,2,2,4,,0,35,0,0,0,0,0,4,1,7
,2018_05534,39.71499365,-104.9826562,11/6/2018 11:22,11:22,15,0,0,LOGAN STREET 0 BLOCK SOUTH & BAYAUD AVENUE EAST,1,1,0,0,1,4,,0,30,0,0,0,0,0,4,2,1
,2018_05537,39.79906655,-104.7721168,10/20/2018 10:27,10:27,12,0,0,TOWER ROAD NORTH & 56TH AVENUE EAST,1,1,0,0,1,4,,0,40,0,0,0,0,0,4,2,13
,2018_05538,39.79837987,-104.7721172,7/7/2018 18:27,18:27,12,0,0,TOWER ROAD NORTH & 56TH AVENUE EAST,1,1,0,0,1,4,,0,35,0,0,0,0,0,4,2,7
,2018_05548,39.83811059,-104.7134998,2/10/2018 18:04,18:04,3,0,0,78TH AVENUE EAST & GUN CLUB ROAD,10,3,0,0,1,2,,0,45,0,0,0,0,0,4,2,13
,2018_05551,39.69279617,-105.015657,1/28/2018 11:30,11:30,6,0,0,ZUNI STREET SOUTH & LOUISIANA AVENUE WEST,1,1,1,0,1,4,,0,20,0,0,0,0,0,4,2,3
,2018_05553,39.71475953,-104.9875257,8/31/2018 10:58,10:58,12,0,1,BAYAUD AVENUE EAST & BAYAUD AVENUE EAST,1,1,0,0,1,4,,0,30,0,0,0,0,1,4,2,13
,2018_05556,39.66803638,-104.9875824,5/1/2018 14:15,14:15,6,0,0,BROADWAY STREET SOUTH & YALE AVENUE EAST,1,1,0,0,1,4,,0,30,0,0,0,0,0,4,4,1
,2018_05557,39.73840159,-104.9730373,11/17/2018 10:00,10:00,6,0,0,DOWNING STREET NORTH & 14TH AVENUE EAST,1,3,0,0,1,1,,0,30,0,0,0,0,0,4,2,1
,2018_05561,39.74897175,-105.0011923,7/25/2018 15:39,15:39,15,0,1,BLAKE STREET 1400 BLOCK & 14TH STREET,1,1,0,0,1,4,,0,30,0,0,0,0,1,4,2,1
,2018_05562,39.63784834,-104.8851373,8/9/2018 17:16,17:16,12,0,0,YOSEMITE STREET 4100 SOUTH & I225 NORTH FRTG,1,1,0,0,1,4,,0,30,0,0,0,0,0,4,2,14
,2018_05564,39.71137104,-104.9129355,1/30/2018 15:36,15:36,12,0,0,ALAMEDA AVENUE EAST & MONACO STREET SOUTH,1,1,0,0,1,3,,0,35,0,0,0,0,0,4,2,13
,2018_05565,39.68755145,-104.987513,7/23/2018 18:25,18:25,12,0,0,IOWA AVENUE WEST & BROADWAY SOUTH,2,1,1,1,1,4,,0,35,0,0,0,0,0,4,2,12
,2018_05568,39.75706023,-104.9907668,7/14/2018 22:45,22:45,12,0,1,PARK AVENUE WEST & BLAKE STREET,1,3,0,0,1,3,,0,,0,0,0,0,1,4,2,13
,2018_05575,39.75368459,-104.9864122,4/6/2018 8:00,8:00,12,0,1,PARK AVENUE WEST & CURTIS STREET,1,1,0,0,1,4,,0,30,0,0,0,0,1,4,3,13
,2018_05576,39.7918887,-104.8190734,1/30/2018 15:26,15:26,12,0,0,SABLE STREET 5500 BLOCK NORTH & MAXWELL PLACE EAST,1,1,0,0,1,3,,0,25,0,0,0,0,0,4,2,13
,2018_05577,39.74188212,-104.95477,5/10/2018 7:19,7:19,6,0,0,DETROIT STREET 1600 BLOCK NORTH & 17TH STREET EAST,1,1,1,0,1,5,,0,15,0,0,0,0,0,4,2,3
,2018_05580,39.71781228,-104.9351131,10/13/2018 22:00,22:00,6,0,0,CLERMONT STREET NORTH & FIRST AVENUE EAST,2,3,0,2,1,3,,0,20,0,0,0,0,0,4,2,13
,2018_05581,39.76897359,-104.9949328,8/8/2018 10:47,10:47,15,0,0,38TH AVENUE 500 WEST & FOX STREET NORTH,1,1,0,0,1,4,,0,35,0,0,0,0,0,4,2,8
,2018_05582,39.74246211,-104.9547722,12/16/2018 17:20,17:20,6,0,0,DETROIT STREET 1600 BLOCK NORTH & 16TH AVENUE EAST,1,2,0,0,1,4,,0,25,0,0,0,0,0,4,2,3
,2018_05585,39.75376786,-104.986306,9/26/2018 18:27,18:27,12,0,0,PARK AVENUE WEST & CURTIS STREET,1,2,0,0,1,4,,0,35,0,0,0,0,0,4,5,14
,2018_05587,39.67842152,-104.9650721,8/8/2018 8:56,8:56,15,0,0,EVANS AVENUE EAST & HIGH STREET SOUTH,1,1,0,0,1,3,,0,25,0,0,0,0,0,4,2,13
,2018_05592,39.6183136,-105.0900544,4/14/2018 15:21,15:21,1,0,0,CRESTLINE AVENUE 8100 BLOCK WEST & WADSWORTH BOULEVARD SOUTH,1,1,0,0,1,3,,0,30,0,0,0,0,0,4,2,3
,2018_05594,39.69310123,-105.0297298,11/1/2018 16:20,16:20,12,0,0,IRVING STREET SOUTH & LOUISIANA AVENUE WEST,1,1,0,0,1,4,,0,25,0,0,0,0,0,4,2,13
,2018_05599,39.77281895,-104.787925,10/3/2018 6:45,6:45,12,0,0,40TH AVENUE EAST & PENA BOULEVARD NORTH,1,1,0,0,1,4,,0,40,0,0,0,0,0,4,2,14
,2018_05600,39.71121055,-104.9971483,5/29/2018 16:30,16:30,15,0,0,ALAMEDA AVENUE WEST & SANTA FE DRIVE SOUTH,1,1,0,0,1,4,,0,30,0,0,0,0,0,4,2,13
,2018_05601,39.70231694,-105.0074578,3/20/2018 18:23,18:23,15,0,0,QUIVAS STREET SOUTH & OHIO AVENUE WEST,1,1,0,0,1,4,,0,,0,0,0,0,0,4,2,13
,2018_05603,39.76212518,-105.0381496,8/12/2018 22:35,22:35,6,0,1,OSCEOLA STREET NORTH & 32ND AVENUE WEST,1,4,0,0,1,4,,0,25,0,0,0,0,1,4,2,13