id,drcog_id,latitude,longitude,crashtime,time,crashtype,numbkilled,numbinjurd,drcoglocat,rdconditin,lightngcon,roadcntgrd,weatherco,location,roaddescrp,schoolzone,constrzone,splimit,bikeinv,pedinv,sctrinv,motoinv,svrty,rdsystem,ttlvehcls,hcf
,2018_05607,39.74197883,-104.9031088,10/31/2018 11:08,11:08,12,0,0,QUEBEC STREET 1600 BLOCK NORTH & 17TH AVENUE EAST,1,1,0,0,1,3,,0,30,0,0,0,0,0,4,2,3
,2018_05608,39.73676395,-104.9472793,2/26/2018 6:47,6:47,6,0,0,13TH AVENUE 3300 BLOCK EAST & COOK STREET NORTH,1,1,0,0,1,4,,0,30,0,0,0,0,0,4,5,3
,2018_05617,39.78288982,-104.9528953,11/9/2018 23:41,23:41,5,0,0,VASQUEZ BOULEVARD NORTH & I70,1,3,0,0,3,4,,0,35,0,0,0,0,0,4,1,5
,2018_05620,39.76242337,-104.9733445,4/16/2018 14:47,14:47,12,0,0,DOWNING STREET NORTH & 33RD STREET,1,1,0,0,1,3,,0,30,0,0,0,0,0,4,3,12
,2018_05621,39.69662305,-104.9128902,5/28/2018 5:34,5:34,5,0,1,MONACO STREET 1100 BLOCK SOUTH & MISSISSIPPI AVENUE EAST,1,2,0,0,3,3,,0,35,0,0,0,0,2,4,1,3
,2018_05626,39.75622663,-104.9918323,10/17/2018 13:03,13:03,15,0,0,22ND STREET 1400 BLOCK & BLAKE STREET,1,1,0,0,1,4,,0,35,0,0,0,0,0,4,2,13
,2018_05628,39.74886663,-105.0013301,10/5/2018 22:36,22:36,12,0,0,BLAKE STREET & 14TH STREET,2,3,0,1,1,4,,0,30,0,0,0,0,0,4,2,5
,2018_05630,39.7510131,-104.9951179,8/16/2018 13:17,13:17,15,0,0,18TH STREET & LARIMER STREET,1,1,0,0,1,4,,0,30,0,0,0,0,0,4,2,13
,2018_05634,39.785566,-104.9782513,5/30/2018 9:23,9:23,12,0,0,WASHINGTON STREET NORTH & 49TH AVENUE EAST,1,1,0,0,1,4,,0,35,0,0,0,0,0,4,2,13
,2018_05640,39.79026487,-104.8097801,11/29/2018 17:36,17:36,12,0,0,CHAMBERS ROAD NORTH & 53RD AVENUE EAST,1,2,1,0,1,3,,0,45,0,0,0,0,0,4,2,5
,2018_05642,39.77287925,-104.9405409,5/16/2018 7:48,7:48,3,0,0,40TH AVENUE 3900 BLOCK EAST & COLORADO BOULEVARD NORTH,1,1,0,0,1,2,,0,30,0,0,0,0,0,4,2,14
,2018_05645,39.73045372,-104.9874029,4/8/2018 15:10,15:10,6,0,0,NINTH AVENUE 000 BLOCK WEST & BROADWAY STREET NORTH,1,1,0,0,3,4,,0,30,0,0,0,0,0,4,2,3
,2018_05646,39.77282936,-104.7898938,2/12/2018 13:39,13:39,12,0,0,AIRPORT BOULEVARD NORTH & 40TH AVENUE EAST,1,1,0,0,1,3,,0,40,0,0,0,0,0,4,2,14
,2018_05647,39.7225525,-104.9052232,10/9/2018 17:57,17:57,12,0,0,FOURTH AVENUE EAST & POPLAR STREET NORTH,2,2,0,0,1,3,,0,30,0,0,0,0,0,4,2,1
,2018_05648,39.74951634,-104.9954069,8/31/2018 11:25,11:25,15,0,0,17TH STREET & LAWRENCE STREET,1,1,0,0,1,1,,0,30,0,0,0,0,0,4,2,14
,2018_05652,39.74862015,-104.9860067,6/21/2018 8:55,8:55,12,0,0,WELTON STREET 2000 BLOCK & 20TH STREET,1,1,0,0,1,4,,0,25,0,0,0,0,0,4,2,13
,2018_05653,39.75287251,-104.9926915,6/17/2018 17:11,17:11,12,0,0,20TH STREET & LARIMER STREET,2,1,0,1,1,4,,0,30,0,0,0,0,0,4,3,8
,2018_05654,39.78351387,-104.852642,1/23/2018 9:09,9:09,5,0,0,NOME STREET 4800 BLOCK NORTH & 49TH AVENUE EAST,5,1,0,0,3,4,,0,30,0,0,0,0,0,4,1,13
,2018_05656,39.75633106,-105.0159105,9/20/2018 12:10,12:10,12,0,1,ZUNI STREET NORTH & SPEER BOULEVARD NORTH,1,1,0,0,1,3,,0,25,0,0,0,0,1,4,2,13
,2018_05657,39.77935107,-104.9258177,1/11/2018 17:11,17:11,12,0,0,STAPLETON DRIVE NORTH EAST & GLENCOE STREET NORTH,1,2,0,0,1,4,,0,35,0,0,0,0,0,4,3,1
,2018_05658,39.71856959,-104.8928253,12/14/2018 15:54,15:54,12,0,0,LOWRY BOULEVARD EAST & SYRACUSE COURT NORTH,1,2,0,0,1,1,,0,30,0,0,0,0,0,4,3,14
,2018_05661,39.71099393,-104.9982685,12/18/2018 10:47,10:47,15,0,0,KALAMATH STREET 300 BLOCK SOUTH & ALAMEDA AVENUE WEST,1,1,0,0,1,4,,0,35,0,0,0,0,0,4,2,13
,2018_05664,39.76733814,-104.889219,5/31/2018 20:43,20:43,3,0,0,36TH AVENUE 7700 BLOCK EAST & SYRACUSE STREET NORTH,1,2,0,0,1,1,,0,30,0,0,0,0,0,4,2,7
,2018_05665,39.74564807,-104.9950814,7/14/2018 0:30,0:30,12,0,0,15TH STREET 800 BLOCK & CHAMPA STREET,1,3,0,0,1,4,,0,25,0,0,0,0,0,4,2,1
,2018_05666,39.74486028,-104.9893063,2/26/2018 13:45,13:45,15,0,0,GLENARM PLACE & 17TH STREET,1,1,0,0,1,4,,0,30,0,0,0,0,0,4,2,1
,2018_05668,39.76039126,-105.0254622,2/4/2018 11:10,11:10,12,0,1,SPEER BOULEVARD 3000 BLOCK NORTH & FEDERAL BOULEVARD NORTH,1,1,0,0,1,3,,0,35,0,0,0,0,1,4,2,3
,2018_05669,39.75567137,-105.0009971,7/2/2018 19:00,19:00,6,0,0,18TH STREET 1900 BLOCK & CHESTNUT PLACE,1,1,0,0,1,4,,0,30,0,0,0,0,0,4,2,13
,2018_05670,39.75230426,-104.9864568,12/12/2018 9:21,9:21,12,0,1,CHAMPA STREET 2200 BLOCK & 22ND STREET,1,1,0,0,1,4,,0,25,0,0,0,0,1,4,4,14
,2018_05672,39.72931952,-105.013988,8/10/2018 20:22,20:22,6,0,0,WYANDOT STREET NORTH / 800 BLOCK NORTH & EIGHTH AVENUE WEST,1,2,0,0,1,4,,0,25,0,0,0,0,0,4,2,7
,2018_05673,39.78349945,-105.0122984,2/17/2018 5:00,5:00,6,0,0,UMATILLA STREET 4800 BLOCK NORTH & 49TH AVENUE WEST,1,3,0,0,1,4,,0,30,0,0,0,0,0,4,2,13
,2018_05675,39.77413831,-105.0170781,11/4/2018 13:15,13:15,6,0,0,ALCOTT STREET 4200 BLOCK NORTH & 43RD AVENUE WEST,1,1,0,0,1,4,,0,30,0,0,0,0,0,4,2,13
,2018_05678,39.77833443,-104.7721454,1/26/2018 16:10,16:10,12,0,0,TOWER ROAD 4500 BLOCK NORTH & 45TH AVENUE EAST,1,1,0,0,1,4,,0,40,0,0,0,0,0,4,2,12
,2018_05679,39.77139499,-104.865816,2/23/2018 21:56,21:56,5,0,0,HAVANA STREET 3800 BLOCK NORTH & 37TH AVENUE EAST,1,3,0,0,2,4,,0,,0,0,0,0,0,4,1,13
,2018_05683,39.67826372,-104.9911143,12/21/2018 7:40,7:40,12,0,0,EVANS AVENUE 300 BLOCK WEST & CHEROKEE STREET SOUTH,1,1,1,0,1,4,,0,35,0,0,0,0,0,4,2,10
,2018_05687,39.74813032,-104.9865739,9/4/2018 17:23,17:23,15,0,0,WELTON STREET & 20TH STREET,1,1,0,0,1,4,,0,35,0,0,0,0,0,4,2,14
,2018_05688,39.77428222,-104.8657502,12/3/2018 16:27,16:27,15,0,0,HAVANA STREET NORTH & I70,1,2,1,0,1,4,,0,40,0,0,0,0,0,4,2,13
,2018_05692,39.7823878,-104.8470893,10/16/2018 17:11,17:11,12,0,0,PEORIA STREET NORTH & 47TH AVENUE EAST,1,1,0,0,1,3,,0,40,0,0,0,0,0,4,2,13
,2018_05696,39.76940795,-105.0301283,5/3/2018 17:50,17:50,12,0,0,38TH AVENUE WEST & IRVING STREET NORTH,1,1,0,0,1,4,,0,35,0,0,0,0,0,4,3,16
,2018_05698,39.73385639,-104.9873895,5/17/2018 17:56,17:56,3,0,1,BROADWAY NORTH & 11TH AVENUE WEST,1,1,0,0,1,1,,0,30,0,0,0,0,1,4,2,8
,2018_05703,39.68214337,-104.9721624,7/24/2018 20:00,20:00,14,0,0,JEWELL AVENUE 1200 BLOCK EAST & MARION STREET SOUTH,1,3,0,0,1,1,,0,30,0,0,0,0,0,4,2,13
,2018_05704,39.72724153,-104.986151,6/20/2018 8:39,8:39,15,0,0,LINCOLN STREET NORTH & SEVENTH AVENUE EAST,1,1,0,0,1,3,,0,30,0,0,0,0,0,4,2,13
,2018_05705,39.72894974,-104.9861525,11/11/2018 19:05,19:05,12,0,0,LINCOLN STREET 700 BLOCK NORTH & EIGHTH AVENUE EAST,4,3,0,2,1,4,,0,35,0,0,0,0,0,4,2,7
,2018_05706,39.73014447,-104.9861379,5/14/2018 8:52,8:52,12,0,0,LINCOLN STREET 800 BLOCK NORTH & NINTH AVENUE EAST,1,1,1,0,1,4,,0,30,0,0,0,0,0,4,2,13
,2018_05707,39.76945472,-105.00176,4/8/2018 9:45,9:45,1,0,0,LIPAN STREET NORTH & 38TH AVENUE WEST,1,1,0,0,1,4,,0,25,0,0,0,0,0,4,2,13
,2018_05709,39.74048284,-105.0346033,7/24/2018 12:42,12:42,6,0,0,LOWELL BOULEVARD 1500 BLOCK NORTH & COLFAX AVENUE WEST,1,1,0,0,1,3,,0,30,0,0,0,0,0,4,2,14
,2018_05711,39.70160563,-104.9205892,5/23/2018 12:28,12:28,6,0,0,IVY STREET 800 BLOCK SOUTH & KENTUCKY AVENUE EAST,2,1,1,2,1,4,,0,25,0,0,0,0,0,4,2,13
,2018_05715,39.72587293,-104.9928258,12/8/2018 9:55,9:55,6,0,0,DELAWARE STREET NORTH & SIXTH AVENUE WEST,1,1,0,0,1,4,,0,25,0,0,0,0,0,4,2,13
,2018_05716,39.78361956,-104.7745297,6/4/2018 17:21,17:21,12,0,0,YAMPA STREET NORTH & GREEN VALLEY RANCH BOULEVARD,1,1,0,0,1,4,,0,40,0,0,0,0,0,4,2,13
,2018_05718,39.69673578,-105.0321497,10/7/2018 7:56,7:56,6,0,0,MISSISSIPPI STREET 3400 BLOCK WEST & KNOX COURT SOUTH,1,1,0,0,1,4,,0,30,0,0,0,0,0,4,2,14
,2018_05719,39.69663701,-104.9878078,1/15/2018 7:00,7:00,15,0,0,MISSISSIPPI AVENUE WEST & BROADWAY SOUTH,5,2,1,2,1,3,,0,,0,0,0,0,0,4,2,13
,2018_05720,39.7836196,-104.7745475,4/30/2018 17:15,17:15,12,0,1,GREEN VALLEY RANCH BOULEVARD 18300 BLOCK & YAMPA STREET NORTH,1,1,0,0,1,4,,0,45,0,0,0,0,2,4,3,7
,2018_05722,39.77832904,-104.9836757,7/31/2018 15:33,15:33,12,0,0,45TH AVENUE 200 BLOCK EAST & GRANT STREET NORTH,1,1,1,0,1,4,,0,30,0,0,0,0,0,4,2,13
,2018_05723,39.77288605,-104.9439878,10/16/2018 7:15,7:15,15,0,0,40TH AVENUE 3700 BLOCK EAST & JACKSON STREET NORTH,1,1,1,0,1,2,,0,30,0,0,0,0,0,4,2,14
,2018_05725,39.71471941,-104.9756679,10/24/2018 8:11,8:11,15,0,0,BAYAUD AVENUE 1000 BLOCK EAST & OGDEN STREET SOUTH,1,1,0,0,1,4,,0,25,0,0,0,0,0,4,2,13
,2018_05726,39.73685732,-104.9930179,7/3/2018 17:45,17:45,12,0,0,13TH AVENUE 400 WEST & DELAWARE STREET,1,1,0,0,1,4,,0,30,0,0,0,0,0,4,2,13
,2018_05727,39.67851759,-105.0010474,2/6/2018 9:50,9:50,3,0,0,EVANS AVENUE WEST & LIPAN STREET SOUTH,1,1,1,0,1,2,,0,35,0,0,0,0,0,4,2,13
,2018_05728,39.68949107,-105.0246906,6/8/2018 15:00,15:00,15,0,0,FLORIDA AVENUE 3000 BLOCK WEST & FEDERAL BOULEVARD SOUTH,1,1,0,0,1,4,,0,30,0,0,0,0,0,4,2,13
,2018_05733,39.69699079,-104.9581033,12/12/2018 10:59,10:59,6,0,0,UNIVERSITY / JOSEPHINE ALLEY & MISSISSIPPI AVENUE EAST,1,1,0,0,1,5,,0,25,0,0,0,0,0,4,2,13
,2018_05734,39.6851512,-105.0531939,3/28/2018 14:20,14:20,12,0,0,ZENOBIA / SHERIDAN BOULEVARD ALLEY & 46TH AVENUE WEST,1,1,1,0,1,5,,0,15,0,0,0,0,0,4,2,13
,2018_05735,39.74021883,-104.898762,1/11/2018 8:13,8:13,3,0,0,SYRACUSE STREET NORTH & COLFAX AVENUE EAST,1,1,0,0,1,2,,0,30,0,0,0,0,0,4,2,13
,2018_05739,39.63797129,-104.9126822,9/13/2018 13:00,13:00,12,0,0,MONACO STREET & 3500 BLOCK SOUTH,1,1,0,0,1,3,,0,,0,0,0,0,0,4,2,13
,2018_05740,39.67629521,-104.9828605,11/2/2018 9:30,9:30,6,0,0,LOGAN STREET 2200 BLOCK SOUTH & WARREN AVENUE EAST,1,1,0,0,1,4,,0,25,0,0,0,0,0,4,2,13
,2018_05741,39.69294162,-104.9827777,9/22/2018 15:26,15:26,6,0,0,LOGAN STREET 1300 BLOCK SOUTH & LOUISIANA AVENUE EAST,1,1,0,0,1,3,,0,30,0,0,0,0,0,4,2,13
,2018_05748,39.67665001,-104.9294804,5/5/2018 7:12,7:12,15,0,1,WARREN AVENUE 4900 BLOCK EAST & DAHLIA STREET SOUTH,1,1,0,0,1,4,,0,25,0,0,0,0,1,4,2,1
,2018_05749,39.71989882,-105.0503465,12/27/2018 8:25,8:25,8,0,0,YOUNG COURT 100 BLOCK & SECOND AVENUE WEST,1,1,0,0,1,4,,0,25,0,0,0,0,0,4,2,13
,2018_05750,39.72936108,-104.9888598,10/20/2018 17:00,17:00,6,0,0,ACOMA STREET 800 BLOCK NORTH & EIGHTH AVENUE WEST,1,1,0,0,1,4,,0,25,0,0,0,0,0,4,2,13
,2018_05751,39.66771091,-105.039646,5/25/2018 8:13,8:13,12,0,1,YALE AVENUE 4000 BLOCK WEST & PERRY STREET SOUTH,1,1,0,0,1,4,,0,30,0,0,0,0,2,4,2,3
,2018_05753,39.73203596,-104.9770317,12/7/2018 23:54,23:54,6,0,0,10TH AVENUE 800 BLOCK EAST & EMERSON STREET NORTH,1,4,0,0,1,4,,0,30,0,0,0,0,0,4,2,13
,2018_05756,39.74024681,-104.9610161,7/10/2018 14:30,14:30,15,0,0,GAYLORD STREET 1500 BLOCK NORTH & COLFAX AVENUE EAST,1,1,0,0,1,4,,0,30,0,0,0,0,0,4,2,13
,2018_05757,39.70984506,-104.9617054,2/15/2018 21:25,21:25,8,0,0,GAYLORD STREET SOUTH & DAKOTA AVENUE EAST,6,4,1,2,1,4,,0,,0,0,0,0,0,4,2,13
,2018_05762,39.75071917,-104.9696948,1/1/2018 21:45,21:45,5,0,0,23RD AVENUE 1400 BLOCK EAST & HUMBOLDT STREET NORTH,1,3,0,0,2,4,,0,,0,0,0,0,0,4,1,13
,2018_05763,39.69895506,-104.9628841,5/27/2018 15:53,15:53,6,0,0,VINE STREET 900 BLOCK SOUTH & TENNESSEE,1,1,0,0,1,4,,0,20,0,0,0,0,0,4,2,13
,2018_05764,39.72596941,-104.9874336,11/2/2018 18:33,18:33,12,0,0,BROADWAY NORTH & SIXTH AVENUE EAST,1,2,0,0,1,4,,0,30,0,0,0,0,0,4,2,8
,2018_05767,39.68949127,-105.024815,11/8/2018 17:43,17:43,1,0,1,FLORIDA AVENUE 2900 BLOCK WEST & FEDERAL BOULEVARD SOUTH,1,3,0,0,1,2,,0,40,0,0,0,0,1,4,2,13
,2018_05768,39.68750304,-104.9475258,7/1/2018 3:32,3:32,6,0,0,IOWA AVENUE EAST & COOK STREET SOUTH,1,3,0,0,1,4,,0,25,0,0,0,0,0,4,2,13
,2018_05769,39.76928639,-105.0060957,10/28/2018 20:11,20:11,12,0,0,38TH AVENUE WEST & PECOS STREET NORTH,1,5,0,0,1,4,,0,35,0,0,0,0,0,4,2,1
,2018_05770,39.76926701,-105.0202517,11/30/2018 22:32,22:32,12,0,0,38TH AVENUE WEST & CLAY STREET NORTH,2,3,0,0,1,4,,0,35,0,0,0,0,0,4,2,13
,2018_05772,39.69078709,-104.9762246,7/10/2018 18:24,18:24,6,0,0,CLARKSON STREET 1300 BLOCK NORTH & 14TH STREET EAST,1,1,0,0,1,4,,0,25,0,0,0,0,0,4,2,7
,2018_05773,39.79584354,-104.8518109,5/30/2018 8:25,8:25,6,0,0,55TH AVENUE 11600 BLOCK EAST & OSWEGO STREET,1,1,0,0,1,4,,0,30,0,0,0,0,0,4,2,2
,2018_05776,39.68229132,-105.0535573,7/1/2018 16:00,16:00,12,0,0,JEWELL BOULEVARD WEST & SHERIDAN BOULEVARD SOUTH,1,1,0,0,1,4,,0,35,0,0,0,0,0,4,2,7
,2018_05778,39.6913761,-104.9128892,11/17/2018 16:00,16:00,12,0,0,MONACO STREET SOUTH & CHERRY CREEK NORTH DRIVE EAST,5,3,0,1,1,4,,0,30,0,0,0,0,0,4,2,7
,2018_05779,39.7032546,-104.9804403,10/28/2018 12:00,12:00,6,0,0,PEARL STREET 700 BLOCK SOUTH & EXPOSITION AVENUE EAST,1,1,1,0,1,4,,0,30,0,0,0,0,0,4,2,13
,2018_05782,39.66727148,-105.0227709,12/11/2018 8:00,8:00,15,0,0,DECATUR STREET 2600 BLOCK SOUTH & YALE AVENUE WEST,1,1,0,0,1,4,,0,25,0,0,0,0,0,4,2,13
,2018_05783,39.74151367,-104.9861179,6/10/2018 13:30,13:30,6,0,0,LINCOLN STREET NORTH & 16TH AVENUE EAST,1,1,0,0,1,4,,0,30,0,0,0,0,0,4,2,13
,2018_05786,39.76227453,-105.0205187,8/13/2018 12:00,12:00,6,0,0,CLAY STREET 3200 NORTH & 32ND AVENUE WEST,1,1,0,0,1,4,,0,,0,0,0,0,0,4,2,13
,2018_05788,39.71038047,-104.9234603,5/9/2018 6:30,6:30,6,0,0,HUDSON STREET 300 BLOCK SOUTH & ALAMEDA AVENUE EAST,1,2,0,0,1,4,,0,25,0,0,0,0,0,4,2,13
,2018_05795,39.67859926,-104.9579326,5/26/2018 11:08,11:08,12,0,0,JOSEPHINE 2000 BLOCK SOUTH & EVANS AVENUE EAST,1,1,0,0,1,4,,0,25,0,0,0,0,0,4,2,13
,2018_05796,39.73150355,-105.0451424,8/4/2018 14:34,14:34,6,0,1,UTICA STREET NORTH & NINTH AVENUE WEST,1,1,1,0,1,4,,0,15,0,0,0,0,2,4,2,3
,2018_05797,39.74587655,-104.8928524,6/29/2018 17:00,17:00,6,0,0,UINTA STREET NORTH & 19TH AVENUE EAST,1,1,0,0,1,4,,0,25,0,0,0,0,0,4,2,13
,2018_05798,39.68940625,-104.9931742,4/11/2018 7:20,7:20,12,0,0,FLORIDA AVENUE WEST & SANTA FE DRIVE SOUTH,1,1,0,0,1,4,,0,30,0,0,0,0,0,4,2,1
,2018_05799,39.69156827,-104.9128893,1/5/2018 13:00,13:00,12,0,0,MONACO STREET 1300 BLOCK SOUTH & CHERRY CREEK DRIVE NORTH,1,1,0,0,1,4,,0,35,0,0,0,0,0,4,2,13
,2018_05801,39.76388998,-105.0323392,4/8/2018 2:37,2:37,6,0,0,33RD AVENUE WEST & JULIAN STREET NORTH,1,4,1,0,1,4,,0,25,0,0,0,0,0,4,3,5
,2018_05802,39.73204462,-104.9874029,1/14/2018 14:16,14:16,5,0,1,10TH AVENUE WEST & BROADWAY NORTH,1,1,1,0,3,3,,0,25,0,0,0,0,2,4,2,5
,2018_05805,39.65340245,-104.9153409,7/4/2018 18:00,18:00,3,0,0,LOCUST STREET SOUTH & HAMPDEN AVENUE EAST,1,1,0,0,1,1,,0,25,0,0,0,0,0,4,2,13
,2018_05806,39.68947734,-105.0414254,11/30/2018 13:33,13:33,12,0,0,FLORIDA AVENUE WEST & QUITMAN STREET SOUTH,1,1,0,0,1,4,,0,25,0,0,0,0,0,4,2,16
,2018_05807,39.72397273,-104.9985769,7/24/2018 21:50,21:50,6,0,0,FIFTH AVENUE WEST & SANTA FE DRIVE NORTH,1,3,0,0,1,4,,0,30,0,0,0,0,0,4,3,2
,2018_05808,39.72420606,-104.9985766,10/15/2018 13:24,13:24,12,0,0,SANTA FE DRIVE 400 BLOCK SOUTH & FIFTH AVENUE WEST,1,1,0,0,1,2,,0,35,0,0,0,0,0,4,3,13
,2018_05812,39.70857612,-105.0396983,1/20/2018 14:55,14:55,12,0,0,PERRY STREET & VIRGINIA AVENUE WEST,1,1,0,0,1,2,,0,25,0,0,0,0,0,4,2,3
,2018_05814,39.7278181,-104.9874121,8/29/2018 8:00,8:00,15,0,0,SPEER BOULEVARD 700 BLOCK NORTH & BROADWAY BOULEVARD NORTH,1,1,0,0,1,4,,0,30,0,0,0,0,0,4,2,13
,2018_05815,39.73780673,-104.9798958,5/17/2018 14:22,14:22,6,0,0,PEARL STREET NORTH & 14TH STREET EAST,1,1,0,0,1,4,,0,25,0,0,0,0,0,4,2,13
,2018_05816,39.656745,-105.0496222,5/15/2018 21:21,21:21,5,0,0,DARTMOUTH AVENUE WEST & ZENOBIA STREET SOUTH,1,3,0,0,2,1,,0,30,0,0,0,0,0,4,1,9
,2018_05817,39.7646898,-104.9597579,9/10/2018 12:48,12:48,15,0,0,YORK STREET NORTH & BRUCE RANDOLPH AVENUE EAST,1,1,0,0,1,2,,0,30,0,0,0,0,0,4,2,1
,2018_05822,39.66846757,-104.9129468,11/28/2018 11:30,11:30,15,0,0,MONACO STREET 2695 BLOCK SOUTH & YALE AVENUE EAST,1,1,0,0,1,4,,0,35,0,0,0,0,0,4,2,13
,2018_05824,39.69673788,-105.0240349,3/1/2018 16:18,16:18,3,0,1,MISSISSIPPI AVENUE WEST & ELIOT STREET SOUTH,1,1,0,0,1,2,,0,30,0,0,0,1,1,4,2,3
,2018_05825,39.72383547,-104.998577,4/28/2018 23:30,23:30,6,0,0,SANTA FE DRIVE NORTH & FIFTH AVENUE WEST,1,3,0,0,1,4,,0,35,0,0,0,0,0,4,2,14
,2018_05826,39.74021647,-104.903469,8/15/2018 15:53,15:53,12,0,0,QUEBEC STREET NORTH & COLFAX AVENUE EAST,1,1,0,0,1,2,,0,30,0,0,0,0,0,4,2,14
,2018_05828,39.7565589,-104.9282724,4/11/2018 18:53,18:53,3,0,0,28TH AVENUE EAST & FAIRFAX STREET NORTH,1,1,0,0,1,3,,0,25,0,0,0,0,0,4,2,6
,2018_05829,39.73686826,-105.0006097,2/1/2018 12:22,12:22,3,0,0,13TH AVENUE WEST ALLEY & KALAMATH STREET NORTH,1,1,0,0,1,5,,0,25,0,0,0,0,0,4,3,13
,2018_05831,39.78474979,-105.0064288,7/24/2018 11:36,11:36,3,0,0,PECOS STREET 4800 BLOCK NORTH & DIXIE PLACE WEST,1,1,1,0,1,2,,0,35,0,0,0,0,0,4,2,14
,2018_05832,39.73664582,-104.9861287,12/11/2018 13:34,13:34,6,0,0,LINCOLN STREET 1300 BLOCK NORTH & 14TH AVENUE EAST,1,1,0,0,1,4,,0,30,0,0,0,0,0,4,2,13
,2018_05833,39.74604972,-104.9861194,10/1/2018 7:50,7:50,15,0,0,LINCOLN STREET NORTH & 19TH AVENUE EAST,1,1,0,0,1,4,,0,30,0,0,0,0,0,4,2,13
,2018_05835,39.69322418,-104.9558287,4/7/2018 11:25,11:25,6,0,0,ELIZABETH SOUTH 1300 BLOCK NORTH & 13TH AVENUE EAST,1,1,0,0,1,4,,0,30,0,0,0,0,0,4,2,13
,2018_05836,39.68876803,-105.0203772,11/1/2018 7:50,7:50,12,0,3,CLAY STREET 1500 BLOCK SOUTH & FLORIDA AVENUE WEST,1,1,1,0,1,4,,0,25,0,0,0,0,1,4,3,16
,2018_05840,39.68953432,-104.9828065,10/31/2018 21:20,21:20,6,0,0,LOGAN STREET 1400 BLOCK SOUTH & FLORIDA STREET EAST,1,4,0,0,1,4,,0,30,0,0,0,0,0,4,3,12
,2018_05850,39.78378422,-104.7972297,11/9/2018 9:45,9:45,5,0,0,GREEN VALLEY RANCH BOULEVARD 16300 BLOCK & MEMPHIS STREET NORTH,1,1,0,0,3,4,,0,40,0,0,0,0,0,4,1,3
,2018_05851,39.71118296,-104.9922199,7/3/2018 10:52,10:52,12,0,0,ALAMEDA AVENUE WEST & CHEROKEE STREET SOUTH,1,1,0,0,1,3,,0,30,0,0,0,0,0,4,3,13
,2018_05852,39.72922716,-104.9404207,5/21/2018 11:52,11:52,15,0,0,EIGHTH AVENUE 4000 BLOCK EAST & COLORADO BOULEVARD,1,1,0,0,1,4,,0,35,0,0,0,0,0,4,2,16
,2018_05853,39.7241231,-104.9999255,8/9/2018 9:56,9:56,6,0,0,FIFTH AVENUE 900 BLOCK WEST & KALAMATH STREET NORTH,1,1,0,0,1,4,,0,25,0,0,0,0,0,4,2,14
,2018_05854,39.79837379,-104.8607657,10/27/2018 12:30,12:30,14,0,0,56TH AVENUE 11100 BLOCK EAST & JOLIET STREET NORTH,1,1,0,6,1,4,,0,45,0,0,0,0,0,4,2,3
,2018_05856,39.73530696,-104.9874005,12/30/2018 16:48,16:48,10,0,0,12TH AVENUE EAST & BROADWAY NORTH,1,3,0,0,1,3,,0,30,0,0,0,0,0,4,2,8
,2018_05857,39.79843406,-104.7628075,2/10/2018 18:04,18:04,12,0,0,56TH AVENUE EAST & DUNKIRK STREET NORTH,10,3,0,2,1,4,,0,40,0,0,0,0,0,4,2,14
,2018_05861,39.73370195,-104.9739194,8/28/2018 13:59,13:59,3,0,0,11TH AVENUE 1100 BLOCK EAST & CORONA STREET NORTH,1,1,0,0,1,5,,0,25,0,0,0,0,0,4,2,13
,2018_05863,39.73520611,-104.9888409,8/4/2018 12:53,12:53,12,0,0,ACOMA STREET 1100 NORTH & 12TH AVENUE,1,1,0,0,1,4,,0,25,0,0,0,0,0,4,2,13
,2018_05867,39.77385019,-104.9408057,10/29/2018 8:20,8:20,6,0,0,41ST AVENUE 3900 BLOCK EAST & COLORADO BOULEVARD,1,1,0,0,1,4,,0,25,0,0,0,0,0,4,2,13
,2018_05869,39.7038221,-104.9412713,1/18/2018 12:59,12:59,6,0,0,EXPOSITION AVENUE EAST & COLORADO BOULEVARD SOUTH,1,1,0,0,1,4,,0,30,0,0,0,0,0,4,2,13
,2018_05870,39.65903108,-104.9287809,4/11/2018 17:39,17:39,12,0,0,EVANS AVENUE 5000 BLOCK EAST & FAIRFAX STREET SOUTH,1,1,0,0,1,4,,0,30,0,0,0,0,0,4,2,13
,2018_05871,39.72726675,-104.9813147,1/26/2018 15:45,15:45,6,0,0,SEVENTH AVENUE EAST ALLEY  & LOGAN STREET NORTH,1,1,0,0,1,5,,0,25,0,0,0,0,0,4,2,1
,2018_05879,39.80094344,-104.7637859,9/19/2018 15:49,15:49,6,0,0,DANUBE STREET 5700 BLOCK NORTH & 57TH PLACE EAST,1,1,0,0,1,4,,0,25,0,0,0,0,0,4,2,13
,2018_05884,39.65103133,-104.8864829,8/11/2018 17:10,17:10,10,0,0,JEFFERSON AVENUE 8700 BLOCK EAST & XENIA STREET SOUTH,1,1,0,0,1,4,,0,30,0,0,0,0,0,4,2,13
,2018_05886,39.7836271,-104.7716884,11/15/2018 16:38,16:38,15,0,0,GREEN VALLEY RANCH BOULEVARD 18500 BLOCK EAST & TOWER ROAD NORTH,1,3,0,0,1,4,,0,35,0,0,0,0,0,4,2,16