id,drcog_id,latitude,longitude,crashtime,time,crashtype,numbkilled,numbinjurd,drcoglocat,rdconditin,lightngcon,roadcntgrd,weatherco,location,roaddescrp,schoolzone,constrzone,splimit,bikeinv,pedinv,sctrinv,motoinv,svrty,rdsystem,ttlvehcls,hcf
,2018_05888,39.74755386,-104.9873999,2/10/2018 23:13,23:13,12,0,0,BROADWAY 1900 BLOCK NORTH & WELTON STREET,4,3,1,2,1,4,,0,,0,0,0,0,0,4,2,13
,2018_05889,39.73981041,-105.0052327,9/25/2018 12:15,12:15,12,0,1,OSAGE STREET NORTHBOUND & COLFAX AVENUE WEST,1,1,0,0,1,3,,0,35,0,0,0,0,1,4,2,1
,2018_05891,39.73036789,-104.9216668,12/11/2018 7:40,7:40,6,0,0,IVANHOE STREET 800 BLOCK NORTH & NINTH AVENUE EAST,1,5,0,0,1,4,,0,25,0,0,0,0,0,4,2,13
,2018_05893,39.73680913,-104.9585963,2/15/2018 8:59,8:59,12,0,0,13TH AVENUE EAST & JOSEPHINE STREET NORTH,1,1,0,0,1,1,,0,30,0,0,0,0,0,4,2,13
,2018_05901,39.79013,-104.8661537,4/16/2018 12:35,12:35,12,0,0,51ST AVENUE EAST & HAVANA STREET NORTH,1,1,0,0,1,4,,0,30,0,0,0,0,0,4,2,7
,2018_05904,39.71142411,-104.9863626,6/29/2018 20:35,20:35,3,0,0,LINCOLN STREET SOUTH & ALAMEDA AVENUE EAST,1,3,0,0,1,1,,0,30,0,0,0,0,0,4,2,5
,2018_05906,39.73369277,-104.9861299,12/10/2018 20:45,20:45,6,0,0,LINCOLN STREET & 11TH AVENUE,1,3,0,0,1,4,,0,35,0,0,0,0,0,4,3,5
,2018_05909,39.73372022,-104.9861299,1/17/2018 18:19,18:19,12,0,0,11TH AVENUE EAST & LINCOLN STREET NORTH,1,3,0,0,1,4,,0,30,0,0,0,0,0,4,4,2
,2018_05910,39.78400077,-104.8428299,2/23/2018 17:15,17:15,15,0,1,ALBROOK DRIVE EAST & PEORIA STREET NORTH,1,1,0,0,1,4,,0,,0,0,0,0,1,4,2,13
,2018_05918,39.76926663,-105.0254542,1/5/2018 12:06,12:06,12,0,0,38TH AVENUE 3000 BLOCK WEST & FEDERAL BOULEVARD NORTH,1,1,0,0,1,4,,0,35,0,0,0,0,0,4,2,13
,2018_05919,39.73391227,-104.9861298,10/11/2018 12:01,12:01,15,0,0,LINCOLN STREET NORTH & 11TH AVENUE EAST,1,1,0,0,1,4,,0,30,0,0,0,0,0,4,2,13
,2018_05923,39.73174169,-104.9919318,11/11/2018 17:06,17:06,5,0,0,SPEER BOULEVARD & CHEROKEE STREET NORTH,4,3,0,2,2,4,,0,30,0,0,0,0,0,4,1,7
,2018_05930,39.69770892,-104.9035762,10/4/2018 8:35,8:35,12,0,0,PARKER ROAD SOUTH & QUEBEC STREET SOUTH,1,1,0,0,1,4,,0,35,0,0,0,0,0,4,2,13
,2018_05931,39.76935155,-105.0510975,1/12/2018 21:40,21:40,12,0,0,38TH AVENUE 5000 BLOCK & YATES STREET NORTH,1,3,0,0,1,4,,0,35,0,0,0,0,0,4,2,1
,2018_05935,39.73682734,-104.9597847,4/28/2018 23:30,23:30,12,0,0,13TH AVENUE EAST & YORK STREET NORTH,1,4,0,0,1,3,,0,25,0,0,0,0,0,4,2,12
,2018_05937,39.78364039,-104.7896134,6/18/2018 8:30,8:30,12,0,0,GREEN VALLEY RANCH BOULEVARD 12700 BLOCK & PENA BOULEVARD,2,1,0,0,1,4,,0,35,0,0,0,0,0,4,2,3
,2018_05938,39.741925,-104.9874108,1/22/2018 10:17,10:17,15,0,0,BROADWAY NORTH & CLEVELAND PLACE,6,1,0,0,1,4,,0,25,0,0,0,0,0,4,2,14
,2018_05939,39.74175987,-104.9874075,2/10/2018 13:45,13:45,15,0,0,BROADWAY STREET NORTH & 16TH AVENUE EAST,4,1,0,2,1,4,,0,35,0,0,0,0,0,4,2,13
,2018_05940,39.71157067,-104.9413063,6/26/2018 16:37,16:37,15,0,0,ALAMEDA AVENUE EAST & HARRISON STREET SOUTH,1,1,0,0,1,3,,0,35,0,0,0,0,0,4,2,13
,2018_05941,39.78377717,-104.9222294,3/19/2018 17:13,17:13,12,0,0,HOLLY STREET NORTH & 48TH AVENUE EAST,1,1,1,0,1,3,,0,30,0,0,0,0,0,4,2,14
,2018_05942,39.70497196,-105.0455459,5/12/2018 21:25,21:25,6,0,0,GILL PLACE WEST & UTICA STREET SOUTH,2,4,0,1,1,4,,0,25,0,0,0,0,0,4,2,1
,2018_05943,39.68214552,-104.9879743,11/13/2018 14:50,14:50,3,0,1,JEWELL AVENUE 000 BLOCK WEST & BROADWAY SOUTH,1,1,0,0,1,5,,0,15,0,0,0,0,2,4,2,13
,2018_05944,39.76758671,-104.9753156,9/21/2018 1:30,1:30,6,0,0,35TH STREET & WALNUT STREET,1,4,0,0,1,4,,0,,0,0,0,0,0,4,2,13
,2018_05947,39.78864899,-105.0064153,11/5/2018 15:16,15:16,6,0,0,51ST AVENUE WEST & PECOS STREET NORTH,1,1,0,0,1,4,,0,25,0,0,0,0,0,4,2,3
,2018_05949,39.68758541,-104.9877336,3/21/2018 8:47,8:47,15,0,0,IOWA AVENUE 000 BLOCK WEST & BROADWAY SOUTH,1,1,0,0,1,4,,0,25,0,0,0,0,0,4,2,13
,2018_05950,39.76934803,-104.9697272,11/15/2018 14:00,14:00,6,0,0,HUMBOLDT STREET 3800 BLOCK NORTH & 38TH STREET,1,1,0,0,1,3,,0,25,0,0,0,0,0,4,2,1
,2018_05953,39.73317739,-104.9597964,7/8/2018 14:00,14:00,15,0,0,YORK STREET NORTH & 11TH AVENUE EAST,1,1,1,0,1,4,,0,30,0,0,0,0,0,4,2,14
,2018_05954,39.73154478,-104.9598431,4/29/2018 12:40,12:40,10,0,1,YORK STREET NORTH 1000 BLOCK & 11TH AVENUE EAST,1,1,0,0,1,4,,0,30,0,0,0,0,1,4,2,13
,2018_05955,39.7836412,-104.791374,2/5/2018 18:38,18:38,12,0,0,GREEN VALLEY RANCH BOULEVARD & PENA BOULEVARD NORTH,1,3,0,0,1,4,,0,40,0,0,0,0,0,4,2,7
,2018_05958,39.73223593,-104.9861277,7/10/2018 16:26,16:26,12,0,0,LINCOLN STREET 1000 NORTH & 10TH AVENUE EAST,1,1,0,0,1,4,,0,35,0,0,0,0,0,4,3,16
,2018_05961,39.73007285,-104.9986261,2/28/2018 8:00,8:00,6,0,0,SANTA FE DRIVE NORTH & NINTH AVENUE WEST,1,1,0,0,1,4,,0,30,0,0,0,0,0,4,2,4
,2018_05964,39.74031217,-104.9982225,4/4/2018 10:30,10:30,12,0,1,SPEER BOULEVARD 1500 BLOCK & COLFAX AVENUE WEST,1,1,0,0,1,4,,0,35,0,0,0,0,2,4,2,16
,2018_05965,39.76204724,-104.9733355,7/19/2018 12:20,12:20,5,0,0,DOWNING STREET 3100 BLOCK NORTH ALLEY & MLK BOULEVARD,1,1,0,0,3,5,,0,15,0,0,0,0,0,4,1,13
,2018_05967,39.73990596,-104.958793,10/13/2018 17:24,17:24,15,0,0,JOSEPHINE STREET NORTH & COLFAX AVENUE EAST,1,2,0,0,1,4,,0,30,0,0,0,0,0,4,2,1
,2018_05968,39.74001851,-104.9587924,9/14/2018 13:00,13:00,12,0,0,JOSEPHINE STREET NORTH & COLFAX AVENUE EAST,1,1,0,0,1,4,,0,30,0,0,0,0,0,4,2,1
,2018_05969,39.73993115,-104.986133,7/18/2018 22:41,22:41,15,0,0,LINCOLN STREET 1500 BLOCK NORTH & 16TH AVENUE EAST,1,3,0,0,1,4,,0,30,0,0,0,0,0,4,2,13
,2018_05974,39.69296244,-104.9605785,1/9/2018 15:14,15:14,13,0,2,YORK STREET SOUTH & LOUISIANA AVENUE EAST,1,1,0,0,1,3,,0,25,0,0,0,0,2,4,3,14
,2018_05975,39.7983931,-104.7873116,8/21/2018 15:24,15:24,12,0,0,PENA BOULEVARD 5600 BLOCK & 56TH AVENUE,2,1,1,0,1,4,,0,35,0,0,0,0,0,4,2,7
,2018_05979,39.75071378,-104.9659421,3/6/2018 17:03,17:03,8,0,0,23RD AVENUE EAST & WILLIAMS STREET NORTH,1,1,0,0,1,3,,0,25,0,0,0,0,0,4,2,1
,2018_05980,39.78365683,-104.7923733,7/20/2018 16:14,16:14,12,0,0,GREEN VALLEY ROAD 16800 EAST & PENA BOULEVARD,1,1,0,0,1,4,,0,35,0,0,0,0,0,4,2,12
,2018_05985,39.75680677,-105.0158324,1/15/2018 17:59,17:59,12,0,0,ZUNI STREET 2800 BLOCK NORTH & 29TH AVENUE WEST,1,3,0,0,1,4,,0,30,0,0,0,0,0,4,4,13
,2018_05986,39.71154933,-104.9417093,5/18/2018 13:05,13:05,12,0,0,ALAMEDA AVENUE 3800 BLOCK EAST & HARRISON STREET SOUTH,1,1,0,0,1,4,,0,35,0,0,0,0,0,4,2,13
,2018_05987,39.73383133,-104.9835991,11/2/2018 17:16,17:16,6,0,0,GRANT STREET NORTH & 11TH AVENUE EAST,1,1,0,0,1,4,,0,30,0,0,0,0,0,4,2,5
,2018_05990,39.74013907,-104.9418462,2/21/2018 21:30,21:30,6,0,0,HARRISON STREET 1500 BLOCK NORTH & 16TH AVENUE EAST,5,4,0,0,1,4,,0,25,0,0,0,0,0,4,2,1
,2018_05991,39.77282927,-104.7956535,2/16/2018 20:58,20:58,5,0,0,40TH AVENUE EAST & AIRPORT WAY NORTH,1,3,0,0,3,4,,0,35,0,0,0,0,0,4,1,5
,2018_05996,39.79832508,-104.8489608,8/25/2018 15:20,15:20,5,0,0,56TH AVENUE 12000 BLOCK EAST & PEORIA STREET NORTH,1,1,0,0,1,4,,0,40,0,0,0,0,0,4,1,13
,2018_05997,39.77021793,-104.9720225,11/29/2018 11:23,11:23,12,0,0,38TH STREET 1400 BLOCK & WALNUT STREET,1,1,0,0,1,4,,0,25,0,0,0,0,0,4,2,13
,2018_05998,39.73216719,-104.959053,10/21/2018 15:43,15:43,15,0,0,JOSEPHINE 1000 BLOCK NORTH & 11TH AVENUE EAST,1,1,1,0,1,3,,0,30,0,0,0,0,0,4,2,8
,2018_05999,39.77402433,-104.9128159,7/24/2018 18:10,18:10,12,0,0,MONACO STREET NORTH & SANDOWN ROAD EAST,1,1,0,0,1,3,,0,35,0,0,0,0,0,4,2,13
,2018_06001,39.67865982,-105.0203694,12/5/2018 10:00,10:00,12,0,0,EVANS AVENUE 2700 BLOCK WEST & CLAY STREET SOUTH,1,1,0,0,1,3,,0,35,0,0,0,0,0,4,2,7
,2018_06003,39.66635018,-105.038737,8/25/2018 14:42,14:42,6,0,0,PATTON COURT SOUTH & LINVALE AVENUE WEST,1,1,1,0,1,4,,0,25,0,0,0,0,0,4,3,5
,2018_06004,39.69143102,-104.9128892,2/1/2018 15:24,15:24,12,0,0,CHERRY CREEK NORTH DRIVE EAST & MONACO STREET SOUTH,1,1,0,0,1,3,,0,30,0,0,0,0,0,4,2,13
,2018_06008,39.78556789,-104.8969722,2/15/2018 22:51,22:51,5,0,0,NORTHFIELD BOULEVARD EAST & TRENTON STREET NORTH,5,3,1,2,2,4,,0,35,0,0,0,0,0,4,1,13
,2018_06017,39.73816544,-104.9586113,8/17/2018 8:23,8:23,15,0,0,JOSEPHINE STREET 1300 NORTH & 14TH AVENUE EAST,1,1,0,0,1,4,,0,35,0,0,0,0,0,4,2,13
,2018_06018,39.73678147,-104.9494909,8/9/2018 6:25,6:25,15,0,0,13TH AVENUE 3100 BLOCK EAST & STEELE STREET NORTH,1,2,0,0,1,4,,0,35,0,0,0,0,0,4,3,13
,2018_06020,39.74902186,-104.9995973,3/16/2018 16:14,16:14,6,0,1,MARKET STREET & 15TH STREET,1,1,0,0,1,4,,0,30,0,0,0,0,1,4,3,15
,2018_06025,39.74768331,-105.0022652,7/25/2018 14:57,14:57,12,0,1,SPEER BOULEVARD 1700 NORTH & MARKET STREET,1,1,0,0,1,4,,0,35,0,0,0,0,1,4,3,1
,2018_06026,39.7789355,-104.9582616,7/18/2018 9:35,9:35,12,0,0,JOSEPHINE STREET NORTH & 45TH AVENUE EAST,1,1,0,0,1,3,,0,30,0,0,0,0,0,4,2,13
,2018_06027,39.7369935,-104.9958221,4/10/2018 8:57,8:57,12,0,0,SPEER BOULEVARD 1300 BLOCK NORTH & 13TH AVENUE EAST,1,1,0,0,1,3,,0,35,0,0,0,0,0,4,2,1
,2018_06031,39.75651183,-105.0093443,10/18/2018 13:24,13:24,12,0,0,PLATTE STREET & 15TH STREET,1,1,0,0,1,3,,0,25,0,0,0,0,0,4,2,13
,2018_06035,39.65387981,-104.8810734,4/13/2018 0:42,0:42,6,0,0,GIRARD AVENUE 9100 BLOCK EAST & AKRON STREET SOUTH,2,4,0,1,1,4,,0,30,0,0,0,0,0,4,3,14
,2018_06040,39.77020452,-104.9720398,9/23/2018 9:50,9:50,12,0,1,38TH STREET & WALNUT STREET,1,1,0,0,1,4,,0,30,0,0,0,0,1,4,2,8
,2018_06051,39.79836016,-104.8566771,3/30/2018 18:52,18:52,12,0,0,56TH AVENUE EAST & PEORIA STREET NORTH,1,1,0,0,1,4,,0,45,0,0,0,0,0,4,2,1
,2018_06052,39.75153028,-104.9859114,4/11/2018 17:05,17:05,15,0,0,STOUT STREET & 22ND STREET,1,1,0,0,1,4,,0,30,0,0,0,0,0,4,2,8
,2018_06056,39.74821185,-104.9609959,8/26/2018 23:30,23:30,6,0,0,21ST AVENUE 2100 BLOCK EAST & GAYLORD STREET NORTH,1,3,0,0,1,4,,0,30,0,0,0,0,0,4,2,13
,2018_06059,39.74153872,-104.9898566,2/1/2018 0:49,0:49,12,0,0,15TH STREET 200 BLOCK & COURT PLACE,1,3,0,0,1,4,,0,,0,0,0,0,0,4,2,13
,2018_06062,39.76927667,-105.0029602,9/11/2018 17:29,17:29,12,0,0,MARIPOSA STREET NORTH & 38TH AVENUE WEST,1,1,1,0,1,2,,0,25,0,0,0,0,0,4,2,13
,2018_06063,39.74228738,-104.9907467,6/1/2018 15:13,15:13,15,0,0,TREMONT PLACE 1500 BLOCK & 15TH STREET,1,1,0,0,1,4,,0,30,0,0,0,0,0,4,2,13
,2018_06065,39.71153125,-104.9397267,2/27/2018 9:15,9:15,12,0,0,ALAMEDA AVENUE 4000 BLOCK EAST & COLORADO BOULEVARD SOUTH,1,1,0,0,1,4,,0,35,0,0,0,0,0,4,2,10
,2018_06067,39.78364129,-104.7913909,8/16/2018 16:19,16:19,12,0,0,PENA BOULEVARD INBOUND & GREEN VALLEY RANCH BOULEVARD EAST,1,1,1,0,1,3,,0,30,0,0,0,0,0,4,2,8
,2018_06068,39.65389357,-104.9128844,6/22/2018 11:58,11:58,3,0,1,MONACO STREET SOUTH & HAMPDEN AVENUE EAST,1,1,0,0,1,2,,0,35,0,0,0,0,1,4,2,13
,2018_06075,39.77875336,-104.9018876,8/31/2018 11:40,11:40,15,0,0,NORTHFIELD 4100 NORTH & SANDCREEK ROAD NORTH,1,1,1,0,1,4,,0,45,0,0,0,0,0,4,3,1
,2018_06078,39.70421553,-105.0396909,11/3/2018 17:50,17:50,6,0,0,PERRY STREET SOUTH & EXPOSITION AVENUE WEST,1,1,0,0,1,4,,0,25,0,0,0,0,0,4,2,1
,2018_06079,39.77318652,-104.8099247,5/31/2018 6:30,6:30,12,0,2,CHAMBERS NORTH & 40TH AVENUE EAST,1,1,0,0,1,3,,0,35,0,0,0,0,1,4,3,3
,2018_06082,39.75840901,-105.0158352,1/28/2018 3:43,3:43,6,0,0,29TH AVENUE WEST & ZUNI STREET NORTH,1,3,0,0,1,4,,0,30,0,0,0,0,0,4,2,14
,2018_06084,39.70942666,-105.0298104,3/5/2018 16:05,16:05,14,0,0,IRVING STREET SOUTH & DAKOTA AVENUE WEST,1,1,1,0,1,3,,0,25,0,0,0,0,0,4,2,3
,2018_06085,39.75114626,-104.9434459,12/2/2018 18:53,18:53,5,0,0,23RD AVENUE EAST ZOO ENTRANCE & COLORADO BOULEVARD NORTH,1,3,0,0,1,2,,0,30,0,0,0,0,0,4,1,5
,2018_06086,39.78923314,-104.9852169,10/22/2018 10:35,10:35,6,0,0,51ST AVENUE 100 BLOCK EAST & SHERMAN STREET NORTH,1,1,0,0,1,4,,0,25,0,0,0,0,0,4,2,13
,2018_06090,39.71161089,-104.9008087,5/10/2018 8:24,8:24,12,0,0,ALAMEDA AVENUE 7500 BLOCK EAST & ROSLYN STREET SOUTH,1,1,0,0,1,4,,0,40,0,0,0,0,0,4,2,14
,2018_06091,39.64422777,-104.9128809,1/30/2018 13:48,13:48,15,0,0,MONACO STREET SOUTH & PEACH WAY SOUTH,1,1,0,0,1,4,,0,30,0,0,0,0,0,4,2,13
,2018_06092,39.71935124,-104.9825762,9/26/2018 13:00,13:00,6,0,0,LOGAN STREET NORTH & SECOND AVENUE WEST,1,1,0,0,1,4,,0,30,0,0,0,0,0,4,2,13
,2018_06094,39.65142288,-104.9043935,1/27/2018 11:59,11:59,3,0,0,JARVIS PLACE 7100 BLOCK EAST & POPLAR STREET SOUTH,5,1,0,0,1,2,,0,25,0,0,0,0,0,4,2,7
,2018_06095,39.78472889,-104.8408547,10/15/2018 16:02,16:02,12,0,0,TULSA COURT 4800 BLOCK NORTH & ANDREWS DRIVE EAST,1,1,0,0,1,4,,0,25,0,0,0,0,0,4,2,13
,2018_06096,39.69656683,-104.9407252,11/13/2018 18:01,18:01,12,0,0,MISSISSIPPI AVENUE EAST  & COLORADO BOULEVARD SOUTH,1,3,0,0,1,3,,0,30,0,0,0,0,0,4,2,13
,2018_06097,39.74777544,-104.9979744,2/1/2018 15:03,15:03,15,0,0,15TH STREET 1200 BLOCK & 15TH STREET 1200 BLOCK,1,2,0,0,1,4,,0,25,0,0,0,0,0,4,2,13
,2018_06098,39.73525248,-104.9861233,2/28/2018 10:53,10:53,12,0,0,12TH AVENUE 100 BLOCK EAST & LINCOLN STREET NORTH,1,1,0,0,1,4,,0,25,0,0,0,0,0,4,2,13
,2018_06099,39.71155778,-104.940525,6/15/2018 16:25,16:25,12,0,0,ALAMEDA AVENUE EAST & COLORADO BOULEVARD SOUTH,1,1,0,0,1,3,,0,35,0,0,0,0,0,4,2,13
,2018_06101,39.78606636,-105.006421,5/3/2018 8:47,8:47,3,0,1,PECOS STREET 4800 BLOCK NORTH & 48TH AVENUE WEST,2,1,0,1,1,3,,0,30,0,0,0,0,1,4,2,1
,2018_06103,39.69658664,-104.9617363,11/25/2018 12:00,12:00,12,0,0,MISSISSIPPI AVENUE EAST & GAYLORD STREET SOUTH,6,1,0,0,1,4,,0,25,0,0,0,0,0,4,2,7
,2018_06105,39.71301382,-105.0177672,11/1/2018 13:58,13:58,6,0,0,CEDAR AVENUE WEST & BRYANT STREET SOUTH,1,1,0,0,1,4,,0,25,0,0,0,0,0,4,2,13
,2018_06106,39.79839711,-104.7875952,2/2/2018 17:45,17:45,15,0,0,56TH AVENUE 16900 BLOCK EAST & PENA BOULEVARD OUTBOUND,1,3,0,0,1,8,,0,,0,0,0,0,0,4,2,13
,2018_06107,39.77504201,-104.8106301,11/25/2018 10:20,10:20,12,0,0,ANDREWS DRIVE 15200 BLOCK EAST & CHAMBERS ROAD NORTH,5,1,0,0,1,4,,0,25,0,0,0,0,0,4,2,14
,2018_06110,39.71942003,-104.9594386,10/7/2018 3:07,3:07,5,0,0,UNIVERSITY BOULEVARD 1700 BLOCK SOUTH & MEXICO AVENUE EAST,1,3,0,0,2,4,,0,35,0,0,0,0,0,4,1,5
,2018_06112,39.71920259,-104.9558484,3/2/2018 11:37,11:37,12,0,0,CLAYTON STREET NORTH & SECOND AVENUE EAST,1,1,0,0,1,4,,0,25,0,0,0,0,0,4,2,13
,2018_06113,39.67826938,-104.965233,4/1/2018 21:59,21:59,6,0,0,HIGH STREET 2148 SOUTH & EVANS AVENUE EAST,1,3,0,0,1,4,,0,,0,0,0,0,0,4,2,13
,2018_06117,39.70222989,-104.9804288,11/15/2018 22:21,22:21,6,0,1,PEARL STREET 700 BLOCK SOUTH & OHIO AVENUE EAST,1,3,0,0,1,4,,0,25,0,0,0,0,1,4,2,5
,2018_06125,39.71030933,-105.0304331,8/22/2018 7:45,7:45,12,0,0,NEVADA PLACE 3300 WEST & IRVING STREET SOUTH,1,1,0,0,1,4,,0,25,0,0,0,0,0,4,2,3
,2018_06126,39.65699532,-104.8666386,5/9/2018 8:04,8:04,12,0,2,GIRARD AVENUE 10000 BLOCK EAST & HAVANA STREET SOUTH,1,1,0,0,1,4,,0,30,0,0,0,0,1,4,3,16
,2018_06127,39.75947849,-104.9594939,5/25/2018 2:31,2:31,6,0,0,30TH AVENUE EAST & YORK STREET NORTH,1,4,0,0,1,4,,0,30,0,0,0,0,0,4,2,13
,2018_06128,39.65616601,-105.0533047,9/18/2018 13:18,13:18,15,0,0,DARTMOUTH AVENUE 5200 BLOCK WEST & SHERIDAN BOULEVARD SOUTH,1,1,0,0,1,4,,0,30,0,0,0,0,0,4,2,13
,2018_06129,39.71486979,-105.0157166,5/11/2018 12:19,12:19,5,0,0,BAYAUD AVENUE 2400 BLOCK WEST & ZUNI STREET SOUTH,1,1,0,0,2,4,,0,,0,0,0,0,0,4,1,13
,2018_06130,39.72587685,-105.0028611,11/17/2018 14:23,14:23,12,0,2,SIXTH STREET WEST  & MARIPOSA STREET NORTH,2,1,0,1,1,4,,0,15,0,0,0,0,2,4,2,13
,2018_06131,39.70386249,-104.9587813,6/19/2018 15:31,15:31,15,0,0,EXPOSITION AVENUE 2300 BLOCK EAST & UNIVERSITY BOULEVARD SOUTH,1,1,0,0,1,5,,0,25,0,0,0,0,0,4,2,13
,2018_06133,39.70917675,-104.9863934,4/20/2018 19:00,19:00,6,0,0,LINCOLN STREET SOUTH & DAKOTA AVENUE EAST,1,4,0,0,1,4,,0,,0,0,0,0,0,4,2,13
,2018_06134,39.6780862,-104.9710943,9/10/2018 18:50,18:50,6,0,0,LAFAYETTE 2100 BLOCK SOUTH & EVANS AVENUE EAST,1,2,0,0,1,4,,0,25,0,0,0,0,0,4,2,1
,2018_06137,39.72592125,-105.0383729,1/30/2018 18:45,18:45,6,0,0,OSCEOLA STREET & SIXTH AVENUE WEST,1,3,1,0,1,4,,0,20,0,0,0,0,0,4,2,3
,2018_06138,39.76201463,-104.9462622,3/23/2018 23:40,23:40,6,0,0,MADISON STREET 3200 BLOCK NORTH & MLK BOULEVARD,1,3,0,0,1,4,,0,30,0,0,0,0,0,4,2,13
,2018_06143,39.7619631,-105.015835,10/8/2018 22:00,22:00,6,0,0,ZUNI STREET NORTH & 32ND AVENUE WEST,1,3,0,0,1,4,,0,25,0,0,0,0,0,4,2,13
,2018_06146,39.76936339,-105.0064574,10/27/2018 14:20,14:20,12,0,0,PECO STREET 3800 BLOCK NORTH & 38TH AVENUE WEST,1,1,0,0,1,4,,0,30,0,0,0,0,0,4,2,13
,2018_06149,39.71471904,-104.9765535,7/27/2018 8:45,8:45,15,0,0,BAYAUD AVENUE 900 BLOCK EAST & EMERSON STREET SOUTH,1,1,0,0,1,4,,0,25,0,0,0,0,0,4,2,13
,2018_06150,39.72933407,-104.9874038,8/15/2018 7:02,7:02,15,0,0,BROADWAY 800 BLOCK NORTH & EIGHTH AVENUE EAST,1,1,0,0,1,4,,0,30,0,0,0,0,0,4,4,13
,2018_06151,39.73848909,-105.0492128,4/21/2018 15:31,15:31,3,0,0,WOLFF STREET NORTH & 14TH AVENUE WEST,2,1,0,0,1,5,,0,,0,0,0,0,0,4,2,13
,2018_06152,39.76933584,-105.0158693,5/31/2018 20:52,20:52,1,0,0,38TH AVENUE WEST & ZUNI STREET NORTH,1,3,0,0,1,3,,0,35,0,0,0,0,0,4,2,7
,2018_06153,39.72097801,-104.9558397,11/25/2018 15:49,15:49,12,0,0,THIRD AVENUE EAST & CLAYTON STREET NORTH,5,1,0,0,1,4,,0,25,0,0,0,0,0,4,2,16
,2018_06157,39.72922842,-104.935516,2/15/2018 10:26,10:26,3,0,0,EIGHTH AVENUE EAST & BIRCH STREET NORTH,1,1,0,0,1,2,,0,30,0,0,0,0,0,4,2,14
,2018_06158,39.73687509,-105.0034421,5/10/2018 9:27,9:27,10,0,0,13TH AVENUE WEST & MARIPOSA STREET NORTH,1,1,1,0,1,4,,0,30,0,0,0,0,0,4,2,13
,2018_06159,39.78361406,-104.7725778,3/14/2018 22:35,22:35,12,0,0,GREEN VALLEY RANCH BOULEVARD 18400 BLOCK & TOWER ROAD NORTH,1,3,0,0,1,4,,0,40,0,0,0,0,0,4,2,5
,2018_06161,39.66756263,-104.9409773,11/15/2018 7:56,7:56,15,0,0,YALE AVENUE EAST & COLORADO BOULEVARD SOUTH,1,1,0,0,1,2,,0,30,0,0,0,0,0,4,2,13
,2018_06163,39.71576755,-104.9461712,6/7/2018 15:05,15:05,3,0,0,MADISON STREET SOUTH & ELLSWORTH AVENUE EAST,1,1,0,0,1,2,,0,25,0,0,0,0,0,4,2,13
,2018_06164,39.69655066,-104.9827713,5/13/2018 22:15,22:15,6,0,0,LOGAN STREET SOUTH & MISSISSIPPIE AVENUE EAST,1,3,0,0,1,3,,0,30,0,0,0,0,0,4,2,5
,2018_06165,39.72685744,-104.9861636,10/29/2018 8:10,8:10,15,0,0,LINCOLN STREET NORTH & SEVENTH AVENUE EAST,1,1,0,0,1,4,,0,30,0,0,0,0,0,4,2,16
,2018_06167,39.7416514,-104.973164,3/22/2018 16:00,16:00,12,0,1,16TH AVENUE EAST & DOWNING STREET NORTH,1,1,0,0,1,5,,0,30,0,0,0,0,1,4,2,1
,2018_06170,39.76947308,-105.0158712,11/5/2018 15:44,15:44,12,0,0,ZUNI STREET NORTH & 38TH AVENUE WEST,1,1,0,0,1,4,,0,25,0,0,0,0,0,4,2,16
,2018_06175,39.74178148,-105.034599,1/23/2018 18:00,18:00,12,0,0,LOWELL BOULEVARD NORTH & CONEJOS PLACE WEST,1,4,0,0,1,4,,0,25,0,0,0,0,0,4,2,14
,2018_06176,39.75726488,-104.8969648,4/17/2018 18:35,18:35,6,0,0,28TH PLACE 7800 BLOCK EAST & SPRUCE STREET NORTH,1,1,0,0,1,4,,0,25,0,0,0,0,0,4,2,10
,2018_06177,39.76928265,-105.0015846,12/21/2018 21:29,21:29,5,0,0,38TH AVENUE 1231 BLOCK WEST & LIPAN STREET NORTH,1,3,0,0,3,2,,0,35,0,0,0,0,0,4,2,4
,2018_06178,39.78616502,-105.0333807,3/20/2018 8:19,8:19,15,0,0,49TH AVENUE WEST & KING STREET NORTH,1,1,0,0,1,4,,0,25,0,0,0,0,0,4,2,14
,2018_06181,39.72927521,-104.9138605,11/14/2018 16:19,16:19,12,0,0,EIGHTH AVENUE EAST & LOCUST STREET NORTH,1,1,0,0,1,3,,0,30,0,0,0,0,0,4,2,13
,2018_06183,39.71081027,-104.9035111,2/14/2018 17:57,17:57,12,0,0,QUEBEC STREET SOUTH & ALAMEDA AVENUE EAST,2,3,0,0,1,1,,0,35,0,0,0,0,0,4,2,13
,2018_06184,39.72590904,-104.9985763,6/20/2018 20:40,20:40,6,0,0,SANTA FE DRIVE NORTH & SIXTH AVENUE WEST,1,1,0,0,1,4,,0,30,0,0,0,0,0,4,2,12
,2018_06185,39.68757114,-104.9828238,5/7/2018 11:52,11:52,5,0,0,IOWA AVENUE EAST & LOGAN STREET SOUTH,1,1,0,0,3,4,,0,30,0,0,0,0,0,4,1,13