id,drcog_id,latitude,longitude,crashtime,time,crashtype,numbkilled,numbinjurd,drcoglocat,rdconditin,lightngcon,roadcntgrd,weatherco,location,roaddescrp,schoolzone,constrzone,splimit,bikeinv,pedinv,sctrinv,motoinv,svrty,rdsystem,ttlvehcls,hcf
,2018_06186,39.72334057,-104.9985772,5/18/2018 16:19,16:19,12,0,0,SANTA FE DRIVE NORTH & FOURTH AVENUE WEST,1,1,0,0,1,4,,0,30,0,0,0,0,0,4,2,12
,2018_06187,39.70223317,-105.0295534,7/28/2018 14:59,14:59,15,0,0,OHIO AVENUE 3200 WEST & IRVING STREET SOUTH,1,1,0,0,1,4,,0,25,0,0,0,0,0,4,2,16
,2018_06190,39.76928028,-105.0021182,8/27/2018 7:27,7:27,1,0,0,38TH AVENUE WEST & LIPAN STREET NORTH,1,1,1,0,1,2,,0,35,0,0,0,0,0,4,2,13
,2018_06194,39.664446,-104.9129673,7/14/2018 10:42,10:42,15,0,0,MONACO STREET 2800 SOUTH & BATES AVENUE EAST,1,1,0,0,1,1,,0,35,0,0,0,0,0,4,2,5
,2018_06196,39.691284,-105.0304407,1/26/2018 8:09,8:09,3,0,0,ARKANSAS AVENUE 3300 BLOCK WEST & IRVING STREET SOUTH,5,1,0,0,1,2,,0,25,0,0,0,0,0,4,2,1
,2018_06197,39.78519587,-104.964095,10/7/2018 15:38,15:38,6,0,1,49TH AVENUE EAST & RACE STREET NORTH,1,1,0,0,1,3,,0,30,0,0,0,0,2,4,3,5
,2018_06198,39.68946759,-105.0066569,4/13/2018 23:20,23:20,5,0,0,FLORIDA BOULEVARD 1600 BLOCK WEST & QUIVAS STREET SOUTH,1,3,1,0,2,4,,0,30,0,0,0,0,0,4,1,5
,2018_06199,39.74167099,-104.9786603,8/19/2018 13:28,13:28,12,0,0,16TH AVENUE 700 EAST & WASHINGTON STREET NORTH,1,1,0,0,1,4,,0,30,0,0,0,0,0,4,2,16
,2018_06201,39.77276262,-105.0064421,4/19/2018 11:30,11:30,3,0,0,45TH AVENUE EAST & PECOS STREET NORTH,1,1,0,0,1,2,,0,30,0,0,0,0,0,4,2,14
,2018_06202,39.74889602,-104.987397,9/21/2018 11:06,11:06,12,0,0,CALIFORNIA STREET & BROADWAY STREET NORTH,1,1,0,0,1,1,,0,25,0,0,0,0,0,4,2,14
,2018_06205,39.7084994,-105.0227061,4/2/2018 3:45,3:45,6,0,0,DECATUR STREET 400 BLOCK SOUTH & DAKOTA AVENUE WEST,1,4,0,0,3,4,,0,25,0,0,0,0,0,4,2,7
,2018_06207,39.74472755,-104.9798813,6/3/2018 15:24,15:24,6,0,0,PEARL STREET NORTH & 18TH AVENUE EAST,1,1,0,0,1,4,,0,25,0,0,0,0,0,4,2,14
,2018_06209,39.67311007,-104.9732488,8/3/2018 14:45,14:45,6,0,0,WESLEY AVENUE 1200 BLOCK EAST & DOWNING STREET SOUTH,1,1,0,0,1,4,,0,25,0,0,0,0,0,4,2,13
,2018_06214,39.6930095,-104.9829062,12/17/2018 7:50,7:50,12,0,0,LOUISIANA AVENUE EAST & LOGAN STREET SOUTH,1,1,0,0,1,3,,0,35,0,0,0,0,0,4,2,13
,2018_06215,39.72092901,-105.0008142,4/24/2018 14:28,14:28,12,0,0,THIRD AVENUE 1000 BLOCK WEST & KALAMATH STREET NORTH,1,1,0,0,1,3,,0,25,0,0,0,0,0,4,2,1
,2018_06216,39.73369921,-104.9742571,9/20/2018 23:10,23:10,6,0,0,11TH AVENUE EAST & CORONA STREET NORTH,1,3,0,0,1,4,,0,25,0,0,0,0,0,4,4,13
,2018_06218,39.76415562,-105.0158465,7/11/2018 8:11,8:11,6,0,0,ZUNI STREET 3350 NORTH & 34TH AVENUE WEST,1,1,0,0,1,4,,0,30,0,0,0,0,0,4,2,14
,2018_06219,39.72902352,-104.9799327,2/10/2018 12:08,12:08,3,0,0,PEARL STREET NORTH & EIGHTH AVENUE EAST,4,1,0,2,1,3,,0,30,0,0,0,0,0,4,2,14
,2018_06220,39.71087534,-104.9863728,10/3/2018 20:20,20:20,6,0,0,LINCOLN STREET SOUTH & ALAMEDA AVENUE EAST,1,3,0,0,1,4,,0,30,0,0,0,0,0,4,2,13
,2018_06221,39.78740469,-105.0275666,12/19/2018 14:36,14:36,6,0,0,GROVE STREET NORTH & REGIS BOULEVARD WEST,1,1,0,0,1,4,,0,25,0,0,0,0,0,4,2,13
,2018_06222,39.71101259,-104.9863711,5/9/2018 12:31,12:31,12,0,0,LINCOLN STREET 300 BLOCK SOUTH & ALAMEDA AVENUE EAST,1,1,0,0,1,4,,0,30,0,0,0,0,0,4,2,13
,2018_06226,39.72416021,-104.9558341,10/23/2018 12:40,12:40,6,0,0,FIFTH AVENUE EAST & CLAYTON STREET NORTH,1,1,1,0,1,1,,0,35,0,0,0,0,0,4,3,13
,2018_06228,39.78444602,-105.019317,9/19/2018 7:16,7:16,6,0,0,BRYANT STREET 4835 NORTH & 48TH AVENUE WEST,1,1,0,0,1,4,,0,30,0,0,0,0,0,4,2,14
,2018_06231,39.66747547,-104.9261932,6/13/2018 11:34,11:34,15,0,0,YALE AVENUE 5300 BLOCK EAST & GLENCOE STREET SOUTH,1,1,0,0,1,4,,0,35,0,0,0,0,0,4,2,16
,2018_06233,39.76005051,-104.8657718,12/9/2018 9:40,9:40,12,0,0,MLK BOULEVARD EAST & HAVANA STREET NORTH,1,1,0,0,1,3,,0,35,0,0,0,0,0,4,2,1
,2018_06234,39.69669246,-104.9989524,7/16/2018 12:00,12:00,15,0,0,MISSISSIPPI AVENUE WEST & JASON STREET SOUTH,1,1,0,0,1,4,,0,30,0,0,0,0,0,4,2,16
,2018_06237,39.73691375,-105.0157644,6/6/2018 13:55,13:55,15,0,0,13TH AVENUE 2400 BLOCK WEST & ZUNI STREET NORTH,1,1,0,0,1,4,,0,30,0,0,0,0,0,4,2,8
,2018_06238,39.73686736,-105.0000052,1/7/2018 11:00,11:00,6,0,0,13TH AVENUE WEST & KALAMATH STREET NORTH,1,1,0,0,1,4,,0,30,0,0,0,0,0,4,2,7
,2018_06242,39.75661364,-105.0158307,9/27/2018 18:20,18:20,12,0,0,SPEER BOULEVARD NORTH & ZUNI STREET NORTH,1,2,0,0,1,3,,0,30,0,0,0,0,0,4,2,14
,2018_06245,39.73520611,-104.9888409,3/20/2018 9:00,9:00,6,0,0,12TH AVENUE WEST & ACOMA STREET NORTH,1,1,0,0,1,4,,0,25,0,0,0,0,0,4,2,13
,2018_06251,39.77117717,-105.0283122,9/28/2018 8:00,8:00,6,0,0,39TH AVENUE 3100 WEST & GROVE STREET,1,1,0,0,1,4,,0,25,0,0,0,0,0,4,2,14
,2018_06257,39.70790722,-104.9828126,5/28/2018 20:20,20:20,6,0,0,LOGAN STREET 400 BLOCK SOUTH & VIRGINIA AVENUE EAST,1,3,0,0,1,4,,0,30,0,0,0,0,0,4,2,13
,2018_06258,39.73685376,-104.990371,7/18/2018 11:14,11:14,12,0,0,13TH AVENUE 200 WEST & BANNOCK STREET NORTH,1,1,0,0,1,1,,0,30,0,0,0,0,0,4,2,1
,2018_06259,39.72928469,-104.9037001,4/5/2018 11:37,11:37,3,0,0,EIGHTH AVENUE 7200 BLOCK EAST & QUEBEC STREET NORTH,1,1,1,0,1,5,,0,30,0,0,0,0,0,4,2,1
,2018_06260,39.71119757,-104.9204023,8/21/2018 14:45,14:45,12,0,0,ALAMEDA AVENUE 5600 BLOCK EAST & HOLLY STREET SOUTH,2,1,0,1,1,4,,0,30,0,0,0,0,0,4,2,13
,2018_06261,39.69667111,-104.9827591,4/21/2018 12:15,12:15,12,0,1,BUCHTEL BOULEVARD & MISSISSIPPI AVENUE EAST,2,1,0,1,1,2,,0,25,0,0,0,0,1,4,2,7
,2018_06263,39.73409417,-104.9861289,2/23/2018 9:31,9:31,10,0,0,LINCOLN STREET 1100 BLOCK NORTH & 11TH AVENUE EAST,2,1,0,0,1,2,,0,30,0,0,0,0,0,4,2,13
,2018_06264,39.72566697,-104.9928232,1/11/2018 12:15,12:15,10,0,0,SIXTH AVENUE WEST & DELAWARE STREET,1,1,0,0,1,3,,0,30,0,0,0,0,0,4,2,13
,2018_06266,39.76140503,-104.9597554,1/31/2018 16:15,16:15,12,0,0,31ST AVENUE EAST & YORK STREET NORTH,1,1,0,0,1,4,,0,30,0,0,0,0,0,4,2,13
,2018_06268,39.76072161,-104.9597585,9/12/2018 12:46,12:46,15,0,0,YORK STREET NORTH & 31ST AVENUE EAST,1,1,0,0,1,4,,0,30,0,0,0,0,0,4,2,1
,2018_06269,39.73995406,-104.9597846,9/21/2018 14:38,14:38,12,0,0,YORK STREET NORTH & COLFAX AVENUE EAST,1,1,0,0,1,3,,0,30,0,0,0,0,0,4,3,1
,2018_06277,39.73361366,-104.9861298,1/31/2018 9:15,9:15,15,0,0,LINCOLN STREET 1100 BLOCK NORTH & 12TH AVENUE EAST,1,1,0,0,1,4,,0,25,0,0,0,0,0,4,2,13
,2018_06279,39.691431,-104.9128892,3/31/2018 14:00,14:00,12,0,0,CHERRY CREEK DRIVE EAST & MONACO STREET SOUTH,1,1,0,0,1,3,,0,25,0,0,0,0,0,4,2,13
,2018_06282,39.7449436,-104.9116604,7/28/2018 13:00,13:00,6,0,0,MAGNOLIA STREET NORTH & 18TH AVENUE EAST,1,1,0,0,1,4,,0,25,0,0,0,0,0,4,2,13
,2018_06284,39.63847872,-105.0816242,9/30/2018 17:07,17:07,12,0,1,WADSWORTH BOULEVARD SOUTH & QUINCY AVENUE WEST,1,1,0,0,1,4,,0,45,0,0,0,0,1,4,2,7
,2018_06288,39.7523126,-105.0038852,5/8/2018 21:09,21:09,10,0,0,15TH STREET 1800 & DELGANY STREET,1,3,0,0,1,4,,0,30,0,0,0,1,0,4,2,12
,2018_06290,39.72729319,-104.9707113,7/14/2018 16:30,16:30,6,0,0,SEVENTH AVENUE EAST & LAFAYETTE STREET NORTH,1,1,0,0,1,4,,0,25,0,0,0,0,0,4,2,13
,2018_06291,39.71134674,-104.9034899,6/22/2018 19:02,19:02,12,0,1,ALAMEDA AVENUE 7100 BLOCK EAST & QUEBEC STREET SOUTH,1,1,0,0,1,3,,0,40,0,0,0,0,1,4,2,13
,2018_06293,39.76568218,-104.9948412,2/21/2018 7:55,7:55,15,0,0,PARK AVENUE WEST & GLOBEVILLE ROAD NORTH,5,1,0,0,1,3,,0,30,0,0,0,0,0,4,2,7
,2018_06294,39.71487802,-104.9862676,9/25/2018 19:50,19:50,6,0,1,LINCOLN STREET SOUTH & BAYAUD AVENUE EAST,1,3,0,0,1,4,,0,30,0,0,0,0,1,4,2,5
,2018_06295,39.76001445,-104.8654573,5/14/2018 18:49,18:49,5,0,0,MLK BOULEVARD 10500 BLOCK & HAVANA STREET NORTH,1,1,0,0,3,4,,0,35,0,0,0,0,0,4,1,14
,2018_06297,39.67661382,-104.9554843,5/15/2018 13:25,13:25,3,0,0,WARREN AVENUE EAST & CLAYTON STREET,1,1,0,0,1,2,,0,25,0,0,0,0,0,4,2,13
,2018_06298,39.73369357,-104.9749158,5/21/2018 15:00,15:00,6,0,0,11TH AVENUE 1000 BLOCK EAST & OGDEN STREET NORTH,1,1,0,0,1,2,,0,30,0,0,0,0,0,4,2,13
,2018_06301,39.75099084,-104.8935456,5/10/2018 10:10,10:10,12,0,0,23RD AVENUE 3200 BLOCK EAST & STEELE STREET NORTH,1,1,0,0,1,4,,0,,0,0,0,0,0,4,2,13
,2018_06303,39.77040444,-104.9948632,8/17/2018 17:10,17:10,12,0,0,FOX STREET NORTH & 39TH AVENUE WEST,1,1,0,0,1,4,,0,25,0,0,0,0,0,4,2,13
,2018_06306,39.77659402,-104.994836,4/23/2018 20:00,20:00,5,0,0,44TH AVENUE WEST & FOX STREET NORTH,2,2,0,0,3,1,,0,30,0,0,0,0,0,4,1,13
,2018_06307,39.74082515,-104.987384,7/12/2018 10:45,10:45,12,0,0,BROADWAY NORTH & COLFAX AVENUE EAST,1,1,0,0,1,4,,0,30,0,0,0,0,0,4,2,7
,2018_06308,39.76386965,-105.0300528,9/8/2018 19:14,19:14,9,0,1,IRVING STREET & 200 BLOCK SOUTH,1,2,1,0,1,4,,0,25,0,0,0,1,1,4,1,14
,2018_06309,39.74775729,-104.9597732,9/25/2018 7:33,7:33,12,0,1,YORK STREET NORTH & 20TH AVENUE EAST,1,1,0,0,1,4,,0,35,0,0,0,0,1,4,2,13
,2018_06312,39.68949495,-105.0441567,9/10/2018 16:18,16:18,12,0,1,FLORIDA AVENUE WEST & TENNYSON STREET SOUTH,1,1,0,0,1,1,,0,35,0,0,0,0,1,4,2,1
,2018_06313,39.78363722,-104.7903244,10/6/2018 8:50,8:50,12,0,0,GREEN VALLEY RANCH BOULEVARD EAST & PENA BOULEVARD NORTH,1,1,0,0,1,4,,0,40,0,0,0,0,0,4,2,3
,2018_06317,39.76200024,-104.9709286,12/19/2018 8:41,8:41,12,0,0,MLK BOULEVARD 1300 BLOCK EAST & LAFAYETTE STREET NORTH,1,1,0,0,1,3,,0,30,0,0,0,0,0,4,2,8
,2018_06319,39.7838108,-104.809298,11/3/2018 8:33,8:33,12,0,0,GREEN VALLEY RANCH BOULEVARD 15300 BLOCK EAST & CHAMBERS ROAD NORTH,2,1,0,0,1,4,,0,40,0,0,0,0,0,4,2,16
,2018_06321,39.78364039,-104.7896134,1/18/2018 7:31,7:31,12,0,1,GREEN VALLEY RANCH BOULEVARD & PENA BOULEVARD,1,1,1,0,1,4,,0,35,0,0,0,0,1,4,2,13
,2018_06323,39.71914969,-104.9594011,3/6/2018 14:00,14:00,6,0,0,UNIVERSITY BOULEVARD NORTH & SECOND AVENUE EAST,1,1,0,0,1,4,,0,35,0,0,0,0,0,4,2,13
,2018_06324,39.71975404,-105.0252771,7/12/2018 13:45,13:45,10,0,0,SECOND AVENUE WEST & FEDERAL BOULEVARD NORTH,1,1,0,0,1,5,,0,25,0,0,0,0,0,4,2,13
,2018_06325,39.75073744,-104.9848563,8/30/2018 18:14,18:14,15,0,0,22ND STREET & CALIFORNIA STREET,1,1,0,0,1,3,,0,30,0,0,0,0,0,4,2,8
,2018_06328,39.75466284,-104.9873802,12/7/2018 6:22,6:22,5,0,0,BROADWAY NORTH & PARK AVENUE WEST,1,3,0,0,3,4,,0,35,0,0,0,0,0,4,1,13
,2018_06329,39.67663715,-104.9394575,2/5/2018 11:00,11:00,6,0,0,WARREN AVENUE 4000 BLOCK EAST & ALBION STREET SOUTH,1,1,0,0,1,4,,0,25,0,0,0,0,0,4,2,13
,2018_06330,39.70668157,-104.9863092,10/17/2018 7:55,7:55,12,0,0,LINCOLN STREET SOUTH & VIRGINIA AVENUE EAST,1,1,0,0,1,4,,0,30,0,0,0,0,0,4,2,2
,2018_06333,39.70133768,-105.0074887,5/26/2018 6:30,6:30,6,0,0,QUIVAS STREET 800 BLOCK SOUTH & PETERSON WAY SOUTH,1,3,0,0,1,4,,0,25,0,0,0,0,0,4,3,14
,2018_06334,39.78364172,-104.7914557,12/16/2018 18:56,18:56,12,0,0,PENA BOULEVARD 4700 BLOCK & GREEN VALLEY RANCH BOULEVARD,1,3,0,0,1,3,,0,45,0,0,0,0,0,4,2,13
,2018_06335,39.76322583,-105.0053394,2/11/2018 11:40,11:40,6,0,0,33RD AVENUE 1600 BLOCK WEST & OSAGE STREET,2,1,1,0,1,4,,0,25,0,0,0,0,0,4,2,13
,2018_06336,39.76322613,-105.0054105,9/21/2018 21:30,21:30,6,0,0,33RD AVENUE WEST & OSAGE STREET NORTH,1,3,0,0,1,4,,0,30,0,0,0,0,0,4,2,14
,2018_06338,39.7836406,-104.7912139,8/14/2018 8:03,8:03,12,0,0,GREEN VALLEY RANCH BOULEVARD EAST & PENA BOULEVARD NORTH,1,1,0,0,1,4,,0,40,0,0,0,0,0,4,2,13
,2018_06339,39.76204092,-105.0088381,5/7/2018 12:15,12:15,15,0,0,32ND AVENUE 1800 BLOCK WEST & 18TH STREET,1,1,0,0,1,4,,0,30,0,0,0,0,0,4,2,14
,2018_06340,39.7324281,-104.986128,7/3/2018 13:08,13:08,6,0,0,LINCOLN STREET NORTH & 10TH AVENUE EAST,1,1,1,0,1,4,,0,30,0,0,0,0,0,4,2,13
,2018_06342,39.73700015,-104.9861288,7/18/2018 8:18,8:18,15,0,0,13TH AVENUE EAST & LINCOLN STREET NORTH,1,1,0,0,1,2,,0,,0,0,0,0,0,4,2,7
,2018_06343,39.79835925,-104.7826129,7/17/2018 19:16,19:16,15,0,0,56TH AVENUE EAST & PENA BOULEVARD,1,1,0,0,1,4,,0,45,0,0,0,0,0,4,2,13
,2018_06344,39.69676425,-104.9827377,3/28/2018 16:45,16:45,12,0,0,LOGAN STREET 1000 BLOCK SOUTH & MISSISSIPPI AVENUE EAST,2,1,0,2,1,4,,0,30,0,0,0,0,0,4,4,13
,2018_06345,39.75884483,-105.0026868,5/31/2018 14:59,14:59,6,0,0,LITTLE RAVEN STREET & 19TH STREET,1,1,0,0,1,3,,0,25,0,0,0,0,0,4,2,8
,2018_06346,39.73030387,-104.9601726,8/20/2018 20:30,20:30,6,0,0,YORK STREET 800 BLOCK NORTH & NINTH AVENUE EAST,1,3,1,0,1,4,,0,30,0,0,0,0,0,4,2,7
,2018_06348,39.72996031,-104.9986247,10/26/2018 13:33,13:33,12,0,1,SANTA FE DRIVE NORTH NORTHBOUND & NINTH AVENUE WEST,1,1,0,0,1,4,,0,35,0,0,0,0,1,4,2,14
,2018_06349,39.66771905,-105.041758,12/26/2018 21:12,21:12,5,0,0,RALEIGH STREET SOUTH & YALE AVENUE WEST,2,3,0,0,3,4,,0,35,0,0,0,0,0,4,1,13
,2018_06352,39.77916137,-104.9593759,5/2/2018 8:05,8:05,15,0,1,YORK STREET 4500 NORTH & 45TH AVENUE EAST,2,1,0,1,1,4,,0,30,0,0,0,0,1,4,2,7
,2018_06353,39.66576527,-104.965284,2/5/2018 19:06,19:06,6,0,2,HIGH STREET 2800 BLOCK NORTH & 29TH STREET EAST,1,3,0,0,1,4,,0,25,0,0,0,0,1,4,2,15
,2018_06354,39.7428077,-104.9915166,6/12/2018 16:42,16:42,12,0,0,GLENARM PLACE 1500 BLOCK & 16TH STREET,1,1,0,1,1,4,,0,25,0,0,0,0,0,4,2,14
,2018_06356,39.7230248,-104.9862364,6/28/2018 7:45,7:45,15,0,0,LINCOLN STREET 400 BLOCK N & FOURTH AVENUE EAST,1,1,0,0,1,4,,0,30,0,0,0,0,0,4,2,1
,2018_06357,39.77313436,-104.807159,6/1/2018 18:05,18:05,5,0,0,40TH AVENUE 15500 BLOCK EAST & ANDREWS WAY,1,1,0,0,1,4,,0,35,0,0,0,0,0,4,1,13
,2018_06358,39.74941952,-105.0001138,5/21/2018 12:55,12:55,12,0,0,BLAKE STREET 1500 BLOCK & 16TH STREET,1,1,0,0,1,4,,0,30,0,0,0,0,0,4,2,13
,2018_06359,39.78572468,-104.883097,8/31/2018 15:35,15:35,15,0,0,CENTRAL PARK BOULEVARD NORTH & NORTHFIELD BOULEVARD EAST,1,1,0,0,1,4,,0,35,0,0,0,0,0,4,2,7
,2018_06360,39.72570292,-104.9985727,4/15/2018 22:41,22:41,12,0,0,SIXTH AVENUE WEST & SANTA FE DRIVE NORTH,1,3,0,0,1,3,,0,35,0,0,0,0,0,4,2,5
,2018_06361,39.78397755,-105.0158387,7/16/2018 14:51,14:51,12,0,1,48TH AVENUE 2300 WEST & ZUNI STREET NORTH,1,1,0,0,1,3,,0,30,0,0,0,0,1,4,2,13
,2018_06374,39.79015014,-104.8566283,10/15/2018 6:39,6:39,3,0,0,LIMA STREET NORTH & 51ST AVENUE EAST,1,2,0,0,1,1,,0,30,0,0,0,0,0,4,2,13
,2018_06377,39.74383255,-104.9610057,12/7/2018 9:20,9:20,6,0,0,GAYLORD STREET 1700 BLOCK NORTH & 17TH AVENUE EAST,1,1,0,0,1,4,,0,25,0,0,0,0,0,4,2,7
,2018_06379,39.74485707,-104.9874184,7/31/2018 14:37,14:37,15,0,0,18TH AVENUE EAST & BROADWAY NORTH,1,1,1,0,1,4,,0,35,0,0,0,0,0,4,2,14
,2018_06382,39.77474544,-104.8123921,12/13/2018 15:45,15:45,6,0,0,ANDREWS DRIVE 15100 BLOCK EAST & FRASER WAY NORTH,1,1,0,0,1,4,,0,35,0,0,0,0,0,4,2,14
,2018_06384,39.71149748,-104.9425967,1/12/2018 13:10,13:10,12,0,1,ALAMEDA AVENUE 3800 BLOCK EAST & JACKSON STREET SOUTH,1,1,0,0,1,4,,0,30,0,0,0,0,1,4,3,7
,2018_06390,39.74068918,-104.9911825,4/19/2018 13:44,13:44,12,0,0,COURT PLACE 1400 BLOCK & 15TH STREET,1,1,0,0,1,4,,0,30,0,0,0,0,0,4,2,13
,2018_06391,39.78206812,-104.9018814,8/30/2018 6:30,6:30,12,0,0,NORTHFIELD QUEBEC STREET NORTH & SAND CREEK ROAD NORTH,1,2,1,0,1,4,,0,40,0,0,0,0,0,4,2,7
,2018_06392,39.730483,-104.9128115,5/9/2018 7:15,7:15,12,0,0,MONACO STREET NORTH & NINTH AVENUE EAST,1,1,0,0,1,3,,0,35,0,0,0,0,0,4,2,13
,2018_06394,39.7542107,-104.9893881,9/23/2018 18:36,18:36,12,0,0,22ND STREET & LAWRENCE STREET,1,1,0,0,1,3,,0,30,0,0,0,0,0,4,2,5
,2018_06398,39.7440619,-104.9999643,6/12/2018 9:44,9:44,15,0,0,SPEER BOULEVARD 900 BLOCK NORTH & ARAPAHOE STREET,1,1,0,0,1,4,,0,35,0,0,0,0,0,4,2,13
,2018_06399,39.69512549,-104.9128904,8/19/2018 2:36,2:36,6,0,0,MONACO STREET 1200 BLOCK SOUTH & ARIZONA AVENUE EAST,1,4,0,0,1,4,,0,40,0,0,0,0,0,4,3,13
,2018_06401,39.75229937,-104.9965922,5/11/2018 22:09,22:09,12,0,1,BLAKE STREET 1800 BLOCK & 18TH STREET,1,3,0,0,1,4,,0,30,0,0,0,1,2,4,2,7
,2018_06408,39.74946943,-104.9929067,11/25/2018 10:30,10:30,6,0,0,ARAPAHOE STREET 1800 BLOCK & 19TH STREET,5,1,0,0,1,4,,0,30,0,0,0,0,0,4,2,13
,2018_06409,39.74701095,-104.9874359,8/19/2018 14:00,14:00,12,0,0,19TH STREET 600 BLOCK & BROADWAY STREET NORTH,1,1,0,0,1,3,,0,30,0,0,0,0,0,4,2,13
,2018_06410,39.7167801,-104.9037022,1/22/2018 9:33,9:33,12,0,0,QUEBEC STREET SOUTH & LOWRY BOULEVARD EAST,5,1,0,0,1,3,,0,35,0,0,0,0,0,4,2,13
,2018_06411,39.74069555,-104.9911908,3/8/2018 15:15,15:15,15,0,0,COURT PLACE & 14TH STREET,2,1,0,0,1,4,,0,,0,0,0,0,0,4,2,13
,2018_06413,39.71837356,-104.9679242,1/10/2018 8:05,8:05,12,0,0,FIRST AVENUE 1500 BLOCK EAST & GILPIN STREET NORTH,1,1,0,0,1,4,,0,30,0,0,0,0,0,4,3,3
,2018_06416,39.6786602,-105.0203694,11/16/2018 15:43,15:43,12,0,0,EVANS AVENUE WEST & CLAY STREET SOUTH,1,1,0,0,1,1,,0,35,0,0,0,0,0,4,2,10
,2018_06419,39.74338806,-104.913983,4/20/2018 16:19,16:19,12,0,0,17TH AVENUE EAST & LOCUST STREET NORTH,2,1,0,1,1,4,,0,30,0,0,0,0,0,4,2,1
,2018_06429,39.75739542,-104.9885874,8/21/2018 22:14,22:14,6,0,0,WALNUT STREET & 24TH STREET,1,3,0,0,1,4,,0,30,0,0,0,0,0,4,2,13
,2018_06430,39.79834718,-104.8529189,9/13/2018 17:03,17:03,12,0,0,56TH AVENUE EAST & PEORIA STREET NORTH,1,1,0,0,1,4,,0,40,0,0,0,0,0,4,2,13
,2018_06438,39.71153232,-104.9419898,1/25/2018 8:06,8:06,12,0,0,ALAMEDA AVENUE 3700 BLOCK EAST & JACKSON STREET SOUTH,1,1,0,0,1,4,,0,35,0,0,0,0,0,4,3,16
,2018_06439,39.7726384,-104.959496,9/5/2018 9:55,9:55,15,0,0,YORK STREET 3900 NORTH & 40TH AVENUE EAST,1,1,0,0,1,4,,0,30,0,0,0,0,0,4,2,7
,2018_06440,39.7507392,-104.9848585,4/17/2018 16:57,16:57,12,0,1,CALIFORNIA STREET & 22ND STREET,1,1,0,6,1,4,,0,25,0,0,0,0,1,4,2,14
,2018_06443,39.75144778,-104.9954838,10/14/2018 1:54,1:54,15,0,0,MARKET STREET 1800 BLOCK & 20TH STREET,2,3,0,2,1,4,,0,30,0,0,0,0,0,4,2,1
,2018_06444,39.74217266,-105.0451701,3/5/2018 13:05,13:05,8,0,0,16TH AVENUE 4500 BLOCK WEST & UTICA STREET NORTH,1,1,1,0,1,4,,0,30,0,0,0,0,0,4,2,1
,2018_06448,39.73370026,-104.9741339,11/20/2018 2:00,2:00,6,0,0,CORONA STREET 1000 BLOCK NORTH  & 11TH AVENUE EAST,1,3,0,0,1,3,,0,25,0,0,0,0,0,4,3,13
,2018_06449,39.75839433,-105.0069527,1/31/2018 19:25,19:25,12,0,0,17TH STREET & PLATTE STREET,1,3,0,0,1,2,,0,25,0,0,0,0,0,4,2,9
,2018_06450,39.77832898,-104.9793608,10/23/2018 19:26,19:26,12,0,0,WASHINGTON STREET NORTH & 45TH AVENUE EAST,1,3,0,0,1,4,,0,30,0,0,0,0,0,4,2,13
,2018_06451,39.75840089,-105.0021118,5/21/2018 17:30,17:30,6,0,0,19TH STREET & BASSETT STREET,1,1,0,0,1,4,,0,20,0,0,0,0,0,4,2,5
,2018_06453,39.79819034,-104.9033941,6/8/2018 17:28,17:28,12,0,0,QUEBEC STREET NORTH & 56TH AVENUE EAST,1,1,0,0,1,3,,0,35,0,0,0,0,0,4,3,12
,2018_06455,39.77912688,-104.9246403,9/24/2018 7:17,7:17,12,0,0,STAPLETON DRIVE NORTH & GRAPE STREET NORTH,1,1,0,0,1,4,,0,40,0,0,0,0,0,4,2,16
,2018_06458,39.78193035,-104.9872371,7/2/2018 9:30,9:30,6,0,0,BROADWAY STREET 4700 BLOCK NORTH & 48TH AVENUE EAST,1,1,0,0,1,4,,0,25,0,0,0,0,0,4,2,13
,2018_06459,39.75072711,-104.9708921,7/6/2018 13:57,13:57,15,0,0,LAFAYETTE STREET NORTH & 23RD AVENUE EAST,1,1,0,0,1,4,,0,25,0,0,0,0,0,4,2,13
,2018_06462,39.74795106,-105.0006516,8/13/2018 10:00,10:00,15,0,0,MARKET STREET 1400 EAST & 14TH STREET,1,1,0,0,1,4,,0,25,0,0,0,0,0,4,2,16
,2018_06465,39.78553456,-104.8905,12/12/2018 15:07,15:07,12,0,0,NORTHFIELD BOULEVARD & VERBENA STREET NORTH,1,1,0,0,1,3,,0,35,0,0,0,0,0,4,2,13
,2018_06469,39.71660433,-104.9921484,12/30/2018 13:30,13:30,6,0,0,CHEROKEE STREET SOUTH & ELLSWORTH AVENUE WEST,1,1,0,0,1,3,,0,25,0,0,0,0,0,4,2,13
,2018_06470,39.68533382,-104.9034336,11/17/2018 15:30,15:30,12,0,0,QUEBEC STREET SOUTH & CHERRY CREEK SOUTH DRIVE EAST,5,2,1,1,1,4,,0,35,0,0,0,0,0,4,2,7
,2018_06471,39.75554278,-104.9911133,10/7/2018 18:00,18:00,15,0,0,22ND STREET & MARKET STREET,2,1,0,1,1,4,,0,30,0,0,0,0,0,4,2,16