id,drcog_id,latitude,longitude,crashtime,time,crashtype,numbkilled,numbinjurd,drcoglocat,rdconditin,lightngcon,roadcntgrd,weatherco,location,roaddescrp,schoolzone,constrzone,splimit,bikeinv,pedinv,sctrinv,motoinv,svrty,rdsystem,ttlvehcls,hcf
,2018_06475,39.77732079,-104.814078,7/25/2018 17:58,17:58,15,0,0,46TH AVENUE 15050 EAST & FREEPORT WAY NORTH,1,1,0,0,1,4,,0,40,0,0,0,0,0,4,2,7
,2018_06476,39.78421935,-104.831376,8/22/2018 23:10,23:10,5,0,0,CROWN BOULEVARD NORTH & ANDREWS DRIVE EAST,1,3,0,0,2,4,,0,25,0,0,0,0,0,4,1,13
,2018_06477,39.75873188,-105.0158352,11/21/2018 9:15,9:15,12,0,0,ZUNI STREET 2900 BLOCK NORTH & 29TH AVENUE WEST,1,1,0,0,1,1,,0,30,0,0,0,0,0,4,2,13
,2018_06478,39.70802454,-104.8790589,1/12/2018 7:15,7:15,15,0,0,ALAMEDA AVENUE 9500 BLOCK EAST & CLINTON STREET SOUTH,1,1,0,0,1,3,,0,,0,0,0,0,0,4,2,13
,2018_06479,39.75855462,-105.0023142,6/5/2018 13:22,13:22,12,0,0,19TH STREET 2100 BLOCK & BASSET STREET,1,1,0,0,1,4,,0,25,0,0,0,0,0,4,2,13
,2018_06480,39.74482813,-104.9709073,4/8/2018 13:53,13:53,15,0,0,18TH AVENUE 1200 BLOCK EAST & LAFAYETTE STREET NORTH,1,1,0,0,1,4,,0,35,0,0,0,0,0,4,2,13
,2018_06482,39.77927192,-105.0017144,7/3/2018 12:59,12:59,15,0,0,MARIPOSA WAY 4571 NORTH & LIPAN STREET NORTH,1,1,0,0,1,3,,0,30,0,0,0,0,0,4,2,14
,2018_06485,39.73686345,-104.9848575,2/16/2018 6:50,6:50,6,0,0,13TH AVENUE EAST & SHERMAN STREET NORTH,5,1,1,0,2,4,,0,30,0,0,0,0,0,4,2,13
,2018_06492,39.69578723,-104.9804293,11/1/2018 11:43,11:43,5,0,0,PEARL STREET SOUTH & BUCHTEL BOULEVARD EAST,1,1,0,0,3,4,,0,25,0,0,0,0,0,4,2,13
,2018_06495,39.67611294,-104.9652396,5/19/2018 17:47,17:47,12,0,0,HIGH STREET 2200 BLOCK SOUTH & WARREN AVENUE EAST,1,1,0,0,1,4,,0,25,0,0,0,0,0,4,2,12
,2018_06497,39.79817979,-104.8448406,10/10/2018 7:10,7:10,12,0,2,QUENTIN STREET NORTH & 56TH AVENUE EAST,2,1,0,0,1,4,,0,40,0,0,0,0,1,4,3,4
,2018_06499,39.78361922,-104.7744051,9/21/2018 18:42,18:42,12,0,0,GREEN VALLEY RANCH BOULEVARD EAST & YAMPA STREET NORTH,1,1,0,0,1,3,,0,35,0,0,0,0,0,4,2,1
,2018_06500,39.72881247,-104.9861523,3/15/2018 12:57,12:57,15,0,0,LINCOLN STREET NORTH & EIGHTH AVENUE EAST,1,1,0,0,1,4,,0,30,0,0,0,0,0,4,2,13
,2018_06501,39.74550531,-104.9610021,3/6/2018 10:04,10:04,6,0,0,GAYLORD STREET 1855 NORTH & 18TH AVENUE EAST,1,1,0,0,1,4,,0,,0,0,0,0,0,4,2,13
,2018_06502,39.68199673,-104.9863492,1/16/2018 18:12,18:12,6,0,0,LINCOLN STREET SOUTH & JEWELL AVENUE EAST,1,3,0,0,1,4,,0,25,0,0,0,0,0,4,2,13
,2018_06504,39.72101447,-104.9594349,1/26/2018 16:13,16:13,12,0,1,THIRD AVENUE EAST & UNIVERSITY BOULEVARD NORTH,1,2,0,0,1,3,,0,35,0,0,0,0,1,4,2,7
,2018_06505,39.71527767,-104.9485854,11/29/2018 8:22,8:22,3,0,0,ADAMS STREET 000 BLOCK SOUTH & BAYAUD AVENUE EAST,1,1,0,0,1,5,,0,25,0,0,0,0,0,4,2,13
,2018_06506,39.71951284,-104.9570621,3/25/2018 10:15,10:15,6,0,0,COLUMBINE STREET NORTH & SECOND AVENUE EAST,1,1,0,0,1,4,,0,20,0,0,0,0,0,4,2,14
,2018_06509,39.70384519,-104.9496927,12/4/2018 9:00,9:00,6,0,0,EXPOSITION 3400 BLOCK EAST & STEELE STREET SOUTH,1,1,0,0,1,4,,0,30,0,0,0,0,0,4,2,13
,2018_06510,39.71120112,-104.9233779,4/12/2018 19:26,19:26,12,0,0,HUDSON STREET SOUTH & ALAMEDA AVENUE EAST,1,3,0,0,1,4,,0,35,0,0,0,0,0,4,2,1
,2018_06515,39.72307506,-104.959447,7/11/2018 15:30,15:30,12,0,0,UNIVERSITY BOULEVARD 400 NORTH & FOURTH AVENUE EAST,1,1,0,0,1,4,,0,30,0,0,0,0,0,4,2,1
,2018_06516,39.75065483,-104.9597663,2/19/2018 17:32,17:32,12,0,1,YORK STREET NORTH & 23RD AVENUE EAST,4,2,0,2,1,3,,0,30,0,0,0,0,1,4,2,1
,2018_06517,39.77793726,-105.0462856,7/2/2018 0:10,0:10,6,0,0,VRAIN STREET 4480 NORTH & 45TH AVENUE WEST,1,3,0,0,1,4,,0,25,0,0,0,0,0,4,2,14
,2018_06520,39.74467274,-104.9861173,7/24/2018 14:20,14:20,15,0,0,LINCOLN STREET 1700 NORTH & 18TH AVENUE EAST,1,1,0,0,1,4,,0,30,0,0,0,0,0,4,2,13
,2018_06521,39.73204142,-104.9857515,6/11/2018 8:58,8:58,12,0,0,LINCOLN STREET 1000 BLOCK NORTH & 11TH AVENUE EAST,1,1,0,0,1,4,,0,30,0,0,0,0,0,4,2,3
,2018_06522,39.66852129,-105.0227627,9/19/2018 14:57,14:57,6,0,0,DECATUR STREET SOUTH & COLLEGE AVENUE WEST,1,1,0,0,1,3,,0,25,0,0,0,0,0,4,2,13
,2018_06523,39.67287975,-104.9579484,9/26/2018 13:00,13:00,12,0,0,UNIVERSITY JOSEPHINE SOUTH & WESLEY AVENUE EAST,1,1,1,0,1,5,,0,15,0,0,0,0,0,4,2,13
,2018_06525,39.75027817,-104.9873899,9/11/2018 19:04,19:04,12,0,0,STOUT STREET & BROADWAY STREET NORTH,1,2,0,0,1,4,,0,35,0,0,0,0,0,4,2,14
,2018_06527,39.77291159,-104.9546506,5/31/2018 11:24,11:24,12,0,0,40TH AVENUE 2600 BLOCK EAST & CLAYTON STREET NORTH,1,1,0,0,1,3,,0,35,0,0,0,0,0,4,3,3
,2018_06528,39.72592789,-104.9863153,8/19/2018 16:52,16:52,15,0,0,LINCOLN STREET 600 NORTH & SPEER BOULEVARD EAST,1,1,1,0,1,4,,0,40,0,0,0,0,0,4,2,13
,2018_06531,39.79839148,-104.7871326,8/1/2018 18:47,18:47,15,0,0,56TH AVENUE EAST & PENA BOULEVARD NORTH,1,1,0,0,1,3,,0,45,0,0,0,0,0,4,2,12
,2018_06532,39.73072058,-104.9848684,7/20/2018 8:51,8:51,6,0,0,SHERMAN STREET NORTH & NINTH AVENUE EAST,1,1,0,0,1,4,,0,25,0,0,0,0,0,4,2,13
,2018_06533,39.74165402,-104.973395,8/3/2018 18:30,18:30,12,0,0,16TH AVENUE EAST & DOWNING STREET NORTH,1,1,0,0,1,1,,0,30,0,0,0,0,0,4,2,16
,2018_06537,39.69667031,-104.9617374,8/24/2018 23:02,23:02,6,0,0,MISSISSIPPI AVENUE EAST & GAYLORD STREET SOUTH,1,3,0,0,1,4,,0,25,0,0,0,0,0,4,2,13
,2018_06540,39.66287042,-105.0481697,11/2/2018 7:55,7:55,6,0,0,WINONA COURT 2800 BLOCK SOUTH & BATES AVENUE WEST,1,1,1,0,1,4,,0,25,0,0,0,0,0,4,2,13
,2018_06541,39.69887526,-104.9035489,10/31/2018 13:30,13:30,12,0,0,QUEBEC STREET 900 BLOCK SOUTH & LEETSDALE DRIVE,1,1,1,0,1,3,,0,25,0,0,0,0,0,4,2,13
,2018_06542,39.68954587,-105.0529763,4/3/2018 15:51,15:51,3,0,1,FLORIDA AVENUE WEST & SHERIDAN BOULEVARD SOUTH,1,1,0,0,1,2,,0,25,0,0,0,0,1,4,2,3
,2018_06543,39.71118158,-104.9340097,6/16/2018 13:00,13:00,12,0,0,ALAMEDA AVENUE 4500 BLOCK EAST & CHERRY STREET SOUTH,1,1,1,0,1,4,,0,35,0,0,0,0,0,4,2,16
,2018_06544,39.73204443,-104.9873451,9/29/2018 1:20,1:20,6,0,0,10TH AVENUE EAST & BROADWAY STREET NORTH,1,3,1,0,1,4,,0,25,0,0,0,0,0,4,4,13
,2018_06546,39.75643711,-104.9361192,9/17/2018 15:02,15:02,6,0,0,28TH AVENUE EAST & BIRCH STREET NORTH,1,1,0,0,1,3,,0,30,0,0,0,0,0,4,2,13
,2018_06548,39.69667441,-104.9952911,9/18/2018 6:24,6:24,12,0,0,MISSISSIPPI AVENUE WEST & GALAPAGO STREET SOUTH,1,2,0,0,1,4,,0,30,0,0,0,0,0,4,2,16
,2018_06551,39.76941348,-105.0303059,7/5/2018 18:32,18:32,12,0,0,38TH AVENUE WEST & IRVING STREET NORTH,1,1,0,0,1,4,,0,,0,0,0,0,0,4,3,13
,2018_06552,39.76941348,-105.0303059,9/30/2018 13:40,13:40,3,0,0,38TH AVENUE WEST & IRVING STREET NORTH,1,1,0,0,1,2,,0,35,0,0,0,0,0,4,2,13
,2018_06553,39.76711644,-105.0322908,8/30/2018 20:47,20:47,6,0,0,JULIAN STREET 3600 NORTH & 37TH AVENUE WEST,1,3,0,0,1,4,,0,35,0,0,0,0,0,4,2,13
,2018_06554,39.67260522,-104.9579493,3/31/2018 13:00,13:00,12,0,0,JOSEPHINE STREET SOUTH & WESLEY AVENUE EAST,1,1,1,0,1,2,,0,,0,0,0,0,0,4,2,13
,2018_06555,39.76928757,-105.007163,8/6/2018 0:03,0:03,6,0,1,38TH AVENUE 1700 WEST & PECOS STREET NORTH,1,3,0,0,1,4,,0,30,0,0,0,0,1,4,2,14
,2018_06558,39.74935791,-104.9609936,12/7/2018 19:06,19:06,6,0,0,22ND AVENUE EAST & GAYLORD STREET NORTH,1,3,0,0,1,4,,0,25,0,0,0,0,0,4,2,13
,2018_06559,39.66759876,-104.9597456,7/31/2018 12:06,12:06,15,0,0,UNIVERSITY BOULEVARD SOUTH & YALE AVENUE EAST,1,1,0,0,1,3,,0,30,0,0,0,0,0,4,2,13
,2018_06560,39.71119342,-104.9968654,9/21/2018 8:56,8:56,12,0,0,ALAMEDA AVENUE WEST & SANTA FE DRIVE SOUTH,1,1,0,0,1,4,,0,30,0,0,0,0,0,4,2,16
,2018_06563,39.71955472,-104.9874925,9/15/2018 2:00,2:00,15,0,0,SECOND AVENUE EAST & BROADWAY STREET NORTH,1,3,0,0,1,4,,0,60,0,0,0,0,0,4,2,13
,2018_06564,39.73847397,-105.0379627,6/28/2018 7:17,7:17,6,0,0,14TH AVENUE WEST & OSCEOLA STREET NORTH,1,2,0,0,1,4,,1,25,0,0,0,0,0,4,2,13
,2018_06565,39.78362625,-104.7775371,10/3/2018 14:36,14:36,12,0,0,WALDEN STREET NORTH & GREEN VALLEY RANCH BOULEVARD EAST,1,1,0,0,1,4,,0,30,0,0,0,0,0,4,2,14
,2018_06571,39.73890422,-105.0381502,7/6/2018 22:50,22:50,6,0,0,OSCEOLA STREET NORTH & 14TH AVENUE WEST,1,4,0,0,1,4,,0,25,0,0,0,0,0,4,2,13
,2018_06572,39.78388501,-104.8117862,10/1/2018 16:56,16:56,3,0,0,FRASER WAY NORTH & GATEWAY AVENUE EAST,1,1,0,0,1,1,,0,35,0,0,0,0,0,4,2,13
,2018_06577,39.68945114,-105.0357438,9/6/2018 7:36,7:36,12,0,0,FLORIDA AVENUE 3700 WEST & MEADE STREET SOUTH,1,1,0,0,1,4,,0,30,0,0,0,0,0,4,2,16
,2018_06578,39.76829327,-104.9659464,6/14/2018 7:03,7:03,6,0,0,WILLIAM STREET NORTH & 37TH AVENUE EAST,1,1,0,0,1,4,,0,25,0,0,0,0,0,4,2,3
,2018_06579,39.68944176,-105.0348937,10/19/2018 7:33,7:33,12,0,0,FLORIDA AVENUE 3600 BLOCK WEST & LOWELL BOULEVARD SOUTH,1,1,0,0,1,4,,0,30,0,0,0,0,0,4,2,13
,2018_06580,39.73689811,-105.0093005,5/26/2018 11:19,11:19,15,0,0,13TH AVENUE 1700 BLOCK WEST & SHOSHONE STREET NORTH,1,1,0,0,1,4,,0,35,0,0,0,0,0,4,2,13
,2018_06581,39.7693988,-105.0297373,9/1/2018 12:54,12:54,15,0,0,38TH AVENUE WEST & IRVING STREET NORTH,1,1,0,0,1,4,,0,30,0,0,0,0,0,4,2,13
,2018_06582,39.7750485,-104.8099364,12/24/2018 18:05,18:05,12,0,0,ANDREWS DRIVE EAST & CHAMBERS ROAD NORTH,1,3,0,0,1,1,,0,40,0,0,0,0,0,4,2,7
,2018_06583,39.6933507,-105.0532135,10/29/2018 7:35,7:35,12,0,0,SHERIDAN BOULEVARD SOUTH & LOUISIANA AVENUE WEST,1,1,0,0,1,4,,0,40,0,0,0,0,0,4,2,7
,2018_06586,39.76928194,-105.0222621,4/22/2018 15:53,15:53,6,0,0,38TH AVENUE 2800 BLOCK WEST & DECATUR STREET NORTH,1,1,0,0,1,4,,0,35,0,0,0,0,0,4,2,13
,2018_06591,39.76927946,-105.0219775,3/30/2018 13:10,13:10,6,0,0,DECATUR STREET & 38TH AVENUE WEST,1,1,0,0,1,4,,0,45,0,0,0,0,0,4,2,13
,2018_06595,39.71140225,-104.9034858,9/19/2018 16:40,16:40,15,0,0,QUEBEC STREET NORTH & ALAMEDA AVENUE EAST,1,1,0,0,1,4,,0,40,0,0,0,0,0,4,2,7
,2018_06596,39.66768639,-105.0360022,1/19/2018 17:32,17:32,12,0,2,YALE AVENUE 3700 BLOCK WEST & MEADE STREET SOUTH,1,2,0,0,1,3,,0,30,0,0,0,0,2,4,3,1
,2018_06597,39.7646047,-104.9597588,2/18/2018 15:44,15:44,1,0,0,YORK STREET NORTH & BRUCE RANDOLPH AVENUE EAST,1,1,0,0,1,2,,0,30,0,0,0,0,0,4,2,1
,2018_06598,39.71413329,-104.9862851,6/14/2018 8:58,8:58,9,0,2,MAPLE AVENUE EAST & LINCOLN STREET NORTH,1,1,0,0,1,4,,0,,0,0,0,0,1,4,2,13
,2018_06604,39.69673695,-105.0102696,6/20/2018 15:26,15:26,12,0,1,MISSISSIPPI AVENUE WEST & RARITAN STREET SOUTH,1,1,0,0,1,4,,0,35,0,0,0,0,1,4,3,13
,2018_06605,39.72627891,-105.0016054,8/24/2018 22:33,22:33,12,0,0,SIXTH AVENUE WEST & KALAMATH STREET,1,3,0,0,1,4,,0,50,0,0,0,0,0,4,3,13
,2018_06606,39.76075326,-104.9724769,7/27/2018 14:06,14:06,15,0,0,31ST AVENUE EAST & MARION STREET NORTH,1,1,0,0,1,4,,0,35,0,0,0,0,0,4,2,16
,2018_06607,39.73686742,-104.9989782,7/12/2018 18:23,18:23,3,0,0,13TH AVENUE 900 BLOCK WEST & SANTA FE DRIVE NORTH,1,1,0,0,1,5,,0,15,0,0,0,0,0,4,2,13
,2018_06615,39.74696404,-104.973339,3/30/2018 13:50,13:50,12,0,0,DOWNING STREET NORTH & 20TH STREET EAST,1,1,0,0,1,3,,0,35,0,0,0,0,0,4,2,13
,2018_06617,39.67565293,-104.9828595,10/16/2018 15:03,15:03,14,0,1,LOGAN STREET SOUTH & ILIFF AVENUE EAST,1,1,0,0,1,4,,0,25,0,0,0,0,1,4,2,3
,2018_06618,39.73714668,-104.9798851,1/14/2018 2:08,2:08,14,0,0,PEARL STREET NORTH & 13TH AVENUE EAST,1,4,0,0,1,4,,0,30,0,0,0,0,0,4,2,16
,2018_06622,39.68932133,-104.9406539,3/1/2018 14:29,14:29,3,0,0,FLORIDA AVENUE 4000 BLOCK EAST & COLORADO BOULEVARD SOUTH,1,1,0,0,1,2,,0,,0,0,0,0,0,4,2,13
,2018_06624,39.73686734,-104.9984448,12/1/2018 17:40,17:40,3,0,0,13TH AVENUE 800 BLOCK WEST & SANTA FE DRIVE NORTH,1,3,0,0,1,2,,0,30,0,0,0,0,0,4,2,14
,2018_06626,39.77892654,-104.9494947,6/5/2018 14:00,14:00,12,0,0,45TH AVENUE EAST & STEELE STREET NORTH,1,1,0,0,1,4,,0,25,0,0,0,0,0,4,2,8
,2018_06629,39.73384776,-104.9846557,11/25/2018 7:30,7:30,6,0,0,11TH AVENUE 200 BLOCK EAST & SHERMAN STREET NORTH,5,1,1,0,1,4,,0,25,0,0,0,0,0,4,2,13
,2018_06634,39.7566782,-104.9998451,10/12/2018 9:40,9:40,6,0,0,CHESTNUT PLACE 1900 BLOCK & 20TH STREET,1,1,0,0,1,4,,0,25,0,0,0,0,0,4,2,13
,2018_06635,39.69297243,-104.9735858,3/13/2018 18:33,18:33,6,0,0,LOUISIANA AVENUE EAST & DOWNING STREET SOUTH,1,1,1,0,1,3,,0,30,0,0,0,0,0,4,2,13
,2018_06638,39.70931111,-104.9811839,1/10/2018 10:25,10:25,6,0,0,DAKOTA AVENUE 500 BLOCK EAST & PENNSYLVANIA STREET SOUTH,1,1,0,0,1,4,,0,25,0,0,0,0,0,4,2,13
,2018_06639,39.71226601,-105.0203403,1/16/2018 1:50,1:50,6,0,0,CLAY STREET SOUTH & ALAMEDA AVENUE WEST,5,4,0,2,1,4,,0,25,0,0,0,0,0,4,2,13
,2018_06641,39.76061221,-105.0044516,5/1/2018 13:30,13:30,2,0,1,20TH STREET & I 25 NORTHBOUND OFF RAMP,1,1,1,0,1,1,,0,30,1,0,0,0,1,1,2,13
,2018_06642,39.7113491,-104.9034897,3/19/2018 6:55,6:55,12,0,0,ALAMEDA AVENUE 7300 BLOCK EAST & QUEBEC STREET SOUTH,5,2,0,0,1,3,,0,40,0,0,0,0,0,4,2,16
,2018_06643,39.76948659,-105.0330163,11/12/2018 19:43,19:43,14,0,0,38TH AVENUE WEST & KING STREET NORTH,5,3,1,0,1,4,,0,35,0,0,0,0,0,4,2,13
,2018_06644,39.72927717,-104.9150164,9/1/2018 0:15,0:15,15,0,1,EIGHTH AVENUE EAST & LEYDEN STREET NORTH,1,3,0,0,1,4,,0,,0,0,0,0,1,4,2,13
,2018_06645,39.72927646,-104.9151944,11/21/2018 9:36,9:36,12,0,0,EIGHTH AVENUE 6200 BLOCK EAST & LEYDEN STREET NORTH,1,1,0,0,1,3,,0,30,0,0,0,0,0,4,3,7
,2018_06646,39.76952167,-105.0364637,8/10/2018 11:25,11:25,10,0,1,38TH AVENUE 3700 BLOCK WEST & NEWTON STREET NORTH,1,1,0,0,1,4,,0,35,0,0,0,0,1,4,2,1
,2018_06650,39.77528471,-105.0439641,9/1/2018 16:56,16:56,6,0,0,43RD AVENUE 4400 WEST & TENNYSON STREET NORTH,1,1,0,0,1,4,,0,15,0,0,0,0,0,4,2,13
,2018_06652,39.75032633,-105.0049143,10/31/2018 13:48,13:48,12,0,1,SPEER BOULEVARD & CHOPPER CIRCLE,1,1,1,0,1,4,,0,40,0,0,0,0,1,4,2,13
,2018_06662,39.7169863,-104.9862449,4/30/2018 16:53,16:53,12,0,1,LINCOLN STREET NORTH & FIRST AVENUE EAST,1,1,0,0,1,4,,0,30,0,0,0,0,1,4,2,3
,2018_06663,39.78362916,-104.7711547,5/16/2018 12:00,12:00,1,0,0,GREEN VALLEY RANCH BOULEVARD 18500 BLOCK EAST & TOWER ROAD NORTH,1,1,0,0,1,1,,0,35,0,0,0,0,0,4,2,13
,2018_06665,39.75101654,-104.903442,8/2/2018 10:31,10:31,15,0,0,QUEBEC STREET NORTH & 23RD AVENUE EAST,1,1,0,0,1,3,,0,35,0,0,0,0,0,4,2,3
,2018_06668,39.66767726,-104.9722657,4/14/2018 15:50,15:50,3,0,0,YALE AVENUE 1000 BLOCK EAST & YALE AVENUE EAST,1,1,0,0,1,1,,0,30,0,0,0,0,0,4,2,7
,2018_06670,39.76006048,-104.8668754,10/8/2018 6:39,6:39,12,0,0,MLK BOULEVARD EAST & HAVANA STREET NORTH,2,2,0,1,1,4,,0,30,0,0,0,0,0,4,2,8
,2018_06671,39.67303883,-104.9609157,8/23/2018 14:57,14:57,3,0,0,WESLEY AVENUE 220 BLOCK EAST & YORK STREET SOUTH,1,1,0,0,1,5,,0,25,0,0,0,0,0,4,4,13
,2018_06673,39.74000153,-104.9873902,11/5/2018 15:45,15:45,12,0,2,BROADWAY 1400 BLOCK NORTH & COLFAX AVENUE EAST,1,1,0,0,1,4,,0,30,0,0,0,0,1,4,3,13
,2018_06676,39.75849133,-105.0144802,12/8/2018 17:28,17:28,6,0,0,WYANDOT STREET NORTH & 29TH AVENUE WEST,1,3,1,0,1,4,,0,25,0,0,0,0,0,4,2,13
,2018_06677,39.7384796,-105.0342522,4/4/2018 5:55,5:55,5,0,0,14TH AVENUE 3500 BLOCK WEST & LOWELL BOULEVARD,1,1,0,0,1,4,,0,25,0,0,0,0,0,4,1,14
,2018_06678,39.76924493,-104.9176163,6/13/2018 17:24,17:24,12,0,0,38TH AVENUE & 500 BLOCK WEST,1,1,0,0,1,3,,0,35,0,0,0,0,0,4,2,7
,2018_06679,39.73437895,-104.9861275,6/26/2018 17:29,17:29,12,0,0,LINCOLN STREET NORTH & 11TH AVENUE,1,1,0,0,1,4,,0,35,0,0,0,0,0,4,3,13
,2018_06682,39.70789882,-104.9176087,7/6/2018 22:00,22:00,6,0,0,KEARNEY 400 BLOCK SOUTH & VIRGINA AVENUE EAST,1,3,0,0,1,4,,0,25,0,0,0,0,0,4,2,13
,2018_06684,39.7947782,-104.8105293,1/30/2018 16:25,16:25,12,0,0,MAXWELL PLACE 15200 BLOCK EAST & GRANBY STREET NORTH,1,1,0,0,1,4,,0,10,0,0,0,0,0,4,2,7
,2018_06686,39.78372459,-104.8098502,11/4/2018 22:58,22:58,12,0,0,CHAMBERS ROAD NORTH & GATEWAY AVENUE EAST,1,3,0,0,1,3,,0,45,0,0,0,0,0,4,2,5
,2018_06687,39.62802537,-104.9070698,4/17/2018 16:30,16:30,12,0,0,NEWPORT STREET SOUTH & UNION AVENUE EAST,1,1,0,0,1,4,,0,30,0,0,0,0,0,4,2,14
,2018_06688,39.76937886,-105.0464673,2/23/2018 11:31,11:31,14,0,0,38TH AVENUE WEST & VRAIN STREET NORTH,5,1,1,0,1,4,,0,35,0,0,0,0,0,4,2,13
,2018_06689,39.72570294,-104.9985727,7/6/2018 19:05,19:05,15,0,0,SIXTH AVENUE WEST & SANTA FE DRIVE NORTH,1,1,0,0,1,1,,0,30,0,0,0,0,0,4,2,13
,2018_06690,39.73173689,-104.9598387,11/4/2018 12:25,12:25,10,0,0,YORK STREET 1000 BLOCK NORTH & 11TH AVENUE EAST,1,1,0,0,1,2,,0,30,0,0,0,0,0,4,2,8
,2018_06691,39.71528977,-104.9862625,1/23/2018 14:12,14:12,12,0,1,LINCOLN STREET 0 BLOCK SOUTH & BAYAUD AVENUE EAST,1,1,0,0,1,2,,0,30,0,0,0,0,1,4,2,13
,2018_06695,39.78364018,-104.7911036,7/16/2018 13:30,13:30,15,0,0,GREEN VALLEY RANCH BOULEVARD EAST & PENA BOULEVARD,1,1,0,0,1,3,,0,40,0,0,0,0,0,4,2,13
,2018_06698,39.78364039,-104.7896134,11/30/2018 7:25,7:25,15,0,0,PENA BOULEVARD & GREEN VALLEY RANCH BOULEVARD,2,1,0,4,1,4,,0,30,0,0,0,0,0,4,2,13
,2018_06701,39.72093612,-104.9967753,9/29/2018 18:15,18:15,6,0,0,THIRD AVENUE WEST & GALAPAGO STREET NORTH,1,2,0,0,1,4,,0,,0,0,0,0,0,4,2,13
,2018_06703,39.73658857,-104.9861284,10/25/2018 11:55,11:55,12,0,0,LINCOLN STREET NORTH & 13TH AVENUE EAST,1,1,0,0,1,4,,0,30,0,0,0,0,0,4,2,13
,2018_06706,39.78378438,-104.8096647,7/4/2018 19:18,19:18,12,0,2,GREEN VALLEY RANCH BOULEVARD EAST & CHAMBERS ROAD NORTH,1,1,0,0,1,3,,0,40,0,0,0,0,2,4,2,14
,2018_06709,39.7836406,-104.7912139,10/6/2018 23:50,23:50,12,0,2,GREEN VALLEY RANCH BOULEVARD EAST & PENA BOULEVARD,1,3,0,0,1,4,,0,40,0,0,0,0,2,4,3,5
,2018_06710,39.7836458,-104.7891511,3/22/2018 7:19,7:19,15,0,0,GREEN VALLEY RANCH BOULEVARD & PENA BOULEVARD,1,1,0,0,1,4,,0,35,0,0,0,0,0,4,2,13
,2018_06712,39.71134596,-104.90349,10/11/2018 13:06,13:06,12,0,1,ALAMEDA AVENUE EAST & QUEBEC STREET SOUTH,1,1,0,0,1,4,,0,40,0,0,0,0,1,4,2,13
,2018_06715,39.79823449,-104.8471067,12/17/2018 0:00,0:00,12,0,1,56TH AVENUE EAST & PEORIA STREET NORTH,1,1,0,0,1,4,,0,40,0,0,0,0,1,4,2,1
,2018_06717,39.73519696,-104.9861236,12/18/2018 17:24,17:24,15,0,0,LINCOLN STREET NORTH & 12TH AVENUE EAST,1,2,0,0,1,4,,0,35,0,0,0,0,0,4,2,14
,2018_06718,39.73552663,-104.9861242,4/11/2018 14:48,14:48,12,0,0,LINCOLN STREET NORTH & 12TH AVENUE EAST,1,1,0,0,1,4,,0,35,0,0,0,0,0,4,3,12
,2018_06722,39.65332022,-104.8756552,12/16/2018 20:25,20:25,15,0,0,DAYTON STREET 3400 BLOCK SOUTH & HAMPDEN AVENUE EAST,1,3,0,0,1,4,,0,25,0,0,0,0,0,4,2,7
,2018_06723,39.68597969,-104.9672678,12/4/2018 14:25,14:25,6,0,0,GILPIN STREET 1700 BLOCK NORTH & 17TH AVENUE EAST,1,1,0,0,1,4,,0,30,0,0,0,0,0,4,2,13
,2018_06726,39.73687165,-104.97185,6/6/2018 8:43,8:43,15,0,0,13TH AVENUE 1300 BLOCK & MARION STREET NORTH,1,1,0,0,1,3,,0,30,0,0,0,0,0,4,2,3
,2018_06730,39.74930763,-104.9873951,11/21/2018 15:15,15:15,12,0,0,BROADWAY NORTH & 20TH STREET,1,1,0,0,1,4,,0,30,0,0,0,0,0,4,4,4
,2018_06733,39.76484843,-104.9789404,9/1/2018 23:20,23:20,12,0,0,32ND STREET & WALNUT STREET,1,3,0,0,1,4,,0,30,0,0,0,0,0,4,2,13
,2018_06734,39.74887523,-105.0033704,7/11/2018 14:35,14:35,12,0,0,SPEER BOULEVARD 1800 NORTH & WAZEE STREET,1,1,0,0,1,4,,0,30,0,0,0,0,0,4,2,13
,2018_06739,39.73745857,-104.9987187,12/7/2018 10:30,10:30,10,0,0,SANTA FE DRIVE 1300 BLOCK NORTH & 13TH AVENUE WEST,1,1,0,0,1,2,,0,30,0,0,0,0,0,4,2,13
,2018_06745,39.63563655,-105.0873748,1/3/2018 13:30,13:30,12,0,1,AMMONS STREET 4500 BLOCK SOUTH & STANFORD AVENUE WEST,1,1,0,0,1,3,,0,30,0,0,0,0,2,4,2,3
,2018_06747,39.68026206,-104.9579312,2/16/2018 10:39,10:39,5,0,0,ASBURY AVENUE 2400 BLOCK EAST & JOSEPHINE STREET SOUTH,5,1,0,0,2,3,,0,25,0,0,0,0,0,4,2,14
,2018_06748,39.75023956,-105.0047993,5/22/2018 16:21,16:21,12,0,2,SPEER BOULEVARD NORTH & WEWATTA STREET,2,1,1,1,1,3,,0,40,0,0,0,0,1,4,2,8
,2018_06751,39.76929405,-105.0146998,6/23/2018 15:35,15:35,6,0,0,WYANDOT STREET NORTH & 38TH AVENUE WEST,1,1,0,0,1,4,,0,35,0,0,0,0,0,4,2,7