id,drcog_id,latitude,longitude,crashtime,time,crashtype,numbkilled,numbinjurd,drcoglocat,rdconditin,lightngcon,roadcntgrd,weatherco,location,roaddescrp,schoolzone,constrzone,splimit,bikeinv,pedinv,sctrinv,motoinv,svrty,rdsystem,ttlvehcls,hcf
,2018_06755,39.68170456,-104.9536588,5/24/2018 17:20,17:20,12,0,0,BUCHTEL BOULEVARD & FILLMORE STREET SOUTH,1,1,0,0,1,4,,0,30,0,0,0,0,0,4,2,3
,2018_06756,39.76323186,-105.0142837,2/16/2018 9:07,9:07,3,0,0,WYANDOT STREET 3300 BLOCK NORTH & 34TH AVENUE WEST,1,1,0,0,1,1,,0,25,0,0,0,0,0,4,3,5
,2018_06763,39.79829789,-104.7698368,5/15/2018 2:25,2:25,5,0,0,56TH AVENUE EAST & ARGONNE STREET NORTH,2,3,0,0,3,4,,0,40,0,0,0,0,0,4,1,7
,2018_06764,39.74485764,-104.9874184,2/16/2018 10:06,10:06,12,0,0,18TH AVENUE EAST & BROADWAY NORTH,5,1,0,0,1,3,,0,30,0,0,0,0,0,4,2,7
,2018_06765,39.78944285,-104.9759735,11/29/2018 16:30,16:30,12,0,0,EMERSON STREET 5100 BLOCK NORTH & 51ST AVENUE WEST,1,1,1,0,1,4,,0,25,0,0,0,0,0,4,2,13
,2018_06767,39.73689499,-105.0103628,10/4/2018 17:18,17:18,15,0,0,SHOSHONE STREET 1300 BLOCK NORTH & 13TH AVENUE WEST,1,1,0,0,1,3,,0,25,0,0,0,0,0,4,2,13
,2018_06769,39.74455194,-104.9962045,12/7/2018 21:44,21:44,12,0,0,CHAMPA STREET 1400 BLOCK & 15TH STREET,1,3,0,0,1,4,,0,30,0,0,0,0,0,4,2,13
,2018_06770,39.77290455,-104.9498188,7/9/2018 7:55,7:55,12,0,0,STEELE STREET 3900 NORTH & 40TH AVENUE EAST,1,1,0,0,1,4,,0,25,0,0,0,0,0,4,2,1
,2018_06775,39.78550493,-104.8848,1/11/2018 16:00,16:00,15,0,0,NORTHFIELD BOULEVARD 8800 BLOCK EAST & YOSEMITE STREET NORTH,1,1,0,0,1,4,,0,35,0,0,0,0,0,4,2,3
,2018_06782,39.79839311,-104.7873122,11/20/2018 17:04,17:04,12,0,0,PENA BOULEVARD & 56TH AVENUE EAST,1,2,0,0,1,3,,0,45,0,0,0,0,0,4,2,1
,2018_06783,39.67824808,-104.9922506,3/19/2018 7:30,7:30,12,0,0,EVANS AVENUE 300 BLOCK WEST & DELAWARE STREET SOUTH,5,1,1,0,1,4,,0,35,0,0,0,0,0,4,3,13
,2018_06785,39.76200908,-104.927594,12/28/2018 14:52,14:52,5,0,0,MLK BOULEVARD 5200 BLOCK EAST & FOREST STREET NORTH,1,1,0,0,3,4,,0,35,0,0,0,0,0,4,1,5
,2018_06786,39.76562732,-104.9406453,5/22/2018 12:08,12:08,3,0,0,35TH AVENUE EAST & COLORADO BOULEVARD NORTH,1,1,0,0,1,2,,0,25,0,0,0,0,0,4,2,13
,2018_06787,39.71177099,-104.9461826,12/25/2018 1:55,1:55,5,0,0,CHERRY CREEK DRIVE 3200 BLOCK EAST & MADISON STREET,1,3,0,0,2,4,,0,,0,0,0,0,0,4,1,13
,2018_06788,39.74762594,-105.0021795,7/22/2018 1:30,1:30,12,0,0,MARKET STREET 1300 BLOCK & 14TH STREET,1,3,0,0,1,3,,0,30,0,0,0,0,0,4,2,13
,2018_06789,39.79378547,-104.903428,9/29/2018 16:39,16:39,12,0,0,53RD PLACE EAST & QUEBEC STREET NORTH,1,1,0,0,1,4,,0,35,0,0,0,0,0,4,2,3
,2018_06790,39.71472866,-104.9734387,2/27/2018 17:00,17:00,12,0,0,DOWNING STREET 000 BLOCK SOUTH & BAYAUD AVENUE EAST,1,1,0,0,1,3,,0,30,0,0,0,0,0,4,2,3
,2018_06791,39.73725957,-104.9586012,5/8/2018 12:08,12:08,10,0,0,JOSEPHINE STREET 1000 NORTH & 14TH AVENUE EAST,1,1,1,0,1,2,,0,30,0,0,0,0,0,4,2,3
,2018_06795,39.71142899,-104.9407887,5/17/2018 15:30,15:30,15,0,0,ALAMEDA AVENUE EAST & COLORADO BOULEVARD SOUTH,1,1,0,0,1,3,,0,35,0,0,0,0,0,4,2,13
,2018_06797,39.6241298,-104.8853274,4/26/2018 12:12,12:12,12,0,0,YOSEMITE STREET SOUTH & BELLEVEW AVENUE EAST,2,1,0,0,1,3,,0,35,0,0,0,0,0,4,2,13
,2018_06805,39.78384112,-105.0061678,9/10/2018 18:07,18:07,12,0,0,48TH AVENUE WEST & PECOS STREET NORTH,1,1,0,0,1,3,,0,30,0,0,0,0,0,4,2,1
,2018_06808,39.75891452,-105.0027505,5/31/2018 12:12,12:12,6,0,0,19TH STREET & LITTLE RAVEN STREET,1,1,0,0,1,4,,0,25,0,0,0,0,0,4,2,13
,2018_06809,39.67865971,-105.0203694,6/29/2018 18:32,18:32,12,0,3,EVANS AVENUE WEST & CLAY STREET SOUTH,1,1,0,0,1,1,,0,35,0,0,0,0,1,4,3,5
,2018_06811,39.79836802,-104.8970103,6/21/2018 8:15,8:15,15,0,0,56TH AVENUE 7800 BLOCK EAST & SPRUCE STREET NORTH,1,1,0,0,1,4,,0,45,0,0,0,0,0,4,3,1
,2018_06815,39.74810795,-105.0008019,6/6/2018 13:49,13:49,15,0,0,MARKET STREET & 14TH STREET,1,1,0,0,1,4,,0,30,0,0,0,0,0,4,2,8
,2018_06818,39.79799817,-104.9033935,10/5/2018 15:20,15:20,12,0,0,QUEBEC STREET NORTH & 56TH AVENUE EAST,1,1,0,6,1,4,,0,45,0,0,0,0,0,4,2,3
,2018_06820,39.70873264,-105.0363052,4/16/2018 17:33,17:33,6,0,0,MORRISON ROAD & MEADE STREET SOUTH,1,1,0,0,1,4,,0,30,0,0,0,0,0,4,3,1
,2018_06821,39.7967491,-104.9033899,2/26/2018 16:08,16:08,12,0,1,QUEBEC STREET NORTH & 56TH AVENUE EAST,1,1,1,0,1,4,,0,45,0,0,0,0,1,4,5,12
,2018_06822,39.78623387,-104.846971,12/21/2018 13:20,13:20,12,0,0,PEORIA STREET 4800 BLOCK NORTH & ANDREWS DRIVE EAST,1,1,0,0,1,4,,0,40,0,0,0,0,0,4,2,3
,2018_06827,39.70695973,-104.883597,2/16/2018 0:33,0:33,5,0,0,ALAMEDA AVENUE EAST & XENIA STREET SOUTH,5,3,1,0,2,4,,0,40,0,0,0,0,0,4,1,7
,2018_06828,39.71153714,-104.9399041,8/17/2018 13:41,13:41,1,0,0,ALAMEDA AVENUE 4100 EAST & COLORADO BOULEVARD SOUTH,1,1,0,0,1,1,,0,30,0,0,0,0,0,4,2,8
,2018_06830,39.7983878,-104.9027965,4/10/2018 17:10,17:10,15,0,1,56TH AVENUE 7300 BLOCK EAST & ROSLYN STREET NORTH,1,1,0,0,1,4,,0,,0,0,0,1,2,4,2,13
,2018_06832,39.78285102,-104.755442,1/20/2018 23:02,23:02,5,0,0,GREEN VALLEY RANCH BOULEVARD & HIMALAYA WAY NORTH,2,3,0,2,3,4,,0,35,0,0,0,0,0,4,1,5
,2018_06835,39.77719492,-104.8237793,3/27/2018 23:25,23:25,6,0,0,ANDREWS DRIVE 4300 BLOCK EAST & 44TH AVENUE EAST,1,3,0,0,1,4,,0,30,0,0,0,0,0,4,3,13
,2018_06840,39.69665926,-104.8917162,3/22/2018 14:15,14:15,12,0,0,MISSISSIPPI AVENUE 8300 BLOCK EAST & VALENTIA STREET SOUTH,1,1,0,0,1,4,,0,30,0,0,0,0,0,4,2,3
,2018_06841,39.75985227,-104.9597549,9/27/2018 17:33,17:33,6,0,0,CITY PARK ROAD 5 & YORK STREET NORTH,1,1,0,0,1,4,,0,10,0,0,0,0,0,4,2,7
,2018_06846,39.73336132,-104.987412,5/22/2018 13:05,13:05,5,0,0,BROADWAY STREET 1100 BLOCK NORTH & 12TH AVENUE EAST,1,1,0,0,1,4,,0,15,0,0,0,0,0,4,1,7
,2018_06847,39.71155365,-104.9404008,1/18/2018 14:16,14:16,12,0,2,ALAMEDA AVENUE 4000 BLOCK EAST & COLORADO BOULEVARD SOUTH,1,1,0,0,1,3,,0,35,0,0,0,0,1,4,2,3
,2018_06850,39.74869338,-105.0012986,9/1/2018 1:11,1:11,6,0,0,BLAKE STREET 1400 BLOCK & 15TH STREET,1,3,0,0,1,3,,0,25,0,0,0,0,0,4,3,5
,2018_06852,39.7352515,-104.9861233,5/31/2018 12:48,12:48,12,0,0,12TH AVENUE EAST & LINCOLN STREET NORTH,1,1,0,0,1,3,,0,30,0,0,0,0,0,4,2,14
,2018_06853,39.73199242,-104.9591561,3/15/2018 14:37,14:37,15,0,0,JOSEPHINE STREET 1000 BLOCK NORTH & 10TH AVENUE EAST,1,1,0,0,1,4,,0,25,0,0,0,0,0,4,2,14
,2018_06854,39.74849754,-104.9916547,9/10/2018 15:40,15:40,10,0,0,18TH STREET 900 BLOCK & CHAMPA STREET,1,1,0,0,1,4,,0,30,0,0,0,0,0,4,2,13
,2018_06856,39.76322345,-105.0097884,3/5/2018 14:20,14:20,6,0,0,33RD AVENUE WEST & SHOSHONE STREET NORTH,1,1,0,6,1,3,,0,30,0,0,0,0,0,4,2,3
,2018_06857,39.79838619,-104.8656068,11/8/2018 17:24,17:24,12,0,0,56TH AVENUE EAST & HAVANA STREET NORTH,1,2,0,0,1,4,,0,45,0,0,0,0,0,4,2,16
,2018_06858,39.78928877,-104.8446364,5/15/2018 21:14,21:14,12,0,0,51ST AVENUE EAST & QUENTIN STREET,1,3,0,0,1,4,,0,25,0,0,0,0,0,4,2,13
,2018_06860,39.77318802,-104.8098253,9/20/2018 20:11,20:11,12,0,0,40TH AVENUE EAST & CHAMBERS ROAD NORTH,1,3,0,0,1,3,,0,35,0,0,0,0,0,4,2,5
,2018_06861,39.71933202,-104.9786386,9/5/2018 12:45,12:45,12,0,0,SECOND AVENUE 700 BLOCK EAST & WASHINGTON STREET NORTH,1,1,0,0,1,5,,0,,0,0,0,0,0,4,2,13
,2018_06867,39.77671096,-104.9594117,8/10/2018 7:32,7:32,15,0,0,YORK STREET NORTH & 43RD AVENUE EAST,1,1,0,0,1,4,,0,35,0,0,0,0,0,4,2,8
,2018_06868,39.68216833,-105.0402695,5/5/2018 18:43,18:43,3,0,1,JEWELL AVENUE WEST & PERRY WAY SOUTH,1,1,0,0,1,1,,0,25,0,0,0,1,2,4,2,7
,2018_06871,39.783619,-104.7743162,11/24/2018 23:57,23:57,5,0,1,GREEN VALLEY RANCH BOULEVARD & YAMPA STREET NORTH,5,3,0,0,3,1,,0,25,0,0,0,0,2,4,1,14
,2018_06872,39.72894974,-104.9861525,11/18/2018 12:00,12:00,15,0,1,LINCOLN STREET 700 BLOCK NORTH & EIGHTH AVENUE EAST,1,1,0,0,1,4,,0,30,0,0,0,0,2,4,2,3
,2018_06873,39.7421775,-104.9709159,7/2/2018 17:00,17:00,6,0,0,LAFAYETTE SOUTH 1600 NORTH & PARK AVENUE,1,1,1,0,1,4,,0,,0,0,0,0,0,4,2,13
,2018_06874,39.73873952,-104.9902397,9/13/2018 12:40,12:40,15,0,0,BANNOCK STREET 1405 NORTH & 14TH AVENUE,1,1,0,0,1,4,,0,25,0,0,0,0,0,4,2,14
,2018_06877,39.6941633,-105.0263232,10/23/2018 13:20,13:20,15,0,1,GROVE STREET 1200 BLOCK SOUTH & ALABAMA PLACE WEST,1,1,0,0,1,4,,0,25,0,0,0,0,1,4,2,5
,2018_06878,39.69675241,-105.0180793,1/15/2018 8:32,8:32,14,0,0,MISSISSIPPI AVENUE WEST & BRYANT STREET SOUTH,5,1,0,2,1,4,,0,35,0,0,0,0,0,4,2,13
,2018_06879,39.68938953,-104.9795738,8/1/2018 12:10,12:10,3,0,0,FLORIDA AVENUE 600 BLOCK EAST & WASHINGTON STREET SOUTH,1,1,0,0,1,1,,0,25,0,0,0,0,0,4,2,13
,2018_06880,39.75947753,-104.9596219,1/15/2018 6:45,6:45,6,0,0,30TH AVENUE 2300 BLOCK EAST & YORK STREET NORTH,5,4,0,1,1,4,,0,25,0,0,0,0,0,4,3,7
,2018_06881,39.78792896,-104.9405589,6/12/2018 16:40,16:40,3,0,0,COLORADO BOULEVARD D NORTH & 50TH AVENUE EAST,1,1,0,0,1,2,,0,30,0,0,0,0,0,4,2,1
,2018_06883,39.79818175,-104.8450719,1/12/2018 13:49,13:49,12,0,1,56TH AVENUE EAST & QUENTIN STREET NORTH,1,1,0,0,1,1,,0,45,0,0,0,0,1,4,2,16
,2018_06884,39.79839459,-104.7874173,2/11/2018 21:46,21:46,1,0,1,56TH AVENUE EAST & PENA BOULEVARD,1,3,0,0,1,3,,0,40,0,0,0,0,1,4,2,7
,2018_06885,39.71120721,-104.9086136,4/17/2018 17:59,17:59,12,0,0,ALAMEDA AVENUE 6800 BLOCK EAST & NEWPORT WAY SOUTH,1,1,0,6,1,4,,0,35,0,0,0,0,0,4,2,8
,2018_06886,39.71472011,-104.9753124,5/2/2018 8:35,8:35,3,0,0,BAYAUD AVENUE 1000 BLOCK EAST & OGDEN STREET SOUTH,2,1,0,1,1,5,,0,15,0,0,0,0,0,4,2,16
,2018_06887,39.73684682,-104.9880827,2/16/2018 4:11,4:11,5,0,0,13TH AVENUE 000 BLOCK WEST & BROADWAY NORTH,5,3,1,2,2,4,,0,30,0,0,0,0,0,4,1,14
,2018_06889,39.70386336,-104.9591367,12/31/2018 9:02,9:02,14,0,0,EXPOSITION AVENUE 2400 BLOCK EAST & UNIVERSITY BOULEVARD SOUTH,4,1,0,2,1,1,,0,30,0,0,0,0,0,4,3,13
,2018_06895,39.71148481,-105.0500317,12/16/2018 18:48,18:48,12,0,0,XAVIER STREET 200 BLOCK SOUTH & ALAMEDA AVENUE WEST,1,4,0,0,1,4,,0,20,0,0,0,0,0,4,2,13
,2018_06898,39.71666458,-104.9593135,1/3/2018 17:25,17:25,15,0,0,UNIVERSITY BOULEVARD 000 BLOCK NORTH & CHERRY CREEK NORTH DRIVE,1,2,0,0,1,4,,0,35,0,0,0,0,0,4,2,13
,2018_06900,39.68769171,-105.014715,8/25/2018 6:30,6:30,6,0,0,WYANDOT STREET 1615 SOUTH & GUNNISON PLACE WEST,1,2,0,0,1,4,,0,25,0,0,0,0,0,4,2,13
,2018_06903,39.72536556,-104.9874438,12/1/2018 0:15,0:15,12,0,0,BROADWAY NORTH & SIXTH AVENUE EAST,2,3,0,0,1,4,,0,30,0,0,0,0,0,4,2,13
,2018_06909,39.79835334,-104.8546978,9/5/2018 17:30,17:30,12,0,0,56TH AVENUE EAST & OSWEGO STREET NORTH,2,1,0,1,1,4,,0,45,0,0,0,0,0,4,3,14
,2018_06912,39.72922839,-104.937289,9/17/2018 7:17,7:17,3,0,0,EIGHTH AVENUE EAST & BELLAIRE STREET NORTH,1,1,0,0,1,2,,0,30,0,0,0,0,0,4,2,13
,2018_06920,39.7311053,-104.9861311,12/3/2018 12:49,12:49,6,0,0,LINCOLN STREET 900 BLOCK NORTH & NINTH AVENUE EAST,1,1,0,0,1,4,,0,35,0,0,0,0,0,4,2,13
,2018_06923,39.68946289,-105.0292855,8/9/2018 17:27,17:27,15,0,0,FLORIDA AVENUE WEST & IRVING STREET SOUTH,1,1,0,0,1,4,,0,30,0,0,0,0,0,4,2,7
,2018_06924,39.744819,-104.9647552,3/22/2018 15:55,15:55,10,0,0,18TH AVENUE 1800 BLOCK EAST & WILLIAMS STREET NORTH,1,1,0,0,1,4,,0,30,0,0,0,0,0,4,2,13
,2018_06925,39.69949277,-104.9035356,6/15/2018 7:26,7:26,12,0,1,QUEBEC STREET 800 BLOCK SOUTH & LEETSDALE DRIVE,1,1,0,0,1,4,,0,30,0,0,0,0,1,4,2,10
,2018_06926,39.6896175,-104.9128953,6/4/2018 13:19,13:19,12,0,0,MONACO STREET 1400 BLOCK SOUTH & FLORIDA AVENUE EAST,1,1,0,0,1,4,,0,35,0,0,0,0,0,4,2,16
,2018_06929,39.72408732,-104.9771887,8/10/2018 14:50,14:50,6,0,0,CLARKSON STREET NORTH & FIFTH AVENUE EAST,1,1,0,0,1,5,,0,25,0,0,0,0,0,4,2,13
,2018_06930,39.79809071,-104.8289085,3/6/2018 23:40,23:40,12,0,0,56TH AVENUE 13700 BLOCK EAST & 56TH AVENUE EAST,1,3,0,0,1,4,,0,40,0,0,0,0,0,4,2,5
,2018_06931,39.83801329,-104.6782409,6/4/2018 6:15,6:15,12,0,1,78TH AVENUE 26200 BLOCK EAST & NEW CASTLE STREET,1,1,0,0,1,2,,0,,0,0,0,0,2,4,2,3
,2018_06932,39.73528861,-105.0077216,10/4/2018 9:45,9:45,10,0,0,QUIVAS STREET 1200 BLOCK NORTH & 13TH AVENUE WEST,1,1,0,0,1,3,,0,25,0,0,0,0,0,4,2,1
,2018_06934,39.76210044,-105.0158366,6/23/2018 15:20,15:20,6,0,0,ZUNI STREET NORTH & 32ND AVENUE WEST,1,1,0,0,1,4,,0,30,0,0,0,0,0,4,2,13
,2018_06937,39.71119324,-104.9967765,1/22/2018 22:17,22:17,8,0,3,ALAMEDA AVENUE WEST & SANTA FE DRIVE SOUTH,1,3,0,0,1,4,,0,35,0,0,0,0,2,4,2,5
,2018_06950,39.78089653,-104.9645415,4/2/2018 12:10,12:10,15,0,0,HIGH STREET NORTH & 47TH AVENUE EAST,1,1,0,0,1,4,,0,25,0,0,0,0,0,4,2,13
,2018_06952,39.73720174,-105.0052513,10/11/2018 15:34,15:34,3,0,0,OSAGE STREET 1300 BLOCK NORTH & 13TH AVENUE WEST,1,1,1,0,1,2,,0,30,0,0,0,0,0,4,2,13
,2018_06956,39.75104613,-104.9337653,1/5/2018 12:55,12:55,15,0,0,23RD AVENUE EAST & CHERRY STREET NORTH,1,1,0,0,1,4,,0,30,0,0,0,0,0,4,2,13
,2018_06958,39.76939944,-105.0297729,9/28/2018 14:37,14:37,12,0,0,38TH AVENUE WEST & IRVING STREET NORTH,1,1,0,0,1,4,,0,30,0,0,0,0,0,4,2,13
,2018_06959,39.78367876,-104.7816927,4/20/2018 15:54,15:54,15,0,0,TELLURIDE STREET NORTH & GREEN VALLEY RANCH BOULEVARD,2,1,0,1,1,4,,0,35,0,0,0,0,0,4,2,13
,2018_06960,39.7111938,-104.8932674,2/16/2018 8:30,8:30,12,0,0,ALAMEDA AVENUE EAST & FAIRMOUNT DRIVE EAST,5,1,0,0,1,4,,0,35,0,0,0,0,0,4,2,13
,2018_06961,39.72880357,-104.9848727,6/26/2018 17:29,17:29,6,0,0,SHERMAN STREET 700 BLOCK NORTH & EIGHTH AVENUE EAST,1,1,0,0,1,4,,0,25,0,0,0,0,0,4,2,13
,2018_06962,39.76199838,-104.9669791,12/25/2018 9:52,9:52,6,0,0,MLK BOULEVARD & GILPIN STREET NORTH,1,1,0,0,1,4,,0,30,0,0,0,0,0,4,2,14
,2018_06963,39.72927549,-104.9137893,12/12/2018 11:44,11:44,15,0,0,EIGHTH AVENUE 6400 BLOCK EAST & LOCUST STREET NORTH,1,1,0,0,1,4,,0,30,0,0,0,0,0,4,2,14
,2018_06964,39.71112657,-104.903511,7/6/2018 15:44,15:44,12,0,0,QUEBEC STREET SOUTH & ALAMEDA AVENUE EAST,1,1,0,0,1,4,,0,35,0,0,0,0,0,4,2,13
,2018_06965,39.70655,-104.919792,3/2/2018 8:49,8:49,1,0,1,LEETSDALE DRIVE & JERSEY STREET SOUTH,1,1,0,0,1,1,,0,25,0,0,0,0,1,2,2,1
,2018_06966,39.71112657,-104.903511,2/17/2018 1:40,1:40,12,0,0,QUEBEC STREET SOUTH & ALAMEDA AVENUE EAST,1,3,0,0,1,1,,0,30,0,0,0,0,0,4,3,5
,2018_06967,39.68757073,-104.9829019,5/12/2018 16:30,16:30,12,0,0,IOWA AVENUE EAST & LOGAN STREET SOUTH,1,1,0,0,1,4,,0,25,0,0,0,0,0,4,2,16
,2018_06969,39.71121082,-104.9031451,9/19/2018 17:50,17:50,12,0,0,QUEBEC STREET SOUTH & ALAMEDA AVENUE EAST,2,1,0,1,1,3,,0,40,0,0,0,0,0,4,2,1
,2018_06970,39.69128466,-105.0293036,6/18/2018 11:44,11:44,6,0,0,ARKANSAS AVENUE 3200 BLOCK WEST & IRVING STREET SOUTH,1,1,0,0,1,4,,0,,0,0,0,0,0,4,2,13
,2018_06973,39.71138857,-104.9034868,3/13/2018 14:10,14:10,12,0,0,QUEBEC STREET 200 BLOCK SOUTH & ALAMEDA AVENUE EAST,1,1,0,0,1,3,,0,25,0,0,0,0,0,4,2,1
,2018_06974,39.72727664,-104.9823278,9/14/2018 18:20,18:20,6,0,0,SEVENTH AVENUE 400 BLOCK EAST & LOGAN STREET NORTH,1,2,0,0,1,4,,0,25,0,0,0,0,0,4,2,13
,2018_06975,39.78339443,-104.9389956,3/11/2018 21:00,21:00,5,0,0,COLORADO CENTER & COLORADO BOULEVARD,1,3,0,0,3,4,,0,,0,0,0,0,0,4,1,13
,2018_06976,39.66854539,-105.0225464,5/7/2018 8:34,8:34,6,0,0,COLLEGE AVENUE 2700 BLOCK WEST & DECATUR STREET SOUTH,1,1,0,0,1,4,,0,25,0,0,0,0,0,4,2,13
,2018_06978,39.7268777,-104.9874251,7/26/2018 13:13,13:13,15,0,0,SPEER BOULEVARD NORTH & BROADWAY NORTH,1,1,0,0,1,4,,0,35,0,0,0,0,0,4,2,16
,2018_06981,39.71060084,-104.9863764,11/9/2018 12:57,12:57,15,0,0,LINCOLN STREET SOUTH & ALAMEDA AVENUE EAST,1,1,0,0,1,3,,0,30,0,0,0,0,0,4,2,8
,2018_06982,39.73971156,-104.9861352,7/3/2018 12:20,12:20,12,0,1,LINCOLN STREET 1400 NORTH & COLFAX AVENUE EAST,1,1,0,0,1,4,,0,30,0,0,0,0,1,4,2,14
,2018_06983,39.7131705,-104.9757448,8/23/2018 19:49,19:49,6,0,0,OGDEN STREET SOUTH & CEDAR AVENUE EAST,1,3,0,0,1,4,,0,30,0,0,0,0,0,4,4,5
,2018_06984,39.73911543,-104.9874025,11/20/2018 16:34,16:34,15,0,0,BROADWAY NORTH & 14TH AVENUE EAST,1,1,0,0,1,4,,0,30,0,0,0,0,0,4,2,8
,2018_06985,39.78378078,-104.7960697,2/9/2018 7:40,7:40,12,0,1,GREEN VALLEY RANCH BOULEVARD & MEMPHIS STREET NORTH,1,1,0,4,1,4,,0,40,0,0,0,0,1,4,2,13
,2018_06987,39.76074704,-104.9699748,6/21/2018 17:23,17:23,12,0,0,31ST AVENUE 1400 BLKE & HUMBOLDT STREET NORTH,1,1,0,0,1,4,,0,35,0,0,0,0,0,4,2,1
,2018_06989,39.74209023,-104.986116,8/21/2018 18:00,18:00,15,0,0,LINCOLN STREET NORTH & 16TH AVENUE EAST,1,1,0,0,1,4,,0,35,0,0,0,0,0,4,2,13
,2018_06990,39.76006704,-104.8680783,9/5/2018 17:43,17:43,15,0,1,MLK BOULEVARD EAST & GENEVA STREET NORTH,2,1,0,0,1,4,,0,30,0,0,0,0,1,4,2,8
,2018_06992,39.76936621,-105.0488218,6/2/2018 14:57,14:57,12,0,0,38TH AVENUE EAST & WOLFF STREET NORTH,1,1,0,0,1,4,,0,35,0,0,0,0,0,4,2,3
,2018_06995,39.7764801,-105.0064338,9/26/2018 16:26,16:26,12,0,0,PECOS STREET NORTH & 44TH AVENUE WEST,1,1,0,0,1,3,,0,30,0,0,0,0,0,4,2,13
,2018_06998,39.7074728,-105.0203883,6/17/2018 22:51,22:51,6,0,0,CLAY STREET 500 BLOCK SOUTH & VIRGINIA AVENUE WEST,2,3,0,1,1,4,,0,25,0,0,0,0,0,4,2,13
,2018_07000,39.77294135,-104.9754534,8/3/2018 19:17,19:17,12,0,0,BRIGHTON BOULEVARD NORTH & 38TH STREET,1,2,0,0,1,3,,0,30,0,0,0,0,0,4,2,8
,2018_07006,39.76199394,-104.9643673,11/18/2018 13:05,13:05,6,0,0,MLK BOULEVARD 2000 BLOCK EAST & HIGH STREET NORTH,1,1,0,0,1,4,,0,30,0,0,0,0,0,4,3,1
,2018_07013,39.72092642,-105.0001564,1/2/2018 16:44,16:44,12,0,0,THIRD AVENUE WEST & KALAMATH STREET NORTH,1,1,0,0,1,3,,0,30,0,0,0,0,0,4,2,16
,2018_07016,39.72413484,-104.9912588,11/25/2018 10:46,10:46,6,0,0,FIFTH AVENUE 200 BLOCK WEST & BANNOCK STREET NORTH,1,1,0,0,1,4,,0,25,0,0,0,0,0,4,2,13
,2018_07019,39.76954445,-105.0348968,2/24/2018 11:55,11:55,3,0,1,38TH AVENUE WEST 3600 & LOWELL BOULEVARD NORTH,1,1,0,0,1,2,,0,30,0,0,0,0,1,4,2,13
,2018_07020,39.76204643,-104.9733248,11/5/2018 15:12,15:12,10,0,0,MLK BOULEVARD 1200 BLOCK EAST & DOWNING STREET NORTH,1,1,0,0,1,3,,0,30,0,0,0,0,0,4,2,1
,2018_07021,39.68757669,-104.9821026,3/6/2018 11:50,11:50,3,0,0,IOWA AVENUE 400 BLOCK EAST & LOGAN STREET SOUTH,1,1,0,0,1,5,,0,,0,0,0,0,0,4,2,13
,2018_07022,39.75259866,-104.9874083,10/12/2018 20:00,20:00,12,0,0,BROADWAY STREET NORTH & 22ND STREET,1,3,0,0,1,3,,0,30,0,0,0,0,0,4,3,13
,2018_07023,39.74504348,-104.9083178,12/6/2018 16:44,16:44,5,0,1,18TH AVENUE 6800 BLOCK EAST & ONEIDA STREET NORTH,1,2,0,0,3,4,,0,25,0,0,0,0,1,4,1,16
,2018_07025,39.73685236,-104.9902075,7/26/2018 15:57,15:57,12,0,0,13TH AVENUE WEST & BANNOCK STREET NORTH,1,1,0,0,1,3,,0,30,0,0,0,0,0,4,2,8
,2018_07028,39.6929717,-104.9734437,3/13/2018 17:42,17:42,5,0,0,LOUISIANA AVENUE EAST & DOWNING STREET SOUTH,1,1,1,0,3,3,,0,30,0,0,0,0,0,4,1,13
,2018_07031,39.6748165,-104.9129474,1/15/2018 13:10,13:10,12,0,0,MONACO STREET 2300 BLOCK SOUTH & ILIFF AVENUE EAST,2,1,0,4,1,1,,0,30,0,0,0,0,0,4,2,13
,2018_07032,39.73685155,-104.9900866,3/22/2018 15:10,15:10,12,0,0,13TH AVENUE 100 BLOCK WEST & BANNOCK STREET NORTH,1,1,0,0,1,3,,0,30,0,0,0,0,0,4,2,7
,2018_07039,39.73432752,-104.9861278,1/23/2018 13:56,13:56,12,0,0,LINCOLN STREET 1100 BLOCK NORTH & 11TH AVENUE EAST,1,1,0,0,1,4,,0,30,0,0,0,0,0,4,2,12
,2018_07040,39.68004691,-105.020364,9/10/2018 8:32,8:32,3,0,0,CLAY STREET 2000 BLOCK SOUTH & ASBURY AVENUE WEST,1,1,0,0,1,2,,0,25,0,0,0,0,0,4,3,13
,2018_07041,39.70933349,-104.9864793,12/17/2018 13:05,13:05,6,0,0,DAKOTA AVENUE 0 BLOCK EAST & LINCOLN STREET SOUTH,1,1,0,0,1,4,,0,25,0,0,0,0,0,4,2,1
,2018_07043,39.76091798,-105.0158348,10/22/2018 14:50,14:50,12,0,0,ZUNI STREET NORTH & ARGYLE PLACE WEST,1,1,0,0,1,4,,0,25,0,0,0,0,0,4,2,16
,2018_07046,39.69127894,-105.0333035,12/20/2018 17:39,17:39,6,0,1,LOWELL BOULEVARD SOUTH & ARKANSAS AVENUE WEST,1,3,0,0,1,4,,0,25,0,0,0,0,1,4,2,5