id,drcog_id,latitude,longitude,crashtime,time,crashtype,numbkilled,numbinjurd,drcoglocat,rdconditin,lightngcon,roadcntgrd,weatherco,location,roaddescrp,schoolzone,constrzone,splimit,bikeinv,pedinv,sctrinv,motoinv,svrty,rdsystem,ttlvehcls,hcf
,2018_07047,39.78362916,-104.7711547,9/2/2018 16:05,16:05,3,0,0,GREEN VALLEY RANCH BOULEVARD EAST & TOWER ROAD NORTH,1,1,0,0,1,1,,0,35,0,0,0,0,0,4,2,13
,2018_07048,39.7836271,-104.7716884,2/23/2018 16:35,16:35,3,0,1,GREEN VALLEY RANCH BOULEVARD 18500 BLOCK & TOWER ROAD NORTH,1,1,0,0,1,2,,0,20,0,0,0,0,1,4,2,1
,2018_07049,39.68943214,-105.0332333,7/5/2018 17:45,17:45,12,0,2,FLORIDA AVENUE WEST & KING STREET SOUTH,1,1,0,0,1,4,,0,35,0,0,0,0,2,4,2,4
,2018_07050,39.67706257,-104.9129169,11/28/2018 10:15,10:15,15,0,0,MONACO STREET 2100 BLOCK SOUTH & EVANS AVENUE EAST,1,1,0,0,1,4,,0,30,0,0,0,0,0,4,2,1
,2018_07051,39.73384836,-104.9862497,7/21/2018 23:49,23:49,12,0,0,11TH AVENUE EAST & LINCOLN STREET NORTH,1,3,0,0,1,3,,0,30,0,0,0,0,0,4,2,9
,2018_07055,39.73310359,-105.0521763,6/20/2018 20:53,20:53,11,0,0,10TH AVENUE WEST & ZENOBIA STREET NORTH,1,2,0,0,1,1,,0,35,0,1,0,0,0,4,2,13
,2018_07056,39.73680006,-104.9610187,10/14/2018 8:01,8:01,15,0,0,13TH AVENUE EAST & GAYLORD STREET NORTH,4,1,0,2,1,4,,0,30,0,0,0,0,0,4,2,13
,2018_07058,39.77502761,-105.046279,2/17/2018 19:19,19:19,6,0,0,VRAIN STREET NORTH & 43RD AVENUE WEST,1,4,0,0,1,4,,0,30,0,0,0,0,0,4,4,5
,2018_07059,39.7559609,-104.9003617,10/17/2018 15:30,15:30,6,0,0,28TH AVENUE 7600 BLOCK EAST & ROSLYN STREET NORTH,1,1,0,0,1,4,,0,25,0,0,0,0,0,4,2,13
,2018_07062,39.76200584,-104.9716323,4/13/2018 15:00,15:00,12,0,0,MLK BOULEVARD 1300 BLOCK EAST & MARION STREET NORTH,1,1,0,6,1,4,,0,35,0,0,0,0,0,4,2,2
,2018_07063,39.72413128,-104.9939643,7/24/2018 12:30,12:30,3,0,0,FIFTH AVENUE 400 BLOCK WEST & ELATI STREET NORTH,1,1,0,0,1,1,,0,25,0,0,0,0,0,4,2,13
,2018_07064,39.68932799,-104.9389371,6/1/2018 9:56,9:56,3,0,1,FLORIDA AVENUE 4100 BLOCK EAST & ASH STREET SOUTH,1,1,0,0,1,5,,0,15,0,0,0,0,1,4,2,13
,2018_07065,39.75071775,-104.9597153,10/10/2018 17:42,17:42,12,0,0,23RD AVENUE 2300 BLOCK EAST & YORK STREET NORTH,1,2,0,0,1,3,,0,30,0,0,0,0,0,4,2,5
,2018_07068,39.71133896,-104.9828192,12/13/2018 11:50,11:50,12,0,1,LOGAN STREET 200 BLOCK SOUTH & ALAMEDA AVENUE EAST,1,1,0,0,1,4,,0,25,0,0,0,0,1,4,2,3
,2018_07070,39.73204142,-104.9857516,2/7/2018 12:46,12:46,15,0,0,LINCOLN STREET 1000 BLOCK NORTH & 11TH AVENUE EAST,1,1,0,0,1,4,,0,25,0,0,0,0,0,4,2,14
,2018_07072,39.72751407,-105.0198303,5/25/2018 13:50,13:50,12,0,0,CANOSA COURT SOUTH & SEVENTH AVENUE,1,1,0,0,1,1,,0,25,0,0,0,0,0,4,2,13
,2018_07076,39.76935632,-105.0507423,10/11/2018 16:30,16:30,15,0,0,38TH AVENUE WEST & YATES STREET NORTH,2,1,0,1,1,4,,0,35,0,0,0,0,0,4,2,4
,2018_07077,39.73534417,-104.9946168,3/1/2018 10:45,10:45,12,0,0,SPEER BOULEVARD 1200 & 12TH AVENUE WEST,1,1,0,0,1,2,,0,35,0,0,0,0,0,4,2,13
,2018_07079,39.79824542,-104.8473374,7/3/2018 19:09,19:09,12,0,0,56TH AVENUE 12000 BLOCK EAST & PEORIA STREET NORTH,1,1,0,0,1,4,,0,45,0,0,0,0,0,4,2,3
,2018_07080,39.73236763,-104.9986494,4/10/2018 14:50,14:50,15,0,0,SANTA FE DRIVE 1000 NORTH & 10TH AVENUE WEST,1,1,0,0,1,4,,0,30,0,0,0,0,0,4,2,4
,2018_07081,39.79063452,-104.8927282,10/1/2018 15:11,15:11,6,0,0,BEEKMAN PLACE 8200 BLOCK EAST & UINTA STREET NORTH,1,1,0,0,1,4,,0,25,0,0,0,0,0,4,2,13
,2018_07084,39.75101654,-104.903442,4/25/2018 7:50,7:50,12,0,0,QUEBEC STREET 2300 NORTH & 23RD AVENUE EAST,1,1,0,0,1,3,,0,35,0,0,0,0,0,4,2,3
,2018_07086,39.77385313,-104.9426804,4/30/2018 15:05,15:05,6,0,0,41ST AVENUE 3900 BLOCK EAST & JACKSON STREET NORTH,1,1,0,0,1,2,,0,30,0,0,0,0,0,4,2,14
,2018_07087,39.72388446,-105.0185624,7/19/2018 6:50,6:50,6,0,0,FIFTH AVENUE WEST & BRYANT STREET NORTH,1,1,0,0,1,4,,0,30,0,0,0,0,0,4,2,14
,2018_07088,39.72751218,-105.019563,1/17/2018 10:50,10:50,15,0,0,SEVENTH AVENUE 2600 BLOCK WEST & CANOSA COURT NORTH,1,1,0,0,1,4,,0,25,0,0,0,0,0,4,2,8
,2018_07089,39.71660414,-104.9931644,6/5/2018 11:00,11:00,6,0,0,ELLSWORTH 300 BLOCK WEST & ELATI STREET SOUTH,1,1,0,0,1,4,,0,25,0,0,0,0,0,4,2,7
,2018_07092,39.78914628,-104.8437781,8/4/2018 18:26,18:26,1,0,0,SCRANTON STREET NORTH & 51ST AVENUE EAST,1,1,1,1,1,4,,0,25,0,0,0,0,0,4,2,7
,2018_07093,39.70743911,-105.0381285,1/14/2018 21:39,21:39,6,0,0,MORRISON ROAD & OSCEOLA STREET SOUTH,1,4,0,0,1,4,,0,30,0,0,0,0,0,4,3,13
,2018_07095,39.70942666,-105.0298109,3/20/2018 16:16,16:16,12,0,0,IRVING STREET SOUTH & DAKOTA AVENUE WEST,1,1,1,0,1,3,,0,30,0,0,0,0,0,4,2,7
,2018_07099,39.78363856,-104.7906802,10/10/2018 9:03,9:03,12,0,0,GREEN VALLEY RANCH BOULEVARD EAST & PENA BOULEVARD,1,1,0,0,1,4,,0,45,0,0,0,0,0,4,2,16
,2018_07102,39.72409922,-104.9787629,12/11/2018 9:53,9:53,3,0,2,FIFTH AVENUE EAST & WASHINGTON STREET NORTH,1,1,0,0,1,1,,0,25,0,0,0,0,1,4,2,13
,2018_07109,39.73891512,-104.9597786,9/25/2018 12:24,12:24,15,0,0,YORK STREET NORTH & 14TH AVENUE EAST,1,1,0,0,1,4,,0,30,0,0,0,0,0,4,2,1
,2018_07110,39.73214431,-104.9861275,12/22/2018 4:33,4:33,5,0,1,LINCOLN STREET & 1400 BLOCK NORTH,1,3,0,0,2,4,,0,30,0,0,0,0,2,4,1,14
,2018_07114,39.79835925,-104.7826129,1/16/2018 7:53,7:53,15,0,0,56TH AVENUE EAST & PENA BOULEVARD,1,1,0,1,1,4,,0,40,0,0,0,0,0,4,2,1
,2018_07115,39.77164579,-104.9034922,3/6/2018 14:59,14:59,15,0,0,QUEBEC STREET NORTH & SMITH ROAD,1,1,0,0,1,1,,0,35,0,0,0,0,0,4,2,13
,2018_07118,39.76937678,-105.0432066,10/2/2018 19:33,19:33,3,0,0,38TH AVENUE 4300 WEST & STUART STREET NORTH,1,3,0,0,1,2,,0,35,0,0,0,0,0,4,2,13
,2018_07120,39.72098858,-104.9874512,12/19/2018 12:59,12:59,12,0,0,BROADWAY NORTH & THIRD AVENUE WEST,1,1,0,0,1,4,,0,30,0,0,0,0,0,4,2,3
,2018_07121,39.71146737,-104.9383949,12/7/2018 15:33,15:33,1,0,0,ALAMEDA AVENUE 4200 BLOCK EAST & COLORADO BOULEVARD SOUTH,1,1,0,0,1,2,,0,35,0,0,0,0,0,4,2,13
,2018_07122,39.74019261,-104.9587891,10/16/2018 15:28,15:28,10,0,0,JOSEPHINE STREET 1500 BLOCK NORTH & COLFAX AVENUE EAST,1,1,0,0,1,2,,0,30,0,0,0,0,0,4,2,8
,2018_07123,39.79832315,-104.8844453,5/27/2018 16:00,16:00,12,0,0,56TH AVENUE EAST & CENTRAL PARK BOULEVARD NORTH,1,1,0,0,1,3,,0,45,0,0,0,0,0,4,2,13
,2018_07124,39.79831238,-104.8487021,2/12/2018 6:52,6:52,5,0,0,56TH AVENUE 11600 BLOCK EAST & PEORIA STREET NORTH,1,3,0,0,3,4,,0,40,0,0,0,0,0,4,1,7
,2018_07128,39.69074677,-104.9761809,2/23/2018 11:23,11:23,12,0,0,CLARKSON STREET 1300 BLOCK NORTH & 14TH AVENUE EAST,1,1,0,0,1,4,,0,30,0,0,0,0,0,4,2,3
,2018_07129,39.78382038,-104.8078726,3/7/2018 15:11,15:11,3,0,1,GREEN VALLEY RANCH BOULEVARD 15600 BLOCK EAST & CHAMBERS ROAD NORTH,1,1,0,0,1,2,,0,35,0,0,0,0,2,4,2,13
,2018_07133,39.67847563,-104.9899862,11/18/2018 8:03,8:03,10,0,0,EVANS AVENUE WEST & BANNOCK STREET SOUTH,6,1,1,0,1,3,,0,30,0,0,0,0,0,4,2,13
,2018_07134,39.78040228,-104.8224269,6/5/2018 6:59,6:59,12,0,0,DULUTH COURT 4700 BLOCK NORTH & ELK PLACE,1,1,0,0,1,2,,0,25,0,0,0,0,0,4,2,13
,2018_07136,39.78210891,-105.0345997,9/29/2018 13:37,13:37,5,0,0,LOWELL BOULEVARD NORTH & 47TH AVENUE WEST,1,1,0,0,1,4,,0,30,0,0,0,0,0,4,1,13
,2018_07140,39.74875867,-104.9873973,6/27/2018 21:19,21:19,10,0,0,BROADWAY NORTH & 20TH STREET,1,3,0,0,1,4,,0,30,0,0,0,0,0,4,2,14
,2018_07141,39.70840494,-105.0431997,7/27/2018 23:09,23:09,6,0,0,STUART STREET SOUTH & ALASKA PLACE WEST,1,4,0,0,1,4,,0,25,0,0,0,0,0,4,2,13
,2018_07143,39.75361201,-105.0252835,5/19/2018 11:00,11:00,14,0,0,25TH AVENUE WEST & FEDERAL BOULEVARD NORTH,1,1,1,0,1,4,,0,25,0,0,0,0,0,4,2,13
,2018_07146,39.71135067,-104.9034896,2/20/2018 12:18,12:18,12,0,0,ALAMEDA AVENUE 7300 BLOCK EAST & QUEBEC STREET SOUTH,4,1,0,0,1,3,,0,35,0,0,0,0,0,4,2,3
,2018_07147,39.78291916,-104.8163263,9/1/2018 17:17,17:17,6,0,0,50TH AVENUE EAST & ENID WAY NORTH,1,1,0,0,1,4,,0,25,0,0,0,0,0,4,3,14
,2018_07148,39.7836413,-104.7913915,8/20/2018 14:40,14:40,12,0,0,PENA BOULEVARD 16900 BLOCK & GREEN VALLEY RANCH BOULEVARD,1,1,0,0,1,1,,0,35,0,0,0,0,0,4,2,13
,2018_07150,39.71149266,-104.9453233,3/19/2018 7:53,7:53,5,0,0,ALAMEDA AVENUE EAST & MONROE STREET SOUTH,5,1,0,0,2,4,,0,35,0,0,0,0,0,4,1,7
,2018_07155,39.7538174,-104.8907291,9/3/2018 18:53,18:53,6,0,0,CENTRAL PARK BOULEVARD NORTH & 25TH DRIVE EAST,1,1,0,0,1,4,,0,35,0,0,0,0,0,4,3,14
,2018_07157,39.73985121,-104.9610166,10/23/2018 11:00,11:00,6,0,0,GAYLORD 1500 BLOCK NORTH & 16TH AVENUE EAST,1,1,0,0,1,4,,0,30,0,0,0,0,0,4,3,13
,2018_07158,39.73562411,-104.8952428,6/10/2018 22:31,22:31,6,0,0,12TH AVENUE EAST & TAMARAC STREET NORTH,1,3,1,0,1,4,,0,25,0,0,0,0,0,4,3,13
,2018_07162,39.7438019,-104.8858189,8/4/2018 14:18,14:18,12,0,0,17TH AVENUE EAST & XENIA STREET NORTH,1,1,0,0,1,3,,0,30,0,0,0,0,0,4,2,7
,2018_07165,39.82466616,-104.6873726,1/13/2018 7:00,7:00,14,0,2,71ST AVENUE 25600 BLOCK EAST & POWHATON ROAD NORTH,2,2,0,4,1,3,,0,45,0,0,0,0,2,4,2,12
,2018_07166,39.73497895,-105.0381226,4/24/2018 10:30,10:30,6,0,0,OSCEOLA STREET 1200 BLOCK NORTH & 12TH AVENUE WEST,2,1,1,2,1,4,,0,25,0,0,0,0,0,4,2,13
,2018_07168,39.77318609,-104.8099356,3/9/2018 13:07,13:07,12,0,3,CHAMBERS ROAD NORTH & 40TH AVENUE EAST,1,1,0,0,1,4,,0,40,0,0,0,0,1,4,2,14
,2018_07175,39.74642058,-104.9874046,7/30/2018 3:09,3:09,15,0,0,BROADWAY 1900 BLOCK NORTH & BROADWAY STREET NORTH,1,3,0,0,1,4,,0,30,0,0,0,0,0,4,2,13
,2018_07176,39.68679893,-104.9687175,1/16/2018 16:00,16:00,6,0,0,FRANKLIN STREET 1600 BLOCK NORTH & 16TH AVENUE EAST,1,1,0,0,1,4,,0,25,0,0,0,0,0,4,2,13
,2018_07177,39.73515264,-104.958609,10/31/2018 17:31,17:31,3,0,0,12TH AVENUE EAST & COLUMBINE STREET NORTH,1,1,0,0,1,5,,0,25,0,0,0,0,0,4,2,13
,2018_07179,39.69375286,-104.91289,5/9/2018 6:42,6:42,3,0,0,MONACO STREET 1200 BLOCK SOUTH & ARIZONA AVENUE,1,1,0,0,1,2,,0,35,0,0,0,0,0,4,2,14
,2018_07180,39.69402738,-104.9128901,12/18/2018 14:59,14:59,6,0,0,MONACO STREET SOUTH & ARIZONA AVENUE EAST,1,1,0,0,1,4,,0,35,0,0,0,0,0,4,2,13
,2018_07181,39.78572406,-104.8831017,6/25/2018 16:52,16:52,15,0,0,CENTRAL PARK BOULEVARD NORTH & NORTHFIELD BOULEVARD EAST,1,1,0,0,1,3,,0,35,0,0,0,0,0,4,2,13
,2018_07183,39.77050217,-104.9936524,9/16/2018 12:56,12:56,12,0,0,39TH AVENUE WEST & ELATI STREET NORTH,1,1,0,0,1,4,,0,25,0,0,0,0,0,4,2,13
,2018_07184,39.70040568,-105.0453644,7/2/2018 19:43,19:43,3,0,0,KENTUCKY AVENUE WEST & MORRISON ROAD,1,1,0,0,1,2,,0,35,0,0,0,0,0,4,2,13
,2018_07186,39.760789,-105.032262,12/21/2018 11:55,11:55,12,0,0,JULIAN STREET 3100 BLOCK NORTH & 32ND AVENUE WEST,1,1,0,0,1,4,,0,25,0,0,0,0,0,4,2,13
,2018_07191,39.71110361,-105.030517,9/22/2018 13:19,13:19,12,0,0,ALAMEDA AVENUE WEST & IRVING STREET SOUTH,1,1,0,0,1,4,,0,35,0,0,0,0,0,4,2,3
,2018_07195,39.76322536,-105.0092693,8/11/2018 2:15,2:15,6,0,0,SHOSHONE STREET 3200 BLOCK NORTH & 32ND AVENUE WEST,1,3,0,0,1,4,,0,25,0,0,0,0,0,4,2,5
,2018_07201,39.72908773,-104.9861524,2/23/2018 8:22,8:22,12,0,0,EIGHTH AVENUE 100 BLOCK EAST & LINCOLN STREET NORTH,1,1,0,0,1,4,,0,30,0,0,0,0,0,4,2,7
,2018_07204,39.77036626,-104.9948638,1/10/2018 18:28,18:28,12,0,0,FOX STREET 3800 BLOCK NORTH & 39TH AVENUE WEST,2,3,0,1,1,3,,0,30,0,0,0,0,0,4,2,8
,2018_07205,39.71444599,-104.9828122,12/8/2018 19:18,19:18,6,0,0,LOGAN STREET SOUTH & BAYAUD AVENUE EAST,1,3,0,0,1,4,,0,30,0,0,0,0,0,4,2,13
,2018_07208,39.79532413,-104.9033858,12/21/2018 17:46,17:46,12,0,1,QUEBEC STREET 5400 BLOCK NORTH & 53RD PLACE EAST,1,3,1,0,1,4,,0,45,0,0,0,0,1,4,2,10
,2018_07211,39.707862,-104.925355,7/6/2018 14:35,14:35,12,0,1,LEETSDALE DRIVE & FOREST STREET SOUTH / 5300 BLOCK,1,1,2,0,1,4,,0,,0,0,0,0,1,2,3,13
,2018_07212,39.75088597,-105.0020257,3/29/2018 12:53,12:53,15,0,0,15TH STREET 1600 BLOCK & WYNKOOP STREET,1,1,0,0,1,4,,0,30,0,0,0,0,0,4,2,13
,2018_07218,39.78522636,-104.9628775,10/24/2018 16:07,16:07,6,0,0,RACE STREET 4800 BLOCK NORTH & 48TH AVENUE EAST,1,1,0,0,1,4,,0,25,0,0,0,0,0,4,2,5
,2018_07219,39.709344,-104.9437806,3/26/2018 8:34,8:34,6,0,0,GARFIELD STREET 300 BLOCK SOUTH & DAKOTA AVENUE EAST,1,1,0,0,1,3,,0,10,0,0,0,0,0,4,2,3
,2018_07220,39.79477862,-104.8105293,2/22/2018 1:05,1:05,5,0,0,MAXWELL PLACE EAST & GRANBY STREET 5528 NORTH,1,3,0,0,2,4,,0,30,0,0,0,0,0,4,1,5
,2018_07228,39.72559953,-105.0450841,2/20/2018 8:40,8:40,5,0,1,SIXTH AVENUE FRONTAGE ROAD WEST NORTH  & UTICA STREET NORTH,5,1,0,0,3,4,,0,30,0,0,0,0,2,4,1,7
,2018_07229,39.74807867,-105.000777,4/21/2018 0:38,0:38,12,0,0,14TH STREET & MARKET STREET,2,3,0,1,1,4,,0,30,0,0,0,0,0,4,2,5
,2018_07230,39.6532764,-104.9129077,4/17/2018 9:23,9:23,12,0,0,MONACO STREET 3400 BLOCK SOUTH & HAMPDEN AVENUE EAST,1,1,0,0,1,2,,0,35,0,0,0,0,0,4,2,1
,2018_07231,39.7475488,-104.997679,3/16/2018 14:05,14:05,15,0,0,15TH STREET 1100 BLOCK & LAWRENCE STREET,1,1,0,0,1,4,,0,30,0,0,0,0,0,4,2,13
,2018_07235,39.73686271,-104.9848575,1/22/2018 11:00,11:00,12,0,0,13TH AVENUE 200 BLOCK EAST & SHERMAN STREET NORTH,2,1,0,0,1,4,,0,30,0,0,0,0,0,4,2,13
,2018_07237,39.79829176,-104.7899738,6/28/2018 13:10,13:10,12,0,0,56TH AVENUE 17100 BLOCK EAST & PITKIN STREET NORTH,1,1,0,0,1,1,,0,,0,0,0,0,0,4,2,7
,2018_07238,39.78364129,-104.791391,2/2/2018 12:30,12:30,12,0,0,PENA BOULEVARD 4700 BLOCK & GREEN VALLEY RANCH BOULEVARD,1,1,0,0,1,4,,0,40,0,0,0,0,0,4,2,13
,2018_07239,39.78364129,-104.791391,8/20/2018 18:18,18:18,12,0,0,PENA BOULEVARD 16900 BLOCK & GREEN BALLEY RANCH BOULEVARD,1,1,1,0,1,4,,0,35,0,0,0,0,0,4,2,16
,2018_07242,39.7448595,-104.9941844,1/11/2018 12:10,12:10,12,0,0,STOUT STREET 1400 & 15TH STREET,1,1,0,0,1,4,,0,25,0,0,0,0,0,4,2,13
,2018_07248,39.72254417,-104.9874857,9/6/2018 13:34,13:34,10,0,0,FOURTH AVENUE EAST & BROADWAY STREET NORTH,1,1,0,0,1,7,,0,25,0,0,0,0,0,4,2,14
,2018_07251,39.78137914,-104.8268831,10/2/2018 19:18,19:18,15,0,1,ANDREWS DRIVE 14300 EAST & DILLON STREET NORTH,1,3,0,0,1,4,,0,40,0,0,0,1,2,4,2,1
,2018_07253,39.71125608,-104.9035735,12/26/2018 17:14,17:14,12,0,1,ALAMEDA AVENUE 7200 BLOCK EAST & QUEBEC STREET SOUTH,4,3,0,2,1,4,,0,35,0,0,0,0,1,4,2,13
,2018_07255,39.77832898,-104.9793608,8/13/2018 7:55,7:55,12,0,0,WASHINGTON STREET NORTH & 45TH AVENUE EAST,1,1,0,0,1,3,,0,30,0,0,0,0,0,4,2,13
,2018_07257,39.79837033,-104.8970992,6/14/2018 16:17,16:17,12,0,0,56TH AVENUE 7800 BLOCK EAST & SPRUCE STREET NORTH,1,1,1,0,1,4,,0,45,0,0,0,0,0,4,2,3
,2018_07260,39.75892369,-105.0027588,6/1/2018 16:31,16:31,6,0,0,LITTLE RAVEN STREET & 19TH STREET,1,1,0,0,1,4,,0,25,0,0,0,0,0,4,2,14
,2018_07262,39.6822872,-105.0203665,6/13/2018 8:42,8:42,12,0,0,JEWELL AVENUE 2700 BLOCK WEST & CLAY STREET SOUTH,1,1,0,0,1,4,,0,30,0,0,0,0,0,4,2,16
,2018_07266,39.75181545,-104.9959537,6/2/2018 21:14,21:14,5,0,0,18TH STREET 1400 BLOCK & MARKET STREET,1,3,0,0,1,4,,0,30,0,0,0,0,0,4,1,13
,2018_07270,39.71120797,-104.9314361,4/9/2018 9:15,9:15,12,0,0,DAHLIA STREET SOUTH & ALAMEDA AVENUE EAST,2,1,3,1,1,3,,0,35,0,0,0,0,0,4,2,13
,2018_07274,39.75239739,-105.0072708,7/9/2018 9:12,9:12,15,0,0,SPEER BOULEVARD 2000 NORTH & ELITCH CIRCLE,1,1,1,0,1,4,,0,35,0,0,0,0,0,4,2,7
,2018_07275,39.70020356,-104.9733894,3/16/2018 19:30,19:30,12,0,0,DOWNING STREET SOUTH & KENTUCKY AVENUE EAST,1,3,0,0,1,4,,0,30,0,0,0,0,0,4,3,13
,2018_07277,39.79387939,-104.7366943,9/2/2018 10:50,10:50,6,0,1,ORLEANS STREET NORTH & 53RD PLACE EAST,1,1,0,0,1,4,,0,25,0,0,0,0,1,4,3,12
,2018_07279,39.6741215,-104.9036922,5/29/2018 13:20,13:20,12,0,0,QUEBEC STREET 2300 BLOCK SOUTH & WESLEY AVENUE EAST,1,1,1,0,1,4,,0,35,0,0,0,0,0,4,2,7
,2018_07284,39.74414668,-104.9932752,6/23/2018 19:15,19:15,15,0,0,15TH STREET 600 BLOCK & CALIFORNIA STREET,1,1,0,0,1,1,,0,30,0,0,0,0,0,4,2,14
,2018_07286,39.75963007,-104.9406803,10/12/2018 8:20,8:20,12,0,0,COLORADO BOULEVARD NORTH & 44TH AVENUE EAST,1,1,0,0,1,4,,0,45,0,0,0,0,0,4,2,16
,2018_07287,39.74193026,-104.9407883,1/30/2018 17:51,17:51,12,0,0,16TH AVENUE EAST & COLORADO BOULEVARD NORTH,1,3,0,0,1,1,,0,30,0,0,0,0,0,4,2,1
,2018_07291,39.71121878,-104.9042061,8/31/2018 12:34,12:34,12,0,0,ALAMEDA AVENUE 7200 EAST & QUEBEC STREET SOUTH,1,1,0,0,1,4,,0,30,0,0,0,0,0,4,2,16
,2018_07301,39.73283022,-104.9927667,2/16/2018 14:21,14:21,5,0,0,SPEER BOULEVARD NORTH & DELAWARE STREET NORTH,1,1,0,0,2,4,,0,35,0,0,0,0,0,4,2,14
,2018_07303,39.730483,-104.9128122,11/27/2018 16:57,16:57,12,0,0,MONACO PARKWAY & NINTH AVENUE EAST,1,3,0,0,1,1,,0,30,0,0,0,0,0,4,2,16
,2018_07304,39.73005222,-104.9717865,9/27/2018 2:02,2:02,6,0,0,MARION STREET 800 BLOCK NORTH & NINTH AVENUE EAST,1,4,0,0,1,4,,0,30,0,0,0,0,0,4,4,5
,2018_07305,39.71297721,-104.9865187,7/31/2018 15:50,15:50,3,0,1,CEDAR AVENUE EAST & LINCOLN STREET SOUTH,1,1,0,0,1,5,,0,20,0,0,0,1,1,4,2,13
,2018_07306,39.68948832,-105.0253658,10/11/2018 17:10,17:10,15,0,0,FLORIDA AVENUE WEST & FEDERAL BOULEVARD SOUTH,1,1,0,0,1,3,,0,30,0,0,0,0,0,4,2,1
,2018_07307,39.70281158,-104.982792,8/9/2018 11:54,11:54,12,0,0,LOGAN STREET 800 BLOCK SOUTH & OHIO AVENUE EAST,1,1,0,0,1,4,,0,30,0,0,0,0,0,4,2,13
,2018_07315,39.70384239,-104.9499059,2/6/2018 11:00,11:00,12,0,0,EXPOSITION AVENUE 3200 BLOCK EAST & STEELE STREET SOUTH,1,1,0,0,1,4,,0,20,0,0,0,0,0,4,2,3
,2018_07319,39.73203011,-104.9812443,5/1/2018 9:07,9:07,3,0,0,10TH AVENUE 400 EAST & PENNSYLVANIA STREET NORTH,1,1,0,0,1,5,,0,30,0,0,0,0,0,4,2,3
,2018_07320,39.71125463,-104.892912,11/20/2018 12:35,12:35,15,0,0,FAIRMOUNT 8000 BLOCK & ALAMEDA AVENUE EAST,1,1,0,0,1,3,,0,30,0,0,0,0,0,4,2,13
,2018_07321,39.71623406,-104.9442433,1/25/2018 14:36,14:36,6,0,0,ELLSWORTH AVENUE 3600 BLOCK EAST & MONROE STREET NORTH,1,1,0,0,1,4,,0,25,0,0,0,0,0,4,2,13
,2018_07324,39.77164841,-104.9898116,10/1/2018 0:05,0:05,12,0,0,BROADWAY STREET & 1100 NORTH,1,3,0,0,1,3,,0,30,0,0,0,0,0,4,2,5
,2018_07326,39.67492682,-104.9479969,6/26/2018 1:20,1:20,6,0,0,COOK STREET SOUTH & ILIFF AVENUE EAST,1,3,0,0,1,4,,0,25,0,0,0,0,0,4,2,5
,2018_07330,39.77652256,-104.9861187,9/18/2018 8:05,8:05,12,0,0,LINCOLN 600 BLOCK SOUTH & SHERMAN STREET,1,1,0,0,1,5,,0,20,0,0,0,0,0,4,2,3
,2018_07331,39.77318289,-104.8100171,7/25/2018 13:49,13:49,15,0,0,40TH AVENUE 15300 EAST & CHAMBERS ROAD NORTH,1,1,0,0,1,4,,0,30,0,0,0,0,0,4,2,13
,2018_07332,39.71121115,-104.9220125,6/6/2018 7:56,7:56,12,0,0,ALAMEDA AVENUE 5600 BLOCK EAST & HOLLY STREET SOUTH,1,1,1,0,1,4,,0,30,0,0,0,0,0,4,3,3
,2018_07336,39.68949101,-105.0246551,7/4/2018 7:05,7:05,3,0,0,FLORIDA AVENUE 2900 WEST & FEDERAL BOULEVARD SOUTH,1,1,0,0,1,2,,0,15,0,0,0,0,0,4,2,7
,2018_07343,39.77868147,-105.0158476,11/10/2018 3:52,3:52,6,0,1,ZUNI STREET 4551 BLOCK NORTH & SCOTT PLACE NORTH,1,3,0,0,1,4,,0,35,0,0,0,0,2,4,2,5
,2018_07344,39.76316438,-105.0041321,3/23/2018 21:40,21:40,12,0,0,NAVAJO STREET NORTH & 33RD AVENUE WEST,1,3,0,0,1,4,,0,25,0,0,0,0,0,4,2,1
,2018_07348,39.68572545,-104.9128872,10/14/2018 20:15,20:15,12,0,2,MONACO STREET SOUTH & MEXICO AVENUE EAST,1,3,0,0,1,1,,0,40,0,0,0,0,2,4,2,5
,2018_07350,39.68578036,-104.9128872,8/27/2018 15:05,15:05,12,0,0,MONACO STREET 1600 SOUTH & MEXICO AVENUE EAST,1,1,0,0,1,4,,0,30,0,0,0,0,0,4,3,2
,2018_07352,39.72853793,-104.9874075,12/18/2018 13:50,13:50,12,0,0,BROADWAY 700 BLOCK NORTH & EIGHTH AVENUE,1,1,0,0,1,4,,0,30,0,0,0,0,0,4,2,13
,2018_07354,39.73204332,-104.9850329,6/15/2018 13:12,13:12,15,0,0,10TH AVENUE EAST & SHERMAN STREET NORTH,1,1,1,0,1,4,,0,30,0,0,0,0,0,4,2,13
,2018_07361,39.72728237,-104.9742788,12/20/2018 1:05,1:05,6,0,0,SEVENTH AVENUE & CORONA STREET NORTH,1,3,0,0,1,4,,0,25,0,0,0,0,0,4,4,13
,2018_07365,39.69668742,-104.8917165,1/6/2018 10:13,10:13,12,0,0,VALENTIA STREET SOUTH & MISSISSIPPI AVENUE EAST,1,1,0,0,1,4,,0,25,0,0,0,0,0,4,2,16
,2018_07368,39.69295638,-104.968657,11/27/2018 15:14,15:14,12,0,0,LOUISIANA 1500 BLOCK EAST & FRANKLIN STREET SOUTH,1,1,0,0,1,4,,0,30,0,0,0,0,0,4,2,7