id,drcog_id,latitude,longitude,crashtime,time,crashtype,numbkilled,numbinjurd,drcoglocat,rdconditin,lightngcon,roadcntgrd,weatherco,location,roaddescrp,schoolzone,constrzone,splimit,bikeinv,pedinv,sctrinv,motoinv,svrty,rdsystem,ttlvehcls,hcf
,2018_08246,39.73677178,-104.9986892,7/13/2018 19:44,19:44,12,0,1,SANTA FE DRIVE 1200 NORTH & 13TH AVENUE WEST,1,1,0,0,1,3,,0,30,0,0,0,0,1,4,3,3
,2018_08249,39.68731247,-105.0532156,9/21/2018 15:51,15:51,12,0,0,SHERIDAN BOULEVARD SOUTH & IOWA AVENUE WEST,1,1,0,0,1,4,,0,35,0,0,0,0,0,4,3,4
,2018_08251,39.75263983,-104.9874092,8/17/2018 22:44,22:44,12,0,0,22ND STREET & BROADWAY STREET NORTH,1,3,0,0,1,4,,0,30,0,0,0,0,0,4,2,1
,2018_08253,39.79562494,-104.8454871,10/13/2018 22:33,22:33,5,0,1,HICKMAN PLACE 12300 BLOCK EAST & QUENTIN STREET NORTH,2,3,0,0,1,4,,0,25,0,0,0,0,1,4,1,13
,2018_08254,39.78362642,-104.7718663,9/24/2018 12:20,12:20,15,0,0,GREEN VALLEY RANCH BOULEVARD EAST & TOWER ROAD NORTH,1,1,1,0,1,3,,0,35,0,0,0,0,0,4,2,13
,2018_08261,39.78933298,-104.8419986,12/21/2018 17:07,17:07,6,0,0,51ST AVENUE EAST & TROY STREET NORTH,1,2,0,0,1,4,,0,25,0,0,0,0,0,4,2,5
,2018_08263,39.70930276,-104.9800139,4/12/2018 21:15,21:15,6,0,0,DAKOTA AVENUE 600 BLOCK EAST & PEARL STREET SOUTH,1,3,0,0,1,4,,0,25,0,0,0,0,0,4,2,13
,2018_08264,39.68954382,-105.0523393,10/31/2018 18:03,18:03,5,0,0,FLORIDA AVENUE WEST & ZENOBIA STREET SOUTH,1,3,0,0,3,4,,0,30,0,0,0,0,0,4,1,12
,2018_08269,39.720933,-104.9986257,1/16/2018 8:59,8:59,14,0,0,THIRD AVENUE WEST & SANTA FE DRIVE NORTH,1,1,1,0,1,3,,0,25,0,0,0,0,0,4,2,13
,2018_08270,39.75221917,-104.9796366,12/16/2018 2:22,2:22,6,0,0,GLENARM PLACE 2500 BLOCK & 26TH STREET,1,3,0,0,1,4,,0,30,0,0,0,0,0,4,4,14
,2018_08274,39.74490526,-104.9874158,8/15/2018 17:32,17:32,6,0,0,BROADWAY NORTH & 18TH AVENUE EAST,1,1,1,0,1,3,,0,30,0,0,0,0,0,4,2,8
,2018_08289,39.6895043,-105.0196502,1/23/2018 15:23,15:23,5,0,0,FLORIDA AVENUE WEST & CLAY STREET SOUTH,4,1,1,0,3,4,,0,30,0,0,0,0,0,4,1,1
,2018_08291,39.76905249,-105.0041361,10/23/2018 18:12,18:12,6,0,0,NAVAJO STREET & 38TH AVENUE WEST,1,2,0,0,1,4,,0,35,0,0,0,0,0,4,3,2
,2018_08292,39.78380763,-104.8046088,8/31/2018 20:23,20:23,15,0,0,GREEN VALLEY RANCH BOULEVARD EAST & JOPLIN STREET NORTH,1,3,0,0,1,4,,0,35,0,0,0,0,0,4,2,2
,2018_08293,39.78380736,-104.8044309,5/13/2018 13:42,13:42,5,0,1,GREEN VALLEY RANCH BOULEVARD 4800 BLOCK EAST & JOPLIN STREET NORTH,1,1,0,0,3,1,,0,40,0,0,0,0,2,4,1,13
,2018_08295,39.75313367,-104.9597703,8/7/2018 16:32,16:32,5,0,0,YORK STREET NORTH & 25TH AVENUE EAST,1,1,0,0,3,4,,0,30,0,0,0,0,0,4,1,10
,2018_08297,39.78363053,-104.7707989,11/27/2018 10:00,10:00,1,0,1,GREEN VALLEY RANCH BOULEVARD 18605 BLOCK EAST & TOWER ROAD NORTH,1,1,0,0,1,2,,0,40,0,0,0,0,2,4,2,13
,2018_08298,39.74806796,-104.9873988,4/9/2018 8:56,8:56,6,0,0,CALIFORNIA STREET 1900 BLOCK & 19TH STREET,2,1,0,0,1,4,,0,25,0,0,0,0,0,4,2,13
,2018_08299,39.72912096,-104.959028,3/19/2018 17:14,17:14,12,0,0,EIGHTH AVENUE EAST & JOSEPHINE STREET NORTH,1,1,0,0,1,3,,0,30,0,0,0,0,0,4,2,14
,2018_08300,39.79833795,-104.8502671,6/4/2018 18:49,18:49,12,0,0,56TH AVENUE EAST & OSWEGO STREET NORTH,1,1,1,0,1,4,,0,45,0,0,0,0,0,4,2,13
,2018_08304,39.77058275,-104.9948613,8/18/2018 19:14,19:14,5,0,1,39TH AVENUE WEST & FOX STREET NORTH,1,2,0,0,2,4,,0,30,0,0,0,0,2,4,1,5
,2018_08306,39.79839307,-104.7873099,9/11/2018 18:24,18:24,12,0,0,PENA BOULEVARD INBOUND & 56TH AVENUE EAST,1,1,0,0,1,3,,0,35,0,0,0,0,0,4,2,8
,2018_08307,39.71658209,-104.9862469,10/8/2018 15:01,15:01,15,0,0,LINCOLN STREET NORTH & ELSWORTH AVENUE SOUTH,2,1,0,0,1,4,,0,30,0,0,0,0,0,4,2,13
,2018_08309,39.67663306,-104.9383562,9/17/2018 1:30,1:30,6,0,0,WARREN AVENUE EAST & ALBION STREET SOUTH,1,3,0,0,1,4,,0,,0,0,0,0,0,4,2,13
,2018_08312,39.7983851,-104.7864109,11/15/2018 15:27,15:27,12,0,0,PENA BOULEVARD 5600 BLOCK & 56TH AVENUE EAST,1,1,0,0,1,3,,0,35,0,0,0,0,0,4,2,1
,2018_08315,39.74036855,-104.8952047,12/18/2018 14:00,14:00,6,0,0,TAMARAC STREET NORTH & COLFAX AVENUE EAST,1,1,0,0,1,2,,0,25,0,0,0,0,0,4,2,3
,2018_08317,39.76938132,-105.0460374,5/1/2018 1:40,1:40,8,0,0,38TH AVENUE 4500 BLOCK WEST & VRAIN STREET NORTH,1,3,0,0,1,4,,0,35,0,0,0,0,0,4,2,13
,2018_08318,39.75378268,-104.9984812,5/20/2018 14:45,14:45,6,0,0,18TH STREET & WYNKOOP STREET,1,1,0,0,1,3,,0,30,0,0,0,0,0,4,2,13
,2018_08319,39.73649939,-104.9986863,5/30/2018 7:58,7:58,15,0,0,SANTA FE DRIVE 1300 BLOCK NORTH & 14TH AVENUE WEST,1,1,0,0,1,4,,0,35,0,0,0,0,0,4,2,14
,2018_08324,39.75327141,-104.987406,2/4/2018 18:10,18:10,15,0,0,BROADWAY 2200 BLOCK NORTH & 22ND STREET,1,3,0,0,1,4,,0,30,0,0,0,0,0,4,2,8
,2018_08325,39.7165615,-105.0432753,11/12/2018 16:00,16:00,15,0,0,ELLSWORTH AVENUE WEST & STUART STREET NORTH,1,2,0,0,1,4,,0,25,0,0,0,0,0,4,2,13
,2018_08326,39.7600735,-104.8692266,6/15/2018 9:35,9:35,12,0,0,MLK BOULEVARD 10200 BLOCK & GALENA STREET NORTH,1,1,0,0,1,4,,0,30,0,0,0,0,0,4,2,13
,2018_08331,39.76200038,-104.9709464,4/20/2018 7:35,7:35,12,0,0,MLK BOULEVARD & LAFAYETTE STREET NORTH,1,1,0,0,1,1,,0,20,0,0,0,0,0,4,3,13
,2018_08334,39.73148085,-104.9861296,10/19/2018 17:49,17:49,12,0,0,LINCOLN STREET NORTH & 10TH AVENUE EAST,1,2,0,0,1,4,,0,30,0,0,0,0,0,4,2,8
,2018_08335,39.74763118,-104.9977867,6/21/2018 15:58,15:58,6,0,0,15TH STREET & LAWRENCE STREET,1,1,0,0,1,3,,0,30,0,0,0,0,0,4,5,14
,2018_08337,39.77144537,-104.9936565,10/25/2018 18:49,18:49,1,0,0,ELATI STREET NORTH & 40TH AVENUE WEST,1,4,0,0,1,2,,0,25,0,0,0,0,0,4,2,8
,2018_08340,39.73435825,-104.958609,8/31/2018 23:00,23:00,6,0,0,JOSEPHINE STREET 110 BLOCK NORTH & 12TH AVENUE EAST,1,3,1,0,1,4,,0,30,0,0,0,0,0,4,2,3
,2018_08342,39.71109447,-105.0299829,6/22/2018 14:33,14:33,12,0,0,IRVING STREET SOUTH & ALAMEDA AVENUE WEST,1,1,1,0,1,4,,0,,0,0,0,1,0,4,2,13
,2018_08343,39.73672584,-104.986129,1/17/2018 12:51,12:51,12,0,1,LINCOLN STREET NORTH & 13TH AVENUE EAST,1,1,0,0,1,4,,0,30,0,0,0,0,1,4,3,13
,2018_08344,39.71934895,-104.9862362,11/2/2018 19:07,19:07,3,0,0,SECOND AVENUE 0 BLOCK EAST & LINCOLN STREET NORTH,1,3,0,0,1,1,,0,30,0,0,0,0,0,4,2,8
,2018_08346,39.69665979,-104.8917162,4/4/2018 19:15,19:15,12,0,0,MISSISSIPPI AVENUE EAST & VALENTIA STREET SOUTH,1,3,1,0,1,3,,0,35,0,0,0,0,0,4,2,5
,2018_08347,39.78572484,-104.8830958,10/20/2018 15:44,15:44,12,0,0,CENTRAL PLACE 4800 BLOCK NORTH & NORTHFIELD BOULEVARD EAST,1,1,0,0,1,3,,0,40,0,0,0,0,0,4,2,13
,2018_08349,39.75106193,-104.9414855,4/14/2018 12:30,12:30,12,0,0,23RD AVENUE 3800 BLOCK EAST & COLORADO BOULEVARD NORTH,1,1,0,0,1,4,,0,25,0,0,0,0,0,4,2,13
,2018_08352,39.7448565,-104.9874184,2/16/2018 9:29,9:29,12,0,0,18TH AVENUE EAST & BROADWAY NORTH,5,1,1,0,1,3,,0,30,0,0,0,0,0,4,2,13
,2018_08355,39.73520245,-104.9861235,6/24/2018 13:51,13:51,12,0,3,LINCOLN STREET NORTH & 12TH AVENUE EAST,2,1,0,1,1,3,,0,40,0,0,0,0,1,4,2,8
,2018_08358,39.82004323,-104.7700577,10/19/2018 23:20,23:20,5,0,0,59TH AVENUE EAST & ARGONNE STREET NORTH,1,3,0,0,2,4,,0,35,0,0,0,0,0,4,1,1
,2018_08361,39.7695195,-105.0339036,9/28/2018 10:30,10:30,6,0,0,38TH AVENUE 3500 BLOCK WEST & LOWELL BOULEVARD NORTH,1,1,0,0,1,4,,0,35,0,0,0,0,0,4,2,13
,2018_08366,39.71531489,-104.8945863,11/5/2018 19:00,19:00,15,0,0,FAIRMOUNT DRIVE 8100 BLOCK & BAYAUD AVENUE EAST,1,3,0,0,1,4,,0,35,0,0,0,0,0,4,2,13
,2018_08367,39.70818256,-104.9828465,4/17/2018 8:00,8:00,12,0,0,LOGAN STREET 400 BLOCK SOUTH & VIRGINIA STREET EAST,1,1,0,0,1,4,,0,30,0,0,0,0,0,4,2,16
,2018_08368,39.70915899,-104.9828393,12/1/2018 0:25,0:25,6,0,1,LOGAN STREET 400 BLOCK SOUTH & DAKOTA AVENUE EAST,1,3,0,0,1,4,,0,30,0,0,0,0,2,4,2,5
,2018_08369,39.76805197,-105.0025998,4/1/2018 16:35,16:35,6,0,0,MARIPOSA STREET 3700 BLOCK NORTH & 38TH AVENUE WEST,1,1,0,0,1,4,,0,30,0,0,0,0,0,4,2,13
,2018_08371,39.74486061,-104.9941858,6/24/2018 16:53,16:53,15,0,0,15TH STREET & STOUT STREET,1,1,0,0,1,3,,0,30,0,0,0,0,0,4,2,1
,2018_08374,39.67349761,-104.9175687,3/30/2018 15:40,15:40,15,0,0,KEARNEY STREET 2300 BLOCK SOUTH & ILIFF AVENUE EAST,1,1,0,0,1,4,,0,25,0,0,0,0,0,4,2,13
,2018_08376,39.76955322,-105.0017601,1/26/2018 10:18,10:18,6,0,0,LIPAN STREET 3800 BLOCK NORTH & 38TH AVENUE WEST,1,1,0,0,1,3,,0,30,0,0,0,0,0,4,2,14
,2018_08379,39.76187481,-104.9382453,4/10/2018 8:35,8:35,15,0,0,MLK BOULEVARD & ASH STREET NORTH,1,1,0,0,1,3,,0,35,0,0,0,0,0,4,2,16
,2018_08380,39.65395109,-104.9128822,12/12/2018 8:00,8:00,3,0,0,MONACO STREET 3400 BLOCK SOUTH & GIRARD AVENUE EAST,1,1,0,0,1,2,,0,30,0,0,0,0,0,4,2,7
,2018_08381,39.77282976,-104.7963219,11/16/2018 14:50,14:50,12,0,0,40TH AVENUE EAST & AIRPORT WAY NORTH,1,1,0,0,1,4,,0,40,0,0,0,0,0,4,2,8
,2018_08383,39.66182356,-105.0672823,8/23/2018 14:48,14:48,12,0,0,LAMAR STREET SOUTH & BATES AVENUE WEST,1,1,0,0,1,3,,0,25,0,0,0,0,0,4,2,3
,2018_08385,39.75648975,-104.9897774,1/19/2018 22:14,22:14,12,0,0,WALNUT STREET 2300 BLOCK & PARK AVENUE WEST,1,3,0,0,1,4,,0,30,0,0,0,0,0,4,2,13
,2018_08386,39.70386874,-104.9035021,10/7/2018 13:00,13:00,3,0,1,EXPOSITION AVENUE 7200 EAST & QUEBEC STREET NORTH,1,1,1,0,1,3,,0,35,0,0,0,0,1,4,2,1
,2018_08389,39.75644607,-105.0092581,11/2/2018 18:50,18:50,10,0,0,PLATTE STREET & 15TH STREET,1,1,0,0,1,1,,0,25,0,0,0,0,0,4,2,5
,2018_08390,39.6677216,-105.0279623,4/18/2018 15:31,15:31,3,0,1,YALE AVENUE WEST & HAZEL COURT SOUTH,1,1,0,0,1,1,,0,5,0,0,0,0,1,4,2,7
,2018_08391,39.68750079,-104.9500397,7/28/2018 23:10,23:10,6,0,0,STEELE STREET SOUTH & IOWA AVENUE EAST,1,3,0,0,1,4,,0,30,0,0,0,0,0,4,2,12
,2018_08392,39.77355419,-104.9382693,4/9/2018 4:02,4:02,6,0,0,ALBION STREET NORTH & 40TH AVENUE EAST,1,3,0,0,1,4,,0,25,0,0,0,0,0,4,2,14
,2018_08393,39.76183323,-104.9383037,12/4/2018 16:12,16:12,12,0,0,MLK BOULEVARD & ASH STREET NORTH,1,2,0,0,1,3,,0,35,0,0,0,0,0,4,2,12
,2018_08394,39.7644478,-104.9462598,4/1/2018 20:08,20:08,12,0,0,BRUCE RANDOLPH AVENUE EAST & MADISON STREET NORTH,1,3,0,0,1,3,,0,25,0,0,0,0,0,4,2,7
,2018_08395,39.73685019,-104.9873935,2/11/2018 1:05,1:05,12,0,1,13TH AVENUE 000 BLOCK EAST & BROADWAY NORTH,4,3,0,2,1,4,,0,30,0,0,0,0,1,4,2,7
,2018_08401,39.73048526,-104.9194487,2/11/2018 23:09,23:09,15,0,0,NINTH AVENUE EAST & JERSEY STREET NORTH,1,3,0,0,1,4,,0,25,0,0,0,0,0,4,2,13
,2018_08402,39.76648482,-105.0346303,12/23/2018 15:40,15:40,6,0,0,LOWELL BOULEVARD NORTH & 36TH AVENUE WEST,1,2,0,0,1,4,,0,35,0,0,0,0,0,4,3,2
,2018_08403,39.78953054,-104.8306624,2/22/2018 17:44,17:44,5,0,0,51ST AVENUE 13600 BLOCK EAST & XANADU STREET NORTH,5,2,0,2,3,4,,0,25,0,0,0,0,0,4,1,7
,2018_08405,39.77292628,-104.9754729,2/9/2018 7:46,7:46,15,0,0,38TH STREET & BRIGHTON BOULEVARD NORTH,1,1,0,0,1,3,,0,30,0,0,0,0,0,4,2,8
,2018_08408,39.74478286,-104.9597901,7/20/2018 18:50,18:50,15,0,1,18TH AVENUE EAST & YORK STREET NORTH,1,1,0,0,1,3,,0,30,0,0,0,0,1,4,2,13
,2018_08409,39.73876004,-104.958788,5/20/2018 21:44,21:44,6,0,1,JOSEPHINE STREET NORTH & 14TH AVENUE EAST,1,3,0,0,1,4,,0,30,0,0,0,0,1,4,4,4
,2018_08411,39.71646442,-104.9036984,5/11/2018 10:30,10:30,12,0,0,QUEBEC STREET 000 BLOCK NORTH & LOWRY BOULEVARD EAST,1,1,0,0,1,4,,0,,0,0,0,0,0,4,2,13
,2018_08413,39.71151882,-104.9422124,10/6/2018 22:00,22:00,15,0,0,ALAMEDA AVENUE EAST & JACKSON STREET SOUTH,1,3,0,0,1,4,,0,30,0,0,0,0,0,4,2,7
,2018_08414,39.74036452,-104.9982603,9/3/2018 12:50,12:50,12,0,0,SPEER BOULEVARD NORTH & COLFAX AVENUE WEST,1,1,0,0,1,3,,0,30,0,0,0,0,0,4,2,13
,2018_08416,39.78364129,-104.7913912,12/13/2018 16:06,16:06,12,0,0,PENA BOULEVARD 4700 BLOCK NORTH & GREEN VALLEY RANCH BOULEVARD,1,1,0,0,1,3,,0,35,0,0,0,0,0,4,2,1
,2018_08418,39.7390436,-104.9587974,7/18/2018 13:31,13:31,12,0,0,JOSEPHINE STREET 1400 NORTH & 14TH AVENUE EAST,1,1,0,0,1,4,,0,30,0,0,0,0,0,4,4,13
,2018_08419,39.7668598,-105.0041328,6/19/2018 16:45,16:45,12,0,0,36TH AVENUE WEST & NAVAJO STREET NORTH,1,1,0,0,1,5,,0,10,0,0,0,0,0,4,2,13
,2018_08420,39.71841308,-104.9985749,8/28/2018 13:48,13:48,8,0,0,FIRST AVENUE WEST & SANTA FE DRIVE,1,1,0,0,1,4,,0,25,0,0,0,0,0,4,3,16
,2018_08424,39.75152335,-104.9859025,8/23/2018 16:40,16:40,12,0,0,STOUT STREET & 22ND STREET,1,1,0,0,1,4,,0,35,0,0,0,0,0,4,2,12
,2018_08428,39.74070925,-104.9912086,4/20/2018 12:43,12:43,15,0,0,COURT PLACE & 14TH STREET,1,1,0,0,1,4,,0,30,0,0,0,0,0,4,2,13
,2018_08429,39.78392459,-105.0064359,8/22/2018 15:47,15:47,12,0,0,48TH AVENUE WEST & PECOS STREET NORTH,1,1,0,0,1,6,,0,25,0,0,0,0,0,4,2,16
,2018_08430,39.7368692,-104.9798808,1/21/2018 15:34,15:34,6,0,0,PEARL STREET 1300 BLOCK NORTH & 14TH AVENUE EAST,4,1,0,2,1,4,,0,25,0,0,0,0,0,4,2,14
,2018_08431,39.76447486,-105.0041406,4/26/2018 12:30,12:30,6,0,0,NAVAJO STREET 3400 BLOCK NORTH & 35TH AVENUE WEST,1,1,1,0,1,4,,0,25,0,0,0,0,0,4,2,13
,2018_08433,39.73679978,-104.9610187,10/24/2018 19:50,19:50,6,0,0,13TH AVENUE EAST & GAYLORD STREET NORTH,1,3,0,0,1,3,,0,30,0,0,0,0,0,4,2,14
,2018_08436,39.76568217,-104.9948403,4/2/2018 16:24,16:24,12,0,0,PARK AVENUE WEST & GLOBEVILLE ROAD,1,1,1,0,1,3,,0,35,0,0,0,0,0,4,2,4
,2018_08437,39.77777921,-104.7615568,7/16/2018 8:35,8:35,14,0,0,ENSENADA STREET NORTH & CHAFFEE PLACE EAST,1,1,0,0,1,4,,0,25,0,0,0,0,0,4,2,7
,2018_08438,39.76441864,-105.0041409,12/12/2018 7:30,7:30,6,0,0,NAVAJO STREET 3400 BLOCK NORTH & 35TH AVENUE WEST,1,1,0,0,1,4,,0,30,0,0,0,0,0,4,3,13
,2018_08444,39.75423815,-104.9894241,12/13/2018 18:23,18:23,12,0,0,22ND STREET & LAWRENCE STREET,1,3,0,0,1,4,,0,30,0,0,0,0,0,4,2,13
,2018_08447,39.76568219,-104.9948427,8/7/2018 8:15,8:15,12,0,0,PARK AVENUE 3500 WEST & GLOBEVILLE ROAD NORTH,1,1,0,0,1,4,,0,35,0,0,0,0,0,4,2,13
,2018_08452,39.73362983,-104.9940972,10/17/2018 7:48,7:48,15,0,0,11TH AVENUE WEST & SPEER BOULEVARD NORTH,1,1,0,0,1,4,,0,25,0,0,0,0,0,4,3,13
,2018_08455,39.79838119,-104.9017289,12/25/2018 9:43,9:43,5,0,0,56TH AVENUE 7355 BLOCK EAST & ROSLYN STREET,1,3,0,0,2,4,,0,35,0,0,0,0,0,4,1,7
,2018_08458,39.75096516,-104.956942,6/17/2018 9:24,9:24,6,0,0,NORTH ESPLANADE PARKWAY NORTH & 17TH AVENUE EAST,1,1,0,0,1,4,,0,15,0,0,0,0,0,4,2,2
,2018_08464,39.7569982,-104.9928406,8/12/2018 2:14,2:14,15,0,0,22ND STREET & WAZEE STREET,1,3,0,0,1,4,,0,35,0,0,0,0,0,4,2,13
,2018_08465,39.76194517,-104.9827088,2/20/2018 11:59,11:59,15,0,0,WALNUT STREET & 29TH STREET,6,1,0,0,1,4,,0,30,0,0,0,0,0,4,3,8
,2018_08466,39.74696709,-104.9896563,9/5/2018 17:17,17:17,15,0,0,18TH STREET & CALIFORNIA STREET,2,1,0,1,1,4,,0,30,0,0,0,0,0,4,2,16
,2018_08469,39.76030287,-105.0039918,9/13/2018 18:10,18:10,6,0,0,PLATTE STREET & 19TH STREET,1,1,0,0,1,4,,0,25,0,0,0,0,0,4,2,13
,2018_08472,39.69819065,-105.0512797,12/7/2018 15:29,15:29,12,0,1,MORRISON ROAD & TENNESSEE AVENUE WEST,1,1,1,0,1,4,,0,30,0,0,0,0,1,4,2,12
,2018_08479,39.7728954,-104.960751,1/7/2018 3:35,3:35,5,0,1,40TH AVENUE EAST & YORK STREET NORTH,1,3,0,0,3,4,,0,30,0,0,0,0,1,4,1,5
,2018_08480,39.79109257,-104.7345551,2/6/2018 14:31,14:31,5,0,0,PICADILLY ROAD NORTH & 52ND AVENUE EAST,1,1,0,0,3,2,,0,45,0,0,0,0,0,4,1,7
,2018_08481,39.74204917,-104.9991915,9/10/2018 17:15,17:15,12,0,1,SPEER BOULEVARD 1000 NORTH & CHAMPA STREET,1,1,0,0,1,4,,0,30,0,0,0,0,1,4,4,5
,2018_08483,39.71108758,-105.0328109,5/22/2018 6:19,6:19,12,0,0,MORRISON ROAD 3400 BLOCK & ALAMEDA AVENUE WEST,1,1,0,0,1,4,,0,35,0,0,0,0,0,4,2,16
,2018_08484,39.69799904,-105.0515487,12/7/2018 15:29,15:29,6,0,0,MORRISON ROAD & TENNESSEE AVENUE WEST,1,1,1,0,1,4,,0,30,0,0,0,0,0,4,2,13
,2018_08485,39.73848328,-105.0487684,5/27/2018 6:31,6:31,6,0,0,14TH AVENUE WEST & WOLFF STREET NORTH,1,1,0,0,1,3,,0,25,0,0,0,0,0,4,2,5
,2018_08486,39.7073887,-105.0115162,3/6/2018 8:05,8:05,1,0,0,VIRGINIA AVENUE WEST & TEJON STREET SOUTH,1,1,0,0,1,2,,0,25,0,0,0,0,0,4,2,1
,2018_08489,39.65616922,-105.0534288,5/25/2018 10:45,10:45,3,0,0,DARTMOUTH AVENUE WEST & SHERIDAN BOULEVARD SOUTH,1,1,0,0,1,2,,0,25,0,0,0,0,0,4,2,13
,2018_08491,39.69675848,-105.013936,10/15/2018 6:59,6:59,6,0,0,MISSISSIPPI STREET 2200 BLOCK WEST & VALLEJO STREET SOUTH,1,1,0,0,1,4,,0,20,0,0,0,0,0,4,2,14
,2018_08493,39.73819047,-104.9902412,8/9/2018 8:35,8:35,12,0,0,BANNOCK STREET NORTH & 14TH AVENUE WEST,1,1,0,0,1,2,,0,25,0,0,0,0,0,4,2,13
,2018_08499,39.72885365,-104.9861523,5/1/2018 15:25,15:25,15,0,0,LINCOLN STREET 700 BLOCK NORTH & EIGHTH AVENUE EAST,1,1,0,0,1,4,,0,30,0,0,0,0,0,4,2,13
,2018_08502,39.696758,-105.01384,4/12/2018 8:15,8:15,15,0,0,MISSISSIPPI AVENUE & VALLEJO STREET SOUTH,1,1,0,0,1,4,,0,20,0,0,0,0,0,4,2,13
,2018_08505,39.72718666,-104.9861528,4/26/2018 8:37,8:37,12,0,1,LINCOLN STREET NORTH & SEVENTH AVENUE EAST,1,1,0,0,1,4,,0,30,0,0,0,0,1,4,2,12
,2018_08508,39.66854372,-105.0248684,8/18/2018 14:47,14:47,6,0,0,COLLEGE AVENUE WEST & FEDERAL BOULEVARD SOUTH,1,1,0,0,1,4,,0,,0,0,0,0,0,4,2,13
,2018_08509,39.70253705,-104.9827924,3/17/2018 20:19,20:19,6,0,0,LOGAN STREET 700 BLOCK SOUTH & OHIO AVENUE EAST,1,3,0,0,1,4,,0,30,0,0,0,0,0,4,3,8
,2018_08510,39.73205271,-104.9874029,7/3/2018 21:54,21:54,12,0,0,BROADWAY 1000 NORTH & 10TH AVENUE EAST,1,3,0,0,1,3,,0,35,0,0,0,0,0,4,2,13
,2018_08512,39.70037026,-104.9205889,1/29/2018 15:34,15:34,6,0,0,IVY STREET SOUTH & KENTUCKY AVENUE SOUTH,1,1,0,0,1,4,,0,25,0,0,0,0,0,4,2,1
,2018_08514,39.67664656,-104.9237619,4/21/2018 19:35,19:35,6,0,0,WARREN AVENUE EAST & CONLEY WAY SOUTH,1,2,0,0,1,4,,0,25,0,0,0,0,0,4,2,1
,2018_08515,39.66213094,-105.0163353,11/22/2018 7:00,7:00,6,0,0,ZUNI STREET 2500 BLOCK SOUTH & CORNELL AVENUE WEST,1,1,0,0,1,4,,0,25,0,0,0,0,0,4,2,13
,2018_08516,39.64959161,-105.0349501,10/15/2018 7:48,7:48,12,0,0,KENYON AVENUE WEST & LOWELL BOULEVARD SOUTH,1,1,1,0,1,4,,0,35,0,0,0,0,0,4,3,13
,2018_08517,39.68948931,-105.0252592,7/10/2018 10:17,10:17,12,0,0,FLORIDA AVENUE WEST & FEDERAL BOULEVARD,1,1,0,0,1,3,,0,30,0,0,0,0,0,4,2,3
,2018_08518,39.71482342,-105.0205923,8/23/2018 7:39,7:39,6,0,0,BAYAUD AVENUE 2700 BLOCK WEST & CLAY STREET SOUTH,1,1,0,0,1,3,,0,,0,0,0,0,0,4,2,13
,2018_08519,39.71120127,-104.910066,9/21/2018 7:57,7:57,12,0,0,ALAMEDA AVENUE EAST & NIAGARA STREET SOUTH,1,1,0,0,1,4,,0,35,0,0,0,0,0,4,2,16
,2018_08520,39.71118045,-104.9273144,3/3/2018 9:04,9:04,12,0,0,ALAMEDA AVENUE EAST 5000 BLOCK  & FOREST STREET SOUTH,1,1,0,0,1,4,,0,35,0,0,0,0,0,4,2,13
,2018_08521,39.72413857,-104.9869687,8/13/2018 12:07,12:07,15,0,0,FIFTH AVENUE EAST & BROADWAY NORTH,1,1,0,0,1,4,,0,25,0,0,0,0,0,4,2,13
,2018_08522,39.72408552,-104.9769789,5/31/2018 19:42,19:42,6,0,0,FIFTH AVENUE EAST & CLARKSON STREET NORTH,1,3,0,0,1,5,,0,25,0,0,0,0,0,4,2,8
,2018_08523,39.79806908,-104.8314518,5/29/2018 7:34,7:34,12,0,1,56TH AVENUE 13500 BLOCK EAST & WORCHESTER STREET,1,1,0,0,1,4,,0,40,0,0,0,0,1,4,2,16
,2018_08524,39.71120993,-104.9219236,12/10/2018 10:03,10:03,15,0,0,ALAMEDA AVENUE 5600 BLOCK EAST & HOLLY STREET SOUTH,1,1,0,0,1,4,,0,30,0,0,0,0,0,4,2,1
,2018_08525,39.76075099,-104.9711548,4/2/2018 17:41,17:41,15,0,0,31ST AVENUE EAST & LAFAYETTE STREET NORTH,1,2,0,0,1,4,,0,30,0,0,0,0,0,4,2,3
,2018_08526,39.74882707,-104.9003967,10/19/2018 16:56,16:56,6,0,0,21ST AVENUE EAST & ROSEMARY STREET NORTH,1,1,0,0,1,4,,0,25,0,0,0,0,0,4,2,8
,2018_08528,39.69674246,-105.0202812,12/29/2018 9:35,9:35,12,0,0,MISSISSIPPI AVENUE 2800 BLOCK WEST & CLAY STREET SOUTH,1,1,0,0,1,4,,0,30,0,0,0,0,0,4,2,13
,2018_08532,39.76218277,-105.0158384,7/29/2018 18:17,18:17,6,0,0,ZUNI STREET NORTH & 32ND AVENUE WEST,1,1,0,0,1,4,,0,,0,0,0,0,0,4,2,13
,2018_08535,39.78737558,-105.0123742,3/14/2018 9:43,9:43,6,0,0,UMATILLA STREET NORTH & 50TH AVENUE WEST,1,1,0,0,1,3,,0,25,0,0,0,0,0,4,2,9