id,drcog_id,latitude,longitude,crashtime,time,crashtype,numbkilled,numbinjurd,drcoglocat,rdconditin,lightngcon,roadcntgrd,weatherco,location,roaddescrp,schoolzone,constrzone,splimit,bikeinv,pedinv,sctrinv,motoinv,svrty,rdsystem,ttlvehcls,hcf
,2018_08537,39.71029614,-105.0397147,11/3/2018 13:30,13:30,6,0,0,PERRY STREET 372 BLOCK SOUTH & NEVADA PLACE WEST,1,1,0,0,1,4,,0,25,0,0,0,0,0,4,2,14
,2018_08539,39.66741065,-104.9129574,6/21/2018 11:13,11:13,12,0,0,MONACO STREET 2700 BLOCK SOUTH & YALE AVENUE EAST,1,1,0,0,1,4,,0,30,0,0,0,0,0,4,2,3
,2018_08540,39.67201674,-105.030886,3/1/2018 11:37,11:37,6,0,0,JULIAN STREET 2200 BLOCK SOUTH & WESLEY AVENUE WEST,1,1,0,0,1,4,,0,25,0,0,0,0,0,4,2,12
,2018_08541,39.74057107,-104.9799059,3/17/2018 0:01,0:01,6,0,0,PEARL STREET 1500 BLOCK NORTH & COLFAX AVENUE EAST,1,3,0,0,1,4,,0,25,0,0,0,0,0,4,2,14
,2018_08542,39.68583526,-104.9128873,6/18/2018 16:00,16:00,12,0,1,MONACO STREET 1600 BLOCK SOUTH & MEXICO AVENUE EAST,1,1,0,0,1,3,,0,30,0,0,0,0,1,4,2,16
,2018_08543,39.73908828,-104.9718635,9/12/2018 16:47,16:47,12,0,0,MARION STREET NORTH & 14TH AVENUE EAST,1,1,0,0,1,4,,0,30,0,0,0,0,0,4,2,5
,2018_08545,39.68385071,-104.9816369,6/6/2018 20:58,20:58,6,0,0,COLORADO AVENUE EAST & PENNSYLVANIA STREET SOUTH,1,3,0,0,1,4,,0,25,0,0,0,0,0,4,2,7
,2018_08546,39.71777111,-105.0109358,12/10/2018 7:45,7:45,12,0,0,TEJON STREET NORTH & IRVINGTON PLACE WEST,1,1,0,0,1,2,,0,25,0,0,0,0,0,4,2,16
,2018_08548,39.76559055,-104.9380688,7/15/2018 1:40,1:40,6,0,0,ASH STREET 3400 NORTH & 35TH AVENUE EAST,1,3,0,0,1,3,,0,,0,0,0,0,0,4,2,13
,2018_08552,39.7692874,-105.0086536,11/25/2018 14:43,14:43,6,0,0,38TH AVENUE 1800 BLOCK WEST & QUIVAS STREET NORTH,5,1,1,0,1,4,,0,35,0,0,0,0,0,4,3,13
,2018_08553,39.67555592,-105.0358533,7/24/2018 20:35,20:35,15,0,0,MEADE STREET 2200 BLOCK SOUTH & ILIFF AVENUE WEST,2,2,0,0,1,2,,0,25,0,0,0,0,0,4,4,5
,2018_08554,39.69867157,-104.9827732,11/7/2018 9:03,9:03,6,0,0,LOGAN STREET 900 BLOCK SOUTH & TENNESSEE AVENUE EAST,1,1,0,0,1,4,,0,30,0,0,0,0,0,4,2,13
,2018_08555,39.76927202,-105.0041377,12/21/2018 21:10,21:10,12,0,0,38TH AVENUE 1400 BLOCK WEST & NAVAJO STREET NORTH,1,3,0,0,1,4,,0,35,0,0,0,0,0,4,2,13
,2018_08556,39.70942705,-105.0298963,2/10/2018 22:00,22:00,6,0,0,DAKOTA AVENUE WEST & IRVING STREET SOUTH,5,3,0,2,1,4,,0,25,0,0,0,0,0,4,2,13
,2018_08557,39.72906491,-105.0337363,8/15/2018 8:45,8:45,6,0,0,KING STREET 700 BLOCK NORTH & EIGHTH AVENUE WEST,1,1,0,0,1,4,,0,25,0,0,0,0,0,4,2,13
,2018_08559,39.74155725,-105.0268007,11/26/2018 9:04,9:04,15,0,0,GROVE STREET 1555 BLOCK NORTH & CONEJOS PLACE WEST,1,1,0,0,1,4,,0,25,0,0,0,0,0,4,2,13
,2018_08560,39.76202366,-105.0143768,7/21/2018 20:10,20:10,15,0,0,32ND AVENUE 2200 BLOCK WEST & WYANDOT STREET NORTH,1,2,0,0,1,4,,0,25,0,0,0,0,0,4,2,13
,2018_08561,39.78361406,-104.7725778,11/11/2018 18:37,18:37,14,0,0,GREEN VALLEY RANCH BOULEVARD & TOWER ROAD NORTH,5,3,0,2,1,1,,0,35,0,0,0,0,0,4,2,13
,2018_08563,39.69674999,-105.0227258,8/12/2018 2:04,2:04,5,0,1,MISSISSIPPI AVENUE WEST & DECATUR STREET SOUTH,1,3,0,0,3,4,,0,30,0,0,0,0,2,4,1,5
,2018_08564,39.71487458,-105.0396999,9/16/2018 14:50,14:50,6,0,0,PERRY STREET 100 BLOCK SOUTH & BAYAUD AVENUE WEST,1,1,1,0,1,4,,0,25,0,0,0,0,0,4,3,3
,2018_08566,39.73847377,-105.0383006,4/18/2018 3:13,3:13,6,0,0,14TH AVENUE 3900 BLOCK WEST & OSCEOLA STREET NORTH,1,3,1,0,1,4,,0,20,0,0,0,0,0,4,2,9
,2018_08568,39.6894702,-105.027301,11/16/2018 6:50,6:50,12,0,0,FLORIDA AVENUE 3100 BLOCK WEST & HAZEL COURT SOUTH,1,2,0,0,1,4,,0,30,0,0,0,0,0,4,3,7
,2018_08570,39.77916819,-104.9246404,6/4/2018 15:28,15:28,12,0,0,GRAPE STN & STAPLETON NORTH DRIVE EAST,1,1,0,0,1,3,,0,25,0,0,0,0,0,4,2,1
,2018_08577,39.73889592,-104.8858298,11/19/2018 16:16,16:16,6,0,0,XENIA STREET NORTH & 14TH AVENUE EAST,1,1,0,0,1,4,,0,25,0,0,0,0,0,4,2,7
,2018_08586,39.76110311,-105.0205332,11/11/2018 10:21,10:21,3,0,0,CLAY STREET 3100 BLOCK NORTH & ARGYLE PLACE WEST,2,1,0,2,1,2,,0,30,0,0,0,0,0,4,2,13
,2018_08587,39.78362642,-104.7776439,4/27/2018 18:41,18:41,15,0,0,GREEN VALLEY RANCH BOULEVARD EAST & WALDEN STREET NORTH,1,1,0,0,1,4,,0,40,0,0,0,0,0,4,2,13
,2018_08588,39.6621345,-105.0181404,7/9/2018 7:33,7:33,6,0,0,CORNELL AVENUE 2600 BLOCK WEST & BRYANT STREET SOUTH,1,1,0,0,1,4,,0,25,0,0,0,0,0,4,3,2
,2018_08589,39.76928274,-105.0223565,2/25/2018 14:55,14:55,3,0,0,38TH AVENUE 2900 BLOCK WEST & ELIOT STREET NORTH,1,1,0,0,1,2,,0,,0,0,0,0,0,4,2,13
,2018_08591,39.72928368,-104.904726,6/6/2018 23:58,23:58,12,0,1,EIGHTH AVENUE EAST & POPLAR STREET NORTH,1,3,0,0,1,3,,0,30,0,0,0,0,1,4,2,5
,2018_08592,39.79838677,-104.7865989,1/2/2018 12:24,12:24,12,0,0,56TH AVENUE 17700 BLOCK EAST & PENA BOULEVARD,1,1,0,0,1,4,,0,40,0,0,0,0,0,4,2,16
,2018_08594,39.69280364,-104.9128897,4/10/2018 23:33,23:33,5,0,0,MONACO STREET 1200 BLOCK SOUTH & CHERRY CREEK NORTH DRIVE,1,3,0,0,3,4,,0,40,0,0,0,0,0,4,1,16
,2018_08596,39.69192515,-104.9128894,1/27/2018 7:35,7:35,6,0,2,MONACO STREET 1300 BLOCK SOUTH & CHERRY CREEK NORTH DRIVE,1,1,0,0,1,4,,0,35,0,0,0,0,2,4,2,12
,2018_08597,39.71120189,-104.998081,4/13/2018 7:57,7:57,12,0,1,ALAMEDA AVENUE 900 BLOCK WEST & KALAMATHST SOUTH,1,1,0,0,1,4,,0,35,0,0,0,0,2,4,3,14
,2018_08600,39.68940794,-104.9933874,6/23/2018 6:22,6:22,3,0,0,FLORIDA AVENUE WEST & SANTA FE DRIVE SOUTH,1,1,0,0,1,2,,0,35,0,0,0,0,0,4,2,13
,2018_08601,39.79839308,-104.7873102,10/3/2018 8:20,8:20,12,0,0,PENA BOULEVARD NORTH & 56TH AVENUE EAST,1,1,0,0,1,4,,0,45,0,0,0,0,0,4,2,13
,2018_08603,39.67843719,-104.9961127,1/16/2018 14:32,14:32,12,0,0,EVANS AVENUE 700 BLOCK WEST & GALAPAGO STREET SOUTH,1,1,0,0,1,4,,0,35,0,0,0,0,0,4,2,1
,2018_08604,39.769419,-105.0304835,6/28/2018 21:15,21:15,12,0,0,38TH AVENUE 3300 BLOCK WEST & IRVING STREET NORTH,1,3,0,0,1,2,,0,35,0,0,0,0,0,4,2,7
,2018_08605,39.70028889,-104.9800637,10/14/2018 1:42,1:42,6,0,0,KENTUCKY AVENUE 600 BLOCK EAST & PEARL STREET SOUTH,2,3,0,0,1,4,,0,35,0,0,0,0,0,4,2,1
,2018_08606,39.79104495,-104.9783347,12/31/2018 11:00,11:00,12,0,0,52ND AVENUE 600 BLOCK EAST & WASHINGTON STREET NORTH,5,1,1,2,1,4,,0,25,0,0,0,0,0,4,2,13
,2018_08609,39.73515293,-104.9798678,3/1/2018 11:04,11:04,10,0,0,12TH AVENUE EAST & PEARL STREET NORTH,1,1,0,0,1,3,,0,30,0,0,0,1,0,4,2,13
,2018_08616,39.68842487,-105.0203765,12/8/2018 22:06,22:06,6,0,0,CLAY STREET 1554 SOUTH & FLORIDA AVENUE WEST,1,3,0,0,1,4,,0,25,0,0,0,0,0,4,2,1
,2018_08619,39.77858477,-105.0017081,12/18/2018 7:25,7:25,5,0,0,MARIPOSA / LIPAN ALLEY 945 BLOCK NORTH & 10TH AVENUE WEST,1,1,0,0,2,5,,0,20,0,0,0,0,0,4,1,13
,2018_08622,39.72750721,-105.0188603,1/18/2018 16:24,16:24,3,0,0,SEVENTH AVENUE WEST & BRYANT STREET NORTH,1,1,0,0,1,3,,0,30,0,0,0,0,0,4,2,13
,2018_08623,39.7272933,-104.9706321,8/25/2018 10:12,10:12,6,0,0,SEVENTH AVENUE & 4200 BLOCK EAST,1,1,0,0,1,4,,0,25,0,0,0,0,0,4,2,5
,2018_08624,39.72413332,-104.9915432,1/1/2018 14:30,14:30,6,0,0,FIFTH AVENUE WEST & BANNOCK STREET NORTH,1,1,0,0,1,4,,0,25,0,0,0,0,0,4,2,13
,2018_08631,39.70729953,-105.0396924,7/26/2018 15:58,15:58,3,0,0,PERRY STREET 500 BLOCK SOUTH & VIRGINIA AVENUE WEST,1,1,0,0,1,2,,0,25,0,0,0,0,0,4,2,1
,2018_08633,39.73181401,-105.0521968,2/9/2018 15:48,15:48,12,0,0,NINTH AVENUE WEST & ZENOBIA STREET NORTH,14,1,1,0,1,4,,0,25,0,0,0,0,0,4,2,13
,2018_08634,39.6877668,-104.982797,2/18/2018 12:15,12:15,6,0,0,LOGAN STREET SOUTH & IOWA AVENUE EAST,1,1,0,0,1,4,,0,30,0,0,0,0,0,4,2,14
,2018_08635,39.70777011,-104.9828066,12/2/2018 2:15,2:15,6,0,0,LOGAN STREET 400 BLOCK SOUTH & VIRGINIA AVENUE EAST,1,3,0,0,1,4,,0,30,0,0,0,0,0,4,2,4
,2018_08636,39.62424668,-104.9119382,5/15/2018 16:32,16:32,12,0,0,MONACO STREET SOUTH & BELLEVIEW AVENUE EAST,1,1,1,0,1,1,,0,30,0,0,0,0,0,4,2,13
,2018_08637,39.72669931,-104.987429,7/26/2018 21:04,21:04,15,0,0,SPEER BOULEVARD NORTH & BROADWAY STREET NORTH,1,2,0,0,1,3,,0,30,0,0,0,0,0,4,2,1
,2018_08641,39.69302008,-104.987035,10/26/2018 9:09,9:09,12,0,0,LOUISIANA AVENUE EAST & BROADWAY STREET SOUTH,1,1,0,0,1,4,,0,25,0,0,0,0,0,4,2,16
,2018_08642,39.72922716,-104.9404207,12/7/2018 12:56,12:56,12,0,1,EIGHTH AVENUE 4000 BLOCK EAST & COLORADO BOULEVARD NORTH,1,1,0,0,1,4,,0,30,0,0,0,0,1,4,2,1
,2018_08643,39.79815787,-104.8422612,10/22/2018 14:39,14:39,12,0,0,56TH AVENUE EAST & REVERE STREET NORTH,1,1,0,0,1,4,,0,35,0,0,0,0,0,4,3,14
,2018_08644,39.68939632,-104.9809389,12/21/2018 12:29,12:29,6,0,0,FLORIDA AVENUE 500 BLOCK & PEARL STREET SOUTH,1,1,0,0,1,5,,0,25,0,0,0,0,0,4,2,1
,2018_08650,39.74888697,-104.987397,11/19/2018 15:15,15:15,5,0,0,20TH STREET & CALIFORNIA STREET 2080 BLOCK,1,1,0,0,1,3,,0,30,0,0,0,0,0,4,1,13
,2018_08652,39.65326207,-104.9047509,2/10/2018 11:04,11:04,6,0,0,POPLAR STREET SOUTH & HAMPDEN AVENUE EAST,4,1,1,2,1,4,,0,30,0,0,0,0,0,4,3,13
,2018_08660,39.69663592,-104.9827672,2/16/2018 16:56,16:56,12,0,0,BUCHTEL BOULEVARD 400 BLOCK EAST & LOGAN STREET SOUTH,1,1,1,0,1,4,,0,30,0,0,0,0,0,4,2,13
,2018_08662,39.76390056,-105.0499883,7/27/2018 21:25,21:25,6,0,0,33RD AVENUE 4800 WEST & YATES STREET NORTH,1,3,0,0,1,4,,0,25,0,0,0,0,0,4,3,13
,2018_08663,39.71131434,-104.9863653,7/11/2018 10:20,10:20,12,0,0,LINCOLN STREET 200 SOUTH & ALAMEDA AVENUE EAST,1,1,0,0,1,4,,0,30,0,0,0,0,0,4,2,13
,2018_08664,39.77420329,-104.8471174,9/27/2018 7:44,7:44,12,0,2,PEORIA STREET NORTH  & I70 EASTBOUND OFF RAMP GORE POINT,1,1,0,0,1,4,,0,40,0,0,0,0,1,4,2,13
,2018_08665,39.76323128,-105.0068253,4/11/2018 18:00,18:00,6,0,0,33RD AVENUE 1700 BLOCK WEST & PECOS STREET,1,2,0,0,1,4,,0,25,0,0,0,0,0,4,2,14
,2018_08666,39.79825151,-104.8474615,3/7/2018 18:27,18:27,15,0,0,56TH AVENUE EAST & PEORIA STREET NORTH,1,1,0,0,1,3,,0,40,0,0,0,0,0,4,2,13
,2018_08667,39.71657807,-104.9879374,12/6/2018 9:28,9:28,15,0,0,ELLSWORTH AVENUE 000 BLOCK WEST & BROADWAY SOUTH,1,1,0,0,1,4,,0,25,0,0,0,0,0,4,2,13
,2018_08669,39.71624534,-104.949292,3/11/2018 15:39,15:39,5,0,0,ELLSWORTH AVENUE EAST & ADAMS STREET NORTH,1,1,2,0,3,7,,0,10,0,0,0,0,0,4,2,14
,2018_08670,39.73657963,-104.9986871,11/16/2018 22:39,22:39,6,0,0,SANTA FE DRIVE NORTH & 13TH AVENUE WEST,1,3,0,0,1,4,,0,25,0,0,0,0,0,4,2,5
,2018_08673,39.7448386,-104.994158,12/18/2018 21:45,21:45,15,0,0,STOUT STREET 1500 BLOCK & 16TH STREET,1,3,0,0,1,4,,0,25,0,0,0,0,0,4,2,13
,2018_08680,39.78264815,-104.959266,2/20/2018 19:12,19:12,8,0,0,YORK STREET NORTH & 47TH AVENUE EAST,5,4,0,0,1,4,,0,30,0,0,0,0,0,4,2,1
,2018_08681,39.76090426,-105.0158348,9/26/2018 16:41,16:41,12,0,0,ZUNI STREET NORTH & 31ST AVENUE WEST,1,1,1,0,1,4,,0,30,0,0,0,0,0,4,4,13
,2018_08682,39.7821507,-104.9602744,6/21/2018 19:30,19:30,6,0,0,CLAUDE COURT NORTH & 47TH AVENUE EAST,1,1,0,0,1,4,,0,25,0,0,0,0,0,4,2,5
,2018_08684,39.76200703,-104.9717746,11/16/2018 14:00,14:00,12,0,2,MLK BOULEVARD 1300 BLOCK EAST & MARION STREET NORTH,1,1,0,0,1,4,,0,30,0,0,0,0,1,4,2,1
,2018_08685,39.76200821,-104.9719168,7/2/2018 9:43,9:43,12,0,0,MLK BOULEVARD EAST & MARION STREET NORTH,1,1,0,0,1,3,,0,30,0,0,0,0,0,4,2,13
,2018_08688,39.73981041,-105.0052327,3/15/2018 15:41,15:41,3,0,0,OSAGE STREET NORTH & COLFAX AVENUE WEST,1,1,0,0,1,2,,0,25,0,0,0,0,0,4,2,13
,2018_08692,39.73419116,-105.0052722,11/7/2018 18:09,18:09,6,0,0,OSAGE STREET 1100 BLOCK NORTH & 11TH AVENUE WEST,1,3,0,0,1,4,,0,30,0,0,0,0,0,4,2,5
,2018_08693,39.71640352,-104.9862489,7/21/2018 23:55,23:55,5,0,1,LINCOLN STREET 100 SOUTH & ELLSWORTH AVENUE EAST,1,3,0,0,2,4,,0,35,0,0,0,0,2,4,1,16
,2018_08698,39.7836319,-104.7704431,9/10/2018 18:20,18:20,1,0,2,GREEN VALLEY RANCH BOULEVARD EAST & TOWER ROAD NORTH,1,1,0,0,1,3,,0,35,0,0,0,0,1,4,3,13
,2018_08700,39.76202068,-105.0204028,12/9/2018 18:45,18:45,12,0,0,32ND AVENUE WEST & CLAY STREET NORTH,1,3,0,0,1,4,,0,30,0,0,0,0,0,4,2,13
,2018_08703,39.74918839,-104.9597625,5/24/2018 8:17,8:17,15,0,0,22ND AVENUE EAST & YORK STREET NORTH,1,1,0,0,1,1,,0,25,0,0,0,0,0,4,2,14
,2018_08704,39.66758276,-104.9210276,11/30/2018 18:41,18:41,3,0,2,YALE AVENUE EAST & HOLLY PLACE SOUTH,2,3,0,2,1,2,,0,30,0,0,0,0,1,4,2,1
,2018_08705,39.69674442,-105.0293351,10/5/2018 8:33,8:33,12,0,0,MISSISSIPPI AVENUE WEST & IRVING STREET SOUTH,1,1,1,0,1,4,,0,25,0,0,0,0,0,4,2,16
,2018_08709,39.74823508,-104.9597671,6/13/2018 18:22,18:22,15,0,2,YORK STREET NORTH & 21ST AVENUE EAST,1,1,0,0,1,3,,0,30,0,0,0,0,1,4,2,13
,2018_08710,39.75846387,-105.0144801,3/25/2018 12:00,12:00,6,0,0,WYANDOT STREET NORTH & 29TH AVENUE WEST,1,1,0,0,1,4,,0,30,0,0,0,0,0,4,2,3
,2018_08712,39.78363349,-104.7819983,3/14/2018 23:39,23:39,5,0,0,GREEN VALLEY RANCH BOULEVARD & PENA BOULEVARD OFF RAMP,1,3,0,0,3,4,,0,45,0,0,0,0,0,4,1,5
,2018_08715,39.71476622,-104.9866553,10/16/2018 19:29,19:29,6,0,0,BAYAUD AVENUE EAST & LINCOLN STREET SOUTH,1,3,0,0,1,4,,0,25,0,0,0,0,0,4,2,13
,2018_08717,39.74494276,-104.9942914,4/9/2018 13:59,13:59,15,0,0,15TH STREET & STOUT STREET,1,1,0,0,1,4,,0,35,0,0,0,0,0,4,2,3
,2018_08718,39.74293873,-104.9916193,4/5/2018 23:08,23:08,10,0,0,15TH STREET & GLENARM PLACE,1,3,0,0,1,1,,0,30,0,0,0,0,0,4,2,13
,2018_08720,39.74163287,-104.9642254,12/26/2018 6:43,6:43,3,0,0,16TH AVENUE 1900 BLOCK EAST & HIGH STREET NORTH,1,1,0,0,1,5,,0,25,0,0,0,0,0,4,2,13
,2018_08721,39.74167833,-104.9859516,6/6/2018 8:16,8:16,12,0,0,16TH AVENUE EAST & LINCOLN STREET NORTH,1,1,1,0,1,4,,0,30,0,0,0,0,0,4,2,12
,2018_08722,39.7695331,-105.0342585,11/25/2018 0:00,0:00,12,0,0,38TH AVENUE WEST & LOWELL BOULEVARD NORTH,5,3,1,2,1,4,,0,35,0,0,0,0,0,4,2,13
,2018_08723,39.79832329,-104.8841141,12/4/2018 17:44,17:44,15,0,0,56TH AVENUE EAST & CENTRAL PARK BOULEVARD,1,3,0,0,1,4,,0,15,0,0,0,0,0,4,2,7
,2018_08728,39.73159066,-104.9861292,6/20/2018 11:33,11:33,12,0,1,LINCOLN STREET NORTH & 10TH AVENUE EAST,1,1,1,0,1,4,,0,30,0,0,0,0,1,4,4,8
,2018_08735,39.77292623,-104.975473,1/19/2018 8:53,8:53,12,0,0,38TH STREET & BRIGHTON BOULEVARD,1,1,0,0,1,4,,0,35,0,0,0,0,0,4,2,13
,2018_08736,39.72920495,-104.9601909,8/29/2018 21:02,21:02,15,0,0,YORK STREET NORTH & EIGHTH AVENUE EAST,1,3,1,0,1,3,,0,30,0,0,0,0,0,4,4,5
,2018_08737,39.75838169,-105.015835,3/9/2018 17:17,17:17,15,0,0,ZUNI STREET NORTH & 29TH AVENUE WEST,1,1,0,0,1,3,,0,30,0,0,0,0,0,4,2,13
,2018_08738,39.7325561,-104.9861282,6/29/2018 18:17,18:17,15,0,0,LINCOLN STREET & 1600 BLOCK NORTH,1,1,0,0,1,4,,0,35,0,0,0,0,0,4,2,13
,2018_08740,39.73235947,-104.9861279,9/10/2018 15:07,15:07,12,0,1,LINCOLN STREET NORTH & 10TH AVENUE EAST,1,1,1,0,1,4,,0,30,0,0,0,0,1,4,2,8
,2018_08742,39.78377126,-104.940787,6/5/2018 16:46,16:46,10,0,0,48TH AVENUE EAST & COLORADO BOULEVARD NORTH,1,1,0,0,1,4,,0,30,0,0,0,0,0,4,2,1
,2018_08743,39.71660426,-104.9928615,4/28/2018 11:30,11:30,6,0,0,ELLSWORTH AVENUE 300 BLOCK WEST & CHEROKEE STREET SOUTH,1,1,0,0,1,4,,0,25,0,0,0,0,0,4,2,15
,2018_08744,39.79823449,-104.8471067,11/14/2018 5:55,5:55,12,0,0,56TH AVENUE 12100 BLOCK EAST & PEORIA STREET NORTH,1,3,0,0,1,3,,0,45,0,0,0,0,0,4,2,3
,2018_08748,39.77638917,-105.0205051,1/11/2018 19:45,19:45,6,0,1,CLAY STREET 4400 BLOCK NORTH & 45TH AVENUE WEST,1,4,1,0,1,4,,0,25,0,0,0,0,1,4,2,1
,2018_08751,39.77095946,-104.9034934,5/23/2018 10:35,10:35,15,0,0,QUEBEC STREET NORTH & SMITH ROAD,1,1,1,0,1,4,,0,35,0,0,0,0,0,4,2,13
,2018_08753,39.69297152,-104.9734077,7/12/2018 10:02,10:02,12,0,0,DOWNING STREET SOUTH & LOUISIANA AVENUE EAST,1,1,0,0,1,4,,0,30,0,0,0,0,0,4,2,13
,2018_08755,39.7838193,-104.8087645,10/17/2018 19:49,19:49,3,0,1,GREEN VALLEY RANCH BOULEVARD EAST & CHAMBERS ROAD NORTH,1,1,0,0,1,2,,0,45,0,0,0,0,1,4,2,7
,2018_08763,39.77901911,-104.9498075,8/24/2018 16:04,16:04,12,0,0,STEELE STREET NORTH & 45TH AVENUE EAST,1,1,0,0,1,3,,0,25,0,0,0,0,0,4,3,7
,2018_08764,39.77260638,-104.9034968,2/12/2018 12:45,12:45,15,0,0,QUEBEC STREET 4200 BLOCK NORTH & SMITH ROAD,1,1,0,0,1,4,,0,35,0,0,0,0,0,4,2,16
,2018_08765,39.67824729,-104.9922506,3/19/2018 7:30,7:30,5,0,0,EVANS AVENUE 300 BLOCK WEST & DELAWARE STREET SOUTH,5,1,1,0,3,4,,0,35,0,0,0,0,0,4,1,13
,2018_08767,39.74167602,-104.9819805,2/24/2018 16:00,16:00,15,0,0,LOGAN STREET 1600 BLOCK & 17TH AVENUE EAST,1,1,0,0,1,3,,0,25,0,0,0,0,0,4,2,13
,2018_08769,39.71149391,-104.9430942,7/6/2018 6:25,6:25,10,0,0,ALAMEDA AVENUE 3800 BLOCK EAST & JACKSON STREET SOUTH,1,1,0,0,1,5,,0,30,0,0,0,0,0,4,2,13
,2018_08772,39.74033311,-104.9982376,2/9/2018 13:38,13:38,15,0,0,SPEER BOULEVARD NORTH & COLFAX AVENUE WEST,1,1,0,0,1,4,,0,30,0,0,0,0,0,4,2,8
,2018_08773,39.74061406,-104.9910843,8/1/2018 9:41,9:41,15,0,0,14TH STREET & COURT PLACE,1,1,0,0,1,3,,0,25,0,0,0,0,0,4,2,1
,2018_08774,39.68757739,-104.9035359,5/14/2018 12:28,12:28,12,0,0,QUEBEC STREET SOUTH & IOWA AVENUE EAST,2,1,0,1,1,4,,0,35,0,0,0,0,0,4,3,4
,2018_08779,39.73636242,-104.9929399,4/24/2018 10:25,10:25,3,0,0,DELAWARE STREET 1300 BLOCK & 14TH AVENUE WEST,2,1,0,1,1,2,,0,30,0,0,0,0,0,4,2,13
,2018_08781,39.7795923,-104.8464504,11/7/2018 15:01,15:01,1,0,0,PEORIA STREET 4600 BLOCK NORTH & 47TH AVENUE EAST,1,1,0,0,1,2,,0,35,0,0,0,0,0,4,2,7
,2018_08784,39.64339514,-104.9028516,10/14/2018 9:12,9:12,12,0,0,QUEBEC STREET 4100 NORTH & 40TH AVENUE,5,1,0,2,1,4,,0,45,0,0,0,0,0,4,2,13
,2018_08785,39.79821129,-104.8465745,7/5/2018 12:01,12:01,12,0,0,56TH AVENUE 12100 EAST & PEORIA STREET,1,1,0,0,1,4,,0,35,0,0,0,0,0,4,2,16
,2018_08787,39.736476,-104.9350054,1/30/2018 9:51,9:51,15,0,0,13TH AVENUE 4300 BLOCK EAST & CLERMONT STREET,1,1,0,0,1,4,,0,30,0,0,0,0,0,4,2,13
,2018_08788,39.73204142,-104.9857513,11/30/2018 23:05,23:05,15,0,0,LINCOLN STREET 1000 BLOCK NORTH & 11TH AVENUE,1,3,0,0,1,4,,0,35,0,0,0,0,0,4,2,7
,2018_08789,39.77366841,-104.9382674,2/17/2018 18:40,18:40,12,0,0,ALBION STREET NORTH & 40TH AVENUE EAST,1,3,0,0,1,2,,0,,0,0,0,0,0,4,2,13
,2018_08794,39.63548613,-105.0873864,1/23/2018 21:11,21:11,5,0,1,BALSAM WAY SOUTH & STANFORD AVENUE WEST,11,3,0,0,2,4,,0,35,0,0,0,0,2,4,1,12
,2018_08796,39.7570691,-104.9928851,12/26/2018 17:59,17:59,15,0,0,22ND STREET & WAZEE STREET,2,3,0,2,1,3,,0,30,0,0,0,0,0,4,2,13
,2018_08800,39.77504866,-104.8099195,8/13/2018 15:01,15:01,12,0,0,ANDREWS DRIVE EAST & CHAMBERS ROAD NORTH,1,1,0,0,1,1,,0,40,0,0,0,0,0,4,2,13
,2018_08801,39.78364129,-104.7913913,11/2/2018 15:15,15:15,12,0,0,PENA BOULEVARD 4700 BLOCK NORTH & GREEN VALLEY RANCH BOULEVARD,1,1,0,0,1,3,,0,,0,0,0,0,0,4,2,14
,2018_08802,39.76568218,-104.9948407,10/16/2018 15:36,15:36,12,0,0,PARK AVENUE WEST & GLOBEVILLE ROAD NORTH,1,1,0,0,1,4,,0,35,0,0,0,0,0,4,3,7
,2018_08804,39.78853087,-104.8282285,12/19/2018 17:10,17:10,15,0,0,CROWN BOULEVARD NORTH & 51ST AVENUE EAST,1,3,0,0,1,4,,0,25,0,0,0,0,0,4,2,8
,2018_08805,39.78257846,-104.8769971,2/3/2018 1:08,1:08,5,0,1,47TH AVENUE EAST & DALLAS STREET NORTH,1,3,0,0,3,4,,0,40,0,0,0,0,1,4,1,5
,2018_08812,39.75337891,-104.988294,5/22/2018 13:55,13:55,12,0,0,22ND STREET 1000 BLOCK & ARAPAHOE STREET,1,1,0,0,1,4,,0,,0,0,0,0,0,4,2,16
,2018_08817,39.74021766,-104.9011424,3/3/2018 9:45,9:45,6,0,0,ROSLYN STREET NORTH & COLFAX AVENUE EAST,1,1,0,0,1,4,,0,20,0,0,0,0,0,4,2,13
,2018_08818,39.65666244,-105.0498352,10/8/2018 9:28,9:28,5,0,0,DARTMOUTH AVENUE WEST & ZENOBIA STREET SOUTH,2,1,0,1,3,4,,0,30,0,0,0,0,0,4,1,16
,2018_08820,39.71133638,-104.9365124,1/24/2018 8:56,8:56,12,0,1,ALAMEDA AVENUE EAST & LEETSDALE DRIVE / 4400 BLOCK EAST,1,1,1,0,1,3,,0,,0,0,0,0,1,4,2,13
,2018_08821,39.72974768,-104.991232,11/29/2018 10:46,10:46,12,0,0,SPEER BOULEVARD & BANNOCK STREET NORTH,1,1,0,0,1,4,,0,35,0,0,0,0,0,4,2,3
,2018_08827,39.65343711,-104.9129017,9/27/2018 19:44,19:44,6,0,0,MONACO STREET 3500 BLOCK NORTH & 35TH AVEE,1,3,0,0,1,4,,0,30,0,0,0,0,0,4,2,12