id,drcog_id,latitude,longitude,crashtime,time,crashtype,numbkilled,numbinjurd,drcoglocat,rdconditin,lightngcon,roadcntgrd,weatherco,location,roaddescrp,schoolzone,constrzone,splimit,bikeinv,pedinv,sctrinv,motoinv,svrty,rdsystem,ttlvehcls,hcf
,2018_08829,39.68758132,-104.980131,6/22/2018 14:29,14:29,14,0,0,PEARL STREET 1600 BLOCK NORTH & 16TH AVENUE EAST,1,1,0,0,1,4,,0,30,0,0,0,0,0,4,2,13
,2018_08831,39.78564605,-104.8823602,8/20/2018 9:07,9:07,12,0,0,NORTHFIELD BOULEVARD EAST & BEELER STREET NORTH,1,1,0,0,1,4,,0,15,0,0,0,0,0,4,2,13
,2018_08832,39.72126632,-104.9570438,1/15/2018 13:00,13:00,6,0,0,COLUMBINE STREET NORTH & THIRD PLACE EAST,4,1,0,2,1,4,,0,25,0,0,0,0,0,4,2,1
,2018_08835,39.67866029,-105.0203694,2/13/2018 16:27,16:27,12,0,0,EVANS AVENUE 2600 BLOCK WEST & CLAY STREET SOUTH,1,1,0,0,1,4,,0,35,0,0,0,0,0,4,2,13
,2018_08838,39.71625095,-104.949939,9/5/2018 15:50,15:50,15,0,0,STEELE STREET SOUTH & ELLSWORTH AVENUE EAST,1,1,0,0,1,4,,0,30,0,0,0,0,0,4,2,16
,2018_08840,39.67671666,-105.0427544,7/28/2018 22:34,22:34,6,0,0,STUART STREET 2200 BLOCK SOUTH & WARREN AVENUE WEST,1,2,1,0,1,4,,0,10,0,0,0,0,0,4,2,13
,2018_08841,39.68535937,-105.044257,2/22/2018 21:59,21:59,6,0,0,MEXICO AVENUE WEST & TENNYSON STREET SOUTH,1,3,0,0,1,4,,0,30,0,0,0,0,0,4,2,5
,2018_08842,39.7490128,-104.9995855,1/15/2018 5:56,5:56,12,0,0,MARKET STREET 1500 BLOCK & 16TH STREET,2,3,0,2,1,4,,0,25,0,0,0,0,0,4,2,13
,2018_08843,39.79837547,-104.8979038,9/2/2018 17:21,17:21,12,0,0,56TH AVENUE 7800 BLOCK EAST & SPRUCE STREET NORTH,1,1,1,0,1,4,,0,45,0,0,0,0,0,4,2,13
,2018_08844,39.77585895,-105.0064336,1/27/2018 1:30,1:30,6,0,0,PECOS STREET 4300 BLOCK NORTH & 43RD AVENUE WEST,1,3,0,0,2,4,,0,,0,0,0,0,0,4,2,13
,2018_08851,39.78384112,-105.0061678,9/30/2018 19:31,19:31,5,0,0,PECOS STREET NORTH & 48TH AVENUE WEST,1,4,0,0,3,4,,0,25,0,0,0,0,0,4,1,5
,2018_08852,39.65409317,-104.8802902,2/13/2018 7:12,7:12,3,0,4,GIRARD AVENUE EAST & BOSTON COURT SOUTH,9,1,0,0,1,2,,0,25,0,0,0,0,1,4,2,1
,2018_08856,39.76075904,-104.9733393,10/13/2018 8:41,8:41,12,0,1,DOWNING STREET NORTH & 31ST AVENUE EAST,1,1,0,0,1,3,,0,30,0,0,0,0,1,4,2,13
,2018_08860,39.7336675,-104.9986569,6/29/2018 10:38,10:38,15,0,0,11TH AVENUE 800 BLOCK WEST & SANTA FE DRIVE NORTH,1,1,0,0,1,3,,0,25,0,0,0,0,0,4,2,1
,2018_08861,39.72912155,-104.9601923,11/1/2018 13:15,13:15,10,0,0,EIGHTH AVENUE EAST & YORK STREET NORTH,1,1,0,0,1,3,,0,30,0,0,0,0,0,4,2,13
,2018_08863,39.75886912,-105.002709,8/14/2018 12:00,12:00,6,0,0,19TH STREET 2000 BLOCK & LITTLE RAVEN STREET,1,1,0,0,1,4,,0,30,0,0,0,0,0,4,2,13
,2018_08864,39.66760875,-104.9251023,9/12/2018 7:56,7:56,12,0,0,YALE AVENUE EAST & I25 ON RAMP,1,1,0,0,1,4,,0,35,0,0,0,0,0,4,2,8
,2018_08866,39.77652956,-104.980163,6/13/2018 12:21,12:21,12,0,0,PEARL STREET 4400 BLOCK NORTH & 45TH AVENUE WEST,1,1,1,0,1,2,,0,25,0,0,0,0,0,4,2,13
,2018_08867,39.73446099,-104.9874091,5/28/2018 2:50,2:50,6,0,0,BROADWAY 1100 BLOCK NORTH & 11TH AVENUE EAST,1,3,0,0,1,4,,0,,0,0,0,0,0,4,2,13
,2018_08874,39.71122527,-104.9039398,1/22/2018 14:58,14:58,12,0,0,ALAMEDA AVENUE EAST & QUEBEC STREET SOUTH,2,1,0,0,1,4,,0,,0,0,0,0,0,4,3,13
,2018_08877,39.67484459,-104.915223,12/26/2018 15:13,15:13,8,0,0,ILIFF AVENUE 6200 BLOCK EAST & LINDEN COURT SOUTH,1,1,0,0,1,2,,0,25,0,0,0,0,0,4,3,7
,2018_08878,39.6377753,-104.9128258,1/21/2018 15:30,15:30,5,0,0,MONACO STREET 2500 BLOCK SOUTH & LASALLE PLACE EAST,6,1,0,2,3,4,,0,35,0,0,0,0,0,4,1,16
,2018_08879,39.63525231,-105.0369466,11/6/2018 21:01,21:01,6,0,0,NEWTON STREET 4400 BLOCK SOUTH & RUTGERS PLACE WEST,1,4,0,0,1,4,,0,25,0,0,0,0,0,4,2,5
,2018_08881,39.72411835,-104.9823824,9/22/2018 15:02,15:02,15,0,0,FIFTH AVENUE EAST & LOGAN STREET NORTH,1,1,0,0,1,4,,0,30,0,0,0,0,0,4,2,13
,2018_08889,39.73526077,-104.9902471,1/23/2018 12:30,12:30,12,0,0,12TH AVENUE 100 BLOCK WEST & BANNOCK STREET NORTH,1,1,0,0,1,4,,0,25,0,0,0,0,0,4,2,14
,2018_08890,39.79839304,-104.7873073,4/16/2018 17:47,17:47,12,0,0,PENA BOULEVARD & 56TH AVENUE EAST,1,1,0,0,1,4,,0,30,0,0,0,0,0,4,2,13
,2018_08893,39.76446961,-104.9360729,10/1/2018 11:30,11:30,3,0,1,BRUCE RANDOLPH AVENUE & 1400 BLOCK,1,1,0,0,1,5,,0,25,0,0,0,0,1,4,3,14
,2018_08894,39.72566721,-104.9916438,10/4/2018 11:16,11:16,15,0,0,SIXTH AVENUE 200 WEST & CHEROKEE STREET NORTH,1,1,0,0,1,4,,0,30,0,0,0,0,0,4,2,13
,2018_08895,39.78738768,-104.9775788,7/27/2018 12:25,12:25,3,0,0,50TH AVENUE 700 BLOCK EAST & WASHINGTON STREET NORTH,1,1,0,0,1,2,,0,25,0,0,0,0,0,4,3,14
,2018_08896,39.76732733,-104.8922931,6/22/2018 13:25,13:25,15,0,1,36TH AVENUE EAST & UINTA STREET NORTH,1,1,0,0,1,4,,0,35,0,0,0,0,1,4,2,14
,2018_08906,39.75153759,-104.9696462,5/22/2018 19:56,19:56,6,0,0,HUMBOLDT STREET NORTH & 23RD AVENUE EAST,1,2,0,0,1,4,,0,25,0,0,0,0,0,4,5,13
,2018_08908,39.68036143,-104.9734162,8/25/2018 17:13,17:13,12,0,1,DOWNING STREET SOUTH & ASBURY AVENUE EAST,1,1,0,0,1,4,,0,30,0,0,0,0,1,4,2,1
,2018_08910,39.72566015,-104.9905469,5/22/2018 15:46,15:46,12,0,0,SIXTH AVENUE 200 BLOCK WEST & BANNOCK STREET NORTH,1,1,0,0,1,3,,0,30,0,0,0,0,0,4,2,13
,2018_08912,39.71466241,-104.9496165,1/22/2018 15:39,15:39,12,0,0,CHERRY CREEK NORTH DRIVE 3200 BLOCK EAST & STEELE STREET SOUTH,2,1,0,0,1,4,,0,25,0,0,0,0,0,4,2,14
,2018_08919,39.66746744,-104.9360689,11/11/2018 17:55,17:55,15,0,0,YALE AVENUE EAST & CLERMONT STREET SOUTH,5,3,0,2,1,1,,0,35,0,0,0,0,0,4,4,7
,2018_08924,39.71380731,-104.8947814,5/15/2018 8:43,8:43,6,0,0,ULSTER STREET 150 BLOCK SOUTH & MAPLE AVENUE EAST,1,1,0,0,1,4,,0,25,0,0,0,0,0,4,2,13
,2018_08925,39.75006832,-105.0049282,2/15/2018 20:39,20:39,12,0,0,SPEER BOULEVARD NORTH & CHOPPER CIRCLE,4,3,0,2,1,3,,0,35,0,0,0,0,0,4,2,13
,2018_08926,39.77115681,-104.8996447,9/4/2018 12:30,12:30,5,0,0,SYRACUSE STREET NORTH & SMITH ROAD EAST,1,1,0,0,3,1,,0,25,0,0,0,0,0,4,1,7
,2018_08927,39.74341726,-104.9848465,7/19/2018 17:21,17:21,3,0,0,SHERMAN STREET NORTH & 17TH AVENUE EAST,1,1,0,0,1,2,,0,15,0,0,0,0,0,4,2,14
,2018_08929,39.71813511,-104.9757587,10/22/2018 12:23,12:23,6,0,1,OGDEN STREET NORTH & EAST FIRST AVENUE EAST,1,1,0,0,1,4,,0,25,0,0,0,0,2,4,2,1
,2018_08930,39.73085326,-104.9034646,12/14/2018 12:59,12:59,12,0,1,QUEBEC STREET 900 BLOCK NORTH & NINTH AVENUE EAST,1,1,1,0,1,4,,0,30,0,0,0,0,1,4,3,13
,2018_08932,39.68725947,-104.9234921,8/10/2018 12:21,12:21,6,0,0,HUDSON STREET SOUTH & IOWA AVENUE EAST,1,1,0,0,1,4,,0,30,0,0,0,0,0,4,2,13
,2018_08933,39.71254187,-104.9733963,7/30/2018 13:26,13:26,12,0,0,DOWNING STREET 200 SOUTH & CEDAR AVENUE EAST,1,1,0,0,1,4,,0,30,0,0,0,0,0,4,3,16
,2018_08936,39.78877609,-104.9782871,10/29/2018 16:51,16:51,12,0,0,WASHINGTON STREET NORTH & 51ST AVENUE WEST,1,1,1,0,1,4,,0,35,0,0,0,0,0,4,3,16
,2018_08937,39.66747774,-104.9289658,8/8/2018 11:55,11:55,12,0,0,YALE AVENUE 5100 EAST & YALE CIRCLE EAST,1,1,0,0,1,4,,0,25,0,0,0,0,0,4,2,3
,2018_08943,39.75830208,-104.9305527,7/25/2018 8:23,8:23,6,0,0,EUDORA STREET 2800 NORTH & 29TH AVENUE,1,1,0,0,1,3,,0,,0,0,0,0,0,4,2,13
,2018_08947,39.69658459,-104.960818,11/20/2018 22:22,22:22,6,0,0,MISSISSIPPI AVENUE EAST & YORK STREET SOUTH,1,3,0,0,1,5,,0,25,0,0,0,0,0,4,2,13
,2018_08951,39.69654839,-105.0413885,4/22/2018 5:00,5:00,6,0,0,QUITMAN 1100 BLOCK SOUTH & MISSISSIPPI AVENUE WEST,1,2,0,0,1,4,,0,15,0,0,0,0,0,4,3,5
,2018_08954,39.70391965,-104.9733787,11/5/2018 10:00,10:00,12,0,0,DOWNING STREET 600 BLOCK SOUTH & EXPOSITION AVENUE EAST,1,1,0,0,1,3,,0,30,0,0,0,0,0,4,3,13
,2018_08958,39.75127202,-104.9733602,12/9/2018 0:19,0:19,6,0,0,23RD AVENUE EAST & DOWNING STREET NORTH,1,3,0,0,1,4,,0,35,0,0,0,0,0,4,3,5
,2018_08959,39.68569732,-104.9380602,7/7/2018 9:40,9:40,3,0,0,MEXICO AVENUE 4100 BLOCK EAST & BELLAIRE STREET SOUTH,1,1,0,0,1,2,,0,30,0,0,0,0,0,4,2,13
,2018_08963,39.74878663,-105.0316989,11/12/2018 15:00,15:00,6,0,0,21ST AVENUE 3400 BLOCK WEST & JULIAN STREET NORTH,1,1,1,0,1,4,,0,25,0,0,0,0,0,4,2,13
,2018_08964,39.72411837,-104.9436928,7/3/2018 14:03,14:03,6,0,0,FIFTH AVENUE EAST & GARFIELD STREET NORTH,1,1,0,0,1,4,,0,25,0,0,0,0,0,4,2,13
,2018_08969,39.75963579,-105.0155235,3/16/2018 15:48,15:48,15,0,0,30TH AVENUE 2300 BLOCK WEST & ZUNI STREET NORTH,1,1,0,0,1,3,,0,30,0,0,0,0,0,4,2,13
,2018_08973,39.77803586,-104.8478316,12/4/2018 13:44,13:44,15,0,0,45TH AVENUE 12000 BLOCK EAST & PEORIA STREET NORTH,1,1,0,0,1,4,,0,35,0,0,0,0,0,4,2,14
,2018_08974,39.74121135,-104.9761655,10/24/2018 7:30,7:30,6,0,0,EMERSON STREET NORTH & 16TH AVENUE EAST,1,3,1,0,1,4,,0,25,0,0,0,0,0,4,2,13
,2018_08976,39.71497639,-105.0299467,12/24/2018 12:57,12:57,15,0,0,BAYAUD AVENUE WEST & IRVING STREET SOUTH,1,1,0,0,1,4,,0,25,0,0,0,0,0,4,2,13
,2018_08978,39.71641428,-104.9921683,1/20/2018 9:00,9:00,6,0,0,CHEROKEE STREET 000 BLOCK SOUTH & ELLSWORTH AVENUE WEST,1,1,0,0,1,3,,0,,0,0,0,0,0,4,2,13
,2018_08983,39.77628385,-105.0439771,7/3/2018 12:37,12:37,6,0,0,TENNYSON STREET 2100 BLOCK SOUTH & QUITMAN STREET SOUTH,1,1,0,0,1,4,,0,25,0,0,0,0,0,4,3,13
,2018_08990,39.72708112,-104.9823639,10/16/2018 11:31,11:31,6,0,0,LOGAN STREET NORTH & SEVENTH AVENUE EAST,1,1,0,0,1,4,,0,30,0,0,0,0,0,4,2,1
,2018_08991,39.68702096,-104.9734234,12/9/2018 12:50,12:50,12,0,0,DOWNING STREET SOUTH & IOWA AVENUE EAST,1,1,1,0,1,4,,0,30,0,0,0,0,0,4,2,16
,2018_08993,39.68061744,-104.9745733,9/8/2018 19:52,19:52,6,0,0,CORONA STREET 1900 BLOCK SOUTH & ASBURY AVENUE,1,3,0,0,1,4,,0,25,0,0,0,0,0,4,2,3
,2018_08994,39.77727324,-104.9222918,11/13/2018 19:42,19:42,7,0,0,HOLLY STREET NORTH & SMITH ROAD,1,4,0,0,1,4,,0,30,0,0,0,0,0,4,2,14
,2018_08998,39.7591919,-105.0104198,2/26/2018 19:24,19:24,6,0,0,16TH STREET & BOULDER STREET,1,3,0,0,1,4,,0,,0,0,0,0,0,4,2,13
,2018_09002,39.73704506,-104.9292297,8/1/2018 22:12,22:12,6,0,0,ELM STREET NORTH & 13TH AVENUE EAST,1,4,1,0,1,4,,0,25,0,0,0,0,0,4,3,5
,2018_09007,39.77801284,-104.9035742,5/19/2018 17:47,17:47,15,0,0,QUEBEC STREET NORTH & I70 EASTBOUND ON RAMP,1,1,1,0,1,3,,0,35,0,0,0,0,0,4,2,13
,2018_09008,39.78015178,-105.0081734,3/21/2018 10:05,10:05,3,0,0,46TH AVENUE 1600 BLOCK WEST & QUIVAS STREET WEST,1,1,0,0,1,3,,0,45,0,0,0,0,0,4,5,14
,2018_09013,39.74364252,-104.9684477,10/15/2018 8:00,8:00,9,0,1,FRANKLIN STREET NORTH & 17TH AVENUE EAST,5,1,0,0,1,4,,0,25,0,0,0,1,2,4,1,14
,2018_09015,39.66751853,-104.8672296,1/2/2018 15:53,15:53,14,0,0,YALE AVENUE 10450 BLOCK EAST & HAVANA STREET SOUTH,1,1,1,0,1,4,,0,,0,0,0,0,0,4,2,13
,2018_09016,39.75466677,-105.010174,1/3/2018 14:28,14:28,12,0,0,PLATTE STREET 1400 BLOCK & WATER STREET,1,1,0,0,1,2,,0,5,0,0,0,0,0,4,2,8
,2018_09017,39.71394113,-105.0089809,4/16/2018 9:41,9:41,15,0,0,MAPLE AVENUE 1500 BLOCK WEST & RARITAN STREET SOUTH,1,1,0,0,1,4,,0,25,0,0,0,0,0,4,3,13
,2018_09021,39.79314367,-104.8255477,10/14/2018 5:30,5:30,5,0,0,BILLINGS STREET NORTH & MAXWELL PLACE EAST,2,3,0,2,2,4,,0,30,0,0,0,0,0,4,1,2
,2018_09022,39.78921991,-104.9858389,6/11/2018 8:40,8:40,6,0,0,GRANT STREET NORTH & 51ST AVENUE EAST,1,1,0,0,1,4,,0,25,0,0,0,0,0,4,2,14
,2018_09029,39.76746004,-104.9043984,2/17/2018 19:08,19:08,3,0,0,36TH AVENUE 7300 BLOCK EAST & ROSLYN STREET NORTH,1,3,0,0,1,1,,0,15,0,0,0,0,0,4,2,14
,2018_09030,39.75730824,-105.0082082,1/5/2018 9:59,9:59,15,0,0,PLATTE STREET 1600 BLOCK & 15TH STREET,1,1,0,0,1,4,,0,30,0,0,0,0,0,4,2,13
,2018_09031,39.75961244,-105.0016542,3/3/2018 23:55,23:55,12,0,0,20TH STREET 2000 BLOCK & LITTLE RAVEN STREET,1,3,0,0,1,4,,0,30,0,0,0,0,0,4,2,3
,2018_09049,39.75947001,-104.9733254,6/11/2018 17:07,17:07,12,0,0,DOWNING STREET NORTH & 30TH AVENUE EAST,1,1,0,0,1,4,,0,30,0,0,0,0,0,4,3,3
,2018_09051,39.76443831,-105.0109515,12/11/2018 19:00,19:00,1,0,0,TEJON STREET 3400 BLOCK NORTH & 35TH AVENUE WEST,1,3,0,0,1,2,,0,35,0,0,0,1,0,4,2,13
,2018_09054,39.67825195,-104.9734344,5/14/2018 14:10,14:10,15,0,0,DOWNING SOUTH 2100 BLOCK NORTH & 22TH AVENUE EAST,1,1,0,0,1,4,,0,30,0,0,0,0,0,4,2,13
,2018_09057,39.72906905,-104.9787681,1/15/2018 7:46,7:46,15,0,0,EIGHTH AVENUE 700 BLOCK EAST & WASHINGTON STREET NORTH,5,1,1,2,1,4,,0,30,0,0,0,0,0,4,2,1
,2018_09074,39.74607751,-105.001167,1/9/2018 11:51,11:51,12,0,0,LARIMER STREET & 1500 BLOCK,1,1,0,0,1,4,,0,30,0,0,0,0,0,4,2,13
,2018_09076,39.83701194,-104.7718978,9/4/2018 9:00,9:00,5,0,0,TOWER ROAD NORTH & PENA BOULEVARD,1,1,0,0,1,4,,0,30,0,0,0,0,0,4,2,13
,2018_09078,39.77021042,-104.9994116,11/1/2018 11:45,11:45,15,0,0,JASON STREET 3900 BLOCK NORTH & 40TH AVENUE WEST,1,1,0,0,1,4,,0,25,0,0,0,0,0,4,2,13
,2018_09079,39.71719062,-104.9037039,4/27/2018 11:01,11:01,12,0,0,QUEBEC STREET NORTH & LOWRY BOULEVARD EAST,1,1,0,0,1,4,,0,30,0,0,0,0,0,4,2,13
,2018_09081,39.69659052,-104.8914442,2/27/2018 10:50,10:50,12,0,0,MISSISSIPPI AVENUE 8300 BLOCK EAST & VALENTIA STREET NORTH,1,1,0,0,1,4,,0,45,0,0,0,0,0,4,2,3
,2018_09082,39.66753038,-104.9367158,12/12/2018 12:20,12:20,8,0,0,YALE AVENUE EAST & CLERMONT DRIVE SOUTH,1,1,0,0,1,4,,0,30,0,0,0,0,0,4,2,13
,2018_09085,39.74014871,-104.9499812,10/29/2018 16:36,16:36,15,0,0,STEELE ST1500 BLOCK NORTH & 16TH AVENUE EAST,1,1,0,0,1,4,,0,25,0,0,0,0,0,4,2,1
,2018_09086,39.73686234,-104.9787204,4/29/2018 16:00,16:00,15,0,0,13TH AVENUE 600 BLOCK EAST & WASHINGTON STREET NORTH,1,1,0,0,1,4,,0,30,0,0,0,0,0,4,2,13
,2018_09087,39.77708636,-104.8470282,1/19/2018 11:00,11:00,12,0,0,PEORIA STREET NORTH & 45TH AVENUE EAST,1,1,0,0,1,4,,0,40,0,0,0,0,0,4,2,3
,2018_09090,39.7617129,-104.9563025,5/8/2018 18:24,18:24,12,0,1,31ST AVENUE EAST & ELIZABETH STREET NORTH,1,1,0,0,1,4,,0,30,0,0,0,0,1,4,2,14
,2018_09091,39.78643622,-104.8470499,2/10/2018 22:13,22:13,12,0,0,PEORIA STREET NORTH & 49TH AVENUE EAST,4,4,1,2,1,4,,0,35,0,0,0,0,0,4,2,13
,2018_09094,39.78395063,-104.8470253,12/8/2018 10:07,10:07,12,0,1,PEORIA STREET 4600 BLOCK NORTH & ALBROOK DRIVE EAST,1,1,0,0,1,3,,0,40,0,0,0,0,1,4,2,16
,2018_09095,39.77340706,-104.772173,5/24/2018 7:01,7:01,12,0,0,TOWER ROAD & 6700 BLOCK NORTH,1,1,0,0,1,4,,0,45,0,0,0,0,0,4,2,13
,2018_09110,39.74757772,-105.025222,2/4/2018 2:42,2:42,5,0,0,ELIOT / FEDERAL ALLEY & 20TH AVENUE WEST,1,3,2,0,3,5,,0,30,0,0,0,0,0,4,1,5
,2018_09111,39.77314308,-105.0440022,2/1/2018 16:03,16:03,6,0,0,TENNYSON STREET 4100 BLOCK NORTH & 41ST AVENUE WEST,1,1,0,0,1,4,,0,25,0,0,0,0,0,4,2,13
,2018_09116,39.83838925,-104.7719117,3/7/2018 6:25,6:25,15,0,0,TOWER ROAD 8000 BLOCK NORTH & 82ND AVENUE EAST,1,1,0,0,1,4,,0,30,0,0,0,0,0,4,2,13
,2018_09118,39.78674768,-104.847054,10/1/2018 14:21,14:21,3,0,0,PEORIA STREET & 4685 NORTH,1,1,0,0,1,1,,0,45,0,0,0,0,0,4,2,13
,2018_09123,39.7412904,-104.9684519,2/26/2018 17:10,17:10,6,0,0,g & FRANKLIN STREET NORTH,1,1,0,0,1,4,,0,25,0,0,0,0,0,4,2,8
,2018_09130,39.7003912,-105.0437483,10/22/2018 18:33,18:33,5,0,0,KENTUCKY AVENUE 4400 BLOCK WEST & UTICA STREET SOUTH,1,4,0,0,3,4,,0,30,0,0,0,0,0,4,1,7
,2018_09133,39.76168887,-104.9563553,5/8/2018 18:24,18:24,12,0,0,31ST AVENUE EAST & ELIZABETH STREET NORTH,1,1,0,0,1,4,,0,,0,0,0,0,0,4,2,13
,2018_09135,39.78146657,-104.9787458,10/10/2018 18:53,18:53,6,0,0,WASHINGTON STREET & 4600 BLOCK NORTH,1,2,0,0,1,4,,1,25,0,0,0,0,0,4,2,13
,2018_09136,39.7714846,-104.9014557,10/17/2018 15:02,15:02,3,0,0,QUEBEC STREET 4000 BLOCK NORTH & 41ST AVENUE EAST,1,1,0,0,1,2,,0,35,0,0,0,0,0,4,2,13
,2018_09141,39.78396319,-104.8470254,11/16/2018 14:00,14:00,3,0,0,PEORIA STREET 4700 BLOCK NORTH & 47TH AVENUE EAST,1,1,0,0,1,1,,0,40,0,0,0,0,0,4,2,7
,2018_09143,39.74757287,-105.0401374,7/13/2018 17:00,17:00,6,0,0,QUITMAN STREET 2000 BLOCK NORTH & 21ST AVENUE WEST,1,1,0,0,1,4,,0,25,0,0,0,0,0,4,2,13
,2018_09144,39.77873137,-104.9222931,8/7/2018 15:07,15:07,12,0,0,STAPLETON NORTH DRIVE EAST & HOLLY STREET NORTH,1,1,0,0,1,3,,0,35,0,0,0,0,0,4,2,3
,2018_09146,39.75367192,-104.8905717,2/9/2018 22:41,22:41,15,0,0,CENTRAL PARK BOULEVARD NORTH & 25TH AVENUE EAST,6,3,0,2,1,3,,0,35,0,0,0,0,0,4,2,1
,2018_09147,39.71654953,-105.0324722,10/2/2018 1:04,1:04,6,0,0,ELLSWORTH 3400 BLOCK WEST & KNOX COURT SOUTH,1,3,0,0,1,4,,0,25,0,0,0,0,0,4,2,5
,2018_09148,39.73562183,-104.8905767,10/7/2018 23:43,23:43,6,0,0,12TH AVENUE EAST & VERBENA STREET NORTH,2,3,0,1,1,4,,0,25,0,0,0,0,0,4,2,13
,2018_09149,39.69848063,-104.9956451,7/5/2018 18:31,18:31,6,0,0,TENNESSEE AVENUE 700 BLOCK WEST & GALAPAGO STREET SOUTH,1,1,0,0,1,4,,0,25,0,0,0,0,0,4,2,3
,2018_09151,39.73824724,-104.9974905,8/29/2018 8:50,8:50,5,0,0,SPEER BOULEVARD 1300 NORTH & 14TH AVENUE WEST,1,1,0,0,1,4,,0,30,0,0,0,0,0,4,1,13
,2018_09156,39.6676791,-105.0786884,8/30/2018 16:12,16:12,14,0,0,WEBSTER STREET SOUTH & YALE AVENUE WEST,1,1,0,0,1,3,,0,25,0,0,0,0,0,4,2,5
,2018_09158,39.73238553,-104.9429031,4/29/2018 16:50,16:50,6,0,2,JACKSON STREET NORTH & 10TH AVENUE EAST,1,1,0,0,1,4,,0,25,0,0,0,0,2,4,3,12
,2018_09160,39.73120432,-104.9976078,10/23/2018 6:00,6:00,6,0,0,INCA STREET 900 BLOCK NORTH & NINTH AVENUE WEST,1,2,0,0,1,4,,0,25,0,0,0,0,0,4,3,14
,2018_09165,39.7388959,-104.9034636,3/25/2018 13:48,13:48,12,0,2,14TH AVENUE EAST & QUEBEC STREET NORTH,1,1,1,0,1,4,,0,30,0,0,0,0,2,4,3,4
,2018_09166,39.72015673,-105.0324657,6/22/2018 21:30,21:30,6,0,0,KNOX COURT NORTH & SECOND AVENUE WEST,1,4,1,0,3,4,,0,30,0,0,0,0,0,4,3,5
,2018_09169,39.76446877,-104.9362507,7/1/2018 14:23,14:23,6,0,0,BRUCE RANDOLPH AVENUE & STREET PAUL STREET NORTH,1,1,0,0,1,4,,0,30,0,0,0,0,0,4,2,5
,2018_09170,39.66034704,-104.8972524,3/8/2018 22:44,22:44,6,0,0,DARTMOUTH AVENUE EAST & TRENTON STREET SOUTH,1,3,1,0,3,4,,0,30,0,0,0,0,0,4,2,12
,2018_09173,39.69659096,-104.9685143,7/22/2018 14:59,14:59,6,0,0,MISSISSIPPI AVENUE 1600 BLOCK EAST & FRANKLIN STREET SOUTH,1,1,1,0,1,4,,0,25,0,0,0,0,0,4,2,13
,2018_09176,39.66746742,-104.9360334,5/23/2018 17:54,17:54,12,0,0,YALE AVENUE EAST & CLERMONT DRIVE SOUTH,1,1,0,0,1,4,,0,30,0,0,0,0,0,4,2,13
,2018_09179,39.72034617,-104.9791267,4/22/2018 19:10,19:10,5,0,0,WASHINGTON STREET 200 BLOCK NORTH & SPEER BOULEVARD,1,1,0,0,2,4,,0,30,0,0,0,0,0,4,1,1
,2018_09180,39.77629643,-105.0439769,2/14/2018 16:52,16:52,6,0,0,TENNYSON STREET NORTH & 44TH AVENUE WEST,1,1,0,0,1,4,,0,30,0,0,0,0,0,4,2,13
,2018_09181,39.77025089,-104.8996421,7/28/2018 20:55,20:55,3,0,0,SYRACUSE STREET 3800 BLOCK NORTH & SMITH ROAD,1,1,0,0,1,2,,0,25,0,0,0,0,0,4,2,13
,2018_09183,39.73068854,-104.903465,9/28/2018 14:13,14:13,12,0,0,QUEBEC STREET NORTH & NINTH AVENUE EAST,1,1,0,0,1,4,,0,30,0,0,0,0,0,4,2,13
,2018_09184,39.72912975,-104.9034668,10/29/2018 12:15,12:15,12,0,0,QUEBEC STREET NORTH & EIGHTH AVENUE EAST,1,1,1,0,1,3,,0,35,0,0,0,0,0,4,4,13
,2018_09185,39.73721309,-104.9034577,4/17/2018 11:19,11:19,12,0,0,QUEBEC STREET NORTH & 13TH AVENUE EAST,1,1,0,0,1,3,,0,30,0,0,0,0,0,4,2,16
,2018_09187,39.70315461,-105.0391193,3/3/2018 12:36,12:36,6,0,1,PATTON COURT 700 BLOCK SOUTH & WALSH PLACE WEST,1,1,0,0,1,4,,0,25,0,0,0,0,2,4,2,5
,2018_09188,39.70859168,-104.9733754,4/30/2018 8:40,8:40,12,0,0,DOWNING STREET 400 BLOCK SOUTH & DAKOTA STREET SOUTH,1,1,0,0,1,4,,0,30,0,0,0,0,0,4,3,3
,2018_09189,39.84699665,-104.6824745,2/16/2018 18:15,18:15,10,0,0,NEWCASTLE STREET & 8200 BLOCK NORTH,1,3,0,0,1,2,,0,35,0,0,0,0,0,4,2,8
,2018_09190,39.75229795,-104.9316991,5/27/2018 17:57,17:57,6,0,0,DAHLIA STREET WEST & 25TH AVENUE EAST,1,1,0,0,1,4,,0,,0,0,0,0,0,4,2,13
,2018_09192,39.67822012,-104.9385044,7/2/2018 16:11,16:11,6,0,0,ASH STREET SOUTH & EVANS AVENUE EAST,1,1,0,0,1,4,,0,25,0,0,0,0,0,4,3,13
,2018_09194,39.75964512,-105.0120245,6/19/2018 19:21,19:21,6,0,0,30TH AVENUE WEST & UMATILLA STREET NORTH,1,2,1,1,1,4,,0,35,0,0,0,0,0,4,2,13
,2018_09197,39.75313949,-104.9222891,2/16/2018 15:35,15:35,6,0,0,25TH AVENUE EAST & HOLLY STREET NORTH,1,1,1,0,1,4,,0,25,0,0,0,0,0,4,3,14