id,drcog_id,latitude,longitude,crashtime,time,crashtype,numbkilled,numbinjurd,drcoglocat,rdconditin,lightngcon,roadcntgrd,weatherco,location,roaddescrp,schoolzone,constrzone,splimit,bikeinv,pedinv,sctrinv,motoinv,svrty,rdsystem,ttlvehcls,hcf
,2018_09198,39.70692895,-104.9733737,3/24/2018 9:40,9:40,12,0,0,DOWNING STREET 500 BLOCK SOUTH & VIRGINIA AVENUE EAST,1,1,0,0,1,3,,0,30,0,0,0,0,0,4,2,16
,2018_09199,39.73050351,-104.9990265,10/19/2018 10:21,10:21,6,0,0,NINTH AVENUE WEST & SANTA FE DRIVE NORTH,1,1,0,0,1,4,,0,25,0,0,0,0,0,4,2,7
,2018_09200,39.6825638,-104.9734232,10/26/2018 8:12,8:12,15,0,0,DOWNING STREET 1800 BLOCK SOUTH & JEWELL AVENUE EAST,1,1,0,0,1,4,,0,30,0,0,0,0,0,4,2,13
,2018_09201,39.73050367,-104.9989376,12/20/2018 12:37,12:37,6,0,0,NINTH AVENUE 900 BLOCK WEST & SANTA FE DRIVE NORTH,1,1,1,0,1,4,,0,25,0,0,0,0,0,4,2,13
,2018_09202,39.77923496,-104.8098655,6/14/2018 22:39,22:39,5,0,0,CHAMBERS ROAD 4800 BLOCK NORTH & BOLLING DRIVE EAST,1,3,0,0,1,4,,0,35,0,0,0,0,0,4,1,5
,2018_09205,39.78023839,-105.0229248,3/31/2018 5:30,5:30,6,0,0,46TH AVENUE WEST & ELM COURT NORTH,1,4,1,0,3,4,,0,30,0,0,0,0,0,4,2,13
,2018_09206,39.77066024,-104.8470328,8/21/2018 16:33,16:33,15,0,0,PEORIA STREET 3800 NORTH & 39TH AVENUE EAST,2,1,0,1,1,4,,0,35,0,0,0,0,0,4,3,13
,2018_09207,39.76446132,-104.9429154,12/9/2018 15:42,15:42,14,0,0,BRUCE RANDOLPH AVENUE & JACKSON STREET NORTH,1,1,0,0,1,4,,0,30,0,0,0,0,0,4,2,10
,2018_09211,39.67345486,-104.9734503,1/25/2018 14:57,14:57,6,0,0,DOWNING STREET SOUTH & WESLEY AVENUE EAST,1,1,0,0,1,4,,0,30,0,0,0,0,0,4,3,14
,2018_09215,39.77217009,-104.8470287,9/29/2018 18:25,18:25,12,0,0,PEORIA STREET NORTH & 39TH AVENUE EAST,1,1,0,0,1,4,,0,40,0,0,0,0,0,4,2,14
,2018_09216,39.63567601,-105.0513295,8/16/2018 11:10,11:10,6,0,0,STANFORD AVENUE WEST & KIPLING STREET SOUTH,1,1,0,0,1,4,,0,25,0,0,0,0,0,4,2,13
,2018_09223,39.68679572,-105.047058,8/11/2018 1:50,1:50,6,0,0,WINONA COURT 1600 BLOCK SOUTH & FLORIDA AVENUE WEST,1,4,0,0,1,4,,0,25,0,0,0,0,0,4,2,13
,2018_09226,39.76449344,-104.9603065,6/11/2018 15:19,15:19,3,0,0,BRUCE RANDOLPH AVENUE EAST & YORK STREET NORTH,1,1,0,0,1,5,,0,10,0,0,0,0,0,4,2,1
,2018_09227,39.73205673,-104.9890872,11/13/2018 8:15,8:15,3,0,0,10TH AVENUE 100 BLOCK WEST & ACOMA STREET NORTH,1,1,0,0,1,2,,0,25,0,0,0,0,0,4,2,13
,2018_09228,39.69969072,-105.04141,8/26/2018 16:50,16:50,6,0,1,QUITMAN STREET SOUTH & KENTUCKY AVENUE WEST,1,1,0,0,1,4,,0,25,0,0,0,0,2,4,3,3
,2018_09229,39.75468342,-104.9291488,8/15/2018 12:29,12:29,6,0,0,26TH AVENUE 5000 BLOCK EAST & ELM STREET NORTH,1,1,0,0,1,4,,0,25,0,0,0,0,0,4,2,13
,2018_09231,39.77959448,-104.958237,9/10/2018 5:00,5:00,6,0,0,JOSEPHINE STREET NORTH & 46TH AVENUE EAST,1,2,0,0,1,4,,0,,0,0,0,0,0,4,2,13
,2018_09233,39.71644016,-105.0336937,8/7/2018 17:44,17:44,6,0,0,KING STREET NORTH & ELLSWORTH AVENUE WEST,1,1,0,0,1,4,,0,25,0,0,0,0,0,4,2,1
,2018_09234,39.7801966,-105.0529845,4/25/2018 16:59,16:59,6,0,0,46TH AVENUE 5100 BLOCK WEST & SHERIDAN BOULEVARD NORTH,1,1,1,0,1,3,,0,30,0,0,0,0,0,4,2,13
,2018_09235,39.742739,-105.0409887,7/11/2018 10:45,10:45,6,0,0,16TH AVENUE WEST & RALEIGH STREET NORTH,1,3,0,0,1,4,,0,25,0,0,0,0,0,4,2,13
,2018_09236,39.73900456,-105.0463491,2/12/2018 10:41,10:41,6,0,0,VRAIN STREET 1427 NORTH & 14TH AVENUE WEST,1,1,0,0,1,4,,0,25,0,0,0,0,0,4,2,14
,2018_09242,39.72579768,-105.0394538,6/3/2018 1:05,1:05,3,0,0,PERRY STREET NORTH & SIXTH AVENUE WEST,1,3,0,0,1,1,,0,,0,0,0,0,0,4,2,13
,2018_09243,39.75326782,-104.9372332,5/25/2018 5:38,5:38,5,0,0,BELLAIRE STREET NORTH & 25TH AVENUE EAST,1,2,0,0,2,4,,0,25,0,0,0,0,0,4,3,13
,2018_09245,39.76441713,-105.0241434,12/4/2018 8:11,8:11,15,0,0,34TH AVENUE 2900 BLOCK WEST & ELIOT STREET NORTH,1,1,0,0,1,3,,0,25,0,0,0,0,0,4,2,14
,2018_09246,39.72026325,-105.0230665,6/8/2018 14:14,14:14,10,0,0,SECOND AVENUE WEST & DECATUR STREET NORTH,1,1,0,0,1,4,,0,25,0,0,0,0,0,4,2,3
,2018_09250,39.76831688,-104.9536317,7/28/2018 23:55,23:55,5,0,0,FILLMORE STREET 3700 NORTH & 37TH AVENUE EAST,1,3,0,0,2,4,,0,,0,0,0,0,0,4,1,13
,2018_09252,39.78738746,-104.97789,12/4/2018 16:33,16:33,12,0,0,WASHINGTON 5000 BLOCK NORTH & 51ST AVENUE EAST,1,2,0,0,1,4,,0,35,0,0,0,0,0,4,3,3
,2018_09259,39.77490387,-104.8098965,5/17/2018 18:50,18:50,15,0,2,CHAMBERS ROAD NORTH & ANDREWS DRIVE EAST,1,1,0,0,1,4,,0,45,0,0,0,0,1,4,3,7
,2018_09260,39.77490387,-104.8098965,10/1/2018 7:10,7:10,12,0,0,CHAMBERS ROAD NORTH & ANDREWS DRIVE EAST,1,1,0,0,1,4,,0,40,0,0,0,0,0,4,2,14
,2018_09261,39.74456243,-104.9761481,1/17/2018 12:07,12:07,6,0,0,EMERSON STREET NORTH & 18TH AVENUE EAST,1,1,0,0,1,4,,0,25,0,0,0,0,0,4,2,13
,2018_09264,39.68571313,-104.9324877,12/27/2018 16:45,16:45,15,0,0,MEXICO AVENUE 4700 BLOCK EAST & DAHLIA STREET SOUTH,1,2,0,0,1,4,,0,25,0,0,0,0,0,4,2,13
,2018_09267,39.78317708,-105.0439442,8/10/2018 17:19,17:19,12,0,0,48TH AVENUE SOUTH DRIVE WEST & TENNYSON STREET NORTH,1,1,0,0,1,1,,0,25,0,0,0,1,0,4,2,13
,2018_09269,39.73256215,-104.9316294,1/12/2018 10:19,10:19,6,0,0,DAHLIA STREET NORTH & HALE PARKWAY EAST,1,1,0,0,1,4,,0,25,0,0,0,0,0,4,2,13
,2018_09270,39.74019425,-104.978742,5/24/2018 9:02,9:02,15,0,0,WASHINGTON STREET NORTH & I70 HIGHWAY WB,1,1,0,0,1,4,,0,30,0,0,0,1,0,4,2,3
,2018_09271,39.68039785,-104.9269221,8/9/2018 22:45,22:45,6,0,0,ASBURY AVENUE 4900 BLOCK EAST & DAHLIA STREET SOUTH,1,3,0,0,1,4,,0,25,0,0,0,0,0,4,2,14
,2018_09281,39.69269551,-104.9500315,9/23/2018 18:19,18:19,5,0,0,STEELE STREET SOUTH & LOUISIANA AVENUE EAST,1,1,0,0,3,4,,0,25,0,0,0,0,0,4,1,3
,2018_09291,39.76919998,-104.9317355,5/21/2018 18:54,18:54,5,0,0,38TH AVENUE EAST & DAHLIA STREET NORTH,1,1,0,0,4,3,,0,25,0,0,0,0,0,4,1,5
,2018_09292,39.76919998,-104.9317355,8/19/2018 1:55,1:55,5,0,0,38TH AVENUE EAST & DAHLIA STREET NORTH,2,3,0,0,4,3,,0,,0,0,0,0,0,4,1,1
,2018_09298,39.7289957,-104.9823695,3/20/2018 12:32,12:32,15,0,0,EIGHTH AVENUE EAST & LOGAN STREET NORTH,1,1,1,0,1,4,,0,30,0,0,0,0,0,4,2,16
,2018_09307,39.76642387,-104.9733484,3/19/2018 18:11,18:11,12,0,0,DOWNING STREET NORTH & LAWRENCE STREET,1,1,0,0,1,4,,0,,0,0,0,0,0,4,2,1
,2018_09309,39.72632477,-104.903438,1/14/2018 15:56,15:56,15,0,0,QUEBEC STREET NORTH & SEVENTH AVENUE EAST,1,1,1,0,1,4,,0,30,0,0,0,0,0,4,2,16
,2018_09312,39.69113433,-104.9403623,11/17/2018 15:50,15:50,12,0,0,ARKANSAS AVENUE EAST & COLORADO BOULEVARD SOUTH,5,1,1,2,1,4,,0,35,0,0,0,0,0,4,3,13
,2018_09320,39.63869356,-105.0844136,4/28/2018 11:17,11:17,12,0,0,ZEPHYR STREET SOUTH & QUINCY AVENUE WEST,1,1,0,0,1,4,,0,30,0,0,0,0,0,4,2,13
,2018_09327,39.77676386,-105.0123284,6/19/2018 1:14,1:14,6,0,0,UMATILLA STREET 4400 BLOCK NORTH & 44TH AVENUE WEST,1,3,0,0,1,4,,0,30,0,0,0,0,0,4,3,13
,2018_09328,39.79289767,-104.9452052,12/14/2018 16:15,16:15,12,0,0,MONROE STREET 2000 BLOCK SOUTH & BUTCHEL BOULEVARD EAST,1,2,1,0,1,4,,0,25,0,0,0,0,0,4,2,13
,2018_09329,39.74337905,-104.9257984,8/6/2018 17:27,17:27,12,0,0,17TH AVENUE EAST & GLENCOE STREET NORTH,1,1,0,0,1,1,,0,35,0,0,0,0,0,4,2,3
,2018_09335,39.75272133,-105.0028943,8/21/2018 8:46,8:46,15,0,0,DELGANY STREET 1600 BLOCK & 16TH STREET,1,1,0,0,1,4,,0,25,0,0,0,0,0,4,2,16
,2018_09337,39.75020062,-105.0236141,9/9/2018 16:20,16:20,6,0,0,ELIOT STREET 2200 BLOCK NORTH & 22ND AVENUE WEST,1,1,1,0,1,4,,0,,0,0,0,0,0,4,2,13
,2018_09339,39.68195252,-104.9553442,6/12/2018 8:49,8:49,12,0,0,BUCHTELL BOULEVARD 2500 BLOCK & CLAYTON STREET,1,1,0,0,1,3,,0,30,0,0,0,0,0,4,2,12
,2018_09344,39.76947597,-105.0080337,4/21/2018 16:08,16:08,6,0,0,QUIVAS STREET 3800 BLOCK NORTH & 38TH AVENUE WEST,1,1,0,0,1,4,,0,30,0,0,0,0,0,4,2,6
,2018_09346,39.75801663,-104.9032484,5/26/2018 3:47,3:47,5,0,0,QUEBEC STREET 2900 BLOCK NORTH & 29TH AVENUE EAST,1,3,0,0,2,4,,0,40,0,0,0,0,0,4,1,5
,2018_09349,39.77526734,-104.7454866,10/3/2018 18:01,18:01,3,0,2,42ND AVENUE EAST & LISBON STREET NORTH,1,1,0,0,1,2,,0,25,0,0,0,0,1,4,2,13
,2018_09350,39.74259642,-104.9034587,7/21/2018 13:34,13:34,12,0,0,BATAVIA PLACE EAST & QUEBEC STREET NORTH,1,1,0,0,1,4,,0,30,0,0,0,0,0,4,2,3
,2018_09351,39.76927397,-104.9055813,3/29/2018 17:41,17:41,6,0,1,PONITAC STREET 3800 BLOCK NORTH & 39TH AVENUE EAST,2,1,0,2,1,4,,0,,0,0,0,0,2,4,2,13
,2018_09353,39.74952676,-104.9883054,1/9/2018 8:50,8:50,12,0,0,STOUT STREET 2000 BLOCK & 21ST STREET,1,1,0,0,1,4,,0,30,0,0,0,0,0,4,2,13
,2018_09356,39.75637882,-104.8658884,12/10/2018 9:37,9:37,6,0,0,HAVANA STREET 2800 BLOCK NORTH & 29TH DRIVE EAST,1,1,0,0,1,4,,0,25,0,0,0,0,0,4,3,3
,2018_09358,39.72055601,-104.9035425,12/15/2018 0:56,0:56,6,0,2,QUEBEC STREET NORTH & SECOND AVENUE EAST,1,3,0,0,1,4,,0,30,0,0,0,0,2,4,2,5
,2018_09366,39.83681978,-104.7718967,6/21/2018 16:49,16:49,12,0,0,TOWER ROAD NORTH & PENA BOULEVARD,1,1,0,0,1,4,,0,25,0,0,0,0,0,4,5,7
,2018_09370,39.78581398,-104.9938715,6/4/2018 14:55,14:55,6,0,0,FOX STREET 4900 BLOCK NORTH & 50TH AVENUE WEST,1,1,0,0,1,4,,0,25,0,0,0,0,0,4,2,13
,2018_09371,39.76449756,-104.964192,6/17/2018 22:00,22:00,5,0,0,HIGH STREET 3400 BLOCK NORTH & 35TH AVENUE EAST,2,3,0,1,1,4,,0,25,0,0,0,0,0,4,1,14
,2018_09372,39.75835981,-105.0093509,1/29/2018 15:32,15:32,15,0,2,CENTRAL STREET & 16TH STREET,1,1,0,0,1,4,,0,30,0,0,0,0,1,4,2,3
,2018_09373,39.72450744,-105.0249893,6/20/2018 12:37,12:37,3,0,0,FIFTH AVENUE WEST & FEDERAL BOULEVARD NORTH,1,1,0,0,1,5,,0,25,0,0,0,0,0,4,2,7
,2018_09375,39.76746059,-104.9034599,8/2/2018 15:45,15:45,15,0,0,QUEBEC STREET NORTH & 36TH AVENUE EAST,1,1,0,0,1,1,,0,35,0,0,0,0,0,4,2,13
,2018_09376,39.76746038,-104.9038158,2/23/2018 13:15,13:15,15,0,0,36TH AVENUE 7200 BLOCK EAST & QUEBEC STREET NORTH,1,1,0,0,1,4,,0,25,0,0,0,0,0,4,2,13
,2018_09388,39.83616394,-104.7718929,8/28/2018 8:15,8:15,12,0,0,PENA BOULEVARD INBOUND & TOWER ROAD NORTH,1,1,0,0,1,4,,0,45,0,0,0,0,0,4,3,13
,2018_09389,39.77322454,-104.9133675,2/20/2018 11:56,11:56,15,0,4,SMITH ROAD 6400 EAST & MONACO PARKWAY NORTH,4,1,0,0,1,4,,0,30,0,0,0,0,2,4,2,7
,2018_09391,39.83616394,-104.7718929,11/5/2018 14:13,14:13,12,0,0,TOWER ROAD 7700 BLOCK NORTH & PENA BOULEVARD,1,1,1,0,1,4,,0,45,0,0,0,0,0,4,2,13
,2018_09395,39.74484726,-104.9733901,4/8/2018 15:34,15:34,15,0,0,18TH AVENUE EAST & DOWNING STREET NORTH,1,1,0,0,1,4,,0,25,0,0,0,0,0,4,2,5
,2018_09401,39.66764439,-104.9252995,12/4/2018 18:00,18:00,15,0,0,YALE AVENUE EAST MERGE LANE & I25 NORTHBOUND SLIP RAMP OFF,1,1,1,0,1,3,,0,45,0,0,0,0,0,4,2,13
,2018_09411,39.7112471,-104.9483162,9/4/2018 8:44,8:44,12,0,1,CHERRY CREEK DRIVE EAST & ALAMEDA AVENUE EAST,1,1,0,0,1,3,,0,30,0,0,0,0,1,4,2,3
,2018_09416,39.80027672,-104.8843397,6/1/2018 17:30,17:30,15,0,1,CENTRAL PARK BOULEVARD NORTH & 2000 BLOCK,1,1,0,0,1,4,,0,25,0,0,0,0,1,4,3,14
,2018_09423,39.72910998,-104.9907219,4/4/2018 14:18,14:18,12,0,0,SPEER BOULEVARD 800 BLOCK NORTH & EIGHTH AVENUE WEST,1,1,0,0,1,4,,0,35,0,0,0,0,0,4,2,16
,2018_09425,39.74811819,-104.986319,9/10/2018 13:45,13:45,12,0,0,20TH STREET 600 BLOCK & WELTON STREET,1,1,1,0,1,2,,1,30,0,0,0,0,0,4,2,13
,2018_09430,39.75632028,-104.9777866,9/25/2018 11:07,11:07,6,0,0,28TH STREET 700 BLOCK & CALIFORNIA STREET,1,1,0,0,1,4,,0,25,0,0,0,0,0,4,2,3
,2018_09431,39.78239219,-104.9785013,8/27/2018 10:10,10:10,15,0,0,WASHINGTON STREET 4700 NORTH & 47TH AVENUE EAST,1,1,0,0,1,4,,0,35,0,0,0,0,0,4,2,13
,2018_09434,39.7991209,-104.8843357,7/27/2018 6:58,6:58,15,0,0,56TH AVENUE EAST & CENTRAL PARK BOULEVARD,1,1,0,0,1,4,,0,5,0,0,0,0,0,4,2,13
,2018_09435,39.69856582,-105.0390515,7/13/2018 7:13,7:13,6,0,0,TENNESSEE AVENUE 3900 BLOCK WEST & PATTON COURT SOUTH,1,1,1,0,1,4,,0,25,0,0,0,0,0,4,2,13
,2018_09436,39.78391927,-104.847025,6/1/2018 15:40,15:40,3,0,0,PEORIA STREET 4700 BLOCK NORTH & 47TH AVENUE EAST,1,1,1,0,1,2,,0,40,0,0,0,0,0,4,2,1
,2018_09444,39.75353432,-104.993279,11/18/2018 0:58,0:58,12,0,0,20TH STREET & MARKET STREET,1,3,0,0,1,4,,0,30,0,0,0,0,0,4,2,16
,2018_09445,39.77864167,-104.9792494,1/4/2018 14:49,14:49,12,0,0,WASHINGTON STREET 4500 BLOCK NORTH & 45TH AVENUE WEST,1,1,1,0,1,4,,0,30,0,0,0,0,0,4,2,13
,2018_09447,39.73480692,-105.0388756,5/7/2018 21:57,21:57,6,0,0,12TH AVENUE 3900 BLOCK WEST & PERRY STREET NORTH,1,3,0,0,1,4,,0,25,0,0,0,0,0,4,2,5
,2018_09448,39.77868833,-104.9792502,11/8/2018 6:15,6:15,15,0,0,WASHINGTON 4500 BLOCK NORTH & 45TH AVENUE EAST,1,3,0,0,1,4,,0,30,0,0,0,0,0,4,2,3
,2018_09451,39.74482803,-104.9684473,11/27/2018 15:15,15:15,12,0,0,18TH AVENUE 1600 BLOCK EAST & FRANKLIN STREET NORTH,1,1,0,0,1,3,,0,30,0,0,0,0,0,4,2,13
,2018_09455,39.76197275,-104.9027441,9/2/2018 16:42,16:42,5,0,0,MLK BOULEVARD EAST & QUEBEC STREET NORTH,1,1,0,0,3,4,,0,30,0,0,0,0,0,4,1,14
,2018_09456,39.72411874,-104.9424714,8/31/2018 7:40,7:40,6,0,0,FIFTH AVENUE EAST & JACKSON STREET NORTH,1,1,1,0,1,4,,0,25,0,0,0,0,0,4,2,13
,2018_09458,39.70946592,-105.0409876,5/14/2018 14:30,14:30,6,0,0,DAKOTA AVENUE 4100 WEST & QUITMAN STREET SOUTH,1,1,0,0,1,4,,0,,0,0,0,1,0,4,2,13
,2018_09461,39.75502847,-105.0440208,11/2/2018 18:25,18:25,6,0,0,TENNYSON STREET NORTH & 26TH AVENUE WEST,1,4,0,0,1,4,,0,,0,0,0,0,0,4,2,13
,2018_09464,39.71069322,-104.9733891,2/26/2018 12:40,12:40,12,0,0,DOWNING STREET 300 BLOCK SOUTH & ALAMEDA AVENUE EAST,1,1,0,0,1,4,,0,25,0,0,0,0,0,4,3,14
,2018_09468,39.71932421,-105.0300181,7/6/2018 21:55,21:55,6,0,0,IRVING STREET NORTH & SECOND AVENUE WEST,1,4,0,0,1,4,,0,25,0,0,0,0,0,4,3,14
,2018_09471,39.79600298,-104.7976512,12/7/2018 16:40,16:40,6,0,0,LEWISTON STREET NORTH & MAXWELL PLACE EAST,1,1,0,0,1,4,,0,25,0,0,0,0,0,4,2,5
,2018_09472,39.75313052,-104.9257875,4/17/2018 1:14,1:14,6,0,1,GLENCOE STREET NORTH & 25TH AVENUE EAST,1,4,0,0,1,4,,0,30,0,0,0,0,2,4,3,5
,2018_09474,39.75367133,-104.9257858,8/23/2018 23:30,23:30,6,0,0,GLENCOE STREET NORTH & 25TH AVENUE EAST,1,4,0,0,1,4,,0,25,0,0,0,0,0,4,3,5
,2018_09475,39.74945994,-104.9687511,2/27/2018 6:36,6:36,6,0,0,22ND AVENUE 1500 BLOCK EAST & FRANKLIN STREET NORTH,1,1,0,0,1,4,,0,25,0,0,0,0,0,4,2,13
,2018_09481,39.73067481,-104.903465,12/14/2018 13:12,13:12,12,0,0,QUEBEC STREET 900 BLOCK NORTH & NINTH AVENUE EAST,1,1,1,0,1,4,,0,30,0,0,0,0,0,4,3,12
,2018_09483,39.77093475,-104.8470342,1/2/2018 16:00,16:00,12,0,1,PEORIA STREET NORTH & 39TH AVENUE EAST,1,2,0,0,1,3,,0,35,0,0,0,0,1,4,2,16
,2018_09484,39.73031552,-104.9034665,11/28/2018 9:30,9:30,12,0,1,QUEBEC STREET 800 BLOCK NORTH & EIGHTH PLACE EAST,1,1,1,0,1,4,,0,35,0,0,0,0,1,4,3,12
,2018_09485,39.71028145,-104.9733853,9/16/2018 20:44,20:44,6,0,0,DOWNING STREET SOUTH 369 & ALAMEDA AVENUE EAST,1,1,0,0,1,4,,0,25,0,0,0,0,0,4,3,13
,2018_09486,39.77656552,-104.8099045,5/9/2018 16:51,16:51,12,0,0,CHAMBERS ROAD NORTH & 46TH AVENUE EAST,1,1,0,0,1,3,,0,40,0,0,0,0,0,4,2,13
,2018_09487,39.68227205,-105.013372,1/4/2018 10:40,10:40,14,0,0,VALLEJO STREET 1900 BLOCK SOUTH & JEWELL AVENUE WEST,1,1,0,0,1,3,,0,30,0,0,0,0,0,4,2,13
,2018_09488,39.73486611,-104.9223274,10/22/2018 8:00,8:00,6,0,0,HOLLY STREET NORTH & 12TH AVENUE EAST,1,1,0,0,1,4,,0,25,0,0,0,0,0,4,2,13
,2018_09489,39.76609773,-105.0487714,2/20/2018 20:40,20:40,6,0,0,WOLFF STREET & 1335 BLOCK SOUTH,5,3,0,2,1,4,,0,,0,0,0,0,0,4,2,13
,2018_09490,39.77439074,-104.9223167,6/20/2018 13:32,13:32,6,0,0,HOLLY STREET 4000 BLOCK NORTH & SMITH ROAD EAST,1,1,0,0,1,4,,0,35,0,0,0,0,0,4,2,3
,2018_09492,39.70537646,-104.9733742,2/2/2018 15:50,15:50,6,0,0,DOWNING STREET SOUTH & CENTER AVENUE EAST,1,1,0,0,1,4,,0,,0,0,0,0,0,4,2,13
,2018_09494,39.67740895,-104.9734465,10/29/2018 10:35,10:35,12,0,0,DOWNING STREET SOUTH & EVANS AVENUE EAST,1,1,0,0,1,3,,0,30,0,0,0,0,0,4,3,8
,2018_09495,39.76096483,-104.9733464,5/15/2018 17:36,17:36,12,0,0,DOWNING STREET NORTH & MLK BOULEVARD,1,1,0,0,1,4,,0,30,0,0,0,0,0,4,3,3
,2018_09496,39.77737646,-104.9497929,8/24/2018 8:47,8:47,12,0,0,STEELE STREET 4358 NORTH & 44TH AVENUE EAST,1,1,1,0,1,2,,0,5,0,0,0,0,0,4,2,14
,2018_09499,39.67178971,-105.0225284,1/18/2018 16:10,16:10,3,0,0,HARVARD AVENUE WEST & DECATUR STREET SOUTH,1,1,0,0,1,3,,0,,0,0,0,0,0,4,2,7
,2018_09503,39.74688891,-104.9034526,6/16/2018 12:40,12:40,12,0,0,QUEBEC STREET 1900 BLOCK NORTH & MONTVIEW BOULEVARD,1,1,0,0,1,4,,0,25,0,0,0,0,0,4,3,7
,2018_09504,39.73396609,-104.9034546,3/14/2018 18:25,18:25,12,0,0,QUEBEC STREET NORTH & RICHTHOFEN PLACE EAST,1,2,0,0,1,3,,0,30,0,0,0,0,0,4,2,1
,2018_09507,39.65869782,-104.8589836,5/1/2018 2:00,2:00,6,0,0,KENTON STREET 3300 BLOCK SOUTH & DARTMOUTH AVENUE EAST,1,3,0,0,1,4,,0,,0,0,0,0,0,4,2,13
,2018_09508,39.74043715,-104.9034566,6/22/2018 15:14,15:14,1,0,0,QUEBEC STREET NORTH & COLFAX AVENUE EAST,1,1,0,0,1,2,,0,35,0,0,0,0,0,4,2,13
,2018_09516,39.69627648,-104.9733924,11/21/2018 10:05,10:05,6,0,0,DOWNING STREET 1100 BLOCK SOUTH & MISSISSIPPI AVENUE EAST,1,1,0,0,1,4,,0,30,0,0,0,0,0,4,2,13
,2018_09519,39.74473623,-104.9733897,3/22/2018 23:25,23:25,6,0,0,DOWNING STREET NORTH & 18TH AVENUE EAST,1,3,0,0,1,4,,0,30,0,0,0,0,0,4,2,5
,2018_09522,39.7406345,-104.9848542,9/24/2018 10:50,10:50,6,0,0,SHERMAN STREET 1500 BLOCK NORTH & COLFAX AVENUE EAST,1,1,0,0,1,4,,0,30,0,0,0,0,0,4,2,13
,2018_09523,39.7091925,-105.0408706,6/9/2018 22:17,22:17,14,0,0,QUITMAN STREET SOUTH & DAKOTA AVENUE WEST,1,3,0,0,1,4,,0,25,0,0,0,0,0,4,2,5
,2018_09531,39.73204867,-104.9878606,10/23/2018 11:51,11:51,6,0,0,10TH AVENUE WEST & BROADWAY STREET NORTH,1,1,0,0,1,2,,0,30,0,0,0,0,0,4,2,13
,2018_09532,39.75362334,-105.0258829,2/3/2018 10:08,10:08,6,0,0,25TH AVENUE 3000 BLOCK WEST & FEDERAL BOULEVARD NORTH,1,1,1,0,1,4,,0,25,0,0,0,0,0,4,2,12
,2018_09541,39.74967917,-104.9811334,9/1/2018 16:56,16:56,3,0,0,TREMONT PLACE 2200 BLOCK & PARK AVENUE WEST,1,1,0,0,1,3,,0,30,0,0,0,0,0,4,2,8
,2018_09543,39.73529028,-104.9823001,7/24/2018 16:11,16:11,6,0,0,LOGAN STREET NORTH & 12TH AVENUE EAST,1,1,0,0,1,4,,0,25,0,0,0,0,0,4,4,13
,2018_09544,39.7448547,-104.9034602,10/13/2018 16:10,16:10,12,0,0,QUEBEC STREET & 17TH AVENUE EAST,1,1,0,0,1,4,,0,30,0,0,0,0,0,4,2,1
,2018_09545,39.74604069,-104.90346,5/6/2018 14:14,14:14,12,0,2,QUEBEC STREET NORTH & 19TH AVENUE EAST,1,1,0,0,1,4,,0,35,0,0,0,0,1,4,3,3
,2018_09548,39.7801655,-105.010801,9/11/2018 15:11,15:11,6,0,0,46TH AVENUE WEST & TEJON STREET NORTH,1,1,0,0,1,4,,0,30,0,0,0,0,0,4,2,3
,2018_09555,39.76737542,-104.9016815,7/27/2018 12:58,12:58,3,0,0,36TH AVENUE 7400 EAST & QUEBEC STREET NORTH,1,1,0,0,1,2,,0,25,0,0,0,0,0,4,2,16
,2018_09558,39.73050182,-104.9999739,11/25/2018 10:40,10:40,3,0,0,NINTH AVENUE WEST & KALAMATH STREET NORTH,5,1,1,1,1,5,,0,10,0,0,0,0,0,4,2,3
,2018_09562,39.75471674,-104.8992014,11/28/2018 15:45,15:45,12,0,0,26TH AVENUE 7600 BLOCK EAST & SYRACUSE STREET NORTH,1,1,3,0,1,4,,0,35,0,0,0,0,0,4,2,1
,2018_09567,39.7103445,-104.9924033,1/1/2018 1:56,1:56,6,0,0,CHEROKEE STREET 300 BLOCK SOUTH & ALAMEDA AVENUE WEST,1,3,0,0,1,4,,0,25,0,0,0,0,0,4,4,5
,2018_09573,39.7698751,-105.0440114,10/24/2018 10:20,10:20,6,0,0,TENNYSON SOUTH 3800 BLOCK NORTH & 38TH AVENUE,1,1,0,0,1,4,,0,25,0,0,0,0,0,4,2,13
,2018_09575,39.70022677,-104.9275489,10/9/2018 10:02,10:02,3,0,0,KENTUCKY AVENUE EAST & CHERRY CREEK DRIVE SOUTH,1,1,0,0,1,2,,0,,0,0,0,0,0,4,2,16
,2018_09576,39.74484634,-104.9733901,12/31/2018 19:20,19:20,12,0,1,18TH AVENUE EAST & DOWNING STREET NORTH,4,3,0,2,1,4,,0,30,0,0,0,0,1,4,2,7
,2018_09578,39.7831995,-104.8566164,11/14/2018 6:42,6:42,10,0,0,LIMA STREET NORTH & 47TH AVENUE EAST,1,1,0,0,1,4,,0,25,0,0,0,0,0,4,2,1
,2018_09579,39.72918803,-104.9823713,1/23/2018 15:00,15:00,5,0,1,LOGAN STREET 800 BLOCK NORTH & EIGHTH AVENUE EAST 400 BLOCK EAST,1,1,1,0,2,4,,0,35,0,0,0,0,1,4,1,10