id,drcog_id,latitude,longitude,crashtime,time,crashtype,numbkilled,numbinjurd,drcoglocat,rdconditin,lightngcon,roadcntgrd,weatherco,location,roaddescrp,schoolzone,constrzone,splimit,bikeinv,pedinv,sctrinv,motoinv,svrty,rdsystem,ttlvehcls,hcf
,2018_12021,39.7226874,-104.982726,9/10/2018 16:52,16:52,15,0,0,SPEER BOULEVARD EAST & LOGAN STREET NORTH,1,1,1,0,1,4,,0,35,0,0,0,0,0,4,2,13
,2018_12026,39.75637902,-104.9899197,5/25/2018 11:00,11:00,12,0,0,MARKET STREET & PARK AVENUE WEST,1,1,0,0,1,4,,0,,0,0,0,0,0,4,2,13
,2018_12028,39.78322544,-105.036326,12/12/2018 12:57,12:57,3,0,0,UNITA STREET 4700 BLOCK NORTH & 48TH AVENUE EAST,1,1,0,0,1,2,,0,10,0,0,0,0,0,4,2,7
,2018_12034,39.72910327,-104.9409819,4/6/2018 21:05,21:05,8,0,1,EIGHTH AVENUE 3900 BLOCK EAST & COLORADO BOULEVARD NORTH,1,3,0,0,1,4,,0,30,0,0,0,0,1,4,3,5
,2018_12037,39.78664455,-104.8296051,1/31/2018 7:45,7:45,13,0,1,CROWN BOULEVARD NORTH & 50TH AVENUE EAST,1,1,0,0,1,4,,0,25,0,0,0,0,2,4,2,13
,2018_12039,39.67123947,-104.9629165,5/17/2018 14:44,14:44,12,0,0,HARVARD AVENUE 2100 BLOCK EAST & VINE STREET SOUTH,1,1,0,0,1,4,,0,20,0,0,0,0,0,4,2,13
,2018_12040,39.76854693,-104.8546455,6/13/2018 8:44,8:44,14,0,0,37TH AVENUE 11200 BLOCK EAST & LIMA STREET,1,1,0,0,1,4,,0,30,0,0,0,0,0,4,2,13
,2018_12041,39.71940298,-104.9544072,3/1/2018 10:47,10:47,6,0,0,SECOND AVENUE 2800 BLOCK EAST & DETROIT STREET NORTH,1,1,0,0,1,4,,0,25,0,0,0,0,0,4,2,14
,2018_12043,39.71731942,-105.0349094,3/10/2018 20:32,20:32,6,0,0,FIRST AVENUE WEST & LOWELL BOULEVARD NORTH,1,4,0,0,1,4,,0,25,0,0,0,0,0,4,2,7
,2018_12044,39.73515192,-104.9795324,8/15/2018 11:04,11:04,15,0,0,12TH AVENUE EAST & PEARL STREET NORTH,1,1,0,0,1,4,,0,25,0,0,0,0,0,4,2,14
,2018_12048,39.70596482,-104.9493264,4/13/2018 10:31,10:31,6,0,0,MONROE WAY 600 BLOCK & STEELE STREET SOUTH,1,1,0,0,1,1,,0,25,0,0,0,0,0,4,2,13
,2018_12050,39.72992395,-104.970626,6/13/2018 13:30,13:30,6,0,0,LAFAYETTE STREET 850 BLOCK NORTH & NINTH AVENUE EAST,1,1,0,0,1,4,,0,25,0,0,0,0,0,4,2,13
,2018_12051,39.68933325,-104.8965058,12/20/2018 13:23,13:23,12,0,0,FLORIDA AVENUE 8000 BLOCK EAST & QUEBEC WAY SOUTH,1,1,1,0,1,4,,0,30,0,0,0,0,0,4,2,13
,2018_12054,39.67541106,-104.968761,2/1/2018 15:04,15:04,14,0,0,FRANKLIN STREET 2200 BLOCK SOUTH & ILIFF AVENUE EAST,1,1,0,0,1,4,,0,20,0,0,0,0,0,4,4,5
,2018_12057,39.67865662,-105.0210625,5/28/2018 5:46,5:46,5,0,0,EVANS AVENUE 2700 BLOCK WEST & CLAY STREET SOUTH,1,1,0,0,3,4,,0,30,0,0,0,0,0,4,1,2
,2018_12058,39.74152283,-105.0400217,7/31/2018 12:49,12:49,6,0,0,CONEJOS PLACE 4000 BLOCK & PERRY STREET NORTH,1,1,0,0,1,4,,0,,0,0,0,0,0,4,2,13
,2018_12060,39.72531043,-104.9374755,4/19/2018 9:02,9:02,15,0,0,SIXTH AVENUE 4100 BLOCK EAST & BELLAIRE STREET NORTH,1,1,0,0,1,4,,1,30,0,0,0,0,0,4,2,1
,2018_12067,39.76448405,-105.0404888,5/23/2018 8:50,8:50,6,0,0,QUITMAN STREET NORTH & 33RD AVENUE WEST,1,1,0,0,1,4,,0,20,0,0,0,0,0,4,2,13
,2018_12068,39.74715448,-104.9124443,5/7/2018 20:21,20:21,5,0,1,MONACO STREET NORTH & MONTEVIEW BOULEVARD,1,3,0,0,2,4,,0,35,0,0,0,0,1,4,1,5
,2018_12075,39.72906431,-104.9228088,6/26/2018 10:32,10:32,15,0,0,HOLLY STREET 700 BLOCK NORTH & EIGHTH AVENUE EAST,1,1,0,0,1,4,,0,25,0,0,0,0,0,4,2,13
,2018_12076,39.75956929,-104.9938853,11/2/2018 1:15,1:15,15,0,0,PARK AVENUE WEST & WEWATTA STREET,1,3,0,0,1,4,,0,35,0,0,0,0,0,4,2,13
,2018_12080,39.74196134,-104.9449541,4/30/2018 8:39,8:39,5,0,0,16TH AVENUE 3600 BLOCK EAST & MONROE STREET NORTH,1,1,0,0,1,4,,0,25,0,0,0,0,0,4,1,3
,2018_12083,39.68229121,-105.0529888,2/7/2018 15:21,15:21,3,0,0,JEWELL AVENUE WEST & SHERIDAN BOULEVARD SOUTH,1,1,0,0,1,2,,0,,0,0,0,0,0,4,2,13
,2018_12084,39.68229121,-105.0529888,4/11/2018 16:55,16:55,3,0,0,JEWELL AVENUE WEST & SHERIDAN BOULEVARD SOUTH,1,1,0,0,1,2,,0,35,0,0,0,0,0,4,2,7
,2018_12085,39.77005865,-104.9660049,1/12/2018 14:08,14:08,6,0,0,38TH AVENUE 1700 BLOCK EAST & WILLIAMS STREET NORTH,1,1,0,0,1,4,,0,25,0,0,0,0,0,4,2,13
,2018_12086,39.74484028,-104.9755143,7/31/2018 12:49,12:49,15,0,0,18TH AVENUE 900 EAST & OGDEN STREET,1,1,0,0,1,4,,0,30,0,0,0,0,0,4,2,16
,2018_12089,39.73687208,-104.9707877,9/12/2018 22:47,22:47,6,0,0,13TH AVENUE 1300 BLOCK EAST & LAFAYETTE STREET NORTH,1,3,0,0,1,4,,0,30,0,0,0,0,0,4,2,13
,2018_12090,39.73687925,-104.980097,8/30/2018 10:21,10:21,6,0,0,13TH AVENUE 500 BLOCK EAST & PEARL STREET NORTH,1,3,0,0,1,4,,0,,0,0,0,0,0,4,2,13
,2018_12092,39.73519889,-104.9810619,11/28/2018 9:20,9:20,6,0,0,PENNSYLVANIA STREET NORTH & 12TH AVENUE EAST,1,1,0,0,1,4,,0,25,0,0,0,0,0,4,2,13
,2018_12103,39.7175175,-104.9395471,10/10/2018 17:00,17:00,6,0,0,ALBION STREET NORTH & FIRST AVENUE EAST,2,2,0,1,1,4,,0,25,0,0,0,0,0,4,2,13
,2018_12105,39.77928005,-105.0020773,9/28/2018 6:57,6:57,6,0,1,MARIPOSA WAY & LIPAN STREET,1,1,0,0,1,4,,0,25,0,0,0,0,1,4,2,14
,2018_12107,39.69642707,-104.9850717,4/22/2018 0:55,0:55,6,0,0,SHERMAN STREET 1141 SOUTH & MISSISSIPPI AVENUE EAST,1,3,0,0,1,4,,0,25,0,0,0,0,0,4,3,5
,2018_12111,39.7600443,-104.8965909,5/11/2018 16:19,16:19,12,0,0,MLK BOULEVARD 7800 BLOCK EAST & TRENTON STREET NORTH,1,1,0,0,1,4,,0,30,0,0,0,0,0,4,3,13
,2018_12113,39.76837188,-105.0404953,6/13/2018 22:12,22:12,6,0,0,QUITMAN STREET NORTH & 38TH AVENUE WEST,1,3,0,0,1,4,,0,25,0,0,0,0,0,4,3,5
,2018_12114,39.73680316,-104.9531639,8/21/2018 16:41,16:41,6,0,0,13TH AVENUE 2800 BLOCK EAST & FILLMORE STREET NORTH,2,1,0,1,1,4,,0,30,0,0,0,0,0,4,2,3
,2018_12115,39.71513478,-104.959306,10/20/2018 4:36,4:36,5,0,1,CHERRY CREEK SOUTH DRIVE & UNIVERSITY BOULEVARD SOUTH,1,3,0,0,3,4,,0,30,0,0,0,0,1,4,1,13
,2018_12121,39.72460391,-105.0001762,7/17/2018 15:55,15:55,12,0,1,KALAMATH STREET 500 NORTH & FIFTH AVENUE WEST,1,1,0,0,1,2,,0,30,0,0,0,0,1,4,2,13
,2018_12122,39.70615936,-105.0169136,3/30/2018 20:30,20:30,6,0,0,ALCOTT STREET SOUTH & VIRGINIA AVENUE WEST,1,3,0,0,1,4,,0,25,0,0,0,0,0,4,2,5
,2018_12124,39.72153961,-105.0337038,5/15/2018 13:22,13:22,6,0,0,KING STREET NORTH & THIRD STREET WEST,1,1,1,0,1,4,,0,25,0,0,0,0,0,4,2,3
,2018_12125,39.69562048,-104.9792435,11/16/2018 20:27,20:27,12,0,0,BUCHTEL BOULEVARD SOUTH & WASHINGTON STREET SOUTH,1,4,0,0,1,1,,0,30,0,0,0,0,0,4,2,13
,2018_12126,39.66373011,-105.0221071,12/16/2018 13:04,13:04,6,0,0,BATES AVENUE 2700 BLOCK WEST & DECATUR STREET SOUTH,1,1,0,0,1,4,,0,25,0,0,0,0,0,4,2,13
,2018_12128,39.67523781,-104.9507954,8/23/2018 11:00,11:00,6,0,0,STREET PAUL STREET 2200 BLOCK SOUTH & ILIFF AVENUE EAST,1,1,0,0,1,4,,0,25,0,0,0,0,0,4,2,3
,2018_12129,39.7618425,-104.9527666,10/23/2018 19:09,19:09,15,0,0,MLK BOULEVARD EAST & MILWAUKEE STREET NORTH,1,4,0,0,1,4,,0,35,0,0,0,0,0,4,2,2
,2018_12130,39.77282373,-104.8962526,7/13/2018 17:48,17:48,1,0,1,40TH AVENUE 7900 BLOCK EAST & ULSTER STREET NORTH,1,1,0,0,1,2,,0,30,0,0,0,1,1,4,2,13
,2018_12132,39.73666322,-104.9450759,6/7/2018 10:19,10:19,6,0,0,MONROE STREET NORTH & 13TH AVENUE EAST,1,1,0,0,1,4,,0,25,0,0,0,0,0,4,2,13
,2018_12133,39.73644807,-104.924607,1/23/2018 7:40,7:40,12,0,0,GRAPE STREET 1300 NORTH & 13TH AVENUE EAST,5,1,0,0,1,3,,0,25,0,0,0,0,0,4,2,13
,2018_12134,39.77388913,-105.0434125,2/28/2018 14:44,14:44,6,0,0,42ND AVENUE WEST & TENNYSON STREET NORTH,1,1,0,0,1,4,,0,,0,0,0,0,0,4,2,13
,2018_12135,39.74536999,-104.9835866,12/5/2018 9:47,9:47,15,0,0,GRANT STREET NORTH & 18TH AVENUE EAST,1,1,0,0,1,4,,0,30,0,0,0,0,0,4,2,13
,2018_12136,39.76040839,-105.0346168,8/8/2018 18:31,18:31,12,0,0,LOWELL BOULEVARD NORTH & 30TH AVENUE WEST,1,1,0,0,1,4,,0,30,0,0,0,0,0,4,3,13
,2018_12139,39.73680049,-104.9450755,10/14/2018 1:24,1:24,6,0,0,MONROE STREET NORTH & 13TH AVENUE EAST,2,3,0,1,1,4,,0,35,0,0,0,0,0,4,2,13
,2018_12140,39.77189107,-104.9659351,10/17/2018 17:13,17:13,12,0,0,WILLIAMS STREET NORTH & 39TH AVENUE EAST,1,2,0,0,1,4,,0,25,0,0,0,0,0,4,2,1
,2018_12141,39.76180808,-104.9402779,1/9/2018 13:30,13:30,12,0,0,MLK BOULEVARD 4000 BLOCK EAST & COLORADO BOULEVARD NORTH,1,1,0,0,1,3,,0,35,0,0,0,0,0,4,2,3
,2018_12142,39.72908249,-104.9714767,12/18/2018 8:55,8:55,12,0,1,EIGHTH AVENUE 1300 BLOCK EAST & MARION STREET NORTH,1,1,0,0,1,4,,0,30,0,0,0,0,1,4,3,14
,2018_12143,39.76034048,-105.0345632,7/25/2018 14:50,14:50,12,0,0,30TH AVENUE WEST & LOWELL BOULEVARD NORTH,1,1,0,0,1,3,,0,35,0,0,0,0,0,4,2,13
,2018_12144,39.73505098,-104.9620346,1/14/2018 10:25,10:25,3,0,0,12TH AVENUE 2100 BLOCK EAST & VINE STREET NORTH,1,1,0,0,1,5,,0,30,0,0,0,0,0,4,2,13
,2018_12154,39.70022213,-104.9604629,8/19/2018 15:53,15:53,6,0,0,KENTUCKY AVENUE 2300 EAST & YORK STREET SOUTH,1,1,0,0,1,4,,0,25,0,0,0,0,0,4,2,13
,2018_12156,39.67864862,-105.023611,6/20/2018 14:44,14:44,15,0,0,EVANS AVENUE 2900 BLOCK WEST & FEDERAL BOULEVARD SOUTH,1,1,0,0,1,4,,0,35,0,0,0,0,0,4,2,3
,2018_12160,39.67849181,-104.9690968,12/8/2018 21:02,21:02,1,0,1,EVANS AVENUE 1500 BLOCK EAST & FRANKLIN STREET SOUTH,1,3,0,0,1,2,,0,30,0,0,0,1,3,4,2,1
,2018_12164,39.74378412,-104.9111166,10/15/2018 8:47,8:47,15,0,0,17TH AVENUE EAST & MAGNOLIA STREET NORTH,1,1,0,0,1,4,,0,30,0,0,0,0,0,4,2,1
,2018_12167,39.67484616,-104.9198483,6/6/2018 10:06,10:06,3,0,0,ILIFF AVENUE 6000 BLOCK EAST & JASMINE STREET SOUTH,1,1,0,0,1,2,,0,25,0,0,0,0,0,4,2,13
,2018_12169,39.83048557,-104.6929786,12/12/2018 13:52,13:52,12,0,1,JACKSON GAP 7400 BLOCK NORTH & 75TH AVENUE,1,1,0,0,1,4,,0,,0,0,0,0,2,4,3,13
,2018_12170,39.76495204,-105.00297,8/14/2018 19:55,19:55,6,0,0,MARIPOSA STREET NORTH & 34TH AVENUE WEST,1,2,0,0,1,4,,0,25,0,0,0,0,0,4,2,13
,2018_12171,39.73527481,-104.9859033,2/28/2018 17:42,17:42,10,0,0,12TH AVENUE EAST & LINCOLN STREET NORTH,1,1,1,0,1,4,,0,30,0,0,0,0,0,4,2,1
,2018_12174,39.6377652,-105.0873812,12/22/2018 10:00,10:00,3,0,0,AMMONS STREET 4400 BLOCK SOUTH & QUINCY AVENUE WEST,1,1,0,0,1,2,,0,30,0,0,0,0,0,4,2,13
,2018_12177,39.83653765,-104.6929158,10/23/2018 0:45,0:45,15,0,0,JACKSON GAP ROAD NORTH & 78TH AVENUE,1,3,0,0,1,3,,0,30,0,0,0,0,0,4,2,8
,2018_12179,39.72741889,-105.0001911,9/16/2018 13:49,13:49,12,0,0,KALAMATH STREET NORTH & SEVENTH AVENUE WEST,1,1,0,0,1,4,,0,35,0,0,0,0,0,4,3,16
,2018_12181,39.7673095,-104.8885416,3/30/2018 14:52,14:52,15,0,0,36TH AVENUE 7600 BLOCK EAST & SYRACUSE STREET NORTH,1,1,0,0,1,4,,0,35,0,0,0,0,0,4,2,13
,2018_12182,39.79475595,-104.7649925,12/21/2018 12:19,12:19,6,0,0,54TH PLACE 19100 BLOCK EAST & CATHAY COURT NORTH,1,1,0,0,1,2,,0,25,0,0,0,0,0,4,2,13
,2018_12186,39.74985166,-104.9983486,5/3/2018 8:24,8:24,15,0,0,MARKET STREET 1600 BLOCK & 17TH STREET,2,1,0,1,1,4,,0,25,0,0,0,0,0,4,3,13
,2018_12189,39.75944966,-104.9937509,12/3/2018 12:44,12:44,15,0,0,PARK AVENUE WEST & DELGANY STREET,2,2,0,0,1,3,,0,30,0,0,0,0,0,4,3,14
,2018_12198,39.77123157,-104.8486015,9/11/2018 4:45,4:45,6,0,0,PARIS STREET NORTH & 39TH AVENUE EAST,1,3,0,0,1,4,,0,25,0,0,0,0,0,4,2,13
,2018_12199,39.78510629,-105.0345776,1/28/2018 17:35,17:35,6,0,0,LOWELL BOULEVARD 4800 BLOCK NORTH & 48TH AVENUE WEST,1,2,1,0,1,4,,0,30,0,0,0,0,0,4,2,2
,2018_12202,39.74063974,-105.0001376,2/15/2018 23:58,23:58,7,0,0,KALAMATH STREET NORTH & COLFAX AVENUE WEST,6,3,0,4,1,3,,0,30,0,0,0,0,0,4,2,13
,2018_12205,39.72933024,-105.0253402,2/5/2018 14:48,14:48,15,0,0,EIGHTH AVENUE 3000 BLOCK WEST & FEDERAL BOULEVARD NORTH,1,1,1,0,1,4,,0,30,0,0,0,0,0,4,3,13
,2018_12208,39.74351385,-104.9127766,2/21/2018 18:19,18:19,15,0,0,17TH AVENUE EAST & MONACO STREET NORTH,1,3,0,0,1,4,,0,30,0,0,0,0,0,4,2,14
,2018_12210,39.6767076,-104.9871687,7/24/2018 12:50,12:50,15,0,0,BROADWAY STREET 2100 BLOCK NORTH & 22ND STREET,1,1,0,0,1,4,,0,,0,0,0,0,0,4,2,13
,2018_12224,39.76052019,-105.0346165,11/2/2018 16:09,16:09,12,0,1,LOWELL BOULEVARD 3000 BLOCK NORTH & 30TH AVENUE WEST,1,1,1,0,1,4,,0,35,0,0,0,0,1,4,3,13
,2018_12227,39.6555965,-105.0437669,6/22/2018 8:26,8:26,12,0,0,UTICA STREET 3300 BLOCK SOUTH & FLOYD AVENUE WEST,1,1,0,0,1,2,,0,25,0,0,0,0,0,4,2,13
,2018_12228,39.75873291,-104.9005288,11/21/2018 15:57,15:57,15,0,0,ROSLYN STREET 2900 BLOCK NORTH & 29TH DRIVE EAST,1,1,0,0,1,4,,0,35,0,0,0,0,0,4,2,13
,2018_12230,39.7433221,-104.989386,10/14/2018 15:42,15:42,6,0,0,TREMONT PLACE 1600 BLOCK & 16TH STREET,2,1,0,0,1,4,,0,30,0,0,0,0,0,4,2,13
,2018_12234,39.76201843,-104.9240345,8/16/2018 8:06,8:06,12,0,0,MLK BOULEVARD EAST & HUDSON STREET NORTH,1,1,0,0,1,4,,0,35,0,0,0,0,0,4,2,16
,2018_12235,39.76017238,-104.8925653,3/10/2018 2:28,2:28,12,0,1,MLK BOULEVARD EAST & UINTA STREET NORTH,1,3,0,0,1,4,,0,40,0,0,0,0,1,4,2,2
,2018_12238,39.72628046,-105.000164,6/20/2018 15:27,15:27,12,0,0,SIXTH AVENUE 1100 BLOCK WEST & KALAMATH STREET NORTH,1,1,0,0,1,3,,0,30,0,0,0,0,0,4,2,3
,2018_12250,39.73681352,-104.9582696,6/23/2018 9:29,9:29,15,0,0,JOSEPHINE STREET 1300 BLOCK NORTH & 13TH AVENUE EAST,1,1,0,0,1,4,,0,30,0,0,0,0,0,4,2,13
,2018_12251,39.82613942,-104.7718745,5/22/2018 5:00,5:00,5,0,0,PENA BOULEVARD 6500 BLOCK NORTH & TOWER ROAD,1,1,0,0,2,4,,0,55,0,0,0,0,0,4,1,2
,2018_12252,39.72556971,-105.0068462,11/2/2018 9:28,9:28,12,0,1,SIXTH AVENUE WEST & OSAGE STREET NORTH,1,1,0,0,1,4,,0,65,0,0,0,0,2,4,2,1
,2018_12267,39.67833015,-105.0285101,12/12/2018 0:28,0:28,5,0,0,EVANS AVENUE 3165 BLOCK WEST & HOOKER WAY SOUTH,1,3,1,0,3,1,,0,35,0,0,0,0,0,4,2,1
,2018_12275,39.73121705,-105.014053,1/2/2018 13:48,13:48,12,0,0,MULBERRY PLACE 2200 BLOCK WEST & WYANDOT STREET NORTH,1,1,1,0,1,3,,0,30,0,0,0,0,0,4,2,13
,2018_12282,39.70759702,-104.9970117,6/8/2018 7:41,7:41,15,0,0,SANTA FE DRIVE 500 BLOCK SOUTH & ALAMEDA AVENUE WEST,1,1,1,0,1,4,,0,30,0,0,0,0,0,4,2,13
,2018_12290,39.75782893,-104.9916462,11/14/2018 23:00,23:00,15,0,0,PARK AVENUE WEST & WAZEE STREET,1,3,0,0,1,4,,0,30,0,0,0,1,0,4,2,13
,2018_12293,39.77978027,-104.82848,12/5/2018 15:39,15:39,6,0,0,ELK DRIVE 14300 BLOCK EAST & CORNISH COURT NORTH,1,1,0,0,1,4,,0,25,0,0,0,0,0,4,2,13
,2018_12295,39.72510112,-105.0055992,7/18/2018 1:10,1:10,6,0,0,OSAGE STREET NORTH & SIXTH AVENUE WEST,1,3,0,0,1,4,,0,30,0,0,0,0,0,4,2,13
,2018_12301,39.65928762,-104.8839633,5/23/2018 15:10,15:10,2,0,1,AKRON STREET 3100 BLOCK SOUTH & EASTMAN AVENUE EAST,1,1,0,0,1,1,,0,,1,0,0,0,2,4,2,7
,2018_12303,39.7650397,-104.9948413,12/11/2018 10:06,10:06,12,0,1,PARK AVENUE WEST & GLOBEVILLE ROAD,1,1,1,0,1,4,,0,35,0,0,0,0,1,4,2,7
,2018_12304,39.72097876,-104.9567571,5/30/2018 12:20,12:20,15,0,0,THIRD AVENUE 2600 BLOCK & COLUMBINE STREET NORTH,1,1,0,0,1,4,,0,25,0,0,0,0,0,4,2,13
,2018_12306,39.68498724,-104.9036435,4/2/2018 14:12,14:12,12,0,0,CHERRY CREEK SOUTH DRIVE EAST & QUEBEC STREET SOUTH,1,1,0,0,1,3,,0,30,0,0,0,0,0,4,2,12
,2018_12307,39.73674481,-104.9411069,5/8/2018 16:20,16:20,12,0,1,13TH AVENUE EAST & HARRISON STREET NORTH,1,1,0,0,1,5,,0,30,0,0,0,1,1,4,2,1
,2018_12311,39.73685536,-104.915052,5/19/2018 22:00,22:00,6,0,0,13TH AVENUE EAST & LEYDEN STREET NORTH,1,3,0,0,1,4,,0,25,0,0,0,0,0,4,2,13
,2018_12315,39.76576103,-104.970519,10/18/2018 15:02,15:02,6,0,0,LAFAYETTE 3500 BLOCK NORTH & 36TH AVENUE EAST,1,1,0,0,1,4,,0,25,0,0,0,0,0,4,2,13
,2018_12318,39.69662542,-104.9131462,5/31/2018 21:09,21:09,6,0,0,MISSISSIPPI 6200 BLOCK EAST & MONACO STREET SOUTH,1,3,0,0,1,4,,0,30,0,0,0,0,0,4,2,14
,2018_12319,39.70042377,-105.0206719,7/3/2018 12:05,12:05,6,0,0,KENTUCKY AVENUE 2700 BLOCK WEST & CLAY STREET SOUTH,1,1,0,0,1,4,,0,30,0,0,0,0,0,4,2,3
,2018_12320,39.76576876,-104.9720143,4/6/2018 20:05,20:05,6,0,0,35TH AVENUE EAST & MARION STREET NORTH,2,3,0,0,3,4,,0,25,0,0,0,0,0,4,2,5
,2018_12321,39.76760987,-105.040374,6/29/2018 10:45,10:45,6,0,0,37TH AVENUE 4000 BLOCK WEST & QUITMAN STREET NORTH,1,1,0,0,1,4,,0,25,0,0,0,0,0,4,2,13
,2018_12322,39.7273205,-105.0002804,11/10/2018 11:08,11:08,12,0,0,SEVENTH AVENUE 900 BLOCK WEST & KALAMATH STREET NORTH,1,1,0,0,1,3,,0,20,0,0,0,0,0,4,2,16
,2018_12328,39.76184135,-104.9128069,7/16/2018 16:45,16:45,12,0,0,MLK BOULEVARD EAST & MONACO STREET NORTH,1,1,0,0,1,3,,0,35,0,0,0,0,0,4,2,1
,2018_12334,39.73676908,-104.9448376,4/18/2018 17:30,17:30,6,0,0,13TH AVENUE EAST 3600 BLOCK & MONROE STREET NORTH,1,1,0,0,1,4,,0,35,0,0,0,0,0,4,2,13
,2018_12335,39.76517686,-104.9948459,4/24/2018 11:55,11:55,12,0,0,PARK AVENUE WEST 3100 BLOCK & GLOBEVILLE ROAD,2,1,1,2,1,4,,0,35,0,0,0,0,0,4,2,13
,2018_12337,39.71877979,-104.9087772,6/2/2018 20:30,20:30,6,0,0,ONEIDA STREET NORTH & FIRST AVENUE EAST,1,2,0,0,1,4,,0,25,0,0,0,0,0,4,2,7
,2018_12338,39.6800381,-104.9565077,5/24/2018 22:52,22:52,6,0,0,COLUMBINE 1900 BLOCK SOUTH & ASBURY AVENUE EAST,1,3,0,0,1,4,,0,25,0,0,0,0,0,4,2,5
,2018_12339,39.74339353,-104.9385779,8/29/2018 15:34,15:34,6,0,0,17TH AVENUE 4100 BLOCK EAST & ALBION STREET NORTH,1,1,0,0,1,4,,0,,0,0,0,0,0,4,2,13
,2018_12341,39.76477605,-104.9721027,4/28/2018 2:13,2:13,6,0,1,MARION STREET 3400 BLOCK NORTH & BRUCE RANDOLPH AVENUE,1,3,0,0,1,4,,0,25,0,0,0,0,1,4,3,5
,2018_12342,39.73515936,-104.974008,4/29/2018 10:00,10:00,6,0,0,12TH AVENUE 1100 BLOCK EAST & CORONA STREET NORTH,1,1,0,0,1,4,,0,30,0,0,0,0,0,4,2,13
,2018_12344,39.73686712,-104.9773356,3/12/2018 6:20,6:20,15,0,0,13TH AVENUE 800 BLOCK EAST & CLARKSON STREET NORTH,1,4,0,0,1,4,,0,30,0,0,0,0,0,4,2,3
,2018_12345,39.72910766,-104.9621354,6/1/2018 14:52,14:52,15,0,0,EIGHTH AVENUE 2100 BLOCK EAST & VINE STREET NORTH,1,1,0,0,1,4,,0,30,0,0,0,0,0,4,2,13
,2018_12346,39.73963717,-104.9835833,5/5/2018 11:05,11:05,10,0,0,GRANT STREET 1400 BLOCK NORTH & COLFAX AVENUE EAST,1,1,0,0,1,2,,0,30,0,0,0,0,0,4,2,8
,2018_12352,39.73062919,-104.9740929,4/9/2018 14:35,14:35,15,0,0,CORONA STREET 900 BLOCK NORTH & NINTH AVENUE EAST,1,1,1,0,1,4,,0,30,0,0,0,0,0,4,2,13
,2018_12355,39.68125256,-104.9312972,1/29/2018 6:56,6:56,15,0,0,ATLANTIC PLACE EAST & DAHLIA STREET SOUTH,1,1,0,0,1,4,,0,25,0,0,0,0,0,4,2,14
,2018_12360,39.6697455,-104.9699611,2/27/2018 5:53,5:53,6,0,0,HUMBOLDT STREET 2500 BLOCK SOUTH & VASSAR AVENUE EAST,1,1,0,0,1,4,,0,25,0,0,0,0,0,4,2,13
,2018_12362,39.71262153,-104.9792384,3/10/2018 0:33,0:33,6,0,0,WASHINGTON STREET 200 BLOCK SOUTH & CEDAR AVENUE EAST,1,3,0,0,1,4,,0,25,0,0,0,0,0,4,2,4
,2018_12363,39.76712552,-105.0112014,7/14/2018 22:40,22:40,6,0,0,TEJON STREET 3627 NORTH & 36TH AVENUE WEST,1,3,0,0,1,4,,0,30,0,0,0,0,0,4,2,13
,2018_12364,39.70387995,-104.9855835,6/13/2018 6:16,6:16,3,0,0,EXPOSITION AVENUE EAST & SHERMAN STREET SOUTH,1,1,0,0,1,2,,0,20,0,0,0,0,0,4,2,3
,2018_12366,39.7367718,-105.0322427,12/9/2018 19:10,19:10,6,0,0,KNOX COURT NORTH & 13TH AVENUE WEST,1,3,1,0,1,4,,0,25,0,0,0,0,0,4,2,13
,2018_12367,39.70622235,-105.043189,10/28/2018 18:30,18:30,6,0,0,STUART STREET 500 BLOCK SOUTH & VIRGINIA AVENUE WEST,1,2,0,0,1,4,,0,10,0,0,0,0,0,4,2,5
,2018_12369,39.72931211,-105.0269464,6/3/2018 2:05,2:05,9,0,1,EIGHTH AVENUE WEST & GROVE STREET NORTH,1,3,1,0,1,4,,0,20,0,0,0,0,1,4,1,5
,2018_12371,39.69111669,-104.968781,8/28/2018 15:05,15:05,6,0,0,FRANKLIN STREET SOUTH & ARKANSAS AVENUE EAST,1,1,1,0,1,4,,0,25,0,0,0,0,0,4,2,13
,2018_12373,39.72532648,-104.9283622,6/19/2018 15:39,15:39,15,0,0,SIXTH AVENUE EAST & FAIRFAX STREET NORTH,1,1,0,0,1,4,,0,30,0,0,0,0,0,4,2,13
,2018_12374,39.72344192,-104.9838143,4/4/2018 17:20,17:20,15,0,0,SPEER BOULEVARD EAST & GRANT STREET NORTH,1,1,0,0,1,3,,0,35,0,0,0,0,0,4,2,5
,2018_12375,39.68229785,-105.0199878,12/24/2018 15:45,15:45,6,0,0,JEWELL AVENUE 2600 BLOCK WEST & CLAY STREET SOUTH,1,1,0,0,3,4,,0,25,0,0,0,0,0,4,2,10
,2018_12376,39.78382722,-105.0128936,11/21/2018 14:23,14:23,14,0,0,48TH AVENUE 2100 BLOCK WEST & UMATILLA STREET,1,1,1,0,1,4,,0,30,0,0,0,0,0,4,2,12
,2018_12381,39.67671902,-104.9830403,7/27/2018 0:58,0:58,6,0,1,WARREN AVENUE 300 BLOCK EAST & LOGAN STREET SOUTH,1,4,0,0,1,4,,0,25,0,0,0,0,1,4,2,5