id,drcog_id,latitude,longitude,crashtime,time,crashtype,numbkilled,numbinjurd,drcoglocat,rdconditin,lightngcon,roadcntgrd,weatherco,location,roaddescrp,schoolzone,constrzone,splimit,bikeinv,pedinv,sctrinv,motoinv,svrty,rdsystem,ttlvehcls,hcf
,2018_13160,39.72052608,-104.9790781,1/18/2018 18:02,18:02,5,0,2,SPEER BOULEVARD EAST & WASHINGTON STREET NORTH,1,3,0,0,2,4,,0,35,0,0,0,0,3,4,1,5
,2018_13161,39.76446961,-104.9360729,2/25/2018 17:02,17:02,2,0,1,BRUCE RANDOLPH AVENUE EAST & STREET PAUL STREET NORTH,1,2,1,0,1,3,,0,30,1,0,0,0,2,4,2,14
,2018_13162,39.66777844,-105.0655085,7/8/2018 23:23,23:23,5,0,1,YALE AVENUE 6200 WEST & KNOXVILLE WAY SOUTH,1,3,1,0,2,4,,0,35,0,0,0,0,3,4,1,7
,2018_13167,39.72569737,-104.9975059,1/10/2018 15:52,15:52,2,0,1,SIXTH AVENUE 700 BLOCK WEST & INCA STREET NORTH,2,1,0,1,1,3,,0,35,1,0,0,0,3,4,2,7
,2018_13179,39.74484401,-104.9733902,12/3/2018 12:39,12:39,12,0,2,18TH AVENUE & DOWNING STREET NORTH,1,1,0,0,1,3,,0,30,0,0,0,1,3,4,2,13
,2018_13185,39.78460412,-104.8097917,1/3/2018 21:11,21:11,11,0,1,CHAMBERS ROAD 5100 BLOCK NORTH & GREEN VALLEY RANCH BOULEVARD EAST,1,3,0,0,1,4,,0,,0,1,0,0,3,4,2,13
,2018_13186,39.63843202,-105.0347079,9/5/2018 9:20,9:20,3,0,1,LOWELL BOULEVARD 4300 BLOCK SOUTH & QUINCY AVENUE EAST,1,1,0,0,1,2,,0,25,0,0,0,0,3,4,2,3
,2018_13194,39.67503984,-104.9316388,7/23/2018 2:20,2:20,5,1,1,DAHLIA STREET  & ILIFF AVENUE EAST,1,3,0,0,2,4,,0,25,0,0,0,0,4,4,1,5
,2018_13196,39.75284604,-104.9370412,12/28/2018 7:19,7:19,6,0,1,25TH AVENUE EAST & BELLAIRE STREET NORTH,1,1,0,0,1,4,,0,25,0,0,0,0,3,4,4,14
,2018_13200,39.77511715,-104.900072,4/12/2018 22:11,22:11,11,0,0,41ST AVENUE 7500 EAST & ROSEMARY STREET NORTH,1,3,0,0,1,4,,0,25,0,1,0,0,0,4,2,13
,2018_13201,39.75966153,-105.0017573,6/23/2018 23:13,23:13,15,0,1,20TH STREET 2100 BLOCK & LITTLE RAVEN STREET,1,3,1,0,1,4,,0,,0,0,0,1,3,4,2,13
,2018_13205,39.69614252,-104.9362284,5/22/2018 0:05,0:05,11,0,1,BIRCH STREET 1200 BLOCK SOUTH & ARIZONA AVENUE EAST,1,4,0,0,1,4,,0,25,0,1,0,0,1,4,2,14
,2018_13211,39.72357622,-104.9740656,8/3/2018 22:45,22:45,11,0,1,FIFTH AVENUE EAST & CORONA STREET NORTH,1,3,0,0,1,4,,0,25,0,1,0,0,2,4,2,13
,2018_13214,39.83476092,-104.7718848,8/1/2018 7:03,7:03,12,0,1,TOWER ROAD NORTH & PENA BOULEVARD,1,1,0,0,1,4,,0,35,0,0,0,1,3,4,2,3
,2018_13217,39.69875522,-104.9180165,3/15/2018 15:12,15:12,11,0,1,TENNESSEE AVENUE 6000 BLOCK EAST & KEARNEY STREET SOUTH,1,1,0,0,1,4,,0,,0,1,0,0,3,4,2,13
,2018_13222,39.75495594,-104.9948318,6/10/2018 2:34,2:34,11,0,1,20TH STREET & WAZEE STREET,1,3,1,0,1,4,,0,30,0,1,0,0,3,4,2,13
,2018_13225,39.70041415,-105.0473309,9/15/2018 15:15,15:15,3,0,1,MORRISON ROAD 4400 BLOCK & KENTUCKY AVENUE WEST,1,1,0,0,1,2,,0,30,0,0,0,1,3,4,2,13
,2018_13226,39.76202926,-104.9909925,9/13/2018 16:44,16:44,2,0,1,DENARGO STREET 3200 BLOCK & WEWATTA WAY,1,1,0,0,1,4,,0,25,1,0,0,0,2,4,2,13
,2018_13227,39.71836501,-104.9090456,1/15/2018 8:45,8:45,5,0,1,ONEIDA STREET & 1311 NORTH ONEIDA STREET,5,1,0,2,3,4,,0,30,0,0,0,0,1,4,2,7
,2018_13228,39.76184093,-104.9349946,7/14/2018 20:42,20:42,5,0,1,MLK BOULEVARD 4500 BLOCK & CLERMONT STREET NORTH,1,2,0,0,1,4,,0,35,0,0,0,0,3,4,1,5
,2018_13229,39.76560515,-104.9248907,10/1/2018 16:46,16:46,2,0,1,35TH AVENUE 5300 EAST & GLENCOE STREET NORTH,1,1,0,0,1,4,,0,,1,0,0,0,2,4,2,13
,2018_13230,39.70038228,-105.0420279,2/17/2018 20:50,20:50,6,0,1,KENTUCKY AVENUE WEST & PERRY STREET SOUTH,1,3,0,0,1,4,,0,35,0,0,0,0,3,4,2,5
,2018_13237,39.73512126,-104.9485833,4/18/2018 11:00,11:00,2,0,0,12TH AVENUE 3300 BLOCK EAST & ADAMS STREET NORTH,1,1,0,0,1,4,,0,,1,0,0,0,0,4,2,1
,2018_13238,39.7372041,-104.9011483,1/29/2018 20:54,20:54,11,0,1,13TH AVENUE EAST & ROSLYN STREET NORTH,1,4,1,0,1,4,,0,25,0,1,0,0,2,4,2,13
,2018_13241,39.7356302,-104.8926742,8/23/2018 21:43,21:43,2,0,1,12TH AVENUE EAST & UINTA STREET NORTH,1,3,0,0,1,4,,0,25,1,0,0,0,3,4,3,3
,2018_13248,39.76193379,-104.9458881,6/21/2018 8:06,8:06,2,0,0,MLK BOULEVARD 3500 BLOCK & MADISON STREET NORTH,1,1,0,0,1,5,,0,,1,0,0,0,0,4,2,13
,2018_13249,39.77422024,-104.8393046,11/3/2018 10:50,10:50,5,0,2,42ND AVENUE 14100 BLOCK EAST & CROWN BOULEVARD NORTH,2,1,0,0,3,4,,0,35,0,0,0,0,3,4,1,14
,2018_13253,39.70385985,-104.9749335,7/31/2018 19:37,19:37,2,0,1,EXPOSITION AVENUE EAST & CORONA STREET SOUTH,1,1,0,0,1,5,,0,25,1,0,0,0,3,4,3,13
,2018_13254,39.67864526,-105.0246768,8/27/2018 14:04,14:04,3,0,1,EVANS AVENUE WEST & FEDERAL BOULEVARD SOUTH,1,1,0,0,1,2,,0,35,0,0,0,0,3,4,2,7
,2018_13255,39.67864526,-105.0246768,8/26/2018 21:21,21:21,11,0,1,EVANS AVENUE 2900 WEST & FEDERAL BOULEVARD SOUTH,1,3,1,0,1,3,,0,,0,1,0,0,2,4,2,14
,2018_13256,39.72627874,-105.0001639,6/4/2018 20:25,20:25,12,0,1,SIXTH AVENUE 900 BLOCK WEST & KALAMATH STREET NORTH,1,2,0,0,1,2,,0,35,0,0,0,0,3,4,3,13
,2018_13260,39.75275725,-104.9998567,11/29/2018 17:03,17:03,2,0,0,17TH STREET & WYNKOOP STREET,1,3,0,0,1,4,,0,25,1,0,0,0,0,4,2,13
,2018_13263,39.7512551,-105.0017398,12/18/2018 16:27,16:27,11,0,0,WYNKOOP STREET 1500 BLOCK & 15TH STREET,1,2,1,0,1,4,,0,,0,1,0,0,0,4,2,13
,2018_13264,39.705766,-105.0454878,10/20/2018 8:40,8:40,11,0,1,CENTER AVENUE 4400 BLOCK WEST & UTICA STREET SOUTH,1,1,0,0,1,3,,0,25,0,1,0,0,2,4,2,13
,2018_13269,39.67865817,-105.0205652,8/17/2018 22:42,22:42,11,1,0,EVANS AVENUE  & CLAY STREET SOUTH,1,3,0,0,1,4,,0,,0,1,0,0,4,4,2,13
,2018_13273,39.80181991,-104.7653039,12/16/2018 15:20,15:20,2,0,1,58TH AVENUE 19000 BLOCK EAST & CEYLON STREET NORTH,1,1,0,0,1,4,,0,,1,0,0,0,2,4,2,13
,2018_13279,39.725165,-105.012815,2/13/2018 22:41,22:41,12,0,1,I25 & SIXTH AVENUE WEST,1,3,0,0,1,4,,0,65,0,0,0,0,3,1,3,13
,2018_13285,39.74005,-104.984853,5/22/2018 16:50,16:50,2,0,0,SHERMAN STREET SOUTH & COLFAX AVENUE EAST,1,1,0,0,1,1,,0,30,1,0,0,0,0,2,2,1
,2018_13286,39.740003,-104.967234,7/26/2018 11:55,11:55,2,0,1,GILPIN STREET NORTH & COLFAX AVENUE EAST,1,1,0,0,1,1,,0,25,1,0,0,0,1,2,2,13
,2018_13287,39.739984,-104.963087,9/2/2018 0:16,0:16,11,0,2,COLFAX AVENUE 2000 BLOCK EAST & RACE STREET NORTH,1,3,0,0,1,4,,0,,0,1,0,0,2,2,3,14
,2018_13294,39.682275,-105.025016,2/22/2018 18:40,18:40,11,0,1,JEWELL AVENUE WEST & FEDERAL BOULEVARD SOUTH,2,3,0,2,1,4,,0,,0,1,0,0,1,2,2,13
,2018_13301,39.635522,-104.893462,2/21/2018 9:55,9:55,14,0,7,I225 & TAMARAC STREET SOUTH,2,1,1,0,1,4,,0,65,0,0,0,0,3,1,6,1
,2018_13309,39.74724,-104.940599,6/7/2018 7:21,7:21,2,0,1,COLORADO BOULEVARD D NORTH & MONTVIEW BOULEVARD EAST,1,1,0,0,1,1,,0,,1,0,0,0,1,2,2,13
,2018_13311,39.722955,-105.010584,10/3/2018 12:01,12:01,11,0,0,I25 NORTHBOUND EXIT GORE POINT & SIXTH AVENUE WEST,1,1,0,0,1,4,,0,55,0,1,0,0,0,1,2,13
,2018_13312,39.760103,-105.0057,7/21/2018 23:58,23:58,11,1,0,I25 & 20TH STREET,1,3,1,0,1,4,,0,,0,1,0,0,4,1,2,13
,2018_13313,39.760997,-105.004271,8/7/2018 16:46,16:46,11,0,0,20TH STREET & I25,1,1,0,0,1,1,,0,25,0,1,1,0,0,1,2,3
,2018_13318,39.740356,-105.050218,8/3/2018 0:40,0:40,2,0,1,COLFAX AVENUE WEST & WOLFF STREET NORTH,1,3,0,0,1,1,,0,30,1,0,0,0,2,2,2,13
,2018_13319,39.740155,-104.948425,1/6/2018 0:20,0:20,11,0,2,COLFAX AVENUE EAST & ADAMS STREET NORTH,1,3,0,0,1,1,,0,30,0,1,0,0,2,2,4,13
,2018_13323,39.779441,-104.979019,6/29/2018 2:09,2:09,1,0,1,WASHINGTON STREET NORTH & I70 EASTBOUND RAMP,1,3,0,0,1,1,,0,30,0,0,0,0,3,1,2,1
,2018_13324,39.779606,-104.929262,12/15/2018 11:25,11:25,15,0,1,I70 & FOREST STREET NORTH,1,1,0,0,1,4,,0,55,0,0,0,0,3,1,2,7
,2018_13326,39.67863,-105.025035,3/21/2018 13:44,13:44,3,0,1,FEDERAL BOULEVARD SOUTH & EVANS AVENUE WEST,1,1,0,0,1,1,,0,35,0,0,0,1,3,2,2,13
,2018_13332,39.725226,-105.0194,8/11/2018 22:13,22:13,12,0,1,SIXTH AVENUE WEST EASTBOUND EXIT GORE POINT & I25,1,3,0,0,1,4,,0,55,0,0,0,0,3,2,3,13
,2018_13336,39.723662,-105.011457,8/9/2018 7:40,7:40,9,0,1,I25 & SIXTH AVENUE WEST,1,1,0,0,1,4,,0,65,0,0,0,1,3,1,1,3
,2018_13338,39.701466,-104.987451,3/30/2018 20:24,20:24,2,0,0,BROADWAY SOUTH & I25 SOUTHBOUND OFF RAMP,1,3,0,0,1,1,,0,,1,0,0,0,0,1,2,13
,2018_13344,39.740165,-104.951248,4/3/2018 15:30,15:30,11,0,2,STREET PAUL STREET NORTH  & COLFAX AVENUE EAST,1,1,1,0,2,4,,0,30,0,1,0,0,3,2,2,7
,2018_13353,39.737614,-105.025293,1/8/2018 21:47,21:47,11,0,1,FEDERAL BOULEVARD 1300 BLOCK NORTH & 14TH AVENUE WEST,1,3,1,0,1,4,,0,,0,1,0,0,3,2,2,13
,2018_13355,39.785562,-105.053259,1/14/2018 12:55,12:55,2,0,1,49TH AVENUE WEST & SHERIDAN BOULEVARD NORTH,1,1,1,0,1,1,,0,30,1,0,0,0,1,2,2,1
,2018_13360,39.635522,-104.893462,5/11/2018 14:50,14:50,5,0,1,I225 & TAMARAC STREET SOUTH,1,1,1,0,3,4,,0,65,0,0,0,0,3,1,1,10
,2018_13370,39.750581,-105.016886,3/3/2018 15:07,15:07,12,0,2,I25 & 23RD AVENUE WEST,1,1,0,0,1,4,,0,55,0,0,0,1,3,1,2,1
,2018_13371,39.653025,-104.881512,1/3/2018 19:10,19:10,11,0,1,HAMPDEN AVENUE EAST & AKRON STREET SOUTH,1,4,0,0,1,1,,0,,0,1,0,0,1,2,2,13
,2018_13372,39.65302,-104.87557,8/29/2018 7:02,7:02,1,1,1,HAMPDEN AVENUE EAST & DAYTON STREET SOUTH,1,1,0,0,1,1,,0,45,0,0,0,0,4,2,3,1
,2018_13375,39.707393,-104.86598,3/14/2018 18:43,18:43,11,0,0,HAVANA STREET SOUTH & VIRGINIA AVENUE EAST,1,3,0,0,1,1,,0,45,0,1,0,0,0,2,2,13
,2018_13376,39.779923,-104.966498,4/28/2018 16:53,16:53,5,0,2,I70 & BRIGHTON BOULEVARD NORTH,1,1,0,0,2,4,,0,65,0,0,0,0,3,1,1,1
,2018_13378,39.740005,-104.967611,5/17/2018 21:48,21:48,3,1,0,COLFAX AVENUE  & FRANKLIN STREET NORTH,1,3,0,0,1,2,,0,30,0,0,0,1,4,2,2,1
,2018_13379,39.740082,-104.914998,6/10/2018 12:30,12:30,2,0,1,LEYDEN STREET NORTH & COLFAX AVENUE EAST,1,1,1,0,1,1,,0,,1,0,0,0,2,2,2,13
,2018_13386,39.67476,-104.870723,10/2/2018 20:55,20:55,15,0,1,PARKER ROAD SOUTH & ILIFF AVENUE EAST,1,3,0,0,1,3,,0,40,0,0,0,1,3,2,2,14
,2018_13387,39.69629,-104.897364,2/6/2018 16:32,16:32,2,0,0,MISSISSIPPI AVENUE EAST & PARKER ROAD SOUTH / 7400 BLOCK EAST,1,1,0,0,1,1,,0,40,1,0,0,0,0,2,2,14
,2018_13388,39.706646,-104.919982,8/6/2018 15:25,15:25,10,0,1,LEETSDALE DRIVE & JERSEY STREET SOUTH / 5800 BLOCK,1,1,0,0,1,2,,0,35,0,0,0,1,3,2,2,1
,2018_13389,39.737614,-105.025293,2/2/2018 8:22,8:22,11,0,1,FEDERAL BOULEVARD NORTH & 14TH AVENUE WEST,1,1,0,0,1,3,,0,35,0,1,0,0,3,2,2,13
,2018_13390,39.723848,-105.025151,6/7/2018 16:46,16:46,11,0,1,FEDERAL BOULEVARD NORTH & FIFTH AVENUE WEST,1,1,0,0,1,3,,0,,0,1,0,0,2,2,2,13
,2018_13391,39.631444,-105.025488,12/13/2018 6:50,6:50,3,0,1,FEDERAL BOULEVARD SOUTH & UNION AVENUE WEST,1,2,1,0,1,1,,0,35,0,0,0,0,3,2,2,13
,2018_13392,39.69343,-105.053216,1/1/2018 17:31,17:31,11,0,1,SHERIDAN BOULEVARD SOUTH & LOUISIANA AVENUE WEST,1,3,0,0,1,3,,0,35,0,1,0,0,2,2,2,1
,2018_13393,39.729197,-105.053227,8/11/2018 22:18,22:18,11,1,1,SHERIDAN  & EIGHTH AVENUE WEST,1,3,1,0,1,4,,0,,0,1,0,1,4,2,3,13
,2018_13396,39.754834,-105.025131,3/12/2018 13:40,13:40,11,0,1,26TH AVENUE WEST & FEDERALBLVD NORTH,1,1,1,0,1,1,,0,30,0,1,0,0,2,2,2,3
,2018_13401,39.667623,-104.925611,4/7/2018 22:50,22:50,2,0,1,YALE AVENUE EAST & I25 SOUTHBOUND OFF RAMP,1,3,0,0,1,3,,0,25,1,0,0,0,1,1,2,13
,2018_13402,39.68492,-104.959509,1/15/2018 19:10,19:10,12,0,1,UNIVERSITY BOULEVARD SOUTH & I25 NORTHBOUND OFF RAMP SLIP,5,3,0,2,1,4,,0,30,0,0,0,0,3,1,2,14
,2018_13403,39.726611,-105.013753,6/11/2018 13:51,13:51,5,0,1,I25 SOUTHBOUND EXIT GORE POINT & SIXTH AVENUE WEST,1,1,0,0,2,4,,0,55,0,0,0,0,3,1,1,5
,2018_13404,39.750728,-105.016824,10/1/2018 22:55,22:55,11,1,0,I25 & 23RD AVENUE WEST,1,3,0,0,1,4,,0,,0,1,0,0,4,1,2,13
,2018_13405,39.782127,-104.989151,9/21/2018 19:06,19:06,15,0,1,I25 SOUTHBOUND OFF RAMP GORE POINT & FOX STREET NORTH,1,3,1,0,1,8,,0,55,0,0,0,1,3,1,2,13
,2018_13406,39.790925,-104.988466,2/10/2018 17:06,17:06,5,0,1,I25 SOUTHBOUND OFF RAMP & 48TH AVENUE WEST,10,1,0,2,3,8,,0,55,0,0,0,0,3,1,1,3
,2018_13411,39.775573,-104.865095,9/25/2018 14:13,14:13,12,0,3,I70 & HAVANA STREET NORTH,1,1,0,0,1,4,,0,55,0,0,0,0,3,1,4,3
,2018_13415,39.723656,-105.025158,10/28/2018 17:05,17:05,1,0,1,FEDERAL BOULEVARD NORTH & SIXTH AVENUE EASTBOUND OFF RAMP,1,1,0,0,1,1,,0,40,0,0,0,1,3,2,2,7
,2018_13418,39.679091,-105.053268,8/12/2018 19:00,19:00,1,0,2,EVANS AVENUE WEST & SHERIDAN BOULEVARD SOUTH,1,3,0,0,1,1,,0,40,0,0,0,0,3,2,2,13
,2018_13419,39.682106,-105.053209,9/20/2018 16:59,16:59,12,0,2,SHERIDAN BOULEVARD SOUTH & JEWELL AVENUE WEST,1,1,1,0,1,3,,0,40,0,0,0,0,3,2,3,12
,2018_13422,39.69659,-104.940565,2/27/2018 6:15,6:15,11,0,1,COLORADO BOULEVARD SOUTH & MISSISSIPPI AVENUE EAST,1,3,0,0,1,1,,0,,0,1,0,0,2,2,2,13
,2018_13423,39.761914,-104.940511,7/27/2018 20:12,20:12,12,0,0,MLK BOULEVARD EAST & COLORADO BOULEVARD NORTH,1,3,0,0,1,1,,0,35,0,0,0,0,0,2,3,13
,2018_13425,39.725631,-105.04889,9/9/2018 0:00,0:00,12,0,1,SIXTH AVENUE WEST & WOLFF STREET NORTH,1,1,0,0,1,4,,0,55,0,0,0,1,3,2,3,1
,2018_13428,39.701466,-104.987451,6/23/2018 2:28,2:28,1,0,2,BROADWAY SOUTH & I25 SOUTHBOUND ON RAMP,1,3,0,0,1,1,,0,35,0,0,0,0,3,1,2,5
,2018_13433,39.77963,-104.973082,1/21/2018 13:33,13:33,5,0,4,I70 & WASHINGTON STREET NORTH,12,1,0,2,3,4,,0,,0,0,0,0,3,1,2,13
,2018_13434,39.775573,-104.865095,10/18/2018 20:18,20:18,1,0,5,HAVANA STREET NORTH & I70 WB RAMPS,1,3,0,0,1,1,,0,35,0,0,0,0,3,1,2,13
,2018_13435,39.775573,-104.865095,11/14/2018 18:05,18:05,1,0,1,HAVANA STREET NORTH & I70 EASTBOUND RAMPS,1,3,0,0,1,1,,0,45,0,0,0,0,3,1,2,14
,2018_13439,39.672393,-104.867813,11/15/2018 18:25,18:25,11,0,1,PARKER ROAD SOUTH & HARVARD AVENUE EAST,1,4,1,0,1,3,,0,,0,1,0,0,3,2,2,13
,2018_13440,39.687062,-104.991947,10/6/2018 21:02,21:02,11,1,0,SANTA FE D  & IOWA AVENUE WEST,1,3,0,0,1,4,,0,,0,1,0,0,4,2,2,13
,2018_13441,39.687565,-104.99194,1/28/2018 14:07,14:07,12,0,1,SANTA FE DRIVE SOUTH & IOWA AVENUE WEST,1,1,0,0,1,4,,0,55,0,0,0,0,3,2,2,8
,2018_13442,39.696718,-105.025071,8/12/2018 21:50,21:50,2,0,1,MISSISSIPPI AVENUE WEST & FEDERAL BOULEVARD SOUTH,1,3,0,0,1,1,,0,,1,0,0,0,3,2,2,14
,2018_13447,39.635522,-104.893462,5/12/2018 10:42,10:42,1,0,1,TAMARAC STREET SOUTH & I225 SOUTHBOUND RAMPS,1,1,0,0,1,1,,0,30,0,0,0,0,3,1,2,7
,2018_13449,39.840023,-104.746787,12/29/2018 19:18,19:18,9,1,0,E470 & PENA BOULEVARD,1,3,1,0,3,4,,0,75,0,0,0,0,4,2,1,1
,2018_13459,39.741258,-104.940601,2/5/2018 15:26,15:26,11,0,1,COLORADO BOULEVARD SOUTH & 16TH AVENUE EAST,1,1,0,0,1,3,,0,,0,1,0,0,3,2,2,13
,2018_13466,39.684909,-104.959893,10/22/2018 20:00,20:00,15,0,2,I25 & UNIVERSITY BOULEVARD SOUTH,1,3,0,0,1,4,,0,60,0,0,0,0,3,1,2,13
,2018_13467,39.717811,-105.004406,1/2/2018 17:55,17:55,12,0,1,I25 & MM 208.5,1,3,0,0,1,4,,0,65,0,0,0,0,3,1,2,13
,2018_13469,39.711125,-105.015705,10/11/2018 17:55,17:55,2,0,0,ALAMEDA AVENUE WEST & ZUNI STREET SOUTH,1,5,1,0,1,1,,0,25,1,0,0,0,0,2,2,1
,2018_13479,39.776949,-104.880878,4/17/2018 23:00,23:00,15,0,1,I70 & I270 WB DIR CONNECT,1,3,0,0,1,4,,0,55,0,0,0,0,3,1,2,1
,2018_13484,39.718102,-105.025149,12/7/2018 1:56,1:56,1,0,1,FEDERAL BOULEVARD NORTH & FIRST AVENUE WEST,1,3,0,0,1,1,,0,40,0,0,0,0,3,2,2,5
,2018_13486,39.69343,-105.053216,10/25/2018 8:39,8:39,11,0,1,SHERIDAN BOULEVARD SOUTH & LOUISIANA AVENUE WEST,1,1,0,0,1,1,,0,30,0,1,0,0,2,2,2,14
,2018_13488,39.614886,-105.091143,4/18/2018 17:43,17:43,3,0,1,WADSWORTH BOULEVARD 5500 BLOCK SOUTH & CROSS DRIVE WEST,1,1,0,0,1,2,,0,45,0,0,0,1,3,2,2,7
,2018_13494,39.787993,-105.025211,10/4/2018 12:07,12:07,2,0,0,FEDERAL BOULEVARD NORTH 5000 BLOCK & REGIS BOULEVARD / 50TH AVENUE WEST,1,1,0,0,1,4,,0,35,1,0,0,0,0,2,2,14
,2018_13505,39.690115,-104.973561,4/2/2018 16:11,16:11,5,0,0,I25 & DOWNING STREET SOUTH,1,1,0,0,3,4,,0,55,0,0,0,0,0,1,3,3
,2018_13506,39.707118,-104.996779,10/1/2018 14:36,14:36,12,0,1,I25 & SANTA FE DRIVE SOUTH,1,1,0,0,1,4,,0,65,0,0,0,0,3,1,2,1
,2018_13509,39.777347,-104.903418,7/31/2018 10:40,10:40,1,0,1,QUEBEC STREET NORTH & I70 EASTBOUND RAMPS,1,1,0,0,1,1,,0,40,0,0,0,0,3,2,2,1
,2018_13515,39.778289,-104.912566,5/7/2018 13:00,13:00,12,0,0,I70 & MONACO STREET PARKWAY,1,1,0,0,1,4,,0,55,0,0,0,0,0,1,2,13
,2018_13517,39.696351,-104.897528,11/27/2018 7:31,7:31,2,0,0,PARKER ROAD SOUTH & MISSISSIPPI AVENUE EAST / 1000 BLOCK SOUTH,1,1,1,0,1,4,,0,35,1,0,0,0,0,2,2,1
,2018_13520,39.689347,-105.025043,3/24/2018 21:56,21:56,11,0,1,FEDERAL BOULEVARD 1500 BLOCK SOUTH & FLORIDA AVENUE WEST,1,3,1,0,1,4,,0,,0,1,0,0,3,2,2,14
,2018_13521,39.68404,-105.025022,12/8/2018 17:35,17:35,11,0,1,COLORADO AVENUE WEST  & FEDERAL BOULEVARD SOUTH 1800 BLOCK SOUTH,1,4,0,0,1,1,,0,30,0,1,0,0,3,2,2,13
,2018_13527,39.707572,-105.0097,3/1/2018 7:47,7:47,11,1,0,VIRGINIA AVENUE  & SHOSHONE STREET SOUTH,1,1,0,0,1,1,,0,25,0,1,0,0,4,4,2,4
,2018_13528,39.735276,-104.940603,3/8/2018 5:50,5:50,1,0,2,COLORADO BOULEVARD NORTH & 12TH AVENUE,1,3,0,0,1,1,,0,35,0,0,0,0,3,2,2,13
,2018_13529,39.761914,-104.940511,6/30/2018 13:13,13:13,1,0,2,COLORADO BOULEVARD NORTH & MLK BOULEVARD EAST,1,1,0,0,1,1,,0,35,0,0,0,0,3,2,2,8
,2018_13533,39.701466,-104.987451,4/3/2018 23:00,23:00,5,0,3,BROADWAY SOUTH & I25 SOUTHBOUND RAMPS,1,3,0,0,2,1,,0,30,0,0,0,0,3,1,1,5
,2018_13534,39.786878,-104.989125,1/7/2018 16:03,16:03,5,0,2,I25 SOUTHBOUND OFF RAMP GORE POINT & 48TH AVENUE WEST,1,1,0,0,2,4,,0,55,0,0,0,0,3,1,1,1
,2018_13535,39.711195,-105.043015,6/2/2018 22:22,22:22,12,0,1,ALAMEDA AVENUE WEST & STUART STREET SOUTH / 4200 BLOCK WEST,1,3,0,0,1,4,,0,40,0,0,0,0,3,2,2,13
,2018_13539,39.740049,-104.986167,1/29/2018 15:33,15:33,11,0,0,LINCOLN STREET NORTH & COLFAX AVENUE EAST,1,1,0,0,1,1,,0,25,0,1,0,0,0,2,2,13
,2018_13540,39.740041,-104.983728,1/12/2018 9:45,9:45,2,0,1,COLFAX AVENUE EAST & GRANT STREET NORTH,1,1,0,0,1,1,,0,30,1,0,0,0,1,2,2,13
,2018_13541,39.740333,-105.043992,12/18/2018 9:17,9:17,11,0,1,COLFAX AVENUE WEST 4350 BLOCK & TENNYSON STREET NORTH,14,5,0,0,1,1,,0,35,0,1,0,0,1,2,3,13
,2018_13543,39.740004,-104.975298,5/4/2018 22:39,22:39,11,0,1,COLFAX AVENUE EAST & OGDEN STREET NORTH,1,3,0,0,1,1,,0,,0,1,0,0,1,2,2,13
,2018_13545,39.783301,-105.001638,7/29/2018 21:40,21:40,15,0,3,I70 & PECOS STREET NORTH,1,3,1,0,1,4,,0,55,0,0,0,0,3,1,2,13
,2018_13547,39.698933,-104.90447,8/23/2018 18:01,18:01,11,0,1,LEETSDALE DRIVE & QUEBEC STREET SOUTH / 7100 BLOCK,1,1,0,0,1,4,,0,,0,1,0,0,3,2,2,13
,2018_13549,39.720324,-105.025183,7/28/2018 19:07,19:07,3,0,4,SECOND AVENUE WEST  & FEDERAL BOULEVARD NORTH,1,1,0,0,1,1,,0,25,0,0,0,0,3,2,7,1
,2018_13550,39.682419,-105.025016,10/15/2018 13:30,13:30,3,0,1,FEDERAL BOULEVARD 1940 SOUTH & JEWELL AVENUE WEST,1,1,0,0,1,2,,0,5,0,0,0,0,3,2,2,1
,2018_13552,39.656087,-105.053224,3/12/2018 8:52,8:52,11,0,1,DARTMOUTH AVENUE WEST & SHERIDAN BOULEVARD SOUTH,1,1,0,0,1,1,,0,40,0,1,0,0,2,2,2,13
,2018_13561,39.675036,-104.940628,6/23/2018 21:40,21:40,11,0,1,COLORADO BOULEVARD SOUTH & ILIFF AVENUE EAST,1,3,0,0,1,1,,0,35,0,1,0,0,3,2,2,13
,2018_13562,39.77302,-104.940511,2/3/2018 20:50,20:50,11,0,1,COLORADO BOULEVARD NORTH & 40TH AVENUE EAST,1,3,0,0,1,1,,0,30,0,1,0,0,2,2,2,13
,2018_13565,39.713041,-105.000001,9/16/2018 0:04,0:04,3,0,1,KALAMATH STREET SOUTH & CEDAR AVENUE WEST,1,3,0,0,1,1,,0,25,0,0,0,1,3,1,2,14
,2018_13566,39.778066,-104.989183,7/26/2018 11:29,11:29,5,0,1,I25 NORTHBOUND OFF RAMP END & I70 EASTBOUND ON RAMP BEGIN,1,1,1,0,3,8,,0,65,0,0,0,0,3,1,1,2
,2018_13570,39.740417,-105.0233,3/17/2018 1:55,1:55,5,0,2,COLFAX AVENUE WEST EASTBOUND ON RAMP & FEDERAL BOULEVARD NORTH,1,3,1,0,3,8,,0,35,0,0,0,0,3,2,1,5
,2018_13571,39.740008,-104.986347,7/9/2018 15:47,15:47,11,0,1,COLFAX AVENUE 0 BLOCK EAST & LINCOLN STREET NORTH,1,1,0,0,1,4,,0,30,0,1,0,0,2,2,2,13
,2018_13572,39.740014,-104.980541,9/25/2018 12:30,12:30,11,0,1,COLFAX AVENUE 500 BLOCK EAST & PENNSYLVANIA STREET NORTH,1,1,0,0,1,2,,0,30,0,1,0,0,1,2,2,13