id,drcog_id,latitude,longitude,crashtime,time,crashtype,numbkilled,numbinjurd,drcoglocat,rdconditin,lightngcon,roadcntgrd,weatherco,location,roaddescrp,schoolzone,constrzone,splimit,bikeinv,pedinv,sctrinv,motoinv,svrty,rdsystem,ttlvehcls,hcf
,2018_15139,39.707505,-104.98635,10/13/2018 14:04,14:04,11,0,0,LINCOLN STREET SOUTH & VIRGINIA AVENUE EAST,1,1,0,0,1,1,,0,30,0,1,1,1,0,4,2,7
,2018_15141,39.680316,-104.9828625,12/18/2018 18:20,18:20,3,0,1,LOGAN STREET SOUTH & ASBURY AVENUE EAST,1,3,0,0,1,1,,0,30,0,0,0,0,3,4,2,3
,2018_15142,39.676707,-104.9828625,10/5/2018 16:33,16:33,3,0,1,LOGAN STREET SOUTH & WARREN AVENUE EAST,1,1,0,0,1,1,,0,25,0,0,0,0,3,4,2,16
,2018_15143,39.76557047,-105.0346222,5/29/2018 21:36,21:36,11,0,1,LOWELL BOULEVARD & 500 BLOCK SOUTH,1,4,0,0,1,4,,0,,0,1,0,0,2,4,2,13
,2018_15144,39.759489,-104.972139,8/4/2018 13:00,13:00,11,0,1,MARION STREET NORTH & 30TH AVENUE EAST,1,1,0,0,1,1,,0,25,0,1,0,0,3,4,2,15
,2018_15147,39.749886,-104.998311,6/4/2018 16:15,16:15,2,0,0,MARKET STREET & 16TH STREET,1,1,0,0,1,1,,0,,1,0,0,0,0,4,2,13
,2018_15148,39.750804,-104.997069,6/28/2018 22:53,22:53,11,0,2,MARKET STREET & 17TH STREET,1,3,0,0,1,1,,0,30,0,1,0,1,3,4,3,13
,2018_15149,39.750804,-104.997069,8/30/2018 10:17,10:17,2,0,2,MARKET STREET & 17TH STREET,1,1,0,0,1,1,,0,30,1,0,0,1,1,4,3,13
,2018_15150,39.753612,-104.993451,2/26/2018 17:00,17:00,11,0,1,MARKET STREET & 20TH STREET,1,1,0,0,1,1,,0,30,0,1,0,0,3,4,2,13
,2018_15151,39.753612,-104.993451,9/16/2018 2:00,2:00,11,0,1,MARKET STREET & 20TH STREET,1,3,0,0,1,4,,0,30,0,1,0,0,2,4,2,4
,2018_15152,39.792789,-104.8237515,1/12/2018 18:00,18:00,11,0,2,MAXWELL PLACE EAST & CROWN BOULEVARD NORTH,2,3,0,0,1,3,,0,,0,1,0,0,2,4,3,13
,2018_15153,39.792258,-104.821029,10/5/2018 19:10,19:10,10,0,1,MAXWELL PLACE EAST & CRYSTAL STREET NORTH,2,4,0,1,1,1,,0,35,0,0,0,0,3,4,2,14
,2018_15154,39.794796,-104.812542,8/16/2018 12:52,12:52,3,0,2,MAXWELL PLACE EAST & FAIRPLAY STREET NORTH,1,1,0,0,1,1,,0,35,0,0,0,0,3,4,2,7
,2018_15155,39.69657,-104.875272,6/10/2018 16:17,16:17,11,0,1,MISSISSIPPI AVENUE EAST & DAYTON STREET SOUTH,1,1,0,1,1,1,,0,25,0,1,0,0,1,4,2,13
,2018_15156,39.696687,-104.9968305,8/26/2018 19:31,19:31,2,0,1,MISSISSIPPI AVENUE WEST & HURON STREET SOUTH,1,1,0,0,1,1,,0,,1,0,0,0,2,4,2,3
,2018_15157,39.695661,-104.9035905,1/26/2018 16:12,16:12,11,0,1,MISSISSIPPI AVENUE EAST & QUEBEC STREET SOUTH,1,1,0,0,1,1,,0,30,0,1,0,0,2,4,2,13
,2018_15158,39.696732,-105.006591,6/23/2018 11:31,11:31,11,0,1,MISSISSIPPI AVENUE WEST & QUIVAS STREET SOUTH,1,1,1,0,1,1,,0,25,0,1,0,0,3,4,2,1
,2018_15159,39.760056,-104.8705425,9/12/2018 16:08,16:08,2,0,0,MLK BOULEVARD EAST & FULTON STREET NORTH,1,1,0,0,1,1,,0,25,1,0,0,0,0,4,2,14
,2018_15160,39.761847,-104.922261,6/30/2018 17:57,17:57,2,0,1,MLK BOULEVARD & HOLLY STREET NORTH,1,1,0,0,1,1,,0,,1,0,0,0,2,4,2,13
,2018_15161,39.762027,-104.97213,9/20/2018 20:08,20:08,3,0,3,MLK BOULEVARD EAST & MARION STREET NORTH,1,3,0,0,1,1,,0,25,0,0,0,0,3,4,2,13
,2018_15162,39.761838,-104.9128605,9/13/2018 18:20,18:20,1,0,4,MLK BOULEVARD EAST & MONACO STREET NORTH,1,2,0,0,1,1,,0,35,0,0,0,0,3,4,2,1
,2018_15163,39.762018,-104.959773,7/17/2018 18:01,18:01,2,0,1,MLK JR BOULEVARD & YORK STREET NORTH,1,1,0,0,1,1,,0,30,1,0,0,0,1,4,2,3
,2018_15164,39.731661,-104.91282,9/7/2018 17:10,17:10,2,0,1,MONACO STREET NORTH & 10TH AVENUE EAST,1,1,0,0,1,1,,0,25,1,0,0,0,2,4,2,7
,2018_15165,39.700242,-104.91291,12/25/2018 15:56,15:56,2,0,1,MONACO PARKWAY SOUTH & KENTUCKY AVENUE EAST,1,1,0,0,1,1,,0,35,1,0,0,0,1,4,2,13
,2018_15166,39.747456,-104.885802,5/25/2018 7:45,7:45,2,0,1,MONTEVIEW BOULEVARD EAST & XENIA STREET NORTH,1,1,0,0,1,1,,0,30,1,0,0,0,1,4,2,13
,2018_15167,39.7474418,-104.8958058,9/5/2018 7:51,7:51,2,0,1,MONTVIEW BOULEVARD & 4900 BLOCK EAST,1,1,0,0,1,2,,0,20,1,0,0,0,2,4,2,13
,2018_15168,39.747438,-104.90346,7/16/2018 16:38,16:38,2,0,1,MONTVIEW BOULEVARD EAST & QUEBEC STREET NORTH,1,1,0,0,1,1,,0,30,1,0,0,0,1,4,2,13
,2018_15169,39.786408,-104.847147,1/16/2018 14:23,14:23,3,0,1,PEORIA STREET NORTH & EAST 49TH AVENUE,1,1,0,0,1,1,,0,40,0,0,0,0,3,4,2,3
,2018_15170,39.702546,-105.010992,5/30/2018 16:18,16:18,2,0,1,OHIO AVENUE WEST & TEJON STREET SOUTH,1,1,0,0,1,1,,0,,1,0,0,0,1,4,2,14
,2018_15171,39.736872,-105.005322,6/6/2018 16:57,16:57,2,0,0,OSAGE STREET NORTH & 13TH AVENUE WEST,1,1,0,0,1,1,,0,,1,0,0,0,0,4,2,13
,2018_15172,39.77793,-104.8506705,1/15/2018 5:51,5:51,11,0,1,PARIS STREET NORTH & 45TH AVENUE EAST,5,2,0,2,3,1,,0,25,0,1,0,0,1,4,2,13
,2018_15173,39.765726,-104.9948415,4/4/2018 14:52,14:52,2,0,1,PARK AVENUE WEST & BROADWAY STREET NORTH,1,1,0,0,1,1,,0,,1,0,0,0,1,4,2,13
,2018_15174,39.759426,-104.993739,2/4/2018 6:36,6:36,11,0,1,PARK AVENUE WEST & DELGANY STREET,4,3,1,2,1,1,,0,,0,1,0,0,1,4,2,13
,2018_15175,39.755088,-104.9881095,7/16/2018 6:09,6:09,11,0,1,PARK AVENUE WEST & LAWRENCE STREET,1,1,0,0,1,1,,0,30,0,1,0,0,1,4,2,13
,2018_15176,39.747528,-104.9782995,3/23/2018 17:05,17:05,11,0,1,PARK AVENUE & WASHINGTON STREET NORTH,1,1,0,0,1,4,,0,,0,1,0,0,1,4,2,13
,2018_15177,39.683997,-104.980482,6/12/2018 3:19,3:19,5,0,1,PEARL STREET 1800 SOUTH & COLORADO AVENUE EAST,1,3,0,0,1,1,,0,30,0,0,0,1,3,4,1,5
,2018_15178,39.83869559,-104.6719364,5/23/2018 12:30,12:30,11,0,1,PENA BOULEVARD 8400 & LEVEL 6E ADJ DOOR,1,1,0,0,1,4,,0,15,0,1,0,0,1,4,2,13
,2018_15179,39.733704,-104.981049,11/29/2018 9:15,9:15,2,0,0,PENNSYLVANIA STREET NORTH & 11TH AVENUE EAST,1,1,0,0,1,1,,0,25,1,0,0,0,0,4,2,13
,2018_15180,39.782394,-104.8470885,7/13/2018 9:35,9:35,3,0,1,PEORIA STREET WEST & 47TH AVENUE EAST,1,2,0,0,1,1,,0,35,0,0,0,0,3,4,2,14
,2018_15181,39.743784,-104.903478,6/28/2018 23:35,23:35,3,0,2,QUEBEC STREET NORTH & 17TH AVENUE EAST,1,3,0,0,1,1,,0,30,0,0,0,0,3,4,2,1
,2018_15182,39.732894,-104.903469,11/6/2018 17:20,17:20,2,0,0,QUEBEC STREET NORTH & 11TH AVENUE EAST,1,3,0,0,1,1,,0,,1,0,0,0,0,4,2,7
,2018_15183,39.689343,-104.9035995,10/27/2018 5:48,5:48,3,0,2,QUEBEC STREET SOUTH & FLORIDA AVENUE EAST,1,3,0,0,1,1,,0,25,0,0,0,0,3,4,2,13
,2018_15184,39.761973,-104.903451,5/20/2018 12:16,12:16,2,0,0,QUEBEC STREET NORTH & MLK BOULEVARD,1,1,0,0,1,1,,0,,1,0,0,0,0,4,2,13
,2018_15185,39.638727,-104.904081,12/11/2018 11:56,11:56,1,0,2,QUINCY AVENUE EAST & EASTMOOR DRIVE EAST,1,1,0,0,1,1,,0,30,0,0,0,0,3,4,2,13
,2018_15186,39.638583,-105.0347025,1/2/2018 14:20,14:20,11,0,1,QUINCY AVENUE WEST & LOWELL BOULEVARD SOUTH,1,1,0,0,1,3,,0,25,0,1,0,0,3,4,2,13
,2018_15187,39.638547,-105.041511,4/22/2018 21:00,21:00,1,0,2,QUINCY AVENUE WEST & QUITMAN STREET SOUTH,1,3,0,0,1,1,,0,35,0,0,0,0,3,4,2,14
,2018_15188,39.743973,-105.041709,1/3/2018 18:45,18:45,2,0,1,RALEIGH STREET NORTH & 17TH AVENUE WEST,1,3,0,0,1,1,,0,,1,0,0,0,2,4,2,13
,2018_15189,39.67497,-105.041709,1/16/2018 8:51,8:51,11,0,1,RALEIGH STREET SOUTH & ILIFF AVENUE WEST,1,1,0,0,1,1,,0,25,0,1,0,0,1,4,2,13
,2018_15190,39.7172925,-104.8960418,1/5/2018 21:50,21:50,5,0,1,RAMPART WAY NORTH & LOWRY BOULEVARD EAST ROUNDABOUT,1,3,0,0,2,6,,0,35,0,0,0,0,3,4,1,8
,2018_15191,39.79755,-104.8271805,8/14/2018 16:06,16:06,2,0,0,RANDOLPH PLACE EAST & POTOMAC WAY NORTH,1,1,0,0,1,1,,0,25,1,0,0,0,0,4,2,7
,2018_15192,39.734154,-104.909391,12/11/2018 8:42,8:42,11,0,1,RICHTHOFEN PLACE EAST & NEWPORT STREET NORTH,1,1,0,0,1,3,,0,25,0,1,0,0,1,4,2,3
,2018_15193,39.76767,-104.9851125,6/25/2018 1:20,1:20,5,0,1,RINGSBY COURT & 31ST STREET,1,3,0,0,4,1,,0,25,0,0,0,1,3,4,1,14
,2018_15194,39.757698,-104.900508,9/21/2018 17:00,17:00,2,0,0,ROSLYN STREET NORTH & 29TH AVENUE EAST,1,1,0,0,1,1,,0,25,1,0,0,0,0,4,2,14
,2018_15195,39.749445,-104.995323,11/19/2018 9:45,9:45,11,0,1,17TH STREET & LAWRENCE STREET,1,1,0,0,1,1,,0,30,0,1,0,0,2,4,2,13
,2018_15196,39.667932,-104.9249295,10/5/2018 7:48,7:48,11,0,1,SERVICE ROAD SOUTH & YALE AVENUE EAST,1,1,0,0,1,1,,0,25,0,1,0,0,1,4,2,13
,2018_15197,39.74328,-104.9848425,10/17/2018 17:40,17:40,11,0,1,SHERMAN STREET NORTH & 17TH AVENUE EAST,1,1,0,0,1,1,,0,30,0,1,0,0,2,4,2,3
,2018_15198,39.77118,-104.898741,9/5/2018 5:50,5:50,11,0,1,SMITH ROAD & 8100 BLOCK EAST,2,2,0,1,1,4,,0,25,0,1,0,0,2,4,2,12
,2018_15199,39.752343,-105.0075585,3/28/2018 6:45,6:45,1,0,1,SPEED BOULEVARD NORTH & ELITCH CIRCLE,1,1,0,0,1,1,,0,35,0,0,0,0,3,4,2,14
,2018_15200,39.733632,-104.9941215,1/16/2018 17:05,17:05,11,0,0,SPEER BOULEVARD NORTH & 11TH AVENUE WEST,1,3,0,0,1,1,,0,30,0,1,0,0,0,4,2,7
,2018_15201,39.75939488,-105.0232021,7/5/2018 22:12,22:12,3,0,1,SPEER BOULEVARD NORTH & 18TH AVENUE WEST,1,3,0,0,1,1,,0,35,0,0,0,1,3,4,2,13
,2018_15202,39.748455,-105.003369,7/8/2018 6:15,6:15,3,0,2,SPEER BOULEVARD NORTH & AURARIA PARKWAY,1,1,0,0,1,1,,0,30,0,0,0,0,3,4,2,13
,2018_15203,39.729717,-104.991219,3/31/2018 10:15,10:15,2,0,1,SPEER BOULEVARD & BANNOCK STREET NORTH,1,1,0,0,1,1,,0,,1,0,0,0,2,4,2,13
,2018_15204,39.727269,-104.9873985,11/6/2018 8:18,8:18,11,0,1,SPEER BOULEVARD & BROADWAY NORTH,1,1,0,0,1,1,,0,35,0,1,0,0,2,4,2,3
,2018_15205,39.742272,-104.9993505,8/8/2018 21:52,21:52,11,0,1,SPEER BOULEVARD NORTH & CHAMPA STREET,1,3,0,0,1,1,,0,35,0,1,0,0,1,4,2,14
,2018_15206,39.750039,-105.0049305,3/2/2018 22:00,22:00,11,0,1,SPEER BOULEVARD NORTH NORTHBOUND & CHOPPER CIRCLE,1,3,0,0,1,1,,0,35,0,1,0,0,1,4,2,13
,2018_15207,39.745764,-105.0001695,10/8/2018 12:00,12:00,11,0,1,SPEER BOULEVARD NORTH & LAWRENCE STREET,1,1,0,0,1,1,,0,35,0,1,0,0,2,4,2,13
,2018_15208,39.725658,-104.9863095,9/10/2018 8:28,8:28,11,0,1,SPEER BOULEVARD EAST & LINCOLN AVENUE NORTH,1,1,1,0,1,1,,0,30,0,1,0,0,2,4,2,13
,2018_15209,39.720456,-104.979123,5/27/2018 14:10,14:10,2,0,0,SPEER BOULEVARD EAST & WASHINGTON STREET NORTH,1,1,0,0,1,1,,0,35,1,0,0,0,0,4,2,1
,2018_15210,39.750201,-105.0047415,1/3/2018 13:01,13:01,11,0,0,SPEER BOULEVARD NORTH & WEWATTA STREET,1,1,0,0,1,1,,0,,0,1,0,0,0,4,3,13
,2018_15211,39.779766,-104.931729,8/2/2018 12:20,12:20,5,0,1,STAPLETON NORTH DRIVE EAST & DAHLIA STREET NORTH,1,1,0,0,1,1,,0,40,0,0,0,1,3,4,1,13
,2018_15212,39.777993,-104.9223105,2/13/2018 16:58,16:58,3,0,2,STAPLETON SOUTH DRIVE EAST & HOLLY STREET NORTH,1,2,1,0,1,1,,0,35,0,0,0,0,3,4,2,8
,2018_15213,39.743784,-104.9500395,12/29/2018 16:54,16:54,2,0,1,STEELE STREET NORTH & 17TH AVENUE EAST,1,2,0,0,1,1,,0,25,1,0,0,0,3,4,2,13
,2018_15214,39.74958,-104.988249,9/7/2018 17:26,17:26,11,0,1,STOUT STREET & 20TH STREET,1,1,0,0,1,1,,0,30,0,1,0,0,2,4,2,8
,2018_15215,39.754872,-105.042834,4/1/2018 13:55,13:55,2,0,1,STUART STREET NORTH & 26TH AVENUE WEST,1,1,1,0,1,1,,0,25,1,0,0,0,2,4,2,3
,2018_15216,39.73869,-104.898762,3/3/2018 23:10,23:10,3,0,2,SYRACUSE STREET NORTH & 14TH AVENUE EAST,1,3,0,0,1,1,,0,30,0,0,0,0,3,4,2,9
,2018_15217,39.76417885,-104.898844,4/30/2018 16:45,16:45,2,0,1,SYRACUSE STREET 3400 BLOCK NORTH & 35TH AVENUE EAST,1,1,0,0,1,2,,0,,1,0,0,0,2,4,2,3
,2018_15218,39.72402,-104.8983705,9/25/2018 8:27,8:27,11,0,2,SYRACUSE STREET NORTH & FOURTH AVENUE EAST,1,1,0,0,1,1,,0,20,0,1,0,0,1,4,3,14
,2018_15219,39.760803,-105.0111405,4/8/2018 14:03,14:03,2,0,1,TEJON STREET NORTH & 31ST AVENUE WEST,1,1,1,0,1,1,,0,25,1,0,0,0,1,4,2,3
,2018_15220,39.69846,-104.912919,11/1/2018 16:00,16:00,11,0,1,TENNESSEE AVENUE EAST & MONACO STREET SOUTH,1,1,0,0,1,1,,0,30,0,1,0,0,2,4,2,14
,2018_15221,39.682242,-105.0442695,7/25/2018 22:40,22:40,3,0,2,TENNYSON STREET SOUTH & JEWELL AVENUE WEST,2,3,0,1,1,1,,0,25,0,0,0,0,3,4,2,5
,2018_15222,39.783609,-104.772222,3/12/2018 7:21,7:21,1,0,4,TOWER ROAD NORTH & GREEN VALLEY RANCH BOULEVARD EAST,1,2,0,0,1,1,,0,35,0,0,0,0,3,4,2,13
,2018_15223,39.833388,-104.771979,11/14/2018 6:27,6:27,1,0,1,TOWER ROAD NORTH & PENA BOULEVARD,1,1,0,0,1,1,,1,25,0,0,0,0,3,4,2,14
,2018_15224,39.81816,-104.771943,12/22/2018 18:04,18:04,11,0,1,TOWER ROAD NORTH & HIGH POINT BOULEVARD,1,3,0,0,1,1,,0,45,0,1,0,0,2,4,2,14
,2018_15225,39.744855,-104.9873895,1/12/2018 15:55,15:55,2,0,0,TREMONT PLACE 1700 BLOCK & BROADWAY,1,1,0,1,3,1,,0,,1,0,0,0,0,4,2,13
,2018_15226,39.720987,-104.95944,9/16/2018 18:10,18:10,2,0,1,UNIVERSITY BOULEVARD NORTH & THIRD AVENUE EAST,1,1,0,0,1,1,,0,,1,0,0,0,2,4,2,13
,2018_15227,39.689298,-104.959341,9/27/2018 7:54,7:54,2,0,1,UNIVERSITY BOULEVARD SOUTH & FLORIDA AVENUE EAST,1,1,0,0,1,1,,0,25,1,0,0,0,2,4,2,13
,2018_15228,39.743604,-104.9925195,5/16/2018 11:39,11:39,2,0,0,WELTON STREET & 15TH STREET,1,1,0,0,1,1,,0,,1,0,0,0,0,4,2,13
,2018_15229,39.700224,-104.959323,12/24/2018 18:44,18:44,1,0,2,UNIVERSITY BOULEVARD SOUTH & KENTUCKY AVENUE EAST,1,4,0,0,1,1,,0,35,0,0,0,0,3,4,2,13
,2018_15230,39.69666,-104.8917105,10/3/2018 9:42,9:42,11,0,1,VALENTIA STREET SOUTH & MISSISSIPPI AVENUE EAST,1,1,0,0,1,1,,0,30,0,1,0,0,1,4,2,3
,2018_15231,39.692961,-104.9629005,2/26/2018 16:11,16:11,2,0,1,VINE STS & LOUISIANA AVENUE EAST,1,1,0,0,1,1,,0,25,1,0,0,0,1,4,2,8
,2018_15232,39.707667,-105.0275295,10/4/2018 17:26,17:26,2,0,1,VIRGINIA AVENUE WEST & HAZEL COURT SOUTH,1,1,1,0,1,1,,0,25,1,0,0,0,1,4,2,3
,2018_15233,39.707487,-104.9035095,9/25/2018 17:48,17:48,2,0,1,VIRGINIA AVENUE EAST & QUEBEC STREET SOUTH,1,1,0,1,1,1,,0,40,1,0,0,0,2,4,2,7
,2018_15234,39.75642,-104.9898285,3/17/2018 19:54,19:54,11,0,1,WALNUT STREET & PARK AVENUE WEST,1,3,0,0,1,1,,0,30,0,1,0,0,2,4,2,13
,2018_15235,39.676491,-105.043779,6/2/2018 15:13,15:13,2,0,1,WARREN AVENUE WEST & TENNYSON STREET SOUTH,1,1,0,0,1,3,,0,,1,0,0,0,2,4,2,13
,2018_15236,39.775797,-104.9787495,6/29/2018 1:59,1:59,12,0,1,WASHINGTON STREET NORTH & RINGSBY COURT,1,3,0,0,1,1,,0,35,0,0,0,0,3,4,2,3
,2018_15237,39.75205777,-104.998972,10/4/2018 8:35,8:35,11,0,1,WAZEE STREET & 1800 BLOCK,1,1,0,0,1,4,,0,30,0,1,0,0,2,4,2,13
,2018_15238,39.757887,-104.99175,10/17/2018 13:38,13:38,2,0,1,WAZEE STREET & PARK AVENUE WEST,1,1,1,0,1,1,,0,30,1,0,0,0,1,4,2,8
,2018_15239,39.770064,-104.9659515,4/6/2018 20:50,20:50,11,0,1,WILLIAMS STREET NORTH & 38TH AVENUE EAST,1,3,0,0,1,1,,0,25,0,1,0,0,1,4,2,3
,2018_15240,39.725586,-104.965848,5/17/2018 11:47,11:47,2,0,1,WILLIAMS STREET NORTH & SIXTH AVENUE EAST,1,1,0,0,1,1,,0,20,1,0,0,0,1,4,2,13
,2018_15241,39.7524331,-105.0002166,8/13/2018 15:26,15:26,11,0,2,WYNKOOP STREET & 1600 BLOCK,1,1,0,0,1,4,,0,,0,1,0,1,3,4,2,13
,2018_15242,39.752811,-104.999751,9/20/2018 8:09,8:09,2,0,1,WYNKOOP STREET & 17TH STREET,1,1,0,0,1,1,,0,25,1,0,0,0,1,4,2,13
,2018_15243,39.73869,-104.88582,4/20/2018 8:05,8:05,11,0,1,XENIA STREET NORTH & 14TH AVENUE EAST,1,1,0,0,1,1,,0,30,0,1,0,0,1,4,2,13
,2018_15244,39.783618,-104.7744585,9/4/2018 15:01,15:01,2,0,1,YAMPA STREET NORTH & GREEN VALLEY RANCH BOULEVARD EAST,1,1,0,0,1,1,,0,25,1,0,0,0,1,4,2,13
,2018_15245,39.733452,-104.9598405,8/3/2018 0:31,0:31,11,0,1,YORK STREET NORTH & 11TH AVENUE EAST,1,3,0,0,1,1,,0,30,0,1,0,0,1,4,2,13
,2018_15246,39.738366,-104.9598225,2/9/2018 17:15,17:15,2,0,1,YORK STREET NORTH & 14TH AVENUE EAST,1,2,0,0,1,1,,0,30,1,0,0,0,2,4,2,1
,2018_15247,39.78214406,-104.9592915,9/10/2018 4:20,4:20,5,0,1,YORK STREET & 1800 BLOCK NORTH,1,3,0,0,2,4,,0,30,0,0,0,0,3,4,1,13
,2018_15249,39.741606,-104.959809,11/6/2018 14:25,14:25,2,0,0,YORK STREET NORTH & 16TH AVENUE EAST,1,1,1,0,1,1,,0,30,1,0,0,0,0,4,2,7
,2018_15250,39.748194,-104.9598,11/16/2018 23:44,23:44,2,0,1,YORK STREET NORTH & 21ST AVENUE EAST,1,3,0,0,1,1,,0,30,1,0,0,0,3,4,2,5
,2018_15251,39.762018,-104.959773,2/14/2018 8:18,8:18,1,0,2,YORK STREET NORTH & MLK BOULEVARD EAST,1,1,0,0,1,1,,0,35,0,0,0,0,3,4,2,13
,2018_15252,39.762018,-104.959773,10/24/2018 18:23,18:23,2,0,1,YORK STREET NORTH & MLK BOULEVARD EAST,1,3,0,0,1,1,,0,30,1,0,0,0,1,4,2,1
,2018_15253,39.741948,-104.884668,10/17/2018 15:50,15:50,3,0,1,YOSEMITE STREET NORTH & 16TH AVENUE EAST,1,1,0,0,1,1,,0,25,0,0,0,0,3,4,2,1
,2018_15254,39.743766,-104.884668,10/19/2018 14:50,14:50,3,0,4,YOSEMITE STREET NORTH & 17TH AVENUE EAST,1,1,0,0,1,1,,0,30,0,0,0,0,3,4,2,9
,2018_15255,39.649122,-104.884911,4/5/2018 13:15,13:15,3,0,1,YOSEMITE STREET SOUTH & KENYON AVENUE EAST,1,1,0,0,1,1,,0,25,0,0,0,1,3,4,2,13
,2018_15256,39.644748,-104.885118,4/21/2018 9:55,9:55,12,0,1,YOSEMITE STREET SOUTH & MANSFIELD AVENUE EAST,2,1,0,2,1,3,,0,35,0,0,0,0,3,4,2,3
,2018_15257,39.631338,-104.8853115,12/22/2018 19:59,19:59,1,0,1,YOSEMITE STREET SOUTH & UNION AVENUE EAST,1,3,1,0,1,1,,0,35,0,0,0,0,3,4,2,7
,2018_15562,39.718161,-105.0324795,11/9/2018 6:03,6:03,11,0,1,FIRST AVENUE WEST & KNOX COURT NORTH,14,5,0,0,1,1,,0,30,0,1,0,0,1,4,2,13
,2018_15579,39.77282941,-104.7898215,8/20/2018 15:46,15:46,12,0,0,40TH AVENUE EAST & AIRPORT BOULEVARD NORTH,1,1,1,0,1,3,,0,40,0,0,0,0,0,4,2,13
,2018_15626,39.790899,-105.053234,12/29/2018 15:46,15:46,2,0,0,HIGHWAY 95 & 52ND AVENUE,1,1,1,0,1,1,,0,30,1,0,0,0,0,2,2,13
,2018_15648,39.689352,-104.898789,4/10/2018 23:33,23:33,6,0,1,FLORIDA AVENUE EAST & SYRACUSE STREET SOUTH,1,3,0,0,1,3,,0,25,0,0,0,0,3,4,2,5
,2018_15673,39.79108031,-105.0495029,7/28/2018 17:52,17:52,12,0,1,52ND AVENUE WEST & SHERIDAN BOULEVARD,2,1,0,1,1,4,,0,35,0,0,0,0,1,4,2,1
,2018_15677,39.69659221,-104.8920656,5/10/2018 15:10,15:10,12,0,0,MISSISSIPPI AVENUE EAST & VALENCIA STREET SOUTH,1,1,0,0,1,4,,0,40,0,0,0,0,0,4,2,13
,2018_15680,39.79106571,-105.054328,11/2/2018 15:15,15:15,12,0,0,52ND AVENUE WEST & SHERIDAN BOULEVARD,1,1,1,0,1,2,,0,30,0,0,0,0,0,4,2,13
,2018_15711,39.667869,-105.081418,2/8/2018 11:51,11:51,12,0,0,WADSWORTH BOULEVARD SOUTH & YALE AVENUE WEST,1,1,1,0,1,3,,0,40,0,0,0,0,0,2,2,13
,2018_15750,39.69714,-104.899668,12/6/2018 8:23,8:23,1,0,1,PARKER ROAD SOUTH & MISSISSIPPI AVENUE EAST / 1000 BLOCK SOUTH,1,1,0,0,1,2,,0,35,0,0,0,0,1,2,2,13
,2018_15756,39.667185,-105.081424,9/8/2018 15:35,15:35,15,0,0,WADSWORTH BOULEVARD SOUTH & YALE AVENUE WEST,1,1,1,0,1,4,,0,45,0,0,0,0,0,2,2,1
,2018_15825,39.667733,-105.081421,12/2/2018 12:35,12:35,12,0,0,WADSWORTH BOULEVARD SOUTH & YALE AVENUE WEST,1,1,0,0,1,1,,0,45,0,0,0,0,0,2,2,12
,2018_15854,39.66705,-105.081425,5/29/2018 18:26,18:26,12,0,2,WADSWORTH BOULEVARD SOUTH & YALE AVENUE WEST,1,1,0,0,1,4,,0,45,0,0,0,0,1,2,2,4
,2018_15886,39.662458,-105.081435,7/23/2018 13:34,13:34,3,0,0,WADSWORTH BOULEVARD SOUTH & DUQUESNE AVENUE WEST,1,1,1,0,1,1,,0,45,0,0,0,0,0,2,2,13
,2018_15944,39.68229201,-105.0534152,5/14/2018 19:45,19:45,1,0,0,JEWELL AVENUE WEST & SHERIDAN BOULEVARD SOUTH,1,3,0,0,1,3,,0,,0,0,0,0,0,4,2,13
,2018_15948,39.855798,-104.6214495,5/28/2018 13:20,13:20,5,0,0,HUDSON ROAD & 88TH AVENUE SOUTH,1,1,0,0,3,1,,0,50,0,0,0,0,0,4,1,6
,2018_15952,39.791133,-105.0357825,9/5/2018 10:51,10:51,10,0,0,52ND AVENUE & MEADE STREET,1,1,0,0,1,1,,0,25,0,0,0,0,0,4,2,13
,2018_15953,39.791133,-105.036948,9/8/2018 7:07,7:07,3,0,0,52ND AVENUE & NEWTON STREET,1,1,0,0,1,1,,0,25,0,0,0,0,0,4,2,13
,2018_15954,39.791052,-105.013539,11/29/2018 21:14,21:14,14,0,0,52ND AVENUE & VALLEJO STREET,1,3,0,0,1,1,,0,35,0,0,0,0,0,4,2,5
,2018_15955,39.791061,-105.0158385,12/19/2018 14:48,14:48,3,0,0,52ND AVENUE WEST & ZUNI STREET NORTH,1,1,1,0,1,1,,0,30,0,0,0,0,0,4,2,8
,2018_15977,39.741948,-104.884668,10/18/2018 19:20,19:20,3,0,1,16TH AVENUE EAST & YOSEMITE STREET NORTH,1,3,0,0,1,1,,0,25,0,0,0,0,1,4,2,13
,2018_16030,39.6965309,-104.9361623,4/11/2018 23:28,23:28,6,0,0,BIRCH STREET 1100 BLOCK SOUTH & 1100 BLOCK SOUTH,1,3,0,0,1,4,,0,30,0,0,0,0,0,4,3,5
,2018_16087,39.77282922,-104.7897859,12/30/2018 2:22,2:22,5,0,0,40TH AVENUE EAST & AIRPORT BOULEVARD NORTH,1,3,0,0,2,3,,0,40,0,0,0,0,0,4,1,12
,2018_16090,39.77282936,-104.7898939,6/19/2018 11:52,11:52,12,0,0,AIRPORT ROAD & 40TH AVENUE EAST,1,1,1,0,1,1,,0,25,0,0,0,0,0,4,2,13