id,drcog_id,latitude,longitude,crashtime,time,crashtype,numbkilled,numbinjurd,drcoglocat,rdconditin,lightngcon,roadcntgrd,weatherco,location,roaddescrp,schoolzone,constrzone,splimit,bikeinv,pedinv,sctrinv,motoinv,svrty,rdsystem,ttlvehcls,hcf
,2018_16111,39.73284768,-104.884802,7/13/2018 21:25,21:25,12,0,0,11TH AVENUE EAST & YOSEMITE STREET NORTH,1,3,0,0,1,4,,0,30,0,0,0,0,0,4,2,10
,2018_16128,39.7983915,-104.9033946,6/12/2018 16:50,16:50,12,0,0,56TH AVENUE EAST & QUEBEC STREET,1,1,0,0,1,4,,0,,0,0,0,0,0,4,2,16
,2018_16131,39.77282666,-104.7914802,2/19/2018 17:50,17:50,12,0,0,PENA BOULEVARD NORTH & 40TH AVENUE EAST,4,3,0,2,1,3,,0,25,0,0,0,0,0,4,2,2
,2018_16132,39.66773287,-105.0814218,4/4/2018 15:43,15:43,3,0,0,YALE AVENUE WEST & WADSWORTH BOULEVARD SOUTH,1,1,0,0,1,2,,0,35,0,0,0,0,0,4,2,3
,2018_16138,39.77282877,-104.7897038,11/25/2018 10:25,10:25,12,0,2,40TH AVENUE EAST & PENA BOULEVARD,1,1,0,0,1,4,,0,40,0,0,0,0,1,4,2,1
,2018_16151,39.66028446,-104.858991,11/9/2018 16:55,16:55,12,0,0,KENTON STREET SOUTH & DARTMOUTH AVENUE EAST,1,1,0,0,1,3,,0,30,0,0,0,0,0,4,2,8
,2018_16154,39.67864737,-105.0108861,10/9/2018 14:43,14:43,12,0,0,EVANS AVENUE WEST & TEJON STREET SOUTH,2,1,1,0,1,3,,0,30,0,0,0,0,0,4,2,3
,2018_16168,39.67864706,-105.0108506,2/19/2018 18:25,18:25,15,0,0,EVANS AVENUE WEST & TEJON STREET SOUTH,4,3,0,2,1,1,,0,25,0,0,0,0,0,4,2,13
,2018_16229,39.69655913,-104.8663438,3/9/2018 16:30,16:30,15,0,0,MISSISSIPPI AVENUE EAST & HAVANA STREET SOUTH,1,1,0,0,1,4,,0,30,0,0,0,0,0,4,2,13
,2018_16260,39.79839136,-104.903443,5/6/2018 14:07,14:07,15,0,0,56TH AVENUE EAST & QUEBEC STREET,1,1,1,0,1,4,,0,,0,0,0,0,0,4,2,13
,2018_16265,39.63154206,-105.1098901,11/10/2018 13:29,13:29,4,0,0,KIPLING STREET SOUTH & QUINCY AVENUE WEST,1,1,1,0,1,4,,0,45,0,0,0,0,0,4,2,14
,2018_16268,39.79839111,-104.9035317,9/24/2018 13:36,13:36,12,0,0,QUEBEC STREET NORTH & 56TH AVENUE EAST,1,1,0,0,1,3,,0,45,0,0,0,0,0,4,2,13
,2018_16269,39.79839111,-104.9035318,4/11/2018 19:00,19:00,12,0,0,QUEBEC PARKWAY & 56TH AVENUE EAST,1,1,0,0,1,4,,0,,0,0,0,0,0,4,2,3
,2018_16270,39.63320106,-105.1098972,4/8/2018 13:30,13:30,5,0,0,KIPLING STREET SOUTH & LAKEHURST WYW,1,1,1,0,3,4,,0,45,0,0,0,0,0,4,1,10
,2018_16276,39.78526048,-104.9034582,2/19/2018 7:55,7:55,3,0,0,49TH AVENUE EAST & PONTIAC STREET,4,1,0,2,1,2,,0,,0,0,0,0,0,4,2,14
,2018_16305,39.66027415,-104.8662554,12/24/2018 18:41,18:41,12,0,2,DARTMOUTH AVENUE EAST & HAVANA STREET SOUTH,1,3,0,0,1,3,,0,35,0,0,0,0,1,4,2,13
,2018_16307,39.79832707,-104.8914356,7/13/2018 15:22,15:22,12,0,0,56TH AVENUE EAST & VALENTIA STREET,1,1,0,0,1,4,,0,,0,0,0,0,0,4,2,14
,2018_16309,39.79839111,-104.9035316,12/8/2018 14:41,14:41,15,0,2,QUEBEC STREET & 56TH AVENUE EAST,1,1,0,0,1,4,,0,,0,0,0,1,3,4,2,14
,2018_16311,39.75500466,-104.8468886,10/15/2018 7:45,7:45,12,0,3,PEORI A STREET NORTH & FITZSIMONS PARKWAY,1,1,1,0,1,4,,0,35,0,0,0,0,3,4,3,1
,2018_16312,39.67867035,-105.0138724,7/23/2018 0:09,0:09,1,0,3,VALLEJO SOUTH & EVANS WEST,1,1,0,0,1,1,,0,30,0,0,0,0,3,4,2,14
,2018_16314,39.729624,-105.053227,5/26/2018 19:25,19:25,2,0,1,SHERIDAN BOULEVARD NORTH & EIGHTH AVENUE WEST,1,2,0,0,1,1,,0,25,1,0,0,0,2,2,2,14
,2018_16321,39.725821,-105.05313,8/26/2018 23:20,23:20,3,0,3,SHERIDAN BOULEVARD SOUTH & SIXTH AVENUE WEST,1,3,0,0,1,1,,0,30,0,0,0,0,3,2,2,14
,2018_16322,39.718464,-105.053265,8/26/2018 12:00,12:00,11,0,1,SHERIDAN BOULEVARD & FIRST AVENUE WEST,1,1,0,0,1,1,,0,35,0,1,0,0,1,2,2,14
,2018_16324,39.733045,-105.053221,4/2/2018 0:06,0:06,12,0,1,SHERIDAN BOULEVARD 900 BLOCK NORTH & 10TH AVENUE WEST,1,3,1,0,1,4,,0,35,0,0,0,0,3,2,2,12
,2018_16325,39.736752,-105.053215,10/2/2018 16:35,16:35,11,0,1,SHERIDAN BOULEVARD & 13TH AVENUE WEST,1,1,1,0,1,1,,0,,0,1,0,0,2,2,2,14
,2018_16327,39.707393,-104.86598,5/26/2018 13:28,13:28,1,1,0,HAVANA STREET SOUTH & VIRGINIA AVENUE EAST,1,1,0,0,1,1,,0,40,0,0,0,1,4,2,2,5
,2018_16328,39.772534,-104.829786,8/22/2018 19:02,19:02,15,0,1,I70 WB ON RAMP FROM I225 & I70 WB ON RAMP FROM I225 FLYOVER,1,1,1,0,1,8,,0,65,0,0,0,0,3,1,2,14
,2018_16331,39.772969,-105.053235,9/9/2018 21:45,21:45,1,0,1,SHERIDAN BOULEVARD NORTH & 41ST AVENUE WEST,1,3,0,0,1,1,,0,35,0,0,0,0,3,2,3,13
,2018_16334,39.71129,-104.936428,9/21/2018 11:35,11:35,12,0,3,LEETSDALE DRIVE & 4500 BLOCK,1,1,1,0,1,4,,0,35,0,0,0,0,3,2,3,10
,2018_16336,39.741948,-104.884668,9/19/2018 16:48,16:48,3,0,2,16TH AVENUE EAST & YOSEMITE STREET NORTH,1,1,0,0,1,1,,0,35,0,0,0,0,3,4,2,7
,2018_16337,39.66021,-104.862312,3/13/2018 15:23,15:23,3,0,3,DARTMOUTH AVENUE EAST & JAMAICA STREET SOUTH,1,1,1,0,1,1,,0,25,0,0,0,1,3,4,2,13
,2018_16341,39.678642,-105.008661,10/1/2018 6:07,6:07,11,0,1,EVANS AVENUE WEST & RARITAN STREET SOUTH,1,2,0,0,1,1,,0,35,0,1,0,0,1,4,2,14
,2018_16342,39.67866,-105.011028,1/9/2018 14:55,14:55,11,0,1,EVANS AVENUE WEST & TEJON STREET SOUTH,1,1,0,0,1,1,,0,35,0,1,0,0,1,4,2,13
,2018_16344,39.74745381,-104.8800326,5/18/2018 11:09,11:09,5,0,1,MONTVIEW BOULEVARD EAST & BEELER STREET NORTH,1,1,0,0,2,4,,0,35,0,0,0,0,3,4,1,14
,2018_16347,39.756115,-105.053236,7/12/2018 22:20,22:20,11,0,1,SHERIDAN BOULEVARD & 2600 BLOCK,1,3,0,0,1,4,,0,,0,1,0,0,2,2,2,13
,2018_16349,39.738462,-105.053213,9/30/2018 2:58,2:58,3,0,3,SHERIDAN BOULEVARD SOUTH & 14TH AVENUE WEST,1,3,0,0,1,1,,0,35,0,0,0,0,3,2,2,5
,2018_16371,39.625207,-104.902215,6/13/2018 14:00,14:00,5,0,0,I25 & 5000 BLOCK SOUTH,1,1,0,0,2,4,,0,55,0,0,0,0,0,1,1,14
,2018_16375,39.725274,-105.053147,7/19/2018 11:58,11:58,12,0,0,SHERIDAN BOULEVARD NORTH & SIXTH AVENUE EASTBOUND RAMPS,1,1,1,0,1,3,,0,35,0,0,0,0,0,2,2,13
,2018_16376,39.729624,-105.053227,4/7/2018 16:30,16:30,1,0,1,SHERIDAN BOULEVARD NORTH & EIGHTH AVENUE WEST,1,1,0,0,1,1,,0,35,0,0,0,0,2,2,2,1
,2018_16377,39.731477,-105.053224,1/24/2018 15:39,15:39,12,0,0,SHERIDAN BOULEVARD 900 BLOCK NORTH & NINTH AVENUE WEST,1,1,1,0,1,4,,0,35,0,0,0,0,0,2,2,13
,2018_16384,39.772885,-104.833853,3/12/2018 7:05,7:05,15,0,0,I225 SOUTHBOUND ON RAMP & I70,1,1,0,0,1,8,,0,55,0,0,0,0,0,1,2,3
,2018_16385,39.772428,-104.828873,11/27/2018 19:29,19:29,12,0,0,I70 EASTBOUND ON RAMP & CHAMBERS ROAD NORTH,1,3,0,0,1,4,,0,65,0,0,0,0,0,1,3,13
,2018_16387,39.667793,-104.996352,5/25/2018 0:00,0:00,12,0,1,SANTA FE DRIVE SOUTH & 2700 BLOCK SOUTH,1,1,1,0,1,4,,0,55,0,0,0,0,1,2,4,3
,2018_16389,39.641497,-104.880626,1/8/2018 7:28,7:28,12,0,0,I225 & MM 1.62,1,1,0,0,1,4,,0,65,0,0,0,0,0,1,2,3
,2018_16404,39.729197,-105.053227,8/3/2018 0:15,0:15,3,0,0,SHERIDAN BOULEVARD & 700 BLOCK NORTH,1,3,0,0,1,2,,0,40,0,0,0,0,0,2,2,13
,2018_16405,39.729624,-105.053227,4/12/2018 4:12,4:12,1,0,0,SHERIDAN BOULEVARD NORTH & EIGHTH AVENUE WEST,1,1,1,0,1,1,,0,35,0,0,0,0,0,2,2,13
,2018_16406,39.738462,-105.053213,11/23/2018 9:57,9:57,3,0,0,SHERIDAN BOULEVARD & 14TH AVENUE WEST,1,1,0,0,1,1,,0,35,0,0,0,0,0,2,2,1
,2018_16410,39.69659,-104.940565,9/26/2018 13:05,13:05,15,0,1,COLORADO BOULEVARD SOUTH & MISSISSIPPI AVENUE EAST,2,1,1,0,1,1,,0,35,0,0,0,0,1,2,2,13
,2018_16413,39.713244,-104.940611,3/16/2018 16:01,16:01,12,0,0,COLORADO BOULEVARD SOUTH & ALAMEDA AVENUE EAST,1,1,1,0,1,3,,0,35,0,0,0,0,0,2,4,3
,2018_16414,39.765544,-104.940497,11/14/2018 15:40,15:40,12,0,0,COLORADO BOULEVARD & 35TH AVENUE,1,1,0,0,1,3,,0,40,0,0,0,0,0,2,2,13
,2018_16432,39.77255,-104.829971,5/9/2018 13:59,13:59,15,0,0,I70 & I70 WB ON RAMP FROM I225 FLYOVER,1,1,0,0,1,4,,0,55,0,0,0,0,0,1,2,1
,2018_16433,39.660498,-105.0229215,12/30/2018 18:29,18:29,6,0,0,DARTMOUTH AVENUE & 2500 BLOCK WEST,1,4,1,0,1,4,,0,,0,0,0,0,0,4,2,13
,2018_16434,39.708272,-104.927563,2/13/2018 18:49,18:49,12,0,0,LEETSDALE DRIVE & 5100 BLOCK,1,3,0,0,1,2,,0,35,0,0,0,0,0,2,2,13
,2018_16436,39.738462,-105.053213,2/18/2018 13:10,13:10,3,0,0,14TH AVENUE WEST & SHERIDAN BOULEVARD NORTH,1,1,1,0,1,1,,0,40,0,0,0,0,0,2,2,12
,2018_16449,39.731335,-105.053224,10/23/2018 17:38,17:38,1,0,2,SHERIDAN BOULEVARD NORTH & NINTH AVENUE WEST,1,1,1,0,1,1,,0,35,0,0,0,0,1,2,2,13
,2018_16450,39.733045,-105.053221,12/14/2018 15:44,15:44,12,0,0,SHERIDAN BOULEVARD 900 NORTH & 10TH AVENUE WEST,1,1,1,0,1,4,,0,35,0,0,0,0,0,2,3,13
,2018_16451,39.738462,-105.053213,8/6/2018 0:12,0:12,5,0,0,SHERIDAN BOULEVARD SOUTH & 14TH AVENUE WEST,1,3,0,0,3,1,,0,35,0,0,0,0,0,2,1,5
,2018_16452,39.740731,-105.053203,10/31/2018 8:05,8:05,15,0,0,SHERIDAN BOULEVARD & 1500 BLOCK,2,1,0,0,1,4,,0,35,0,0,0,0,0,2,2,13
,2018_16457,39.69659,-104.940565,4/28/2018 21:21,21:21,1,0,0,COLORADO BOULEVARD SOUTH & MISSISSIPPI AVENUE EAST,1,3,1,0,1,1,,0,35,0,0,0,0,0,2,2,3
,2018_16465,39.77255,-104.829971,7/20/2018 15:35,15:35,12,0,0,I70 & I70 WB ON RAMP FROM I225 FLYOVER,1,1,0,0,1,4,,0,55,0,0,0,0,0,1,2,14
,2018_16467,39.724409,-105.053189,4/17/2018 16:00,16:00,12,0,0,SHERIDAN BOULEVARD 500 BLOCK NORTH & FIFTH AVENUE WEST,1,1,1,0,1,4,,0,35,0,0,0,0,0,2,2,13
,2018_16468,39.73276,-105.053222,10/15/2018 15:07,15:07,12,0,0,SHERIDAN BOULEVARD 900 BLOCK NORTH & 10TH AVENUE WEST,1,1,1,0,1,4,,0,35,0,0,0,0,0,2,2,13
,2018_16473,39.790927,-105.062706,11/6/2018 18:19,18:19,15,0,0,I76 & MM 1,1,3,0,0,1,4,,0,65,0,0,0,0,0,1,2,13
,2018_16474,39.69659,-104.940565,3/27/2018 15:21,15:21,12,0,1,COLORADO BOULEVARD SOUTH & MISSISSIPPI AVENUE EAST,1,1,0,0,1,1,,0,35,0,0,0,0,1,2,2,3
,2018_16475,39.69659,-104.940565,6/11/2018 21:51,21:51,1,0,0,COLORADO BOULEVARD SOUTH & MISSISSIPPI AVENUE EAST,1,3,0,0,1,1,,0,35,0,0,0,0,0,2,2,1
,2018_16479,39.791728,-104.940666,8/18/2018 23:39,23:39,12,0,0,VASQUEZ BOULEVARD & 52ND AVENUE EAST,2,4,0,1,1,4,,0,,0,0,0,0,0,2,2,13
,2018_16482,39.725589,-105.053132,8/27/2018 13:28,13:28,12,0,0,SHERIDAN BOULEVARD 500 BLOCK NORTH & SIXTH AVENUE WEST,1,1,1,0,1,4,,0,35,0,0,0,0,0,2,3,13
,2018_16486,39.790927,-105.062706,12/13/2018 8:48,8:48,12,0,0,I76 & MM 1,1,1,0,0,1,4,,0,65,0,0,0,0,0,1,2,14
,2018_16488,39.71339,-104.940611,8/20/2018 15:01,15:01,12,0,0,COLORADO BOULEVARD SOUTH & 300 BLOCK SOUTH,1,1,0,0,1,4,,0,35,0,0,0,0,0,2,3,2
,2018_16492,39.724175,-105.053225,8/15/2018 17:07,17:07,12,0,0,SHERIDAN BOULEVARD & FIFTH AVENUE WEST,1,1,1,0,1,4,,0,35,0,0,0,0,0,2,3,3
,2018_16493,39.725353,-105.053144,2/26/2018 18:03,18:03,3,0,0,SHERIDAN BOULEVARD NORTH & SIXTH AVENUE WEST,1,1,1,0,1,1,,0,35,0,0,0,0,0,2,2,3
,2018_16494,39.77107,-105.053234,8/7/2018 18:00,18:00,15,0,0,SHERIDAN BOULEVARD & 39TH AVENUE WEST,1,1,0,0,1,4,,0,35,0,0,0,0,0,2,2,13
,2018_16501,39.69659,-104.940565,7/31/2018 14:14,14:14,1,0,0,COLORADO BOULEVARD SOUTH & MISSISSIPPI AVENUE EAST,1,1,0,0,1,1,,0,35,0,0,0,0,0,2,2,14
,2018_16508,39.660018,-104.866322,10/1/2018 21:00,21:00,12,0,0,DARTMOUTH AVENUE EAST & HAVANA STREET SOUTH,1,3,0,0,1,1,,0,40,0,0,0,0,0,2,2,8
,2018_16511,39.772566,-104.830156,4/25/2018 8:04,8:04,12,0,0,I70 & I70 WB ON RAMP FROM I225 FLYOVER,1,1,0,0,1,4,,0,55,0,0,0,0,0,1,3,13
,2018_16518,39.670865,-104.866053,4/18/2018 23:33,23:33,3,0,0,PARKER ROAD SOUTH & HAVANA STREET SOUTH,1,3,0,0,1,1,,0,45,0,0,0,0,0,2,2,13
,2018_16520,39.667754,-104.99606,12/16/2018 17:12,17:12,12,0,0,SANTA FE DRIVE SOUTH & 2700 BLOCK SOUTH,1,3,0,0,1,4,,0,55,0,0,0,0,0,2,2,13
,2018_16521,39.667756,-104.996124,9/19/2018 13:52,13:52,12,0,0,SANTA FE DRIVE SOUTH & 2700 BLOCK SOUTH,1,1,0,0,1,4,,0,55,0,0,0,0,0,2,2,13
,2018_16523,39.729624,-105.053227,9/5/2018 13:35,13:35,12,0,0,SHERIDAN BOULEVARD SOUTH & EIGHTH AVENUE WEST,1,1,0,0,1,1,,0,40,0,0,0,0,0,2,2,3
,2018_16536,39.772969,-105.053235,5/2/2018 4:18,4:18,5,0,0,SHERIDAN BOULEVARD 4000 BLOCK NORTH & 41ST AVENUE WEST,1,3,1,0,1,4,,1,35,0,0,0,0,0,2,2,13
,2018_16540,39.653943,-105.035797,11/27/2018 7:09,7:09,12,0,0,HAMPDEN AVENUE 3900 BLOCK WEST & KNOX COURT SOUTH,1,1,0,0,1,4,,0,55,0,0,0,0,0,2,2,13
,2018_16549,39.772917,-104.834223,1/20/2018 16:40,16:40,15,0,0,I70 & I70 EASTBOUND OFF RAMP FROM TO SOUTHBOUND I225,1,3,0,0,1,4,,0,65,0,0,0,0,0,1,2,7
,2018_16550,39.790927,-105.062706,8/7/2018 8:04,8:04,12,0,0,I76 & MM 1,1,1,1,0,1,4,,0,65,0,0,0,0,0,1,2,12
,2018_16551,39.697261,-104.899997,4/23/2018 15:55,15:55,15,0,0,PARKER ROAD & PARKER ROAD 10100,1,1,0,0,1,2,,0,45,0,0,0,0,0,2,2,7
,2018_16552,39.738462,-105.053213,9/25/2018 19:42,19:42,1,0,1,SHERIDAN BOULEVARD NORTH & 14TH AVENUE WEST,1,3,0,0,1,1,,0,35,0,0,0,0,2,2,2,13
,2018_16555,39.727355,-105.05323,5/12/2018 11:00,11:00,12,0,0,SIXTH AVENUE FRONTAGE ROAD NORTH & SHERIDAN BOULEVARD,1,1,1,0,1,1,,0,30,0,0,0,1,0,2,2,13
,2018_16556,39.738462,-105.053213,7/18/2018 21:10,21:10,1,0,0,SHERIDAN BOULEVARD & 14TH AVENUE WEST,1,3,0,0,1,1,,0,30,0,0,0,0,0,2,2,7
,2018_16557,39.738462,-105.053213,12/20/2018 8:50,8:50,1,0,0,SHERIDAN BOULEVARD NORTH & 14TH AVENUE WEST,1,1,0,0,1,1,,0,30,0,0,0,0,0,2,2,3
,2018_16568,39.708272,-104.927563,5/16/2018 3:38,3:38,12,0,0,LEETSDALE DRIVE & 5100 BLOCK,1,1,0,0,1,3,,0,35,0,0,0,0,0,2,2,13
,2018_16569,39.708218,-104.927537,8/9/2018 17:09,17:09,12,0,0,LEETSDALE DRIVE & 5100 BLOCK,1,1,0,0,1,3,,0,35,0,0,0,0,0,2,2,7
,2018_16571,39.711187,-105.053239,11/9/2018 18:58,18:58,3,0,0,SHERIDAN BOULEVARD SOUTH & 300 BLOCK SOUTH,1,3,0,0,1,2,,0,35,0,0,0,0,0,2,2,13
,2018_16572,39.726278,-105.053133,4/4/2018 6:30,6:30,12,0,0,SHERIDAN BOULEVARD & SIXTH AVENUE WEST WB RAMPS,1,1,0,0,1,1,,0,30,0,0,0,0,0,2,2,13
,2018_16576,39.71129,-104.936428,10/15/2018 20:30,20:30,12,0,0,LEETSDALE DRIVE & 4500 BLOCK,1,3,0,0,1,4,,0,35,0,0,0,0,0,2,2,13
,2018_16581,39.738462,-105.053213,10/6/2018 19:16,19:16,12,0,0,SHERIDAN BOULEVARD & 14TH AVENUE WEST,1,3,0,0,1,1,,0,40,0,0,0,0,0,2,2,5
,2018_16585,39.629717,-104.904846,4/30/2018 8:41,8:41,15,0,0,I25 SOUTHBOUND ENTRANCE GORE POINT & I225,1,1,0,0,1,4,,0,65,0,0,0,0,0,1,2,13
,2018_16589,39.772428,-104.828873,9/20/2018 6:54,6:54,12,0,0,I70 & CHAMBERS ROAD NORTH,1,1,0,0,1,4,,0,55,0,0,0,0,0,1,2,13
,2018_16590,39.738462,-105.053213,3/24/2018 23:16,23:16,1,0,0,14TH AVENUE WEST & SHERIDAN BOULEVARD NORTH,1,3,0,0,1,1,,0,35,0,0,0,0,0,2,2,13
,2018_16595,39.71339,-104.940611,8/25/2018 11:59,11:59,12,0,1,COLORADO BOULEVARD SOUTH & 300 BLOCK SOUTH,1,1,0,0,1,3,,0,35,0,0,0,0,2,2,3,13
,2018_16599,39.727486,-105.05323,7/3/2018 7:44,7:44,1,0,1,SHERIDAN BOULEVARD & SIXTH AVENUE FRONTAGE ROAD,1,1,0,0,1,1,,0,35,0,0,0,0,1,2,2,7
,2018_16600,39.728484,-105.053228,11/3/2018 10:30,10:30,3,0,0,SHERIDAN BOULEVARD 700 BLOCK NORTH & EIGHTH AVENUE WEST,1,1,1,6,1,2,,0,,0,0,0,0,0,2,2,13
,2018_16601,39.728769,-105.053228,12/14/2018 7:30,7:30,5,0,0,SHERIDAN BOULEVARD 600 BLOCK NORTH & EIGHTH AVENUE WEST,1,1,0,0,1,4,,0,30,0,0,0,0,0,2,2,14
,2018_16602,39.732333,-105.053222,6/14/2018 15:51,15:51,3,0,0,SHERIDAN BOULEVARD 900 BLOCK NORTH & 10TH AVENUE WEST,1,1,0,0,1,2,,0,35,0,0,0,0,0,2,2,13
,2018_16603,39.733045,-105.053221,3/29/2018 15:20,15:20,3,0,0,SHERIDAN BOULEVARD NORTH & 10TH AVENUE WEST,1,1,0,0,1,2,,0,35,0,0,0,0,0,2,2,13
,2018_16604,39.737037,-105.053215,7/14/2018 12:29,12:29,12,0,0,SHERIDAN BOULEVARD NORTH & 13TH AVENUE WEST,1,1,0,0,1,4,,0,35,0,0,0,0,0,2,2,13
,2018_16605,39.73832,-105.053213,7/6/2018 17:02,17:02,15,0,0,SHERIDAN BOULEVARD 1330 BLOCK NORTH & 14TH AVENUE WEST,1,1,1,0,1,4,,0,35,0,0,0,0,0,2,2,13
,2018_16610,39.71339,-104.940611,5/29/2018 7:33,7:33,12,0,0,COLORADO BOULEVARD SOUTH & 300 BLOCK SOUTH,1,1,0,0,1,3,,0,35,0,0,0,0,0,2,2,13
,2018_16614,39.669351,-104.866091,9/30/2018 21:00,21:00,12,0,0,HAVANA STREET SOUTH & PARKER ROAD SOUTH,1,3,1,0,1,1,,0,45,0,0,0,0,0,2,2,13
,2018_16620,39.725666,-105.053129,12/3/2018 7:54,7:54,12,0,0,SHERIDAN BOULEVARD 600 BLOCK NORTH & SIXTH AVENUE,1,1,1,0,1,4,,0,35,0,0,0,0,0,2,2,13
,2018_16621,39.738462,-105.053213,5/9/2018 14:30,14:30,3,0,0,14TH AVENUE WEST & SHERIDAN BOULEVARD,1,1,0,0,1,1,,0,,0,0,0,0,0,2,2,13
,2018_16626,39.69659,-104.940565,1/18/2018 9:20,9:20,12,0,2,COLORADO BOULEVARD SOUTH & MISSISSIPPI AVENUE EAST,1,1,0,0,1,1,,0,35,0,0,0,0,1,2,3,13
,2018_16628,39.71339,-104.940611,8/30/2018 14:52,14:52,12,0,0,COLORADO BOULEVARD SOUTH & 300 BLOCK SOUTH,1,1,0,0,1,3,,0,35,0,0,0,0,0,2,2,13
,2018_16630,39.668847,-104.866103,6/22/2018 18:49,18:49,12,0,1,GUN CLUB ROAD SOUTH & YALE AVENUE EAST,1,1,0,0,1,4,,0,45,0,0,0,0,1,2,2,14
,2018_16632,39.669477,-104.866088,6/23/2018 14:43,14:43,12,0,1,HAVANA STREET SOUTH & PARKER ROAD SOUTH,1,1,0,0,1,3,,0,45,0,0,0,0,1,2,3,14
,2018_16637,39.72551,-105.053136,5/14/2018 21:19,21:19,3,0,0,SHERIDAN BOULEVARD NORTH & SIXTH AVENUE WEST,2,3,1,0,1,1,,0,15,0,0,0,0,0,2,2,7
,2018_16638,39.726278,-105.053133,3/18/2018 0:35,0:35,1,0,0,SHERIDAN BOULEVARD NORTH & SIXTH AVENUE WEST WB RAMPS,1,3,0,0,1,1,,0,35,0,0,0,0,0,2,2,3
,2018_16642,39.71339,-104.940611,5/15/2018 9:00,9:00,12,0,1,COLORADO BOULEVARD SOUTH & 300 BLOCK SOUTH,1,1,0,1,1,4,,0,35,0,0,0,0,1,2,2,14
,2018_16646,39.725821,-105.05313,2/25/2018 9:54,9:54,3,0,0,SIXTH AVENUE WEST & SHERIDAN BOULEVARD,1,1,1,0,1,1,,0,40,0,0,0,0,0,2,2,13
,2018_16652,39.69659,-104.940565,2/28/2018 20:16,20:16,12,0,2,COLORADO BOULEVARD SOUTH & 1100 BLOCK SOUTH,1,3,0,0,1,3,,0,35,0,0,0,0,1,2,3,5
,2018_16653,39.69659,-104.940565,7/22/2018 21:06,21:06,3,0,0,COLORADO BOULEVARD SOUTH & MISSISSIPPI AVENUE EAST,2,3,0,1,1,1,,0,35,0,0,0,0,0,2,2,13
,2018_16658,39.707876,-104.865977,7/3/2018 14:28,14:28,15,0,0,HAVANA STREET SOUTH & VIRGINIA AVENUE EAST,1,1,0,0,1,3,,0,40,0,0,0,0,0,2,2,13
,2018_16660,39.731335,-105.053224,11/29/2018 17:21,17:21,12,0,0,SHERIDAN BOULEVARD NORTH & NINTH AVENUE WEST,1,1,1,0,1,1,,0,35,0,0,0,0,0,2,2,13
,2018_16663,39.746086,-105.053214,11/20/2018 19:07,19:07,12,0,0,SHERIDAN BOULEVARD & 1900 BLOCK,1,3,0,0,1,4,,0,35,0,0,0,0,0,2,2,13
,2018_16664,39.767661,-105.025174,11/5/2018 12:04,12:04,15,0,0,FEDERAL BOULEVARD NORTH & 37TH AVENUE WEST,1,1,0,0,1,4,,0,35,0,0,0,0,0,2,2,13
,2018_16666,39.69659,-104.940565,2/22/2018 9:50,9:50,12,0,1,COLORADO BOULEVARD SOUTH & MISSISSIPPI AVENUE EAST,1,1,1,0,1,1,,0,35,0,0,0,0,1,2,3,13
,2018_16670,39.626546,-104.902987,2/3/2018 2:52,2:52,5,0,1,I25 & BELLEVIEW AVENUE EAST,1,3,0,0,3,4,,0,65,0,0,0,0,2,1,1,5
,2018_16674,39.705415,-104.865971,9/19/2018 19:21,19:21,15,0,1,HAVANA STREET SOUTH & GALENA WAY EAST,1,3,0,0,1,4,,0,40,0,0,0,0,1,2,2,13
,2018_16675,39.772482,-104.829424,6/19/2018 16:01,16:01,12,0,0,I225 ON RAMP SOUTHBOUND & I70 INTCH APPROXIMATELY,1,1,1,0,1,8,,0,65,0,0,0,0,0,1,3,1
,2018_16676,39.77238,-104.828321,3/27/2018 2:19,2:19,5,0,0,I70 & PEORIA STREET NORTH,4,3,1,2,2,4,,0,,0,0,0,0,0,1,1,13
,2018_16679,39.65298,-104.931503,7/12/2018 7:10,7:10,12,0,0,HAMPDEN AVENUE EAST & HAPPY CANYON ROAD,1,1,1,0,1,3,,0,40,0,0,0,0,0,2,3,13
,2018_16687,39.669856,-104.866078,8/15/2018 17:02,17:02,3,0,0,HAVANA STREET SOUTH & PARKER ROAD SOUTH,1,1,0,0,1,2,,0,40,0,0,0,0,0,2,2,13
,2018_16690,39.725821,-105.05313,10/2/2018 20:30,20:30,15,0,0,SHERIDAN BOULEVARD & SIXTH AVENUE WEST,1,3,0,0,1,1,,0,,0,0,0,0,0,2,2,13
,2018_16691,39.72643,-105.053134,3/20/2018 15:50,15:50,12,0,0,SHERIDAN BOULEVARD NORTH & SIXTH AVENUE WEST,1,1,1,0,1,3,,0,35,0,0,0,0,0,2,2,3
,2018_16692,39.729624,-105.053227,8/23/2018 17:19,17:19,1,0,1,SHERIDAN BOULEVARD SOUTH & EIGHTH AVENUE WEST,1,1,1,0,1,1,,0,35,0,0,0,0,1,2,2,8
,2018_16693,39.731335,-105.053224,6/14/2018 15:57,15:57,15,0,0,SHERIDAN BOULEVARD 900 BLOCK NORTH & NINTH AVENUE WEST,1,1,1,0,1,4,,0,,0,0,0,0,0,2,2,13
,2018_16694,39.732618,-105.053222,2/24/2018 16:35,16:35,8,0,1,SHERIDAN BOULEVARD NORTH & 10TH AVENUE WEST,1,1,0,0,1,4,,0,35,0,0,0,0,2,2,3,10
,2018_16698,39.61829,-105.091109,1/3/2018 16:03,16:03,12,0,0,WADSWORTH BOULEVARD SOUTH & CRESTLINE AVENUE,1,1,0,0,1,3,,0,,0,0,0,0,0,2,2,13
,2018_16702,39.665946,-104.866175,4/27/2018 8:18,8:18,12,0,0,HAVANA STREET SOUTH & YALE AVENUE EAST,1,1,1,0,1,4,,0,35,0,0,0,0,0,2,3,3