id,drcog_id,latitude,longitude,crashtime,time,crashtype,numbkilled,numbinjurd,drcoglocat,rdconditin,lightngcon,roadcntgrd,weatherco,location,roaddescrp,schoolzone,constrzone,splimit,bikeinv,pedinv,sctrinv,motoinv,svrty,rdsystem,ttlvehcls,hcf
,2018_19352,39.689495,-105.025043,3/20/2018 6:43,6:43,1,0,0,FEDERAL BOULEVARD SOUTH & FLORIDA AVENUE WEST,1,1,0,0,1,1,,0,35,0,0,0,0,0,2,2,13
,2018_19353,39.689347,-105.025043,2/3/2018 19:40,19:40,12,0,1,FEDERAL BOULEVARD SOUTH & FLORIDA AVENUE WEST,1,3,0,0,1,4,,0,45,0,0,0,0,2,2,2,13
,2018_19354,39.6892,-105.025042,4/27/2018 6:40,6:40,12,0,0,FEDERAL BOULEVARD 1500 BLOCK SOUTH & FLORIDA AVENUE WEST,1,1,0,0,1,4,,0,35,0,0,0,0,0,2,2,1
,2018_19355,39.685809,-105.025029,4/6/2018 13:58,13:58,12,0,0,FEDERAL BOULEVARD SOUTH & MEXICO AVENUE WEST,2,1,1,2,1,4,,0,,0,0,0,0,0,2,4,13
,2018_19356,39.682419,-105.025016,3/2/2018 15:55,15:55,12,0,0,FEDERAL BOULEVARD SOUTH & JEWELL AVENUE WEST,1,1,1,0,1,4,,0,40,0,0,0,0,0,2,2,12
,2018_19357,39.682275,-105.025016,7/16/2018 17:30,17:30,12,0,0,JEWELL AVENUE WEST & FEDERAL BOULEVARD SOUTH,1,1,0,0,1,1,,0,25,0,0,0,0,0,2,2,3
,2018_19358,39.677027,-105.025044,6/11/2018 15:51,15:51,3,0,0,FEDERAL BOULEVARD SOUTH & WARREN AVENUE WEST,1,1,0,0,1,2,,0,40,0,0,0,0,0,2,2,7
,2018_19359,39.674988,-105.025055,2/13/2018 16:30,16:30,3,0,0,FEDERAL BOULEVARD SOUTH & ILIFF AVENUE WEST,1,1,0,0,1,1,,0,35,0,0,0,0,0,2,2,13
,2018_19360,39.660611,-105.025164,2/15/2018 12:09,12:09,12,0,0,FEDERAL BOULEVARD SOUTH & DARTMOUTH AVENUE WEST,1,1,0,0,1,4,,0,40,0,0,0,0,0,2,2,1
,2018_19383,39.653174,-105.053078,2/13/2018 18:40,18:40,6,0,0,SHERIDAN BOULEVARD SOUTH & HAMPDEN AVENUE WEST INTCH,1,3,0,0,1,4,,0,40,0,0,0,0,0,2,3,13
,2018_19384,39.654632,-105.053132,10/8/2018 16:25,16:25,12,0,0,SHERIDAN BOULEVARD 3100 BLOCK SOUTH & DARMOUTH AVENUE WEST,1,1,0,4,1,4,,0,40,0,0,0,0,0,2,2,3
,2018_19385,39.667643,-105.053256,2/11/2018 0:52,0:52,5,0,0,SHERIDAN BOULEVARD SOUTH & YALE AVENUE WEST,4,3,0,2,3,4,,0,45,0,0,0,0,0,2,1,14
,2018_19387,39.678805,-105.053268,7/8/2018 16:06,16:06,12,0,1,SHERIDAN BOULEVARD SOUTH & EVANS AVENUE WEST,1,1,0,0,1,4,,0,40,0,0,0,0,1,2,2,13
,2018_19388,39.679091,-105.053268,1/20/2018 17:30,17:30,12,0,0,SHERIDAN BOULEVARD SOUTH & EVANS AVENUE WEST,1,2,0,0,1,1,,0,40,0,0,0,0,0,2,2,13
,2018_19439,39.618006,-105.091112,1/19/2018 18:29,18:29,1,0,1,WADSWORTH BOULEVARD SOUTH & CRESTLINE AVENUE WEST,1,3,0,0,1,1,,0,30,0,0,0,0,1,2,3,1
,2018_19507,39.630391,-104.90506,10/22/2018 8:10,8:10,12,0,0,I225 SOUTHBOUND OFF RAMP & I25 SOUTHBOUND,1,1,0,0,1,4,,0,55,0,0,0,0,0,1,2,14
,2018_19508,39.634114,-104.902134,2/15/2018 9:56,9:56,12,0,0,I225 & I25 OFF RAMP SPLIT,1,1,0,0,1,4,,0,55,0,0,0,0,0,1,2,13
,2018_19509,39.634114,-104.902134,5/25/2018 14:59,14:59,15,0,0,I225 & I25 OFF RAMP SPLIT,1,1,0,0,1,4,,0,55,0,0,0,0,0,1,2,1
,2018_19510,39.634127,-104.902067,6/9/2018 12:16,12:16,12,0,0,I225 & I25 OFF RAMP SPLIT,1,1,0,0,1,4,,0,65,0,0,0,0,0,1,2,14
,2018_19511,39.634665,-104.899299,9/29/2018 1:45,1:45,5,0,1,I225 NORTHBOUND OFF RAMP & TAMARAC STREET SOUTH,1,3,1,0,3,8,,0,45,0,0,0,0,2,1,1,12
,2018_19512,39.63556,-104.89332,3/7/2018 7:26,7:26,12,0,0,I225 & TAMARAC STREET SOUTH,1,1,0,0,1,4,,0,65,0,0,0,0,0,1,3,13
,2018_19513,39.63556,-104.89332,4/30/2018 17:16,17:16,12,0,0,I225 SOUTHBOUND RAMP & TAMARAC STREET SOUTH,1,1,1,0,1,8,,0,30,0,0,0,0,0,1,2,13
,2018_19514,39.639223,-104.885207,2/21/2018 16:48,16:48,12,0,2,I225 & YOSEMITE STREET SOUTH INTCH,1,1,0,0,1,4,,0,65,0,0,0,0,2,1,3,13
,2018_19515,39.639304,-104.885042,10/31/2018 6:30,6:30,12,0,0,I225 & YOSEMITE STREET SOUTH,2,2,0,0,1,4,,0,55,0,0,0,0,0,1,2,13
,2018_19540,39.784821,-104.902141,9/23/2018 9:01,9:01,15,0,0,I270 & QUEBEC STREET NORTH ,1,1,0,0,1,4,,0,55,0,0,0,0,0,1,2,13
,2018_19560,39.65298,-104.927164,8/1/2018 15:30,15:30,12,0,0,HAMPDEN AVENUE EAST & FOREST STREET SOUTH,1,1,0,0,1,3,,0,35,0,0,0,0,0,2,2,7
,2018_19561,39.652979,-104.922637,12/15/2018 19:34,19:34,12,0,0,HOLLY STREET 3400 BLOCK SOUTH & HAMPDEN AVENUE EAST,1,3,0,0,1,3,,0,25,0,0,0,0,0,2,2,13
,2018_19562,39.652978,-104.917698,10/26/2018 19:41,19:41,3,0,1,HAMPDEN AVENUE EAST & I25 NORTHBOUND RAMPS,1,3,1,0,1,1,,0,35,0,0,0,0,1,2,2,9
,2018_19563,39.743865,-105.02522,6/14/2018 16:18,16:18,12,0,1,FEDERAL BOULEVARD NORTH & SEVENTH AVENUE WEST,1,1,0,0,1,1,,0,35,0,0,0,0,1,2,3,13
,2018_19564,39.754834,-105.025131,2/27/2018 21:45,21:45,12,0,0,FEDERAL BOULEVARD NORTH & 26TH AVENUE WEST,1,3,0,0,1,3,,0,,0,0,0,0,0,2,2,13
,2018_19566,39.761676,-105.025154,1/24/2018 14:27,14:27,12,0,0,FEDERAL BOULEVARD 3100 NORTH & 32ND AVENUE WEST,1,1,0,0,1,4,,0,30,0,0,0,0,0,2,3,14
,2018_19567,39.769238,-105.025232,8/25/2018 22:04,22:04,3,0,0,38TH AVENUE WEST & FEDERAL BOULEVARD NORTH,1,3,0,0,1,1,,0,35,0,0,0,0,0,2,2,3
,2018_19568,39.7711,-105.025231,4/2/2018 7:51,7:51,12,0,0,FEDERAL BOULEVARD NORTH & 39TH AVENUE WEST,1,1,0,1,1,3,,0,30,0,0,0,0,0,2,3,3
,2018_19631,39.834281,-104.74685,11/3/2018 14:47,14:47,5,0,0,E470 SOUTHBOUND ON LOOP RAMP & PENA BOULEVARD,1,1,1,0,3,8,,0,45,0,0,0,0,0,2,1,3
,2018_19644,39.683642,-104.940412,2/10/2018 17:40,17:40,5,0,0,COLORADO BOULEVARD SOUTH & I25 NORTHBOUND ON RAMP,4,3,1,2,3,1,,0,25,0,0,0,0,0,2,1,7
,2018_19645,39.687326,-104.940544,7/31/2018 13:38,13:38,3,0,2,COLORADO BOULEVARD SOUTH & IOWA AVENUE EAST,1,1,0,0,1,1,,0,35,0,0,0,0,2,2,2,13
,2018_19648,39.713536,-104.940611,4/16/2018 12:01,12:01,12,0,1,COLORADO BOULEVARD 200 BLOCK SOUTH & ALAMEDA AVENUE EAST,1,1,0,0,1,4,,0,35,0,0,0,0,1,2,2,12
,2018_19649,39.726376,-104.940606,9/30/2018 12:00,12:00,6,0,3,COLORADO BOULEVARD 600 BLOCK NORTH & SEVENTH AVENUE EAST,1,1,0,0,1,4,,0,30,0,0,0,0,2,2,9,15
,2018_19650,39.726959,-104.940606,6/29/2018 12:15,12:15,3,0,0,SEVENTH AVENUE EAST  & COLORADO BOULEVARD NORTH,1,1,0,0,1,1,,0,35,0,0,0,0,0,2,2,13
,2018_19651,39.72871,-104.940605,3/29/2018 9:52,9:52,1,0,0,COLORADO BOULEVARD NORTH & EIGHTH AVENUE EAST,1,1,0,0,1,1,,0,35,0,0,0,0,0,2,2,13
,2018_19652,39.731336,-104.940604,8/25/2018 10:40,10:40,12,0,0,COLORADO BOULEVARD 900 BLOCK NORTH & NINTH AVENUE EAST,1,1,0,0,1,4,,0,35,0,0,0,0,0,2,2,13
,2018_19653,39.732941,-104.940604,7/28/2018 18:55,18:55,12,0,0,COLORADO BOULEVARD 1100 NORTH & 11TH AVENUE EAST,1,2,0,0,1,3,,0,30,0,0,0,0,0,2,2,13
,2018_19654,39.734838,-104.940603,11/25/2018 11:12,11:12,3,0,0,COLORADO BOULEVARD NORTH & 12TH AVENUE EAST,5,1,0,0,1,1,,0,25,0,0,0,0,0,2,2,13
,2018_19655,39.736881,-104.940602,7/31/2018 12:30,12:30,3,0,0,COLORADO BOULEVARD NORTH & 13TH AVENUE EAST,1,1,0,0,1,1,,0,35,0,0,0,0,0,2,2,13
,2018_19656,39.738485,-104.940602,2/16/2018 7:23,7:23,3,0,1,COLORADO BOULEVARD & 14TH AVENUE,5,1,0,0,1,1,,0,35,0,0,0,0,1,2,2,13
,2018_19657,39.738485,-104.940602,6/14/2018 18:20,18:20,3,0,0,14TH AVENUE EAST & COLORADO BOULEVARD NORTH,1,2,0,0,1,1,,0,30,0,0,0,0,0,2,2,4
,2018_19658,39.738485,-104.940602,11/29/2018 17:38,17:38,15,0,0,14TH AVENUE EAST & COLORADO BOULEVARD NORTH,1,3,0,0,1,3,,0,40,0,0,0,0,0,2,4,13
,2018_19659,39.74009,-104.940601,7/23/2018 12:22,12:22,12,0,3,COLORADO BOULEVARD 1400 BLOCK NORTH & COLFAX AVENUE EAST,1,1,0,0,1,3,,0,35,0,0,0,0,2,2,4,1
,2018_19660,39.74009,-104.940601,12/15/2018 0:41,0:41,12,0,0,COLORADO BOULEVARD NORTH & COLFAX AVENUE EAST,1,3,0,0,1,3,,0,30,0,0,0,0,0,2,2,1
,2018_19661,39.743592,-104.9406,5/21/2018 7:45,7:45,1,0,1,17TH AVENUE EAST & COLORADO BOULEVARD NORTH,1,1,0,0,1,1,,0,30,0,0,0,0,1,2,2,3
,2018_19662,39.744759,-104.9406,3/24/2018 12:57,12:57,3,0,0,COLORADO BOULEVARD NORTH & 18TH AVENUE EAST,1,1,0,0,1,1,,0,35,0,0,0,0,0,2,2,13
,2018_19663,39.74724,-104.940599,2/23/2018 17:50,17:50,3,0,0,COLORADO BOULEVARD NORTH & MONTVIEW BOULEVARD,1,3,0,0,1,1,,0,35,0,0,0,0,0,2,2,3
,2018_19664,39.754654,-104.94054,3/22/2018 10:35,10:35,15,0,1,COLORADO BOULEVARD 2600 BLOCK NORTH & 26TH AVENUE EAST,1,1,0,0,1,3,,0,35,0,0,0,0,1,2,2,13
,2018_19666,39.76206,-104.94051,10/9/2018 14:36,14:36,15,0,0,COLORADO BOULEVARD 3200 BLOCK NORTH & MLK BOULEVARD EAST,2,1,0,0,1,3,,0,40,0,0,0,0,0,2,2,1
,2018_19667,39.765544,-104.940497,10/4/2018 18:20,18:20,1,0,0,COLORADO BOULEVARD NORTH & 35TH AVENUE EAST,1,1,0,0,1,1,,0,35,0,0,0,0,0,2,2,1
,2018_19668,39.76949,-104.940496,2/14/2018 12:51,12:51,12,0,2,COLORADO BOULEVARD NORTH & 3800 BLOCK,1,1,1,0,1,4,,0,40,0,0,0,0,1,2,4,3
,2018_19669,39.77302,-104.940511,6/7/2018 12:13,12:13,3,0,0,40TH AVENUE EAST & COLORADO BOULEVARD NORTH,1,1,0,0,1,2,,0,35,0,0,0,0,0,2,2,13
,2018_19670,39.77302,-104.940511,7/12/2018 13:45,13:45,15,0,0,COLORADO BOULEVARD NORTH & 40TH AVENUE EAST,1,1,0,0,1,1,,0,40,0,0,0,0,0,2,2,1
,2018_19671,39.77302,-104.940511,9/6/2018 6:17,6:17,1,0,0,COLORADO BOULEVARD NORTH & 40TH AVENUE EAST,1,1,0,0,1,1,,0,40,0,0,0,0,0,2,2,3
,2018_19683,39.725281,-105.012899,9/21/2018 17:25,17:25,15,0,0,I25 & SIXTH AVENUE WEST,1,1,0,0,1,4,,0,55,0,0,0,0,0,1,2,1
,2018_19686,39.725651,-105.05302,10/1/2018 6:42,6:42,12,0,0,SIXTH AVENUE EASTBOUND ON SLIP RAMP MERGE POINT & SHERIDAN BOULEVARD NORTH,1,2,1,0,1,8,,0,40,0,0,0,0,0,2,2,3
,2018_19687,39.725649,-105.052456,9/22/2018 8:03,8:03,12,0,0,SIXTH AVENUE WEST & SHERIDAN BOULEVARD NORTH,1,1,0,0,1,4,,0,65,0,0,0,0,0,2,2,13
,2018_19688,39.725638,-105.050204,5/21/2018 6:14,6:14,12,0,0,SIXTH AVENUE EASTBOUND ENTRANCE GORE POINT & SHERIDAN BOULEVARD NORTH,1,1,1,0,1,8,,0,35,0,0,0,0,0,2,2,13
,2018_19689,39.725541,-105.034897,10/29/2018 7:18,7:18,15,0,0,SIXTH AVENUE WEST & LOWELL BOULEVARD NORTH,1,1,0,0,1,4,,0,50,0,0,0,0,0,2,2,13
,2018_19690,39.725735,-105.033199,6/26/2018 9:16,9:16,12,0,0,SIXTH AVENUE WEST & KNOX COURT,1,1,0,0,1,1,,0,45,0,0,0,0,0,2,3,13
,2018_19691,39.72545,-105.03227,8/9/2018 9:40,9:40,12,0,2,SIXTH AVENUE WEST & KNOX COURT NORTH,1,1,0,0,1,4,,0,55,0,0,0,0,2,2,2,3
,2018_19692,39.725423,-105.029834,9/28/2018 6:41,6:41,12,0,0,SIXTH AVENUE 3600 WEST & FEDERAL BOULEVARD NORTH,1,1,0,0,1,4,,0,55,0,0,0,0,0,2,2,13
,2018_19694,39.725413,-105.023733,11/10/2018 17:18,17:18,12,0,0,SIXTH AVENUE WEST & FEDERAL BOULEVARD NORTH,1,3,0,0,1,4,,0,35,0,0,0,0,0,2,3,13
,2018_19695,39.780055,-104.949721,9/16/2018 10:42,10:42,1,0,0,STEELE STREET NORTH & I70,1,1,0,0,1,1,,0,45,0,0,0,0,0,2,2,13
,2018_19702,39.648054,-104.915406,10/28/2018 5:52,5:52,5,0,0,I25 & MM 201.2,1,3,0,0,3,4,,0,,0,0,0,0,0,1,1,13
,2018_19743,39.717811,-105.004406,12/7/2018 13:04,13:04,12,0,1,I25 & MM 208.50,1,1,0,0,1,4,,0,60,0,0,0,0,1,1,2,1
,2018_19755,39.624671,-104.901906,1/30/2018 17:00,17:00,12,0,0,I25 NORTHBOUND ON RAMP & BELLEVIEW AVENUE EAST,1,3,0,0,1,8,,0,55,0,0,0,0,0,1,2,14
,2018_19756,39.628541,-104.9042,5/31/2018 10:02,10:02,12,0,0,I25 & UNION AVENUE EAST,1,1,0,0,1,4,,0,65,0,0,0,0,0,1,2,3
,2018_19757,39.63819,-104.909573,9/29/2018 18:16,18:16,15,0,0,I25 & MM 200.4,1,1,0,0,1,4,,0,65,0,0,0,0,0,1,3,14
,2018_19758,39.653259,-104.918319,4/1/2018 14:16,14:16,12,0,0,I25 & HAMPDEN AVENUE EAST,1,1,1,0,1,4,,0,65,0,0,0,0,0,1,2,1
,2018_19759,39.653259,-104.918319,6/28/2018 12:25,12:25,12,0,0,I25 & HAMPDEN AVENUE EAST,1,1,0,0,1,4,,0,60,0,0,0,0,0,1,2,13
,2018_19760,39.654029,-104.918684,2/6/2018 15:45,15:45,15,0,0,I25 & HAMPDEN AVENUE EAST,1,1,0,0,1,4,,0,60,0,0,0,0,0,1,2,1
,2018_19761,39.654286,-104.918806,1/21/2018 1:20,1:20,5,0,0,I25 & HAMPDEN AVENUE EAST,2,3,0,1,2,4,,0,50,0,0,0,0,0,1,1,5
,2018_19762,39.661219,-104.921904,9/27/2018 9:45,9:45,12,0,0,I25 & MM 202.2,1,1,0,0,1,4,,0,65,0,0,0,0,0,1,3,3
,2018_19763,39.725281,-105.012899,11/19/2018 9:25,9:25,15,0,0,I25 & SIXTH AVENUE WEST,1,1,1,0,1,4,,0,60,0,0,0,0,0,1,2,13
,2018_19764,39.667623,-104.925611,10/24/2018 8:40,8:40,12,0,0,I25 & YALE AVENUE EAST,1,1,0,0,1,4,,0,55,0,0,0,0,0,1,3,13
,2018_19765,39.668067,-104.92591,10/16/2018 20:25,20:25,12,0,0,I25 & YALE AVENUE EAST,1,3,1,0,1,4,,0,40,0,0,0,0,0,1,2,13
,2018_19766,39.678367,-104.933559,2/20/2018 15:38,15:38,12,0,0,I25 & EVANS AVENUE EAST,1,1,0,0,1,4,,0,50,0,0,0,0,0,1,2,13
,2018_19767,39.683094,-104.940452,6/11/2018 14:45,14:45,15,0,0,I25 & COLORADO BOULEVARD SOUTH,1,1,1,0,1,4,,0,,0,0,0,0,0,1,2,13
,2018_19768,39.683129,-104.940605,1/14/2018 11:31,11:31,12,0,0,I25 NORTHBOUND ON RAMP SLIP & COLORADO BOULEVARD SOUTH,1,1,1,0,1,8,,0,30,0,0,0,0,0,1,2,3
,2018_19769,39.684158,-104.944536,9/24/2018 9:05,9:05,15,0,0,I25 & COLORADO BOULEVARD SOUTH,1,1,1,0,1,4,,0,30,0,0,0,0,0,1,2,13
,2018_19770,39.684905,-104.954871,9/30/2018 13:00,13:00,15,0,0,I25 & UNIVERSITY BOULEVARD SOUTH,1,1,1,0,1,4,,0,60,0,0,0,0,0,1,3,13
,2018_19772,39.69219,-104.976782,6/22/2018 14:13,14:13,12,0,0,I25 & EMERSON STREET SOUTH,1,1,1,0,1,4,,0,55,0,0,0,0,0,1,3,13
,2018_19773,39.694339,-104.979144,7/11/2018 8:15,8:15,12,0,0,I25 & WASHINGTON STREET SOUTH,1,1,0,0,1,4,,0,55,0,0,0,0,0,1,2,13
,2018_19774,39.699896,-104.985497,1/20/2018 4:52,4:52,5,0,0,I25 SOUTHBOUND EXIT GORE POINT & WASHINGTON STREET SOUTH / LOUISIANA AVENUE,1,3,0,0,3,4,,0,50,0,0,0,0,0,1,1,13
,2018_19775,39.699896,-104.985497,7/20/2018 16:03,16:03,15,0,0,I25 & BROADWAY SOUTH,1,1,1,0,1,4,,0,65,0,0,0,0,0,1,2,14
,2018_19776,39.701466,-104.987451,10/25/2018 2:00,2:00,1,0,0,BROADWAY SOUTH & I25 SOUTHBOUND RAMPS,1,3,0,0,1,1,,0,30,0,0,0,0,0,1,2,2
,2018_19777,39.711525,-104.999094,1/24/2018 20:20,20:20,15,0,0,I25 & ALAMEDA AVENUE WEST,1,3,0,0,1,8,,0,55,0,0,0,0,0,1,2,13
,2018_19778,39.711525,-104.999094,8/1/2018 14:21,14:21,12,0,0,I25 & ALAMEDA AVENUE WEST,1,1,1,0,1,4,,0,55,0,0,0,0,0,1,3,13
,2018_19779,39.711525,-104.999094,9/30/2018 13:23,13:23,12,0,0,I25 & ALAMEDA AVENUE WEST,1,1,0,0,1,4,,0,55,0,0,0,0,0,1,3,3
,2018_19780,39.714528,-105.00093,10/4/2018 7:40,7:40,15,0,0,I25 SOUTHBOUND EXIT GORE POINT & ALAMEDA AVENUE WEST,1,1,0,0,1,4,,0,55,0,0,0,0,0,1,2,13
,2018_19781,39.714925,-105.00119,1/11/2018 11:56,11:56,12,0,0,I25 & ALAMEDA AVENUE WEST,1,1,0,0,1,4,,0,55,0,0,0,0,0,1,2,13
,2018_19782,39.714925,-105.00119,4/24/2018 9:44,9:44,12,0,0,I25 & ALAMEDA AVENUE WEST,2,1,0,1,1,4,,0,55,0,0,0,0,0,1,2,13
,2018_19783,39.717811,-105.004406,7/7/2018 23:22,23:22,12,0,0,I25 & MM 208,1,3,0,0,1,4,,0,55,0,0,0,0,0,1,2,13
,2018_19784,39.72244,-105.009858,1/4/2018 19:34,19:34,12,0,0,I25 & SIXTH AVENUE WEST,1,4,0,0,1,4,,0,55,0,0,0,0,0,1,3,1
,2018_19785,39.725048,-105.01273,2/4/2018 16:30,16:30,12,0,0,I25 & SIXTH AVENUE WEST,1,1,0,0,1,4,,0,65,0,0,0,0,0,1,2,1
,2018_19786,39.725281,-105.012899,1/13/2018 15:28,15:28,12,0,0,I25 & SIXTH AVENUE WEST,1,1,0,0,1,4,,0,55,0,0,0,0,0,1,2,13
,2018_19787,39.725281,-105.012899,4/3/2018 7:06,7:06,12,0,0,I25 & SIXTH AVENUE WEST,1,1,0,0,1,4,,0,55,0,0,0,0,0,1,3,3
,2018_19788,39.725281,-105.012899,5/25/2018 23:03,23:03,12,0,0,I25 & SIXTH AVENUE WEST,1,3,1,0,1,4,,0,55,0,0,0,0,0,1,2,13
,2018_19789,39.725398,-105.012983,11/28/2018 13:49,13:49,12,0,1,I25 NORTHBOUND OFF RAMP & SIXTH AVENUE WEST,1,1,1,0,1,8,,0,55,0,0,0,0,1,1,3,13
,2018_19790,39.725398,-105.012983,6/17/2018 17:14,17:14,12,0,0,I25 SOUTHBOUND OFF RAMP & SIXTH AVENUE WEST,2,1,0,1,1,8,,0,65,0,0,0,0,0,1,2,13
,2018_19791,39.725747,-105.013236,3/9/2018 20:19,20:19,12,0,0,I25 & SIXTH AVENUE WEST,1,3,0,0,1,4,,0,55,0,0,0,0,0,1,2,13
,2018_19792,39.72632,-105.013601,8/24/2018 18:55,18:55,15,0,0,I25 SOUTHBOUND OFF RAMP & SIXTH AVENUE WEST,1,1,1,0,1,8,,0,65,0,0,0,0,0,1,2,1
,2018_19793,39.726611,-105.013753,10/26/2018 15:56,15:56,15,0,0,I25 NORTHBOUND ON RAMP SPLIT GORE POINT & SIXTH AVENUE WEST,1,1,1,0,1,8,,0,55,0,0,0,0,0,1,2,13
,2018_19794,39.740257,-105.013939,4/19/2018 16:04,16:04,12,0,0,I25 & COLFAX AVENUE,1,1,0,0,1,4,,0,55,0,0,0,0,0,1,2,13
,2018_19795,39.740257,-105.013939,7/18/2018 16:16,16:16,12,0,0,I25 & COLFAX AVENUE WEST,1,1,1,0,1,4,,0,55,0,0,0,0,0,1,2,13
,2018_19796,39.740455,-105.013961,12/8/2018 0:13,0:13,12,0,0,I25 & COLFAX AVENUE INTCH,1,3,0,0,1,4,,0,55,0,0,0,0,0,1,2,14
,2018_19797,39.749701,-105.017257,12/28/2018 17:50,17:50,12,0,1,I25 & 23RD AVENUE WEST NORTHBOUND EXIT GORE,1,3,0,0,1,4,,0,55,0,0,0,0,1,1,2,13
,2018_19798,39.750434,-105.016948,10/3/2018 16:01,16:01,15,0,0,I25 & 20TH STREET OFFSET REFERENCE),1,1,0,0,1,4,,0,55,0,0,0,0,0,1,2,12
,2018_19799,39.751555,-105.016422,10/20/2018 16:20,16:20,15,0,0,I25 & 23RD AVENUE WEST,1,1,0,0,1,4,,0,55,0,0,0,0,0,1,2,13
,2018_19800,39.753015,-105.015359,4/23/2018 16:17,16:17,15,0,0,I25 NORTHBOUND MERGE LANE & 23RD AVENUE WEST,1,1,1,0,1,4,,0,55,0,0,0,0,0,1,2,13
,2018_19801,39.755118,-105.012754,3/20/2018 15:56,15:56,12,0,0,I25 & SPEER BOULEVARD NORTH,1,1,1,0,1,4,,0,55,0,0,0,0,0,1,2,3
,2018_19803,39.755118,-105.012754,3/25/2018 11:41,11:41,12,0,0,I25 & SPEER BOULEVARD NORTH,1,1,0,0,1,4,,0,65,0,0,0,0,0,1,2,1
,2018_19804,39.755118,-105.012754,7/28/2018 14:10,14:10,12,0,0,I25 & SPEER BOULEVARD,1,1,0,0,1,4,,0,,0,0,0,0,0,1,2,13
,2018_19805,39.755118,-105.012754,7/17/2018 10:41,10:41,12,0,0,SPEER BOULEVARD NORTH & I25,1,1,0,0,1,4,,0,35,0,0,0,0,0,1,2,14
,2018_19806,39.776439,-104.98921,7/31/2018 11:55,11:55,12,0,1,I25 & 44TH AVENUE WEST,1,1,1,0,1,4,,0,65,0,0,0,0,1,1,2,13
,2018_19807,39.756438,-105.01092,3/22/2018 6:42,6:42,12,0,0,I25 & SPEER BOULEVARD SOUTHBOUND EXIT GORE APPROXIMATELY,1,1,0,0,1,4,,0,55,0,0,0,0,0,1,2,14
,2018_19808,39.758428,-105.00819,10/19/2018 20:52,20:52,15,0,0,I25 SOUTHBOUND ON RAMP ENTRANCE GORE POINT & 20TH STREET,1,3,0,0,1,8,,0,55,0,0,0,0,0,1,2,3
,2018_19809,39.760997,-105.004271,2/9/2018 18:45,18:45,12,0,0,I25 & 20TH STREET,2,3,0,2,1,4,,0,55,0,0,0,0,0,1,2,13
,2018_19810,39.760997,-105.004271,4/10/2018 16:03,16:03,12,0,0,I25 & 20TH STREET,1,1,0,0,1,4,,0,55,0,0,0,0,0,1,2,1
,2018_19811,39.760997,-105.004271,5/27/2018 22:53,22:53,12,0,0,I25 & 20TH STREET,1,3,1,0,1,4,,0,55,0,0,0,0,0,1,2,3
,2018_19813,39.763481,-105.001802,3/30/2018 11:42,11:42,12,0,0,I25 & 20TH STREET SOUTHBOUND OFF RAMP,1,1,0,0,1,4,,0,55,0,0,0,0,0,1,2,14
,2018_19814,39.768049,-104.994761,3/18/2018 16:09,16:09,5,0,1,I25 & PARK AVENUE WEST,1,1,0,0,3,4,,0,65,0,0,0,0,1,1,1,1
,2018_19815,39.768049,-104.994761,5/30/2018 14:05,14:05,12,0,2,I25 & PARK AVENUE WEST,1,1,0,0,1,4,,0,55,0,0,0,0,1,1,2,3
,2018_19816,39.768049,-104.994761,6/7/2018 21:00,21:00,12,0,0,I25 & PARK AVENUE WEST,1,3,0,0,1,4,,0,50,0,0,0,0,0,1,3,13
,2018_19817,39.768049,-104.994761,9/12/2018 9:53,9:53,12,0,0,I25 & PARK AVENUE WEST,1,1,0,0,1,4,,0,55,0,0,0,0,0,1,2,13
,2018_19818,39.768049,-104.994761,10/6/2018 19:14,19:14,15,0,0,I25 NORTHBOUND RAMPS & PARK AVENUE WEST,1,1,0,0,1,1,,0,35,0,0,0,0,0,1,2,1
,2018_19819,39.768522,-104.993732,11/9/2018 15:10,15:10,5,0,1,I25 NORTHBOUND ON RAMP & PARK AVENUE WEST,1,1,1,0,2,8,,0,55,0,0,0,0,1,1,1,4
,2018_19820,39.775108,-104.989235,8/14/2018 21:45,21:45,15,0,0,I25 & 44TH AVENUE WEST,1,3,0,0,1,4,,0,,0,0,0,0,0,1,2,13
,2018_19821,39.776439,-104.98921,7/20/2018 13:16,13:16,12,0,1,I25 & 44TH AVENUE WEST,1,1,1,0,1,4,,0,65,0,0,0,0,2,1,2,13
,2018_19874,39.653096,-104.901445,12/27/2018 14:47,14:47,1,0,0,HAMPDEN AVENUE 7500 BLOCK EAST & POPLAR STREET SOUTH,1,1,0,0,1,2,,0,40,0,0,0,0,0,2,2,7
,2018_19875,39.653077,-104.898434,6/24/2018 19:40,19:40,15,0,0,HAMPDEN AVENUE 8000 BLOCK EAST & TAMARAC DRIVE SOUTH,1,2,0,0,1,3,,0,40,0,0,0,0,0,2,2,3
,2018_19877,39.653078,-104.897138,5/29/2018 11:18,11:18,12,0,1,HAMPDEN AVENUE 8000 BLOCK EAST & TAMARAC DRIVE SOUTH,1,1,1,0,1,4,,0,45,0,0,0,0,1,2,3,13
,2018_19878,39.65302,-104.876313,5/17/2018 0:22,0:22,12,0,0,HAMPDEN AVENUE EAST & DAYTON STREET SOUTH,1,3,0,0,1,4,,0,45,0,0,0,0,0,2,2,5
,2018_19879,39.658126,-104.866368,4/23/2018 10:27,10:27,3,0,0,HAVANA STREET 2700 BLOCK SOUTH & YALE AVENUE EAST,1,1,0,0,1,2,,0,40,0,0,0,0,0,2,2,13