id,drcog_id,latitude,longitude,crashtime,time,crashtype,numbkilled,numbinjurd,drcoglocat,rdconditin,lightngcon,roadcntgrd,weatherco,location,roaddescrp,schoolzone,constrzone,splimit,bikeinv,pedinv,sctrinv,motoinv,svrty,rdsystem,ttlvehcls,hcf
,2018_19881,39.653021,-104.876684,8/29/2018 7:33,7:33,12,0,1,HAMPDEN AVENUE 9300 BLOCK EAST & DAYTON STREET SOUTH,1,1,0,0,1,4,,0,45,0,0,0,0,1,2,4,13
,2018_19942,39.740334,-105.045999,2/20/2018 7:01,7:01,12,0,0,COLFAX AVENUE WEST & VRAIN STREET NORTH,4,1,0,2,1,4,,0,35,0,0,0,0,0,2,2,13
,2018_19943,39.740028,-105.002766,1/20/2018 9:45,9:45,15,0,0,COLFAX AVENUE WEST & MARIPOSA STREET NORTH,1,1,0,0,1,1,,0,30,0,0,0,0,0,2,2,12
,2018_19944,39.740048,-104.999933,7/2/2018 17:40,17:40,3,0,0,KALAMATH STREET NORTH & COLFAX AVENUE EAST,1,1,0,0,1,1,,0,30,0,0,0,0,0,2,2,12
,2018_19945,39.740042,-104.998686,10/20/2018 19:00,19:00,12,0,0,COLFAX AVENUE WEST 600 BLOCK & SPEER BOULEVARD,1,3,0,0,1,3,,0,30,0,0,0,0,0,2,2,13
,2018_19946,39.740013,-104.993072,7/20/2018 16:30,16:30,12,0,2,COLFAX AVENUE WEST & DELAWARE STREET NORTH,1,1,0,0,1,4,,0,35,0,0,0,0,1,2,2,13
,2018_19947,39.739999,-104.990369,2/8/2018 20:29,20:29,15,0,0,COLFAX AVENUE WEST & BANNOCK STREET NORTH,1,3,0,0,1,1,,0,30,0,0,0,0,0,2,2,1
,2018_19948,39.740058,-104.98579,9/4/2018 10:24,10:24,12,0,1,COLFAX AVENUE & LINCOLN AVENUE NORTH,1,1,1,0,1,3,,0,30,0,0,0,0,1,2,2,13
,2018_19949,39.740041,-104.983728,2/13/2018 0:34,0:34,12,0,0,GRANT STREET NORTH & COLFAX AVENUE EAST,1,3,0,0,1,1,,0,30,0,0,0,0,0,2,2,1
,2018_19950,39.740028,-104.982228,7/2/2018 9:10,9:10,1,0,1,COLFAX AVENUE EAST & LOGAN STREET NORTH,1,1,0,0,1,1,,0,30,0,0,0,1,2,2,2,14
,2018_19951,39.740158,-104.949366,5/9/2018 21:50,21:50,3,0,0,STEELE STREET NORTH  & COLFAX AVENUE EAST,1,3,0,0,1,1,,0,30,0,0,0,0,0,2,2,13
,2018_19952,39.740076,-104.929466,4/4/2018 13:57,13:57,12,0,0,COLFAX AVENUE 5100 BLOCK EAST & ELM STREET EAST,1,1,0,0,1,4,,0,35,0,0,0,0,0,2,2,3
,2018_19953,39.740082,-104.913683,11/9/2018 13:26,13:26,15,0,0,COLFAX AVENUE 6400 BLOCK EAST & LOCUST STREET NORTH,1,1,0,0,1,4,,0,35,0,0,0,0,0,2,2,1
,2018_19954,39.740082,-104.912743,12/11/2018 10:18,10:18,3,0,0,COLFAX AVENUE EAST & MONACO STREET NORTH,1,1,0,0,1,1,,0,30,0,0,0,0,0,2,3,8
,2018_19981,39.700553,-105.025082,11/20/2018 18:17,18:17,12,0,0,FEDERAL BOULEVARD SOUTH & KENTUCKY AVENUE WEST,1,3,0,0,1,3,,0,35,0,0,0,0,0,2,2,13
,2018_20005,39.783687,-105.04473,10/6/2018 2:45,2:45,15,0,0,I70 & SHERIDAN BOULEVARD NORTH,2,3,0,1,1,4,,0,55,0,0,0,0,0,1,2,13
,2018_20006,39.783526,-105.043893,10/17/2018 16:40,16:40,5,0,1,I70 & TENNYSON STREET NORTH,1,1,1,0,2,4,,0,55,0,0,0,0,1,1,1,12
,2018_20008,39.783466,-105.036672,11/29/2018 17:35,17:35,12,0,0,I70 & FEDERAL BOULEVARD NORTH,1,3,0,0,1,4,,0,55,0,0,0,0,0,1,2,13
,2018_20009,39.783357,-105.034655,6/6/2018 15:08,15:08,12,0,0,I70 & LOWELL BOULEVARD NORTH,1,1,1,0,1,4,,0,55,0,0,0,0,0,1,2,13
,2018_20010,39.784195,-105.025519,4/10/2018 7:20,7:20,12,0,0,I70 & FEDERAL BOULEVARD NORTH,1,1,0,0,1,4,,0,55,0,0,0,0,0,1,2,7
,2018_20011,39.784195,-105.025519,9/11/2018 8:19,8:19,12,0,0,I70 & FEDERAL BOULEVARD NORTH,1,1,0,0,1,4,,0,65,0,0,0,0,0,1,2,7
,2018_20012,39.783149,-105.006371,2/13/2018 6:41,6:41,12,0,0,I70 & PECOS STREET NORTH,1,1,0,0,1,4,,0,55,0,0,0,0,0,1,4,7
,2018_20013,39.783149,-105.006371,5/18/2018 20:40,20:40,3,0,0,PECOS STREET NORTH & 48TH AVENUE WEST ROUNDABOUT,1,3,0,0,1,6,,0,15,0,0,0,0,0,1,2,1
,2018_20015,39.783157,-105.006163,6/28/2018 8:47,8:47,12,0,1,I70 & PECOS STREET,1,1,0,0,1,4,,0,55,0,0,0,0,1,1,3,14
,2018_20016,39.783157,-105.006163,10/15/2018 14:09,14:09,15,0,0,I70 & PECOS STREET NORTH,1,1,3,0,1,4,,0,55,0,0,0,0,0,1,2,12
,2018_20017,39.783208,-105.005571,2/17/2018 15:00,15:00,5,0,0,I70 & PECOS STREET NORTH,1,1,1,0,3,4,,0,55,0,0,0,0,0,1,1,1
,2018_20018,39.781855,-104.996453,10/19/2018 11:23,11:23,12,0,1,I70 WB MERGE LANE FROM & I25 SOUTHBOUND,1,1,0,0,1,4,,0,65,0,0,0,0,1,1,3,13
,2018_20019,39.781132,-104.99389,4/27/2018 22:44,22:44,15,0,0,I70 EASTBOUND OFF RAMP GORE & I25 SOUTHBOUND,1,3,0,0,1,8,,0,,0,0,0,0,0,1,2,13
,2018_20021,39.781089,-104.993739,1/29/2018 17:12,17:12,12,0,0,I70 EASTBOUND OFF RAMP TO & I25 SOUTHBOUND,1,1,1,0,1,8,,0,45,0,0,0,0,0,1,2,13
,2018_20022,39.780024,-104.989219,2/1/2018 20:58,20:58,5,0,0,I70 WB LOOP RAMP ON & I25 NORTHBOUND INTCH,1,3,1,0,2,8,,0,40,0,0,0,0,0,1,1,7
,2018_20023,39.78123,-104.988758,2/13/2018 23:09,23:09,5,0,0,I70 WB / EASTBOUND RAMP SPLIT APPROXIMATELY & I25 RAMP OFF END,1,4,1,0,3,8,,0,45,0,0,0,0,0,1,1,1
,2018_20024,39.779441,-104.979019,7/18/2018 16:49,16:49,12,0,0,I70 & WASHINGTON STREET NORTH,1,1,0,0,1,4,,0,55,0,0,0,0,0,1,2,13
,2018_20025,39.779441,-104.979019,8/3/2018 8:42,8:42,12,0,0,I70 & WASHINGTON STREET NORTH,1,1,0,0,1,4,,0,55,0,0,0,0,0,1,3,13
,2018_20026,39.779441,-104.979019,8/3/2018 14:30,14:30,10,0,0,WASHINGTON STREET 4500 BLOCK & I70 EASTBOUND RAMPS,1,1,0,0,1,1,,0,35,0,0,0,0,0,1,2,13
,2018_20027,39.780012,-104.959789,3/4/2018 21:27,21:27,15,0,0,I70 & YORK STREET NORTH,1,3,0,0,1,4,,0,,0,0,0,0,0,1,2,13
,2018_20028,39.780012,-104.959789,8/6/2018 6:21,6:21,12,0,0,I70 & YORK STREET NORTH,1,1,0,0,1,4,,0,55,0,0,0,0,0,1,2,13
,2018_20029,39.780014,-104.952422,1/6/2018 12:54,12:54,12,0,0,I70 WB ON RAMP & STEELE STREET NORTH,1,1,0,0,1,8,,0,55,0,0,0,0,0,1,2,13
,2018_20030,39.780003,-104.950521,3/21/2018 6:34,6:34,12,0,0,I70 & VASQUEZ BOULEVARD,1,1,0,0,1,4,,0,55,0,0,0,0,0,1,4,1
,2018_20032,39.779997,-104.949571,9/5/2018 6:49,6:49,12,0,0,I70 & STEELE STREET NORTH,1,1,0,0,1,4,,0,55,0,0,0,0,0,1,2,13
,2018_20033,39.779946,-104.94044,11/11/2018 15:48,15:48,5,0,0,I70 & COLORADO BOULEVARD NORTH,4,1,0,2,1,4,,0,55,0,0,0,0,0,1,2,1
,2018_20034,39.780032,-104.931784,8/3/2018 17:29,17:29,12,0,0,I70 & DAHLIA STREET NORTH,2,1,1,0,1,4,,0,55,0,0,0,0,0,1,2,2
,2018_20035,39.778288,-104.913295,10/18/2018 13:59,13:59,15,0,0,I70 & MONACO STREET NORTH,1,1,0,0,1,4,,0,55,0,0,0,0,0,1,2,13
,2018_20036,39.778289,-104.912566,6/1/2018 13:01,13:01,15,0,0,I70 & MONACO STREET NORTH,1,1,0,0,1,4,,0,55,0,0,0,0,0,1,2,13
,2018_20037,39.778292,-104.90801,8/17/2018 14:35,14:35,15,0,0,I70 & QUEBEC STREET NORTH,1,1,0,0,1,4,,0,55,0,0,0,0,0,1,2,13
,2018_20038,39.778293,-104.907099,1/18/2018 15:30,15:30,12,0,0,I70 & NORTHFIELD QUEBEC NORTH,1,2,0,0,1,4,,0,55,0,0,0,0,0,1,2,13
,2018_20039,39.778295,-104.903454,6/20/2018 7:02,7:02,12,0,0,I70 & QUEBEC STREET NORTH APPROXIMATELY,1,1,0,0,1,4,,0,65,0,0,0,0,0,1,2,1
,2018_20040,39.778295,-104.903089,4/28/2018 12:30,12:30,12,0,0,I70 WB OFF RAMP & NORTHFIELD QUEBEC NORTH,1,1,0,0,1,8,,0,10,0,0,0,0,0,1,2,13
,2018_20041,39.778296,-104.902543,3/9/2018 23:43,23:43,5,0,0,I70 & QUEBEC STREET NORTH,1,3,0,0,2,4,,0,65,0,0,0,0,0,1,1,5
,2018_20042,39.778296,-104.902361,5/9/2018 6:54,6:54,12,0,0,WESTBOUND I70 & QUEBEC STREET NORTH,1,1,1,0,1,4,,0,55,0,0,0,0,0,1,2,13
,2018_20043,39.778267,-104.896651,11/6/2018 13:32,13:32,12,0,0,I70 & QUEBEC STREET NORTH,1,1,0,0,1,4,,0,55,0,0,0,0,0,1,2,13
,2018_20044,39.777174,-104.88333,10/3/2018 12:53,12:53,3,0,0,I70 & CENTRAL PARK BOULEVARD NORTH,1,1,1,0,1,1,,0,35,0,0,0,0,0,1,3,3
,2018_20045,39.777157,-104.883141,1/19/2018 16:14,16:14,12,0,0,I70 WB RAMP ON & CENTRAL PARK BOULEVARD,1,2,1,0,1,8,,0,55,0,0,0,0,0,1,2,3
,2018_20046,39.77707,-104.882198,1/2/2018 18:30,18:30,15,0,0,I70 & CENTRAL PARK BOULEVARD,1,1,0,0,1,4,,0,55,0,0,0,0,0,1,2,3
,2018_20047,39.776706,-104.878237,3/1/2018 7:37,7:37,12,0,0,I70 & CENTRAL PARK BOULEVARD,1,1,0,0,1,4,,0,55,0,0,0,0,0,1,2,13
,2018_20048,39.775573,-104.865095,3/16/2018 7:05,7:05,12,0,0,I70 & HAVANA STREET NORTH,1,1,0,0,1,4,,0,65,0,0,0,0,0,1,2,3
,2018_20050,39.774015,-104.846978,9/19/2018 6:18,6:18,12,0,1,I70 EASTBOUND OFF SLIP RAMP & PEORIA STREET NORTH,1,2,1,0,1,8,,0,35,0,0,0,0,1,1,2,14
,2018_20051,39.773999,-104.846793,7/16/2018 9:30,9:30,12,0,0,I70 & PEORIA STREET NORTH INTCH APPROXIMATELY,1,1,0,0,1,4,,0,,0,0,0,0,0,1,2,13
,2018_20053,39.773999,-104.846793,7/23/2018 6:44,6:44,12,0,0,I70 & PEORIA STREET NORTH INTCH,1,1,0,0,1,4,,0,55,0,0,0,0,0,1,2,13
,2018_20083,39.740257,-105.013939,4/26/2018 15:24,15:24,12,0,0,I25 & COLFAX AVENUE WEST,1,1,0,0,1,4,,0,,0,0,0,0,0,1,2,13
,2018_20136,39.696472,-104.897857,2/3/2018 10:20,10:20,15,0,0,PARKER ROAD SOUTH & MISSISSIPPI AVENUE EAST,1,1,0,0,1,4,,0,40,0,0,0,0,0,2,2,2
,2018_20137,39.698869,-104.904295,12/26/2018 14:25,14:25,12,0,0,LEETSDALE DRIVE & QUEBEC STREET SOUTH / 7100 BLOCK,1,1,0,0,1,2,,0,35,0,0,0,0,0,2,2,13
,2018_20139,39.700074,-104.907673,4/25/2018 14:09,14:09,15,0,0,LEETSDALE DRIVE & ONEIDA STREET SOUTH,1,1,0,0,1,4,,0,30,0,0,0,0,0,2,2,13
,2018_20140,39.702954,-104.912867,3/19/2018 15:31,15:31,12,0,0,LEETSDALE DRIVE & MONACO PARKWAY,1,1,1,0,1,1,,0,35,0,0,0,0,0,2,3,13
,2018_20141,39.705308,-104.917571,5/25/2018 16:25,16:25,12,0,0,LEETSDALE DRIVE & 6100 BLOCK,1,1,0,0,1,4,,0,35,0,0,0,0,0,2,2,7
,2018_20142,39.70786,-104.925618,4/9/2018 8:54,8:54,12,0,0,LEETSDALE DRIVE & 5301 LEETSDALE AVENUE,1,1,0,0,1,4,,0,35,0,0,0,0,0,2,3,13
,2018_20143,39.71111,-104.936218,9/10/2018 15:48,15:48,12,0,0,LEETSDALE DRIVE & ALAMEDA AVENUE EAST,1,1,0,0,1,3,,0,35,0,0,0,0,0,2,2,13
,2018_20156,39.734352,-105.025172,11/26/2018 15:23,15:23,15,0,0,FEDERAL BOULEVARD & 1100 BLOCK NORTH,1,1,0,0,1,4,,1,30,0,0,0,0,0,2,2,3
,2018_20166,39.678723,-104.993237,5/15/2018 23:45,23:45,12,0,1,SANTA FE DRIVE SOUTH & EVANS AVENUE WEST,1,3,0,0,1,4,,0,45,0,0,0,0,1,2,2,5
,2018_20167,39.681572,-104.992304,6/4/2018 4:57,4:57,12,0,0,SANTA FE DRIVE SOUTH & JEWELL AVENUE WEST,1,1,0,0,1,4,,0,55,0,0,0,0,0,2,2,1
,2018_20168,39.687062,-104.991947,4/17/2018 11:50,11:50,12,0,0,SANTA FE DRIVE SOUTH & IOWA AVENUE WEST / 1600 BLOCK SOUTH,1,1,0,0,1,4,,0,45,0,0,0,0,0,2,2,7
,2018_20169,39.696596,-104.991902,8/27/2018 23:40,23:40,12,0,1,SANTA FE DRIVE SOUTH & MISSISSIPPI AVENUE WEST,1,3,0,0,1,4,,0,35,0,0,0,0,1,2,2,13
,2018_20170,39.696679,-104.991877,5/17/2018 15:04,15:04,1,0,0,SANTA FE DRIVE SOUTH & MISSISSIPPI AVENUE WEST,1,1,0,0,1,1,,0,30,0,0,0,0,0,2,2,7
,2018_20171,39.696763,-104.991852,4/10/2018 9:26,9:26,15,0,0,PLATTE RIVER DRIVE SOUTH  & MISSISSIPPI AVENUE WEST,1,1,0,0,1,4,,0,45,0,0,0,0,0,2,2,13
,2018_20172,39.698766,-104.991856,1/10/2018 6:50,6:50,15,0,0,SANTA FE DRIVE SOUTH & MISSISSIPPI AVENUE WEST,1,3,0,0,1,4,,0,35,0,0,0,0,0,2,2,13
,2018_20173,39.707495,-104.996359,2/12/2018 9:00,9:00,12,0,0,SANTA FE DRIVE SOUTH & VIRGINIA AVENUE WEST OFFSET REF/ NOT IN CORIS,1,1,0,0,1,4,,0,45,0,0,0,0,0,2,2,7
,2018_20183,39.729284,-105.025154,2/2/2018 10:13,10:13,12,0,0,FEDERAL BOULEVARD NORTH & EIGHTH AVENUE WEST,1,1,0,0,1,3,,0,35,0,0,0,0,0,2,2,13
,2018_20185,39.724876,-105.025125,1/11/2018 14:30,14:30,12,0,2,FEDERAL BOULEVARD NORTH & SIXTH AVENUE WEST,1,1,0,0,1,1,,0,30,0,0,0,0,1,2,2,13
,2018_20186,39.724756,-105.025125,8/10/2018 7:03,7:03,3,0,0,SIXTH AVENUE EASTBOUND OFF RAMP & FEDERAL BOULEVARD NORTH,1,1,0,0,1,1,,0,35,0,0,0,0,0,2,3,3
,2018_20187,39.723656,-105.025158,6/9/2018 17:18,17:18,3,0,0,FEDERAL BOULEVARD NORTH & FIFTH AVENUE WEST,1,1,0,0,1,1,,0,35,0,0,0,0,0,2,2,13
,2018_20188,39.710955,-105.025089,1/14/2018 21:59,21:59,12,0,2,FEDERAL BOULEVARD SOUTH & ALAMEDA AVENUE WEST,1,3,1,0,1,4,,0,40,0,0,0,0,1,2,2,1
,2018_20189,39.70849,-105.025081,1/27/2018 13:12,13:12,3,0,0,FEDERAL BOULEVARD SOUTH & ALASKA PLACE WEST,1,1,0,0,1,1,,0,35,0,0,0,0,0,2,2,13
,2018_20190,39.704449,-105.025089,2/10/2018 10:29,10:29,12,0,0,FEDERAL BOULEVARD 600 BLOCK SOUTH & EXPOSITION AVENUE WEST,5,1,1,2,1,4,,0,35,0,0,0,0,0,2,2,13
,2018_20191,39.703413,-105.02508,7/4/2018 14:19,14:19,12,0,0,FEDERAL BOULEVARD 700 BLOCK SOUTH & EXPOSITION AVENUE WEST,1,1,0,0,1,4,,0,40,0,0,0,0,0,2,2,13
,2018_20192,39.695244,-105.025065,11/29/2018 8:24,8:24,12,0,2,FEDERAL BOULEVARD 100 BLOCK SOUTH & ARIZONA AVENUE WEST,1,1,0,0,1,4,,0,35,0,0,0,0,1,2,3,13
,2018_20193,39.684925,-105.025026,4/15/2018 14:51,14:51,12,0,0,FEDERAL BOULEVARD SOUTH & COLORADO AVENUE WEST,1,1,0,0,1,4,,0,40,0,0,0,0,0,2,2,3
,2018_20194,39.682275,-105.025016,8/24/2018 23:00,23:00,15,0,0,FEDERAL BOULEVARD SOUTH & JEWELL AVENUE WEST,1,3,0,0,1,1,,0,35,0,0,0,0,0,2,2,1
,2018_20196,39.678484,-105.025036,3/23/2018 14:27,14:27,12,0,0,FEDERAL BOULEVARD SOUTH & EVANS AVENUE WEST,1,1,0,0,1,3,,0,40,0,0,0,0,0,2,2,3
,2018_20198,39.660488,-105.025192,12/17/2018 18:38,18:38,12,0,0,FEDERAL BOULEVARD & DARTMOUTH AVENUE WEST,1,3,1,0,1,4,,0,40,0,0,0,0,0,2,3,3
,2018_20229,39.655095,-105.053188,6/17/2018 10:15,10:15,12,0,0,SHERIDAN BOULEVARD SOUTH & DARTMOUTH AVENUE WEST,1,1,0,0,1,1,,0,40,0,0,0,0,0,2,2,13
,2018_20230,39.655522,-105.053215,2/2/2018 18:21,18:21,1,0,2,SHERIDAN BOULEVARD SOUTH & DARTMOUTH AVENUE WEST,1,3,0,0,1,1,,0,35,0,0,0,0,2,2,2,3
,2018_20231,39.659744,-105.053234,3/30/2018 13:04,13:04,5,0,0,SHERIDAN BOULEVARD & CORNELL AVENUE WEST,1,1,0,0,3,4,,0,35,0,0,0,0,0,2,1,7
,2018_20232,39.675801,-105.053265,1/21/2018 14:30,14:30,5,0,0,SHERIDAN BOULEVARD 2100 BLOCK SOUTH & WARREN AVENUE WEST,4,1,0,2,2,4,,0,40,0,0,0,0,0,2,1,13
,2018_20233,39.679091,-105.053268,9/16/2018 11:31,11:31,1,0,1,SHERIDAN BOULEVARD SOUTH & EVANS AVENUE WEST,1,1,0,0,1,1,,0,40,0,0,0,0,2,2,2,13
,2018_20274,39.617439,-105.091118,12/17/2018 13:43,13:43,12,0,1,WADSWORTH BOULEVARD SOUTH & CRESTLINE AVENUE WEST,1,1,1,0,1,4,,0,35,0,0,0,0,1,2,2,13
,2018_20334,39.630502,-104.905067,1/22/2018 7:15,7:15,15,0,0,I225 SOUTHBOUND OFF RAMP & I25,2,1,0,0,1,8,,0,45,0,0,0,0,0,1,2,1
,2018_20336,39.630502,-104.905067,8/11/2018 12:58,12:58,12,0,0,I225 SOUTHBOUND OFF RAMP TO NORTHBOUND I25 & I25,1,1,0,0,1,8,,0,55,0,0,0,0,0,1,3,1
,2018_20337,39.630502,-104.905067,8/24/2018 15:28,15:28,15,0,0,I225 SOUTHBOUND OFF RAMP & I25,1,1,0,0,1,8,,0,65,0,0,0,0,0,1,2,13
,2018_20338,39.630725,-104.905081,7/17/2018 17:23,17:23,12,0,0,I225 SOUTHBOUND OFF RAMP & I25 NORTHBOUND,1,1,1,0,1,8,,0,55,0,0,0,0,0,1,4,13
,2018_20339,39.635522,-104.893462,8/8/2018 17:04,17:04,1,0,0,TAMARAC STREET SOUTH & I225 NORTHBOUND RAMPS,1,1,0,0,1,1,,0,30,0,0,0,0,0,1,2,14
,2018_20340,39.63556,-104.89332,2/2/2018 7:21,7:21,15,0,0,I225 & TAMARAC DRIVE SOUTH,1,1,0,0,1,4,,0,55,0,0,0,0,0,1,2,3
,2018_20341,39.635635,-104.893038,3/10/2018 18:46,18:46,1,0,0,I225 NORTHBOUND RAMPS & DTC BOULEVARD SOUTH,1,3,0,0,1,1,,0,30,0,0,0,0,0,1,2,13
,2018_20367,39.785327,-104.902489,4/11/2018 16:39,16:39,3,0,3,49TH AVENUE EAST & SAND CREEK DRIVE NORTH,1,1,0,0,1,1,,0,35,0,0,0,0,2,4,2,13
,2018_20368,39.783935,-104.901533,8/30/2018 6:10,6:10,5,0,0,I270 & QUEBEC STREET,1,1,0,0,3,4,,0,65,0,0,0,0,0,1,1,2
,2018_20379,39.653152,-105.057887,6/13/2018 7:53,7:53,15,0,0,HAMPDEN AVENUE WEST & SHERIDAN BOULEVARD SOUTH,1,1,0,0,1,4,,0,,0,0,0,0,0,2,2,13
,2018_20395,39.753551,-105.025127,1/9/2018 15:13,15:13,12,0,0,FEDERAL BOULEVARD NORTH & 25TH AVENUE WEST,1,1,0,0,1,3,,0,35,0,0,0,0,0,2,2,3
,2018_20397,39.75854,-105.025143,4/6/2018 21:50,21:50,3,0,0,29TH AVENUE WEST & FEDERAL BOULEVARD NORTH,2,3,0,0,1,1,,0,35,0,0,0,0,0,2,2,3
,2018_20398,39.763386,-105.02516,7/10/2018 15:12,15:12,12,0,1,FEDERAL BOULEVARD 3300 BLOCK NORTH & 33RD AVENUE WEST,1,1,1,0,1,4,,0,35,0,0,0,0,1,2,4,13
,2018_20399,39.769381,-105.025232,1/3/2018 7:19,7:19,3,0,0,FEDERAL BOULEVARD 3800 BLOCK NORTH & 38TH AVENUE WEST,1,1,0,0,1,2,,0,35,0,0,0,0,0,2,2,14
,2018_20400,39.783848,-105.025224,4/30/2018 12:08,12:08,12,0,0,I70 EASTBOUND OFF RAMP & FEDERAL BOULEVARD NORTH,1,1,0,0,1,1,,0,15,0,0,0,0,0,2,2,14
,2018_20401,39.787993,-105.025211,10/19/2018 8:24,8:24,3,0,0,FEDERAL BOULEVARD NORTH & 5000 BLOCK,1,1,0,0,1,2,,0,10,0,0,0,0,0,2,2,13
,2018_20462,39.68867,-104.940546,12/7/2018 20:45,20:45,15,0,0,COLORADO BOULEVARD 1500 BLOCK SOUTH & FLORIDA AVENUE EAST,1,3,0,0,1,4,,0,,0,0,0,0,0,2,2,13
,2018_20463,39.834281,-104.74685,8/9/2018 21:30,21:30,12,0,1,E470 SOUTHBOUND ON LOOP RAMP & PENA BOULEVARD,1,3,1,0,1,8,,0,65,0,0,0,0,1,2,2,1
,2018_20465,39.694214,-104.98006,12/23/2018 12:00,12:00,12,0,0,BUCHTEL BOULEVARD / 600 BLOCK & PEARL STREET SOUTH,1,3,0,0,1,3,,0,35,0,0,0,0,0,4,2,5
,2018_20469,39.667966,-104.940606,9/10/2018 7:22,7:22,1,0,0,COLORADO BOULEVARD SOUTH & YALE AVENUE EAST,1,1,0,0,1,1,,0,40,0,0,0,0,0,2,3,1
,2018_20470,39.670653,-104.940615,11/26/2018 16:58,16:58,12,0,0,COLORADO BOULEVARD & 2500 SOUTH,1,1,0,0,1,3,,0,30,0,0,0,0,0,2,2,13
,2018_20471,39.675036,-104.940628,3/26/2018 10:22,10:22,3,0,0,COLORADO BOULEVARD SOUTH & ILIFF AVENUE EAST,1,1,0,0,1,1,,0,40,0,0,0,0,0,2,2,13
,2018_20472,39.67843,-104.940638,1/11/2018 6:50,6:50,1,0,0,EVANS AVENUE EAST & COLORADO BOULEVARD SOUTH,1,1,0,0,1,1,,0,35,0,0,0,0,0,2,2,1
,2018_20473,39.685533,-104.940543,9/26/2018 18:43,18:43,3,0,1,COLORADO BOULEVARD SOUTH & MEXICO AVENUE EAST,1,1,0,0,1,1,,0,35,0,0,0,0,1,2,2,13
,2018_20474,39.689119,-104.940546,3/29/2018 20:56,20:56,12,0,0,COLORADO BOULEVARD SOUTH & FLORIDA AVENUE EAST,1,3,0,0,1,1,,0,35,0,0,0,0,0,2,2,13
,2018_20475,39.69659,-104.940565,1/10/2018 7:24,7:24,12,0,0,MISSISSIPPI AVENUE EAST & COLORADO BOULEVARD SOUTH,1,1,0,0,1,3,,0,35,0,0,0,0,0,2,2,13
,2018_20476,39.69659,-104.940565,4/14/2018 13:39,13:39,1,0,0,MISSISSIPPI AVENUE EAST & COLORADO BOULEVARD SOUTH,1,1,1,0,1,1,,0,40,0,0,0,0,0,2,2,13
,2018_20477,39.69719,-104.940596,4/9/2018 7:47,7:47,12,0,0,COLORADO BOULEVARD 1000 BLOCK SOUTH & MISSISSIPPI AVENUE EAST,2,1,0,1,1,3,,0,35,0,0,0,0,0,2,3,13
,2018_20478,39.7166,-104.94061,8/27/2018 6:30,6:30,12,0,0,COLORADO BOULEVARD s & BAYAUD AVENUE EAST,1,5,1,0,1,4,,0,30,0,0,0,0,0,2,2,13
,2018_20480,39.716746,-104.94061,4/5/2018 14:51,14:51,15,0,0,COLORADO BOULEVARD SOUTH & LEETSDALE DRIVE,1,1,1,0,1,1,,0,35,0,0,0,0,0,2,2,13
,2018_20481,39.7255,-104.940607,1/15/2018 13:57,13:57,3,0,2,COLORADO BOULEVARD NORTH & SIXTH AVENUE EAST,1,1,0,0,1,1,,0,35,0,0,0,0,1,2,3,13
,2018_20482,39.728418,-104.940606,11/26/2018 8:08,8:08,12,0,0,COLORADO BOULEVARD 6800 BLOCK EAST & EIGHTH AVENUE EAST,1,1,0,0,1,4,,0,35,0,0,0,0,0,2,2,13
,2018_20483,39.734984,-104.940603,3/3/2018 15:50,15:50,12,0,0,COLORADO BOULEVARD NORTH & 12TH AVENUE EAST,1,1,0,0,1,3,,0,35,0,0,0,0,0,2,2,14
,2018_20484,39.738631,-104.940602,5/15/2018 6:36,6:36,12,0,0,COLORADO BOULEVARD NORTH & 14TH AVENUE EAST,1,1,0,0,1,3,,0,35,0,0,0,0,0,2,2,5
,2018_20485,39.750887,-104.940597,12/1/2018 23:48,23:48,12,0,0,23RD AVENUE EAST & COLORADO BOULEVARD NORTH,1,3,0,0,1,1,,0,35,0,0,0,0,0,2,2,5
,2018_20486,39.754511,-104.940546,5/15/2018 2:50,2:50,3,0,0,26TH AVENUE EAST & COLORADO BOULEVARD NORTH,2,3,0,0,1,1,,0,35,0,0,0,0,0,2,2,13
,2018_20487,39.725283,-105.016697,10/5/2018 19:10,19:10,15,0,0,SIXTH AVENUE WEST & I25,2,3,0,1,1,4,,0,65,0,0,0,0,0,2,2,14
,2018_20488,39.764528,-104.940501,8/11/2018 17:45,17:45,1,0,0,COLORADO BOULEVARD NORTH & BRUCE RANDOLPH AVENUE EAST,1,1,0,0,1,1,,0,35,0,0,0,0,0,2,3,5
,2018_20489,39.77302,-104.940511,10/17/2018 11:01,11:01,12,0,0,COLORADO BOULEVARD NORTH & 40TH AVENUE EAST,1,1,0,0,1,1,,0,40,0,0,0,0,0,2,3,14
,2018_20508,39.725455,-105.032456,3/24/2018 14:48,14:48,12,0,0,SIXTH AVENUE WEST & KNOX COURT NORTH,1,1,0,0,1,4,,0,65,0,0,0,0,0,2,3,13
,2018_20509,39.725434,-105.031343,8/5/2018 21:20,21:20,12,0,0,SIXTH AVENUE WEST & JULIAN STREET NORTH,1,3,1,0,1,4,,0,,0,0,0,0,0,2,2,13
,2018_20510,39.725418,-105.026784,6/10/2018 17:27,17:27,12,0,0,SIXTH AVENUE WEST & FEDERAL BOULEVARD NORTH,1,1,3,0,1,4,,0,55,0,0,0,0,0,2,5,13
,2018_20511,39.725415,-105.025258,6/21/2018 21:15,21:15,5,0,0,SIXTH AVENUE WEST & FEDERAL BOULEVARD NORTH,1,3,0,0,3,4,,0,65,0,0,0,0,0,2,3,13