id,drcog_id,latitude,longitude,crashtime,time,crashtype,numbkilled,numbinjurd,drcoglocat,rdconditin,lightngcon,roadcntgrd,weatherco,location,roaddescrp,schoolzone,constrzone,splimit,bikeinv,pedinv,sctrinv,motoinv,svrty,rdsystem,ttlvehcls,hcf
,2018_20512,39.725188,-105.018611,1/19/2018 19:46,19:46,15,0,0,SIXTH AVENUE WEST EASTBOUND EXIT GORE POINT & I25 SB/NB RAMPS,1,3,1,0,1,4,,0,45,0,0,0,0,0,2,2,13
,2018_20513,39.725481,-105.013684,8/17/2018 14:56,14:56,15,0,0,SIXTH AVENUE WEST & I25,1,1,0,0,1,4,,0,55,0,0,0,0,0,2,2,13
,2018_20515,39.783752,-104.947831,11/3/2018 10:25,10:25,1,0,0,VASQUEZ BOULEVARD & 48TH AVENUE EAST,1,1,0,0,1,1,,0,,0,0,0,0,0,2,2,13
,2018_20516,39.783863,-104.947726,4/11/2018 16:52,16:52,12,0,0,VASQUEZ BOULEVARD NORTH & 48TH AVENUE EAST,1,1,0,0,1,3,,0,45,0,0,0,0,0,2,3,12
,2018_20536,39.675406,-104.931006,2/23/2018 10:30,10:30,15,0,0,I25 NORTHBOUND EXIT GORE POINT & EVANS AVENUE EAST,1,1,0,0,1,4,,0,65,0,0,0,0,0,1,2,13
,2018_20569,39.757392,-105.009617,9/5/2018 15:15,15:15,12,0,0,I25 & 15TH STREET,2,1,1,1,1,4,,0,55,0,0,0,0,0,1,2,13
,2018_20575,39.778066,-104.989183,5/19/2018 14:10,14:10,5,0,0,I25 NORTHBOUND OFF RAMP END & I70 HIGHWAY EASTBOUND RAMP,1,1,0,0,3,8,,0,65,0,0,0,0,0,1,1,3
,2018_20577,39.678257,-104.933464,7/11/2018 12:22,12:22,12,0,1,I25 & EVANS AVENUE EAST,1,1,0,0,1,4,,0,60,0,0,0,0,1,1,2,12
,2018_20589,39.626546,-104.902987,9/7/2018 11:45,11:45,15,0,0,I25 & MM 199.6,1,1,0,0,1,4,,0,65,0,0,0,0,0,1,3,13
,2018_20590,39.628541,-104.9042,9/12/2018 10:06,10:06,12,0,1,I25 & UNION AVENUE EAST,1,1,0,0,1,4,,0,55,0,0,0,0,1,1,3,13
,2018_20591,39.629456,-104.904703,11/19/2018 21:27,21:27,5,0,2,I25 & UNION AVENUE EAST,1,3,0,0,3,4,,0,65,0,0,0,0,1,1,1,7
,2018_20592,39.630356,-104.90515,6/26/2018 15:02,15:02,12,0,0,I25 NORTHBOUND DIR CNNCT EXIT GORE POINT & I225,1,1,1,0,1,4,,0,55,0,0,0,0,0,1,2,13
,2018_20593,39.639103,-104.91017,8/30/2018 8:43,8:43,12,0,0,I25 & QUINCY AVENUE EAST,1,1,0,0,1,4,,0,65,0,0,0,0,0,1,2,3
,2018_20594,39.645494,-104.91392,7/11/2018 12:05,12:05,12,0,0,I25 & MM 200.90,1,1,0,0,1,4,,0,65,0,0,0,0,0,1,2,13
,2018_20595,39.646572,-104.914546,5/10/2018 15:07,15:07,12,0,0,I25 & HAMPDEN AVENUE EAST,1,1,0,0,1,4,,0,65,0,0,0,0,0,1,3,1
,2018_20596,39.711387,-104.999011,8/8/2018 18:54,18:54,15,0,0,I25 & ALAMEDA AVENUE WEST,1,2,0,0,1,4,,0,55,0,0,0,0,0,1,2,13
,2018_20597,39.64994,-104.9165,6/26/2018 14:28,14:28,15,0,1,I25 & HAMPDEN AVENUE EAST,1,1,1,0,1,4,,0,55,0,0,0,0,2,1,2,14
,2018_20598,39.653387,-104.91838,10/16/2018 7:11,7:11,12,0,0,I25 & HAMPDEN AVENUE EAST,1,1,0,0,1,4,,0,60,0,0,0,0,0,1,6,13
,2018_20599,39.664308,-104.923339,2/1/2018 8:02,8:02,12,0,0,I25 NORTHBOUND EXIT GORE POINT & YALE AVENUE EAST,1,1,0,0,1,4,,0,65,0,0,0,0,0,1,2,3
,2018_20600,39.665411,-104.924027,9/7/2018 21:36,21:36,15,0,0,I25 & YALE AVENUE EAST,1,4,0,0,1,4,,0,55,0,0,0,0,0,1,2,13
,2018_20601,39.667623,-104.925611,4/12/2018 10:00,10:00,12,0,0,I25 & YALE AVENUE EAST,1,1,0,0,1,4,,0,65,0,0,0,0,0,1,2,13
,2018_20602,39.667623,-104.925611,8/10/2018 23:21,23:21,12,0,0,I25 & YALE AVENUE EAST,1,3,0,0,1,4,,0,30,0,0,0,0,0,1,2,5
,2018_20603,39.668288,-104.926059,3/1/2018 18:36,18:36,12,0,0,I25 & YALE AVENUE EAST,1,3,0,1,1,4,,0,55,0,0,0,0,0,1,3,1
,2018_20604,39.67248,-104.928859,11/16/2018 6:32,6:32,12,0,0,I25 & EVANS AVENUE EAST,1,1,0,0,1,4,,0,65,0,0,0,0,0,1,2,3
,2018_20605,39.683023,-104.940146,12/14/2018 18:15,18:15,12,0,1,I25 & COLORADO BOULEVARD SOUTH,1,3,0,0,1,4,,0,55,0,0,0,0,2,1,2,2
,2018_20606,39.683058,-104.940299,11/2/2018 13:42,13:42,12,0,0,I25 NORTHBOUND OFF RAMP & COLORADO BOULEVARD SOUTH,1,1,0,0,1,8,,0,35,0,0,0,0,0,1,2,1
,2018_20607,39.684878,-104.949474,8/16/2018 22:53,22:53,5,0,1,I25 & COLORADO BOULEVARD SOUTH,1,3,0,0,3,4,,0,60,0,0,0,0,2,1,1,5
,2018_20608,39.684916,-104.957839,9/24/2018 17:46,17:46,12,0,1,I25 & UNIVERSITY BOULEVARD SOUTH,1,1,0,0,1,4,,0,55,0,0,0,0,1,1,2,2
,2018_20609,39.684921,-104.959322,7/9/2018 13:59,13:59,12,0,0,I25 NORTHBOUND OFF RAMP SLIP & UNIVERSITY BOULEVARD SOUTH,1,1,0,0,1,8,,0,25,0,0,0,0,0,1,2,13
,2018_20610,39.760997,-105.004271,2/14/2018 8:02,8:02,12,0,0,I25 & 20TH STREET,1,1,0,0,1,4,,0,55,0,0,0,0,0,1,2,13
,2018_20611,39.684921,-104.959322,8/2/2018 7:40,7:40,12,0,1,I25 NORTHBOUND OFF RAMP & UNIVERSITY BOULEVARD SOUTH,1,1,0,0,1,8,,0,30,0,0,0,0,1,1,2,3
,2018_20612,39.687715,-104.968753,1/18/2018 15:08,15:08,12,0,1,I25 & FRANKLIN STREET SOUTH,1,1,0,0,1,4,,0,50,0,0,0,0,1,1,2,3
,2018_20613,39.687715,-104.968753,4/12/2018 8:01,8:01,12,0,0,I25 & FRANKLIN STREET SOUTH,1,1,0,0,1,4,,0,50,0,0,0,0,0,1,3,3
,2018_20614,39.688104,-104.969545,7/10/2018 7:50,7:50,12,0,0,I25 SOUTHBOUND COLLECTOR RAMP & DOWNING STREET SOUTH,1,1,0,0,1,8,,0,35,0,0,0,0,0,1,2,13
,2018_20615,39.689632,-104.972597,4/26/2018 8:31,8:31,12,0,0,I25 SOUTHBOUND ON RAMP & DOWNING STREET SOUTH,1,1,0,0,1,8,,0,60,0,0,0,0,0,1,2,3
,2018_20616,39.690115,-104.973561,2/23/2018 7:54,7:54,12,0,0,I25 & DOWNING STREET SOUTH,9,1,0,0,1,4,,0,55,0,0,0,0,0,1,3,13
,2018_20617,39.697504,-104.982761,2/16/2018 8:40,8:40,12,0,2,I25 & LOGAN STREET SOUTH,1,1,0,0,1,4,,0,60,0,0,0,0,1,1,4,13
,2018_20618,39.697504,-104.982761,12/31/2018 16:24,16:24,15,0,0,I25 & LOGAN STREET SOUTH INTCH,10,2,0,2,1,4,,0,55,0,0,0,0,0,1,3,3
,2018_20619,39.779391,-104.989164,7/2/2018 2:11,2:11,5,0,1,I25 & I70,1,3,1,0,2,4,,0,55,0,0,0,0,2,1,1,13
,2018_20620,39.701361,-104.987328,8/30/2018 15:11,15:11,12,0,0,I25 & BROADWAY SOUTH,1,1,0,0,1,4,,0,55,0,0,0,0,0,1,2,1
,2018_20621,39.701466,-104.987451,10/29/2018 0:38,0:38,12,0,0,BROADWAY SOUTH & I25,1,3,0,0,1,4,,0,35,0,0,0,0,0,1,2,13
,2018_20622,39.707118,-104.996779,4/30/2018 8:29,8:29,12,0,0,I25 & SANTA FE DRIVE SOUTH,1,1,0,0,1,4,,0,65,0,0,0,0,0,1,2,3
,2018_20623,39.70935,-104.997861,7/10/2018 11:32,11:32,15,0,0,I25 NORTHBOUND ON RAMP & SANTA FE DRIVE SOUTH,1,1,1,0,1,8,,0,45,0,0,0,0,0,1,2,13
,2018_20624,39.711525,-104.999094,1/11/2018 14:04,14:04,12,0,0,I25 & ALAMEDA AVENUE WEST,1,1,0,0,1,4,,0,65,0,0,0,0,0,1,2,1
,2018_20625,39.711525,-104.999094,11/27/2018 8:20,8:20,12,0,0,I25 & ALAMEDA AVENUE WEST,1,1,1,0,1,4,,0,60,0,0,0,0,0,1,2,13
,2018_20626,39.714528,-105.00093,2/5/2018 7:50,7:50,15,0,0,I25 NORTHBOUND ENTRANCE GORE POINT & CEDAR AVENUE WEST,1,1,0,0,1,4,,0,55,0,0,0,0,0,1,2,3
,2018_20627,39.720036,-105.007094,1/11/2018 10:40,10:40,15,0,0,I25 & SIXTH AVENUE WEST,1,1,0,0,1,4,,0,55,0,0,0,0,0,1,2,13
,2018_20628,39.72244,-105.009858,2/16/2018 10:49,10:49,12,0,0,I25 & SIXTH AVENUE WEST,1,1,0,0,1,4,,0,65,0,0,0,0,0,1,2,4
,2018_20629,39.722955,-105.010584,1/4/2018 13:45,13:45,12,0,0,I25 NORTHBOUND EXIT GORE POINT & SIXTH AVENUE WEST,1,1,1,0,1,4,,0,55,0,0,0,0,0,1,2,13
,2018_20630,39.724932,-105.012646,7/7/2018 22:21,22:21,15,0,0,I25 & SIXTH AVENUE WEST,1,3,1,0,1,4,,0,55,0,0,0,0,0,1,2,13
,2018_20631,39.725165,-105.012815,2/13/2018 9:18,9:18,12,0,0,I25 & SIXTH AVENUE WEST,1,1,0,0,1,4,,0,55,0,0,0,0,0,1,3,13
,2018_20632,39.725165,-105.012815,9/8/2018 21:51,21:51,15,0,0,I25 SOUTHBOUND ON RAMP & SIXTH AVENUE WEST,1,3,0,0,1,8,,0,45,0,0,0,0,0,1,2,1
,2018_20633,39.725281,-105.012899,4/18/2018 7:04,7:04,12,0,0,I25 & SIXTH AVENUE WEST,1,1,0,0,1,4,,0,45,0,0,0,0,0,1,2,13
,2018_20634,39.725281,-105.012899,5/13/2018 13:28,13:28,12,0,0,I25 & SIXTH AVENUE WEST,1,1,0,0,1,4,,0,55,0,0,0,0,0,1,2,13
,2018_20635,39.728958,-105.014686,8/19/2018 0:45,0:45,15,0,0,I25 & SIXTH AVENUE WEST,1,3,1,0,1,4,,0,60,0,0,0,0,0,1,2,13
,2018_20636,39.729112,-105.014741,1/9/2018 14:54,14:54,12,0,0,I25 NORTHBOUND OFF RAMP & EIGHTH AVENUE WEST,1,1,0,0,1,8,,0,35,0,0,0,0,0,1,2,13
,2018_20637,39.729265,-105.014796,3/5/2018 17:08,17:08,12,0,0,I25 & EIGHTH AVENUE WEST,1,1,1,0,1,4,,0,65,0,0,0,0,0,1,2,13
,2018_20638,39.729265,-105.014796,11/15/2018 17:01,17:01,15,0,0,I25 & EIGHTH AVENUE WEST,1,3,1,0,1,4,,0,55,0,0,0,0,0,1,2,13
,2018_20639,39.740257,-105.013939,9/16/2018 13:48,13:48,12,0,0,I25 & COLFAX AVENUE WEST,1,1,0,0,1,4,,0,55,0,0,0,0,0,1,2,13
,2018_20640,39.740455,-105.013961,4/12/2018 3:27,3:27,5,0,1,I25 & COLFAX AVENUE WEST,1,3,1,0,1,4,,0,55,0,0,0,0,1,1,1,5
,2018_20641,39.744863,-105.017408,10/15/2018 17:48,17:48,12,0,0,I25 & 20TH STREET,1,1,0,0,1,4,,0,5,0,0,0,0,0,1,2,13
,2018_20642,39.74749,-105.018114,6/3/2018 4:22,4:22,9,0,1,I25 & 23RD AVENUE WEST,1,3,0,0,1,4,,0,55,0,0,0,0,1,1,1,4
,2018_20643,39.74851,-105.017752,12/14/2018 8:44,8:44,12,0,0,I25 & 23RD AVENUE WEST NORTHBOUND EXIT GORE,1,1,0,0,1,4,,0,65,0,0,0,0,0,1,2,14
,2018_20644,39.751295,-105.016566,10/30/2018 17:34,17:34,3,0,1,23RD AVENUE WEST & I25 NORTHBOUND ON RAMP,2,2,0,1,1,1,,0,35,0,0,0,1,2,1,2,7
,2018_20645,39.755118,-105.012754,2/21/2018 14:20,14:20,12,0,0,I25 & SPEER BOULEVARD,1,1,1,0,1,4,,0,55,0,0,0,0,0,1,2,13
,2018_20646,39.755118,-105.012754,10/18/2018 9:10,9:10,10,0,0,SPEER BOULEVARD NORTH & I25,1,1,0,0,1,1,,0,30,0,0,0,0,0,1,2,8
,2018_20647,39.755307,-105.012492,5/16/2018 9:13,9:13,12,0,0,I25 NORTHBOUND ON RAMP & SPEER BOULEVARD NORTH,1,1,0,0,1,8,,0,65,0,0,0,0,0,1,3,14
,2018_20648,39.756438,-105.01092,11/2/2018 6:34,6:34,12,0,0,I25 & 20TH STREET,1,3,0,0,1,4,,0,55,0,0,0,0,0,1,2,1
,2018_20649,39.757155,-105.0099,6/25/2018 15:43,15:43,12,0,0,I25 SOUTHBOUND & 15TH STREET,1,1,1,0,1,4,,0,65,0,0,0,0,0,1,2,13
,2018_20650,39.758217,-105.008487,11/16/2018 9:09,9:09,12,0,0,I25 & 15TH STREET,1,1,0,0,1,4,,0,55,0,0,0,0,0,1,2,3
,2018_20651,39.760997,-105.004271,4/12/2018 7:11,7:11,12,0,0,I25 & 20TH STREET,1,1,0,0,1,4,,0,55,0,0,0,0,0,1,2,13
,2018_20652,39.760997,-105.004271,4/15/2018 8:51,8:51,15,0,0,I25 & 20TH STREET,1,1,0,0,1,4,,0,55,0,0,0,0,0,1,2,13
,2018_20653,39.760997,-105.004271,6/2/2018 18:00,18:00,12,0,0,I25 & 20TH STREET,1,1,0,0,1,4,,0,55,0,0,0,0,0,1,2,13
,2018_20654,39.760997,-105.004271,11/5/2018 13:15,13:15,12,0,1,20TH STREET WEST & I25,1,1,0,0,1,4,,0,25,0,0,0,0,1,1,2,13
,2018_20655,39.76111,-105.004124,4/8/2018 16:43,16:43,15,0,5,I25 & 20TH STREET,1,1,0,0,1,4,,0,55,0,0,0,0,1,1,2,13
,2018_20656,39.762149,-105.002891,7/18/2018 9:44,9:44,12,0,0,I25 & 20TH STREET INTCH,1,1,0,0,1,4,,0,55,0,0,0,0,0,1,2,14
,2018_20657,39.770718,-104.990945,6/15/2018 12:27,12:27,15,0,0,I25 SOUTHBOUND MERGE LANE & I70,1,1,0,0,1,4,,0,55,0,0,0,0,0,1,2,13
,2018_20658,39.777031,-104.9892,6/14/2018 6:51,6:51,15,0,3,I25 HIGHWAY NORTHBOUND & MM 213.5,1,1,0,0,1,4,,0,55,0,0,0,0,2,1,6,13
,2018_20660,39.777918,-104.989186,7/24/2018 7:25,7:25,12,0,0,I25 NORTHBOUND OFF RAMP END & I70 EASTBOUND ON RAMP BEGIN,1,1,0,0,1,4,,0,65,0,0,0,0,0,1,3,7
,2018_20709,39.653077,-104.909036,4/25/2018 15:50,15:50,12,0,0,HAMPDEN AVENUE 7400 BLOCK EAST & ONEIDA WAY SOUTH,1,1,0,0,1,1,,0,35,0,0,0,0,0,2,2,13
,2018_20710,39.653077,-104.898619,4/15/2018 2:20,2:20,12,0,0,HAMPDEN AVENUE EAST & TAMARAC DRIVE SOUTH,1,3,0,0,1,1,,0,40,0,0,0,0,0,2,2,5
,2018_20711,39.65305,-104.884342,8/10/2018 18:05,18:05,3,0,1,HAMPDEN AVENUE EAST & YOSEMITE STREET SOUTH,1,1,0,0,1,1,,0,40,0,0,0,0,1,2,3,13
,2018_20712,39.65305,-104.884342,9/25/2018 18:30,18:30,12,0,0,HAMPDEN AVENUE EAST & YOSEMITE STREET SOUTH,1,1,0,0,1,1,,0,30,0,0,0,0,0,2,2,3
,2018_20713,39.653025,-104.88114,7/27/2018 7:31,7:31,12,0,1,HAMPDEN AVENUE 9100 BLOCK EAST & AKRON STREET SOUTH,1,1,0,0,1,4,,0,35,0,0,0,0,1,2,3,1
,2018_20714,39.653056,-104.871231,3/18/2018 3:10,3:10,5,0,1,HAMPDEN AVENUE & 10100 BLOCK EAST,1,3,0,0,3,4,,0,45,0,0,0,0,2,2,1,5
,2018_20715,39.653541,-104.868354,7/1/2018 10:03,10:03,1,0,0,GALENA STREET SOUTH & HAMPDEN AVENUE EAST,1,1,0,0,1,1,,0,45,0,0,0,0,0,2,2,13
,2018_20716,39.654046,-104.867567,6/18/2018 12:28,12:28,5,0,0,HAVANA STREET 3400 BLOCK SOUTH & GALENA STREET SOUTH,1,1,0,0,2,4,,0,40,0,0,0,0,0,2,1,10
,2018_20717,39.669351,-104.866091,12/29/2018 19:17,19:17,1,0,0,HAVANA STREET SOUTH & PARKER ROAD SOUTH,1,3,0,0,1,1,,0,45,0,0,0,0,0,2,2,7
,2018_20731,39.783593,-104.900128,5/15/2018 13:35,13:35,12,0,0,NORTHFIELD 4700 BLOCK NORTH & I270 ENTRANCE RAMP,1,1,0,0,1,1,,0,35,0,0,0,0,0,2,2,13
,2018_20757,39.773999,-104.846793,11/14/2018 16:30,16:30,12,0,0,PEORIA STREET NORTH & I70 WB RAMPS,1,1,1,0,1,1,,0,35,0,0,0,0,0,1,2,13
,2018_20783,39.74036,-105.05111,5/8/2018 20:10,20:10,15,0,0,COLFAX AVENUE WEST & XAVIER STREET,1,3,0,0,1,4,,0,35,0,0,0,0,0,2,2,13
,2018_20784,39.740296,-105.013169,4/9/2018 18:20,18:20,12,0,0,COLFAX AVENUE WEST & I25,1,1,0,0,1,4,,0,35,0,0,0,0,0,2,3,12
,2018_20785,39.740027,-105.002955,2/3/2018 12:35,12:35,12,0,1,COLFAX AVENUE WEST & MARIPOSA STREET NORTH,1,1,0,0,1,4,,0,35,0,0,0,0,2,2,3,14
,2018_20786,39.74003,-105.002578,7/10/2018 17:54,17:54,12,0,0,COLFAX AVENUE WEST & NINTH ST/MARIPOSA STREET NORTH,1,1,0,0,1,1,,0,35,0,0,0,0,0,2,3,13
,2018_20787,39.740048,-104.999933,2/8/2018 17:45,17:45,1,0,0,KALAMATH STREET NORTH & COLFAX AVENUE WEST,1,2,1,0,1,1,,0,30,0,0,0,0,0,2,2,13
,2018_20788,39.740048,-104.999933,6/26/2018 15:35,15:35,12,0,0,KALAMATH STREET NORTH & COLFAX AVENUE WEST,1,1,0,0,1,3,,0,35,0,0,0,0,0,2,2,14
,2018_20789,39.740048,-104.999933,9/26/2018 9:22,9:22,15,0,0,COLFAX AVENUE WEST & KALAMATH STREET NORTH,1,1,0,0,1,1,,0,35,0,0,0,0,0,2,2,14
,2018_20790,39.740042,-104.998686,11/2/2018 21:16,21:16,15,0,0,COLFAX AVENUE WEST & SPEER BOULEVARD NORTH,1,3,0,6,1,1,,0,35,0,0,0,0,0,2,2,1
,2018_20791,39.74003,-104.996398,12/14/2018 14:26,14:26,12,0,0,COLFAX AVENUE WEST & WELTON STREET,1,1,0,0,1,4,,0,35,0,0,0,0,0,2,2,13
,2018_20792,39.739999,-104.990369,7/2/2018 7:30,7:30,12,0,1,COLFAX AVENUE WEST & BANNOCK STREET NORTH,1,1,1,0,1,1,,0,30,0,0,0,0,1,2,2,4
,2018_20793,39.740134,-104.942027,8/20/2018 4:14,4:14,5,0,1,COLFAX AVENUE 3000 BLOCK EAST & HARRISON STREET NORTH,1,3,0,0,3,4,,0,30,0,0,0,0,2,2,1,1
,2018_20794,39.739998,-104.990186,3/21/2018 18:22,18:22,12,0,1,COLFAX AVENUE WEST & 14TH STREET,1,1,0,0,1,3,,0,30,0,0,0,0,1,2,2,8
,2018_20796,39.740005,-104.987167,7/28/2018 11:46,11:46,3,0,5,COLFAX AVENUE EAST & BROADWAY NORTH,1,1,0,0,1,1,,0,30,0,0,0,0,2,2,2,13
,2018_20797,39.74005,-104.984853,11/6/2018 8:48,8:48,12,0,0,COLFAX AVENUE EAST & 200 BLOCK,1,1,0,0,1,4,,0,30,0,0,0,0,0,2,3,4
,2018_20798,39.740002,-104.979229,4/4/2018 13:41,13:41,3,0,1,COLFAX AVENUE EAST 600 BLK & PEARL / WASHINGTON ALLEY,1,1,0,0,1,5,,0,,0,0,0,1,1,2,2,13
,2018_20799,39.740002,-104.976421,9/24/2018 15:05,15:05,15,0,0,COLFAX AVENUE EAST & EMERSON STREET NORTH,1,1,0,0,1,1,,0,30,0,0,0,0,0,2,2,13
,2018_20800,39.740005,-104.974737,12/7/2018 6:00,6:00,15,0,0,COLFAX AVENUE EAST & OGDEN STREET NORTH,1,1,0,0,1,1,,0,30,0,0,0,0,0,2,2,13
,2018_20801,39.740012,-104.970806,2/19/2018 15:40,15:40,12,0,1,COLFAX AVENUE EAST 1300 BLOCK & LAFAYETTE STREET NORTH,2,1,1,2,1,4,,0,35,0,0,0,0,1,2,3,13
,2018_20802,39.740009,-104.968553,9/7/2018 11:36,11:36,12,0,0,COLFAX AVENUE EAST & FRANKLIN STREET NORTH,1,1,0,0,1,1,,0,30,0,0,0,0,0,2,2,14
,2018_20804,39.740001,-104.966857,6/5/2018 20:06,20:06,12,0,0,COLFAX AVENUE 1700 BLOCK EAST & GILPIN STREET 1700 BLOCK EAST,1,2,0,0,1,4,,0,30,0,0,0,0,0,2,2,13
,2018_20805,39.739974,-104.961014,4/6/2018 18:19,18:19,3,0,0,COLFAX AVENUE EAST & GAYLORD STREET NORTH,2,1,0,2,1,1,,0,35,0,0,0,0,0,2,2,13
,2018_20806,39.740164,-104.951059,5/18/2018 22:21,22:21,6,0,0,COLFAX AVENUE EAST & STREET PAUL STREET NORTH,1,3,0,0,1,4,,0,30,0,0,0,0,0,2,2,13
,2018_20807,39.740155,-104.948425,3/22/2018 11:05,11:05,3,0,0,ADAMS STREET NORTH  & COLFAX AVENUE EAST,1,1,0,0,1,1,,0,25,0,0,0,0,0,2,2,1
,2018_20808,39.740137,-104.942967,10/31/2018 12:57,12:57,3,0,0,COLFAX AVENUE EAST & JACKSON STREET NORTH,1,1,0,0,1,1,,0,35,0,0,0,0,0,2,2,8
,2018_20809,39.740062,-104.94057,8/29/2018 11:24,11:24,12,0,0,COLFAX AVENUE 3900 BLOCK EAST & COLORADO BOULEVARD NORTH,1,1,0,0,1,3,,0,35,0,0,0,0,0,2,2,3
,2018_20856,39.784107,-105.051937,12/22/2018 23:11,23:11,5,0,1,I70 & SHERIDAN BOULEVARD NORTH,1,3,0,0,2,4,,0,55,0,0,0,0,2,1,1,7
,2018_20857,39.783556,-105.044184,12/18/2018 6:04,6:04,5,0,1,I70 & TENNYSON STREET NORTH,1,4,0,0,2,4,,0,65,0,0,0,0,2,1,1,3
,2018_20858,39.784211,-105.025084,6/5/2018 15:34,15:34,15,0,0,I70 EASTBOUND ON RAMP & FEDERAL BOULEVARD NORTH,1,1,1,0,1,8,,0,55,0,0,0,0,0,1,2,1
,2018_20859,39.783149,-105.006371,2/13/2018 8:28,8:28,15,0,0,I70 & PECOS STREET NORTH,1,1,0,0,1,4,,0,65,0,0,0,0,0,1,3,13
,2018_20860,39.783149,-105.006371,2/16/2018 8:22,8:22,3,0,0,I70 WB OFF RAMP & PECOS ROUNDABOUT,2,1,0,0,1,6,,0,35,0,0,0,0,0,1,2,14
,2018_20861,39.780124,-104.989762,6/20/2018 2:41,2:41,12,0,0,I70 EASTBOUND OFF RAMP & I25,1,1,1,0,1,8,,0,55,0,0,0,0,0,1,2,13
,2018_20862,39.780058,-104.9894,4/18/2018 9:57,9:57,12,0,0,I70 & I25,1,1,0,0,1,4,,0,55,0,0,0,0,0,1,3,3
,2018_20863,39.780058,-104.9894,9/4/2018 14:07,14:07,12,0,0,I70 & I25,1,1,0,0,1,4,,0,65,0,0,0,0,0,1,2,13
,2018_20864,39.780058,-104.9894,10/18/2018 15:04,15:04,15,0,0,I70 & I25,1,1,1,0,1,4,,0,0,0,0,0,0,0,1,2,13
,2018_20865,39.779735,-104.98485,1/30/2018 7:15,7:15,12,0,0,I70 & SHERMAN STREET NORTH,1,1,1,0,1,4,,0,55,0,0,0,0,0,1,2,13
,2018_20866,39.779441,-104.979019,7/26/2018 17:30,17:30,12,0,0,I70 & WASHINGTON STREET NORTH,1,1,0,0,1,4,,0,55,0,0,0,0,0,1,2,14
,2018_20867,39.779441,-104.979019,12/13/2018 21:05,21:05,5,0,0,WASHINGTON STREET 4500 BLOCK NORTH  & I70 WB ON RAMP,1,3,0,0,3,4,,1,25,0,0,0,0,0,1,1,13
,2018_20868,39.779441,-104.979019,4/12/2018 20:55,20:55,15,0,0,WASHINGTON STREET NORTH & I70,1,3,0,0,1,1,,0,35,0,0,0,0,0,1,2,13
,2018_20869,39.780012,-104.959789,1/13/2018 8:23,8:23,10,0,0,YORK STREET NORTH & 46TH AVENUE EAST,1,1,0,0,1,1,,0,35,0,0,0,0,0,4,2,7
,2018_20870,39.780186,-104.946245,4/10/2018 19:17,19:17,5,0,0,I70 & VASQUEZ BOULEVARD EXIT GORE,1,3,0,0,3,4,,0,55,0,0,0,0,0,1,1,13
,2018_20871,39.779946,-104.940827,12/15/2018 4:23,4:23,12,0,0,I70 & COLORADO BOULEVARD NORTH,1,3,0,0,1,4,,0,55,0,0,0,0,0,1,2,13
,2018_20872,39.779944,-104.940603,7/9/2018 8:35,8:35,12,0,0,I70 & COLORADO BOULEVARD NORTH,1,1,0,0,1,4,,0,55,0,0,0,0,0,1,2,13
,2018_20873,39.779946,-104.94044,4/25/2018 6:55,6:55,12,0,0,I70 & COLORADO BOULEVARD,1,1,0,0,1,4,,0,55,0,0,0,0,0,1,2,7
,2018_20874,39.780062,-104.936703,12/10/2018 19:10,19:10,12,0,0,I70 & COLORADO BOULEVARD NORTH,1,3,0,0,1,4,,0,55,0,0,0,0,0,1,2,1
,2018_20875,39.780073,-104.932626,5/16/2018 18:51,18:51,12,0,0,I70 & DAHLIA STREET NORTH,1,1,0,0,1,4,,0,65,0,0,0,0,0,1,2,12
,2018_20876,39.780032,-104.931784,4/9/2018 9:45,9:45,12,0,0,I70 & DAHLIA STREET NORTH,2,1,0,0,1,4,,0,55,0,0,0,0,0,1,2,13
,2018_20877,39.780032,-104.931784,10/16/2018 0:05,0:05,15,0,0,I70 & DAHLIA STREET NORTH,1,3,0,0,1,4,,0,55,0,0,0,0,0,1,2,13
,2018_20878,39.778583,-104.923919,7/24/2018 17:57,17:57,12,0,0,I70 & HOLLY STREET NORTH,2,1,0,1,1,4,,0,55,0,0,0,0,0,1,3,13
,2018_20879,39.778341,-104.92238,8/13/2018 9:12,9:12,12,0,1,I70 & HOLLY STREET NORTH,1,1,0,0,1,4,,0,55,0,0,0,0,1,1,3,13
,2018_20880,39.778284,-104.918763,5/11/2018 15:45,15:45,12,0,0,I70 & HOLLY STREET NORTH,1,1,0,0,1,4,,0,55,0,0,0,0,0,1,2,14
,2018_20881,39.778285,-104.917487,2/5/2018 7:53,7:53,12,0,0,I70 & KEARNEY,1,1,0,0,1,4,,0,55,0,0,0,0,0,1,2,2
,2018_20882,39.778295,-104.903454,6/5/2018 14:57,14:57,12,0,0,I70 & QUEBEC STREET,1,1,0,0,1,4,,0,55,0,0,0,0,0,1,2,13
,2018_20884,39.778298,-104.898351,2/16/2018 17:27,17:27,15,0,0,I70 & QUEBEC STREET NORTH,1,2,0,0,1,4,,0,55,0,0,0,0,0,1,2,14
,2018_20885,39.777243,-104.884085,6/17/2018 15:50,15:50,12,0,1,I70 EASTBOUND OFF RAMP & CENTRAL PARK BOULEVARD NORTH,2,1,0,1,1,8,,0,35,0,0,0,0,1,1,3,13
,2018_20886,39.777209,-104.883707,1/25/2018 17:44,17:44,12,0,0,I70 & HAVANA STREET NORTH,1,3,0,0,1,4,,0,55,0,0,0,0,0,1,2,13