id,drcog_id,latitude,longitude,crashtime,time,crashtype,numbkilled,numbinjurd,drcoglocat,rdconditin,lightngcon,roadcntgrd,weatherco,location,roaddescrp,schoolzone,constrzone,splimit,bikeinv,pedinv,sctrinv,motoinv,svrty,rdsystem,ttlvehcls,hcf
,2018_24978,39.780058,-104.9894,11/17/2018 13:56,13:56,12,0,1,I70 EASTBOUND OFF RAMP & I25,5,1,1,1,1,8,,0,20,0,0,0,0,1,1,2,1
,2018_24980,39.779441,-104.979019,7/18/2018 13:09,13:09,10,0,0,WASHINGTON STREET NORTH & I70 WB OFF RAMP,1,1,0,0,1,1,,0,35,0,0,0,0,0,1,2,14
,2018_24981,39.779441,-104.979019,1/25/2018 5:05,5:05,15,0,0,WASHINGTON STREET & I70 EASTBOUND RAMPS,1,3,0,0,1,1,,0,30,0,0,0,0,0,1,2,13
,2018_24982,39.780012,-104.959789,11/10/2018 10:45,10:45,12,0,0,I70 & YORK STREET NORTH,1,1,0,0,1,4,,0,55,0,0,0,0,0,1,2,13
,2018_24983,39.780013,-104.959012,3/10/2018 6:58,6:58,5,0,0,JOSEPHINE STREET NORTH & 46TH AVENUE EAST,1,1,0,0,3,1,,0,25,0,0,0,0,0,4,1,1
,2018_24984,39.780015,-104.954742,5/2/2018 14:57,14:57,15,0,0,I70 & STEELE STREET NORTH,1,1,0,0,1,4,,0,55,0,0,0,0,0,1,2,8
,2018_24985,39.780015,-104.952612,5/8/2018 16:40,16:40,12,0,0,I70 & VASQUEZ BOULEVARD,1,1,0,0,1,4,,0,55,0,0,0,0,0,1,2,1
,2018_24986,39.779944,-104.940603,6/18/2018 18:31,18:31,12,0,0,I70 & COLORADO BOULEVARD NORTH,1,1,0,0,1,4,,0,65,0,0,0,0,0,1,5,13
,2018_24987,39.779944,-104.940603,9/24/2018 12:20,12:20,12,0,0,I70 & COLORADO BOULEVARD NORTH,1,1,0,0,1,4,,0,55,0,0,0,0,0,1,3,13
,2018_24988,39.779962,-104.931179,3/27/2018 8:40,8:40,12,0,1,I70 & DAHLIA STREET NORTH,2,1,1,0,1,4,,0,55,0,0,0,0,1,1,2,7
,2018_24989,39.778282,-104.921314,2/8/2018 15:20,15:20,12,0,0,I70 & COLORADO BOULEVARD NORTH,1,1,0,0,1,4,,0,55,0,0,0,0,0,1,2,3
,2018_24990,39.778295,-104.903454,2/3/2018 15:30,15:30,12,0,2,I70 & QUEBEC STREET NORTH,1,1,0,0,1,4,,0,65,0,0,0,0,1,1,3,1
,2018_24991,39.778295,-104.903272,2/15/2018 17:11,17:11,12,0,0,I70 & NORTHFIELD QUEBEC STREET NORTH,1,1,0,0,1,4,,0,65,0,0,0,0,0,1,2,3
,2018_24992,39.778296,-104.902361,9/25/2018 8:29,8:29,12,0,0,I70 & QUEBEC STREET NORTH,1,1,0,0,1,4,,0,65,0,0,0,0,0,1,2,1
,2018_24993,39.778297,-104.901449,8/20/2018 8:02,8:02,12,0,0,I70 & QUEBEC STREET NORTH,1,1,0,0,1,4,,0,65,0,0,0,0,0,1,4,4
,2018_24994,39.778297,-104.90072,7/25/2018 8:25,8:25,15,0,0,I70 WB EXIT GORE POINT & QUEBEC STREET NORTH,1,1,0,0,1,4,,0,55,0,0,0,0,0,1,2,14
,2018_24995,39.778297,-104.900356,3/27/2018 8:35,8:35,12,0,0,I70 & QUEBEC STREET NORTH EASTBOUND ON RAMP GORE POINT,2,1,0,0,1,4,,0,55,0,0,0,0,0,1,2,2
,2018_24996,39.775637,-104.865834,8/15/2018 20:49,20:49,15,0,0,I70 & HAVANA STREET NORTH,1,3,0,0,1,4,,0,65,0,0,0,0,0,1,2,8
,2018_24998,39.775605,-104.865465,1/15/2018 8:27,8:27,12,0,1,I70 & HAVANA STREET EXIT,5,1,0,2,1,4,,0,65,0,0,0,0,1,1,2,3
,2018_24999,39.775573,-104.865095,7/17/2018 6:30,6:30,12,0,0,I70 & HAVANA STREET NORTH I,1,1,0,0,1,4,,0,65,0,0,0,0,0,1,2,13
,2018_25000,39.775573,-104.865095,12/4/2018 5:00,5:00,12,0,0,I70 & HAVANA STREET NORTH,1,3,1,0,1,4,,1,65,0,0,0,0,0,1,2,13
,2018_25001,39.774142,-104.848457,12/4/2018 18:30,18:30,12,0,0,I70 & PEORIA STREET NORTH,1,3,0,0,1,4,,0,55,0,0,0,0,0,1,2,13
,2018_25002,39.774095,-104.847902,5/29/2018 14:46,14:46,12,0,0,I70 & PEORIA STREET NORTH,1,1,0,0,1,4,,0,,0,0,0,0,0,1,2,13
,2018_25003,39.774015,-104.846978,2/21/2018 7:54,7:54,10,0,1,PEORIA STREET NORTH & I70 WB RAMPS,12,1,0,0,1,1,,0,25,0,0,0,0,1,1,2,8
,2018_25004,39.773999,-104.846793,1/12/2018 15:23,15:23,12,0,0,I70 & PEORIA STREET NORTH INTCH,1,1,0,0,1,4,,0,55,0,0,0,0,0,1,2,12
,2018_25005,39.773999,-104.846793,6/15/2018 11:06,11:06,12,0,0,I70 WB OFF RAMP & PEORIA STREET NORTH,1,1,1,0,1,1,,0,30,0,0,0,0,0,1,2,8
,2018_25006,39.773999,-104.846793,9/12/2018 19:13,19:13,3,0,0,I70 WB OFF RAMP & PEORIA STREET NORTH,1,1,0,0,1,1,,0,35,0,0,0,0,0,1,2,13
,2018_25007,39.773888,-104.845499,10/12/2018 16:46,16:46,12,0,1,I70 EASTBOUND SLIP RAMP & PEORIA STREET NORTH,1,1,1,0,1,8,,0,35,0,0,0,0,1,1,2,8
,2018_25008,39.773538,-104.841432,12/27/2018 16:13,16:13,15,0,0,I70 WB ON RAMP FROM I225 & I225,1,2,0,0,1,8,,0,55,0,0,0,0,0,1,2,13
,2018_25009,39.773588,-104.83732,4/21/2018 2:32,2:32,5,0,0,I70 WB RAMP OFF FROM COLLECTOR & I225 NORTHBOUND FLYOVER OFF,2,4,0,1,2,8,,0,55,0,0,0,0,0,1,1,8
,2018_25077,39.69713,-104.899705,12/18/2018 7:43,7:43,3,0,0,PARKER ROAD SOUTH & 1090 SOUTH PARKER ROAD / ROSEMARY WAY SOUTH,1,1,1,0,1,2,,0,40,0,0,0,0,0,2,2,13
,2018_25078,39.698424,-104.903117,5/23/2018 6:50,6:50,12,0,1,PARKER ROAD SOUTH & QUEBEC STREET SOUTH,1,1,0,0,1,4,,0,40,0,0,0,0,1,2,4,14
,2018_25079,39.698614,-104.903606,9/6/2018 13:15,13:15,12,0,0,LEETSDALE DRIVE & QUEBEC STREET SOUTH,1,1,0,0,1,1,,0,35,0,0,0,0,0,2,2,15
,2018_25080,39.702582,-104.91232,5/13/2018 6:20,6:20,3,0,2,LEETSDALE DRIVE & MONACO PARKWAY,1,1,0,0,1,2,,0,35,0,0,0,0,1,2,2,13
,2018_25081,39.703045,-104.913041,7/19/2018 11:50,11:50,12,0,0,LEETSDALE DRIVE & MONACO PARKWAY / 6500 BLOCK,1,1,0,0,1,3,,0,35,0,0,0,0,0,2,2,13
,2018_25082,39.706598,-104.919887,1/9/2018 12:18,12:18,12,0,0,LEETSDALE DRIVE & JERSEY STREET SOUTH,1,1,0,0,1,2,,0,35,0,0,0,0,0,2,2,13
,2018_25083,39.708102,-104.926643,9/12/2018 12:35,12:35,15,0,0,LEETSDALE DRIVE & FOREST STREET SOUTH,1,1,0,0,1,4,,0,30,0,0,0,0,0,2,2,1
,2018_25085,39.7112,-104.936323,4/3/2018 13:44,13:44,3,0,1,LEETSDALE DRIVE & ALAMEDA AVENUE EAST,1,1,1,0,1,1,,0,35,0,0,0,0,2,2,3,1
,2018_25086,39.7112,-104.936323,11/15/2018 14:59,14:59,3,0,0,LEETSDALE DRIVE & ALAMEDA AVENUE EAST,1,1,0,0,1,1,,0,30,0,0,0,0,0,2,2,3
,2018_25103,39.687439,-104.991942,12/31/2018 9:05,9:05,3,0,0,SANTA FE DRIVE SOUTH & IOWA AVENUE WEST,4,1,0,2,1,1,,0,45,0,0,0,0,0,2,2,13
,2018_25105,39.693317,-104.99249,10/26/2018 8:11,8:11,10,0,1,SANTA FE DRIVE SOUTH & FLORIDA AVENUE WEST,1,1,0,0,1,2,,0,40,0,0,0,0,1,2,2,13
,2018_25106,39.696679,-104.991877,5/6/2018 5:37,5:37,3,0,0,PLATTE RIVER DRIVE SOUTH  & MISSISSIPPI AVENUE WEST,1,1,0,0,1,1,,0,5,0,0,0,0,0,2,3,13
,2018_25107,39.696679,-104.991877,12/8/2018 13:01,13:01,3,0,3,PLATTE RIVER DRIVE SOUTH  & MISSISSIPPI AVENUE WEST,1,1,0,0,1,1,,0,30,0,0,0,0,1,2,2,13
,2018_25114,39.725357,-105.025125,9/19/2018 6:36,6:36,1,0,2,FEDERAL BOULEVARD SOUTH & SIXTH AVENUE WEST WB RAMPS,1,1,0,0,1,1,,0,35,0,0,0,0,1,2,2,7
,2018_25115,39.725117,-105.025125,2/7/2018 6:29,6:29,12,0,1,SIXTH AVENUE EASTBOUND OFF RAMP & FEDERAL BOULEVARD NORTH,1,1,1,0,1,1,,0,35,0,0,0,0,1,2,3,12
,2018_25116,39.71662,-105.025127,1/3/2018 18:40,18:40,3,0,0,FEDERAL BOULEVARD SOUTH & ELLSWORTH AVENUE WEST,1,3,0,0,1,3,,0,35,0,0,0,0,0,2,2,13
,2018_25117,39.713042,-105.025153,1/27/2018 17:33,17:33,15,0,0,FEDERAL BOULEVARD SOUTH & CEDAR AVENUE WEST,1,4,1,0,1,4,,0,35,0,0,0,0,0,2,2,3
,2018_25118,39.675279,-105.025053,8/16/2018 13:14,13:14,15,0,0,ILIFF AVENUE WEST  & FEDERAL BOULEVARD SOUTH,1,1,0,0,1,3,,0,25,0,0,0,0,0,2,2,3
,2018_25119,39.70849,-105.025081,6/1/2018 14:19,14:19,12,0,0,FEDERAL BOULEVARD 400 BLOCK SOUTH & ALASKA PLACE WEST,1,1,0,0,1,4,,0,40,0,0,0,0,0,2,2,13
,2018_25120,39.704019,-105.02509,4/9/2018 16:25,16:25,12,0,0,FEDERAL BOULEVARD SOUTH & EXPOSITION AVENUE WEST,1,1,1,0,1,3,,0,25,0,0,0,0,0,2,2,3
,2018_25121,39.700854,-105.025078,10/6/2018 11:45,11:45,15,0,0,FEDERAL BOULEVARD 800 BLOCK SOUTH & KENTUCKY AVENUE WEST,1,1,0,0,1,4,,0,35,0,0,0,0,0,2,2,13
,2018_25123,39.693033,-105.025057,7/6/2018 9:50,9:50,12,0,0,LOUISIANA AVENUE WEST & LOUISIANA AVENUE WEST,1,1,0,0,1,4,,0,40,0,0,0,0,0,2,2,13
,2018_25124,39.689495,-105.025043,1/6/2018 14:49,14:49,12,0,0,FLORIDA AVENUE WEST & FEDERAL BOULEVARD SOUTH,1,1,0,0,1,1,,0,35,0,0,0,0,0,2,2,14
,2018_25125,39.687578,-105.025036,9/27/2018 11:57,11:57,12,0,0,FEDERAL BOULEVARD 1600 SOUTH & IOWA AVENUE WEST,1,1,1,0,1,4,,0,35,0,0,0,0,0,2,2,13
,2018_25127,39.687431,-105.025035,4/20/2018 22:59,22:59,15,0,0,FEDERAL BOULEVARD SOUTH & IOWA AVENUE WEST,6,3,1,2,1,4,,0,35,0,0,0,0,0,2,2,13
,2018_25128,39.684925,-105.025026,11/12/2018 22:58,22:58,12,0,1,FEDERAL BOULEVARD SOUTH & COLORADO AVENUE WEST,1,3,0,0,1,4,,0,35,0,0,0,0,1,2,2,5
,2018_25129,39.684188,-105.025023,11/24/2018 9:58,9:58,12,0,0,FEDERAL BOULEVARD 1700 BLOCK SOUTH & COLORADO AVENUE WEST,1,1,0,0,1,4,,0,35,0,0,0,0,0,2,2,13
,2018_25130,39.683598,-105.025021,1/16/2018 7:46,7:46,1,0,0,FEDERAL BOULEVARD BLOCK SOUTH & COLORADO AVENUE WEST,1,1,0,0,1,2,,0,35,0,0,0,0,0,2,2,13
,2018_25131,39.682126,-105.025017,2/3/2018 23:25,23:25,12,0,1,FEDERAL BOULEVARD SOUTH & JEWELL AVENUE WEST,1,3,0,0,1,3,,0,35,0,0,0,0,2,2,3,7
,2018_25132,39.676736,-105.025046,1/25/2018 16:05,16:05,3,0,0,WARREN AVENUE WEST & FEDERAL BOULEVARD SOUTH,1,1,0,0,1,1,,0,25,0,0,0,0,0,2,2,8
,2018_25133,39.676444,-105.025047,10/15/2018 14:38,14:38,15,0,0,FEDERAL BOULEVARD SOUTH & WARREN AVENUE WEST,1,1,1,0,1,4,,0,35,0,0,0,0,0,2,2,3
,2018_25147,39.682251,-105.053195,10/3/2018 5:20,5:20,3,0,0,SHERIDAN BOULEVARD SOUTH & JEWELL AVENUE WEST,1,3,1,0,1,1,,0,35,0,0,0,0,0,2,2,13
,2018_25156,39.651763,-105.052959,2/3/2018 19:48,19:48,3,0,0,SHERIDAN BOULEVARD SOUTH & HIGHWAY 285 EASTBOUND 'C'CRAMP ON,1,3,1,0,1,1,,0,35,0,0,0,0,0,2,2,13
,2018_25157,39.65638,-105.053224,3/23/2018 9:29,9:29,3,0,0,SHERIDAN BOULEVARD 3000 BLOCK SOUTH & DARTMOUTH AVENUE WEST,1,1,0,0,1,2,,0,40,0,0,0,0,0,2,2,13
,2018_25163,39.726278,-105.053133,1/6/2018 10:30,10:30,12,0,0,SIXTH AVENUE WB RAMPS & SHERIDAN BOULEVARD NORTH,1,1,0,0,1,1,,0,25,0,0,0,0,0,2,2,13
,2018_25164,39.733758,-105.05322,7/31/2018 17:27,17:27,12,0,0,SHERIDAN BOULEVARD 1000 BLOCK NORTH & 10TH AVENUE WEST,1,1,1,0,1,4,,0,35,0,0,0,0,0,2,2,1
,2018_25190,39.614603,-105.091146,2/28/2018 12:08,12:08,12,0,1,WADSWORTH BOULEVARD 5500 BLOCK SOUTH & CROSS DRIVE WEST,1,1,0,0,1,3,,0,45,0,0,0,0,2,2,2,7
,2018_25191,39.614744,-105.091145,5/11/2018 12:56,12:56,12,0,0,HIGHWAY 121 & MM 4,1,1,0,0,1,3,,0,,0,0,0,0,0,2,2,13
,2018_25213,39.780314,-104.940501,5/9/2018 20:01,20:01,5,0,1,COLORADO BOULEVARD NORTH & I70,1,3,1,0,3,4,,0,35,0,0,0,0,2,2,1,5
,2018_25232,39.629971,-104.904921,7/24/2018 15:42,15:42,12,0,0,I225 SOUTHBOUND OFF RAMP & I25 NORTHBOUND,1,1,1,0,1,8,,0,65,0,0,0,0,0,1,2,13
,2018_25246,39.630391,-104.90506,12/4/2018 17:35,17:35,12,0,0,I225 SOUTHBOUND OFF RAMP & I25 NORTHBOUND,1,2,1,0,1,8,,0,35,0,0,0,0,0,1,2,13
,2018_25247,39.634127,-104.902067,1/12/2018 16:30,16:30,15,0,0,I225 SOUTHBOUND OFF RAMP SPLIT & I25,1,2,0,0,1,4,,0,55,0,0,0,0,0,1,2,13
,2018_25248,39.634324,-104.901054,6/8/2018 14:20,14:20,12,0,0,I225 & MP .4,1,1,0,0,1,4,,0,55,0,0,0,0,0,1,3,1
,2018_25249,39.635522,-104.893462,2/21/2018 7:28,7:28,12,0,0,I225 & TAMARAC STREET SOUTH,1,1,0,0,1,4,,0,55,0,0,0,0,0,1,4,13
,2018_25251,39.635522,-104.893462,4/4/2018 5:55,5:55,15,0,0,I225 & TAMARAC STREET SOUTH INTCH,1,2,0,0,1,4,,0,55,0,0,0,0,0,1,2,1
,2018_25252,39.635522,-104.893462,10/9/2018 16:05,16:05,1,0,0,TAMARAC DRIVE SOUTH & I225 SOUTHBOUND RAMPS,2,1,0,1,1,1,,0,40,0,0,0,0,0,1,2,13
,2018_25254,39.635522,-104.893462,11/18/2018 11:45,11:45,1,0,0,TAMARAC DRIVE SOUTH & I225 SOUTHBOUND RAMPS,1,1,1,0,1,1,,0,35,0,0,0,0,0,1,2,14
,2018_25260,39.783308,-104.94825,1/14/2018 2:54,2:54,5,0,0,VASQUEZ BOULEVARD NORTH & 48TH AVENUE EAST,1,3,0,0,2,4,,0,,0,0,0,0,0,2,1,13
,2018_25291,39.780803,-104.899364,12/31/2018 11:15,11:15,5,0,0,I270 & NORTHFIELD QUEBEC EASTBOUND EXIT GORE APPROXIMATELY,10,1,0,2,3,4,,1,55,0,0,0,0,0,1,1,14
,2018_25302,39.653152,-105.052954,10/20/2018 19:56,19:56,15,0,0,HAMPDEN AVENUE WB RAMP & SHERIDAN BOULEVARD SOUTH,1,3,0,0,1,8,,0,40,0,0,0,0,0,2,2,1
,2018_25322,39.65298,-104.928108,12/24/2018 23:35,23:35,1,0,0,HAMPDEN AVENUE EAST & FAIRFAX STREET SOUTH,1,3,0,0,1,1,,0,35,0,0,0,0,0,2,2,5
,2018_25323,39.65298,-104.925844,6/14/2018 15:40,15:40,12,0,0,HAMPDEN AVENUE 5000 BLOCK EAST & GLENCOE STREET SOUTH ],1,1,0,0,1,3,,0,35,0,0,0,0,0,2,2,13
,2018_25324,39.652979,-104.92358,3/2/2018 11:59,11:59,15,0,1,HAMPDEN AVENUE & HUDSON STREET SOUTH,1,1,0,0,1,4,,0,40,0,0,0,0,1,2,3,13
,2018_25326,39.751253,-105.025137,2/23/2018 22:36,22:36,1,0,0,FEDERAL BOULEVARD NORTH & 23RD AVENUE WEST,1,3,0,0,1,1,,0,35,0,0,0,0,0,2,2,5
,2018_25327,39.751253,-105.025137,5/17/2018 20:10,20:10,3,0,1,FEDERAL BOULEVARD NORTH & 23RD AVENUE WEST,1,2,0,0,1,3,,0,35,0,0,0,1,2,2,2,13
,2018_25328,39.753551,-105.025127,6/27/2018 9:02,9:02,15,0,0,25TH AVENUE WEST & FEDERAL BOULEVARD NORTH,1,1,0,0,1,1,,0,35,0,0,0,0,0,2,2,7
,2018_25329,39.754692,-105.02513,11/9/2018 9:42,9:42,12,0,0,FEDERAL BOULEVARD 2600 BLOCK NORTH & 26TH AVENUE WEST,1,1,0,0,1,4,,0,35,0,0,0,0,0,2,2,13
,2018_25330,39.76196,-105.025155,4/6/2018 22:15,22:15,1,0,0,FEDERAL BOULEVARD NORTH 3200 BLOCK NORTH & 32ND AVENUE WEST,2,3,0,2,1,1,,0,35,0,0,0,0,0,2,2,4
,2018_25331,39.769238,-105.025232,1/17/2018 13:57,13:57,1,0,0,38TH AVENUE WEST & FEDERAL BOULEVARD NORTH,1,1,0,0,1,1,,0,35,0,0,0,0,0,2,2,13
,2018_25332,39.769238,-105.025232,7/15/2018 8:45,8:45,3,0,0,38TH AVENUE WEST & FEDERAL BOULEVARD NORTH,1,1,0,0,1,1,,0,35,0,0,0,0,0,2,2,13
,2018_25333,39.769238,-105.025232,12/2/2018 9:47,9:47,12,0,0,FEDERAL BOULEVARD NORTH & 38TH AVENUE WEST,1,1,0,0,1,3,,0,35,0,0,0,0,0,2,2,14
,2018_25336,39.78132386,-104.9788786,5/25/2018 8:00,8:00,6,0,0,WASHINGTON STREET & 1860 NORTH,1,1,0,0,1,4,,0,,0,0,0,0,0,4,2,13
,2018_25432,39.835459,-104.746837,6/9/2018 11:15,11:15,5,0,2,E470 & PENA BOULEVARD,1,1,0,0,2,4,,0,75,0,0,0,0,1,2,1,14
,2018_25438,39.653006,-105.055977,2/16/2018 22:47,22:47,5,0,0,HAMPDEN FRONTAGE ROAD NOT CDOT & SHERIDAN BOULEVARD SOUTH,8,3,0,0,3,4,,0,35,0,0,0,0,0,4,1,7
,2018_25439,39.780983,-104.942954,1/11/2018 9:15,9:15,6,0,0,JACKSON STREET 4600 BLOCK NORTH & 46TH AVENUE EAST,1,1,0,0,1,2,,0,25,0,0,0,0,0,4,2,3
,2018_25443,39.668673,-104.940609,10/21/2018 11:05,11:05,3,0,0,COLORADO BOULEVARD SOUTH & YALE AVENUE EAST,1,1,0,0,1,1,,0,25,0,0,0,0,0,2,2,13
,2018_25444,39.670653,-104.940615,5/31/2018 15:45,15:45,3,0,0,COLORADO BOULEVARD SOUTH & HARVARD AVENUE EAST,1,1,0,0,1,1,,0,35,0,0,0,0,0,2,2,13
,2018_25446,39.685533,-104.940543,7/17/2018 14:00,14:00,15,0,0,COLORADO BOULEVARD SOUTH & MEXICO AVENUE EAST,1,1,0,0,1,3,,0,30,0,0,0,0,0,2,2,13
,2018_25447,39.685533,-104.940543,9/8/2018 9:53,9:53,12,0,0,COLORADO BOULEVARD SOUTH & MEXICO AVENUE EAST,1,1,0,0,1,1,,0,40,0,0,0,0,0,2,2,13
,2018_25448,39.685533,-104.940543,10/6/2018 3:49,3:49,1,0,0,COLORADO BOULEVARD SOUTH & MEXICO AVENUE EAST,2,3,0,1,1,1,,0,35,0,0,0,0,0,2,2,5
,2018_25449,39.69659,-104.940565,2/1/2018 9:55,9:55,12,0,0,MISSISSIPPI AVENUE 3900 BLOCK EAST & COLORADO BOULEVARD SOUTH,1,1,0,0,1,1,,0,25,0,0,0,0,0,2,2,13
,2018_25450,39.724917,-104.940607,12/18/2018 14:41,14:41,12,0,1,FOURTH AVENUE EAST  & COLORADO BOULEVARD NORTH,1,1,0,0,1,3,,0,35,0,0,0,0,1,2,2,13
,2018_25451,39.725208,-104.940607,12/11/2018 9:30,9:30,15,0,0,COLORADO BOULEVARD 500 BLOCK NORTH & SIXTH AVENUE EAST,1,1,0,0,1,4,,0,30,0,0,0,0,0,2,2,1
,2018_25452,39.737902,-104.940602,9/7/2018 15:00,15:00,12,0,0,COLORADO BOULEVARD 1300 BLOCK NORTH & 14TH AVENUE EAST,1,1,0,0,1,4,,0,35,0,0,0,0,0,2,2,12
,2018_25453,39.73834,-104.940602,1/9/2018 12:38,12:38,12,0,1,COLORADO BOULEVARD 1300 BLOCK NORTH & 14TH AVENUE EAST,1,1,0,0,1,4,,0,35,0,0,0,0,2,2,2,1
,2018_25454,39.740236,-104.940601,10/15/2018 7:20,7:20,15,0,0,COLORADO BOULEVARD & COLFAX AVENUE,1,1,0,0,1,1,,0,40,0,0,0,0,0,2,2,13
,2018_25455,39.748699,-104.940598,10/21/2018 9:40,9:40,12,0,1,COLORADO BOULEVARD NORTH & 22ND AVENUE EAST,1,1,0,0,1,4,,0,35,0,0,0,0,1,2,2,13
,2018_25456,39.754511,-104.940546,1/19/2018 17:25,17:25,15,0,0,COLORADO BOULEVARD NORTH & 26TH AVENUE,1,2,1,0,1,1,,0,35,0,0,0,0,0,2,2,1
,2018_25457,39.758139,-104.940526,8/4/2018 16:41,16:41,15,0,0,COLORADO BOULEVARD 2800 NORTH & 29TH AVENUE,1,1,0,0,1,4,,0,35,0,0,0,0,0,2,2,1
,2018_25458,39.761914,-104.940511,6/8/2018 14:34,14:34,3,0,1,COLORADO BOULEVARD NORTH & MARTIN LUTHER KING EAST,1,1,0,0,1,1,,0,35,0,0,0,0,1,2,2,7
,2018_25459,39.763076,-104.940506,12/6/2018 3:01,3:01,5,0,2,COLORADO BOULEVARD 3300 BLOCK NORTH & MLK BOULEVARD EAST,1,3,0,0,3,4,,0,35,0,0,0,0,1,2,1,2
,2018_25460,39.764528,-104.940501,11/20/2018 16:25,16:25,1,0,0,COLORADO BOULEVARD NORTH & BRUCE RANDOLPH AVENUE EAST,1,2,0,0,1,1,,0,35,0,0,0,0,0,2,2,1
,2018_25461,39.77302,-104.940511,5/6/2018 17:12,17:12,1,0,2,40TH AVENUE EAST & COLORADO BOULEVARD NORTH,1,1,0,0,1,1,,0,40,0,0,0,0,1,2,2,9
,2018_25473,39.725649,-105.052644,7/27/2018 16:53,16:53,12,0,0,SIXTH AVENUE WEST EASTBOUND ON RAMP & SHERIDAN BOULEVARD NORTH,1,1,0,0,1,8,,0,65,0,0,0,0,0,2,3,1
,2018_25474,39.725541,-105.035083,4/6/2018 16:41,16:41,12,0,0,SIXTH AVENUE WEST & LOWELL BOULEVARD NORTH,1,1,0,0,1,4,,0,45,0,0,0,0,0,2,2,14
,2018_25475,39.725543,-105.034525,8/17/2018 5:45,5:45,12,0,0,SIXTH AVENUE 4100 BLOCK WEST & FEDERAL BOULEVARD SOUTH,1,2,0,0,1,4,,0,65,0,0,0,0,0,2,2,13
,2018_25476,39.725455,-105.032456,1/11/2018 6:40,6:40,12,0,0,SIXTH AVENUE WEST & KNOX AVENUE NORTH APPROXIMATELY,1,3,1,0,1,4,,0,55,0,0,0,0,0,2,4,14
,2018_25477,39.725415,-105.025068,4/25/2018 7:42,7:42,12,0,1,SIXTH AVENUE WEST & FEDERAL BOULEVARD NORTH,1,1,0,0,1,4,,0,55,0,0,0,0,1,2,5,3
,2018_25478,39.725415,-105.025068,5/12/2018 18:42,18:42,15,0,0,SIXTH AVENUE WEST & FEDERAL BOULEVARD NORTH,1,1,0,0,1,4,,0,55,0,0,0,0,0,2,2,13
,2018_25479,39.725389,-105.022381,5/19/2018 9:40,9:40,12,0,1,SIXTH AVENUE WEST & MM 284,2,1,0,1,1,4,,0,55,0,0,0,0,1,2,2,13
,2018_25480,39.725481,-105.013684,8/17/2018 16:54,16:54,12,0,0,SIXTH AVENUE EAST & I25,1,1,0,0,1,4,,0,65,0,0,0,0,0,2,2,1
,2018_25481,39.779447,-104.949726,3/9/2018 14:54,14:54,3,0,1,46TH AVENUE & STEELE STREET NORTH,1,1,0,0,1,1,,0,30,0,0,0,0,1,2,2,1
,2018_25545,39.643204,-104.912591,3/20/2018 16:35,16:35,12,0,0,I25 & HAMPDEN AVENUE EAST,1,1,0,0,1,4,,0,65,0,0,0,0,0,1,2,14
,2018_25556,39.639186,-104.910225,9/19/2018 17:00,17:00,12,0,1,I25 SOUTHBOUND OFF RAMP LOOP EXIT GORE POINT & I225,1,1,1,0,1,8,,0,55,0,0,0,0,1,1,4,14
,2018_25557,39.641452,-104.911575,7/24/2018 10:57,10:57,12,0,0,I25 & QUINCY AVENUE EAST,1,1,0,0,1,4,,0,65,0,0,0,0,0,1,2,3
,2018_25558,39.64253,-104.9122,7/9/2018 7:05,7:05,5,0,0,I25 & QUINCY AVENUE EAST,1,1,0,0,2,4,,0,65,0,0,0,0,0,1,1,1
,2018_25560,39.664683,-104.923563,3/7/2018 8:06,8:06,12,0,1,I25 & YALE AVENUE EAST,1,1,0,0,1,4,,0,60,0,0,0,0,1,1,2,13
,2018_25561,39.667623,-104.925611,4/25/2018 2:10,2:10,12,0,3,I25 & YALE AVENUE EAST,1,3,1,0,1,4,,0,65,0,0,0,0,2,1,2,5
,2018_25562,39.667623,-104.925611,9/19/2018 0:50,0:50,12,0,0,I25 & YALE AVENUE EAST,1,3,0,0,1,4,,0,60,0,0,0,0,0,1,2,3
,2018_25563,39.667623,-104.925611,10/18/2018 9:00,9:00,12,0,0,YALE AVENUE EAST & I25 NORTHBOUND RAMPS,1,1,0,0,1,1,,0,35,0,0,0,0,0,1,2,13
,2018_25564,39.674961,-104.930643,3/3/2018 11:30,11:30,5,0,0,I25 NORTHBOUND EXIT GORE POINT & EVANS AVENUE EAST,1,1,1,0,3,4,,0,50,0,0,0,0,0,1,1,3
,2018_25565,39.676945,-104.932322,6/10/2018 19:58,19:58,15,0,0,I25 & EVANS AVENUE EAST,1,1,0,0,1,4,,0,65,0,0,0,0,0,1,2,7
,2018_25566,39.678695,-104.933844,7/19/2018 17:50,17:50,12,0,1,I25 NORTHBOUND ON RAMP & EVANS AVENUE EAST,1,1,1,0,1,8,,0,60,0,0,0,0,1,1,2,1
,2018_25567,39.768124,-104.99459,4/5/2018 11:48,11:48,5,0,0,I25 SOUTHBOUND RAMP OFF & 38TH AVENUE WEST / FOX STREET,1,1,1,0,2,8,,0,35,0,0,0,0,0,1,1,1
,2018_25568,39.683094,-104.940452,6/8/2018 8:24,8:24,12,0,0,I25 & COLORADO BOULEVARD SOUTH,1,1,0,0,1,4,,0,60,0,0,0,0,0,1,2,7
,2018_25569,39.68492,-104.950436,6/27/2018 18:42,18:42,15,0,0,I25 & STEELE STREET SOUTH,1,1,0,0,1,4,,0,60,0,0,0,0,0,1,3,13
,2018_25570,39.724815,-105.012562,3/12/2018 12:40,12:40,15,0,0,I25 & SIXTH AVENUE WEST,1,1,0,0,1,4,,0,55,0,0,0,0,0,1,2,1