id,drcog_id,latitude,longitude,crashtime,time,crashtype,numbkilled,numbinjurd,drcoglocat,rdconditin,lightngcon,roadcntgrd,weatherco,location,roaddescrp,schoolzone,constrzone,splimit,bikeinv,pedinv,sctrinv,motoinv,svrty,rdsystem,ttlvehcls,hcf
,2018_25571,39.689713,-104.972758,6/12/2018 19:55,19:55,15,0,1,I25 & LOGAN STREET SOUTH,1,1,1,0,1,4,,0,60,0,0,0,0,2,1,2,13
,2018_25572,39.701466,-104.987451,12/31/2018 15:45,15:45,5,0,0,I25 & BROADWAY SOUTH,5,1,1,2,3,4,,0,55,0,0,0,0,0,1,1,3
,2018_25573,39.703135,-104.990009,6/13/2018 16:47,16:47,12,0,0,I25 SOUTHBOUND OFF RAMP EXIT GORE POINT & BROADWAY SOUTH,1,1,1,0,1,8,,0,65,0,0,0,0,0,1,2,14
,2018_25574,39.712352,-104.999588,5/17/2018 12:24,12:24,12,0,0,I25 & ALAMEDA AVENUE WEST,1,1,0,0,1,4,,0,55,0,0,0,0,0,1,3,1
,2018_25575,39.720036,-105.007094,5/29/2018 13:50,13:50,12,0,0,I25 & SIXTH AVENUE WEST,1,1,0,0,1,4,,0,55,0,0,0,0,0,1,2,13
,2018_25576,39.721239,-105.008403,5/15/2018 17:39,17:39,12,0,0,I25 & SIXTH AVENUE WEST,1,1,1,0,1,4,,0,55,0,0,0,0,0,1,2,13
,2018_25578,39.721776,-105.008994,3/26/2018 15:32,15:32,15,0,0,I25 SOUTHBOUND ON RAMP ENTRANCE GORE POINT & SIXTH AVENUE WEST,1,1,1,0,1,8,,0,,0,0,0,0,0,1,2,13
,2018_25579,39.72244,-105.009858,3/2/2018 17:51,17:51,15,0,0,I25 & SIXTH AVENUE WEST,1,3,1,0,1,4,,0,55,0,0,0,0,0,1,2,13
,2018_25580,39.72244,-105.009858,7/14/2018 11:00,11:00,12,0,0,I25 & SIXTH AVENUE WEST,1,1,0,0,1,4,,0,55,0,0,0,0,0,1,2,13
,2018_25581,39.722554,-105.010019,5/23/2018 16:57,16:57,12,0,0,I25 & SIXTH AVENUE WEST,1,1,0,0,1,4,,0,55,0,0,0,0,0,1,2,13
,2018_25582,39.723881,-105.011684,8/26/2018 14:08,14:08,12,0,0,I25 & SIXTH AVENUE WEST,1,1,0,0,1,4,,0,65,0,0,0,0,0,1,3,13
,2018_25583,39.724815,-105.012562,1/2/2018 14:09,14:09,12,0,0,I25 & SIXTH AVENUE WEST,1,1,0,0,1,4,,0,55,0,0,0,0,0,1,2,1
,2018_25584,39.725165,-105.012815,12/29/2018 7:19,7:19,5,0,1,I25 SOUTHBOUND ON RAMP & SIXTH AVENUE WEST,1,2,1,0,3,8,,0,50,0,0,0,0,2,1,1,14
,2018_25585,39.725281,-105.012899,1/22/2018 14:59,14:59,12,0,0,I25 & SIXTH AVENUE WEST,1,1,0,0,1,4,,0,55,0,0,0,0,0,1,2,3
,2018_25586,39.725281,-105.012899,4/15/2018 10:55,10:55,12,0,0,I25 & SIXTH AVENUE WEST,1,1,1,0,1,4,,0,55,0,0,0,0,0,1,2,13
,2018_25587,39.725281,-105.012899,6/28/2018 7:58,7:58,12,0,0,I25 & SIXTH AVENUE WEST,1,1,0,0,1,4,,0,65,0,0,0,0,0,1,3,13
,2018_25588,39.725398,-105.012983,8/15/2018 15:12,15:12,15,0,0,I25 NORTHBOUND ON RAMP & SIXTH AVENUE WEST,1,1,1,0,1,8,,0,55,0,0,0,0,0,1,2,13
,2018_25589,39.729265,-105.014796,4/11/2018 17:00,17:00,15,0,0,I25 & EIGHTH AVENUE WEST,1,1,0,0,1,4,,0,65,0,0,0,0,0,1,2,13
,2018_25590,39.760997,-105.004271,8/17/2018 10:15,10:15,12,0,1,I25 & 20TH STREET,1,1,0,0,1,4,,0,65,0,0,0,0,1,1,4,13
,2018_25591,39.729265,-105.014796,4/20/2018 6:39,6:39,12,0,0,I25 & EIGHTH AVENUE WEST,1,1,0,0,1,4,,0,55,0,0,0,0,0,1,3,7
,2018_25592,39.730335,-105.015179,7/23/2018 12:08,12:08,12,0,0,I25 NORTHBOUND ENTRANCE GORE POINT & SIXTH AVENUE WEST,1,1,0,0,1,4,,0,55,0,0,0,0,0,1,2,13
,2018_25593,39.731562,-105.015532,1/26/2018 14:31,14:31,15,0,0,I25 NORTHBOUND ENTRANCE GORE POINT & MULBERRY PLACE WEST,1,1,0,0,1,4,,0,55,0,0,0,0,0,1,2,13
,2018_25594,39.742025,-105.014657,10/12/2018 19:34,19:34,15,0,0,I25 & AURARIA PARKWAY,1,3,0,0,1,4,,0,55,0,0,0,0,0,1,3,8
,2018_25595,39.742332,-105.014941,5/26/2018 10:37,10:37,12,0,0,I25 NORTHBOUND ON RAMP METER FROM & COLFAX AVENUE WEST,1,1,0,0,1,4,,0,40,0,0,0,0,0,1,2,13
,2018_25596,39.751295,-105.016566,3/1/2018 19:26,19:26,12,0,1,I25 & 23RD AVENUE WEST,1,3,1,0,1,4,,0,65,0,0,0,0,2,1,2,5
,2018_25597,39.751814,-105.016278,11/18/2018 2:29,2:29,5,0,1,I25 & 23RD AVENUE WEST,5,3,0,0,2,4,,0,55,0,0,0,0,1,1,1,5
,2018_25598,39.755684,-105.011968,4/16/2018 16:28,16:28,12,0,1,I25 & SPEER BOULEVARD NORTH,1,1,0,0,1,8,,0,60,0,0,0,0,1,1,2,13
,2018_25599,39.756438,-105.01092,2/26/2018 17:37,17:37,5,0,0,I25 & SPEER BOULEVARD NORTH SOUTHBOUND EXIT GORE POINT,1,2,0,0,2,4,,0,35,0,0,0,0,0,1,1,13
,2018_25600,39.760904,-105.004407,6/29/2018 17:51,17:51,12,0,0,I25 NORTHBOUND RAMP OFF & 20TH STREET,1,1,0,0,1,1,,0,30,0,0,0,0,0,1,2,13
,2018_25601,39.760997,-105.004271,2/21/2018 13:52,13:52,12,0,0,I25 & 20TH STREET,2,1,0,0,1,4,,0,55,0,0,0,0,0,1,2,13
,2018_25602,39.760997,-105.004271,3/23/2018 16:29,16:29,12,0,1,I25 & 20TH STREET,1,1,1,0,1,4,,0,55,0,0,0,0,1,1,3,13
,2018_25603,39.760997,-105.004271,4/7/2018 11:49,11:49,12,0,1,I25 & 20TH STREET,1,1,0,0,1,4,,0,55,0,0,0,0,1,1,3,3
,2018_25604,39.760997,-105.004271,11/9/2018 12:45,12:45,12,0,1,I25 & 20TH STREET,1,1,0,0,1,4,,0,55,0,0,0,0,2,1,2,3
,2018_25605,39.760997,-105.004271,6/25/2018 19:23,19:23,1,0,0,I25 HIGHWAY SOUTHBOUND & 20TH STREET,1,1,0,0,1,1,,0,35,0,0,0,0,0,1,2,13
,2018_25606,39.762149,-105.002891,3/30/2018 22:11,22:11,12,0,0,I25 & 20TH AVENUE WEST,1,3,0,0,1,4,,0,55,0,0,0,0,0,1,2,13
,2018_25607,39.767974,-104.994954,12/4/2018 13:44,13:44,12,0,1,I25 & PARK AVENUE WEST,1,1,0,0,1,4,,0,65,0,0,0,0,2,1,3,13
,2018_25608,39.768522,-104.993732,1/7/2018 17:28,17:28,3,0,0,I25 SOUTHBOUND RAMP OFF & PARK AVENUE WEST,1,4,0,0,1,1,,0,35,0,0,0,0,0,1,2,8
,2018_25609,39.777918,-104.989186,5/22/2018 23:53,23:53,15,0,2,I25 NORTHBOUND RAMP OFF END & I70 EASTBOUND ON RAMP BEGIN,1,3,1,0,1,8,,0,55,0,0,0,0,1,1,2,7
,2018_25610,39.779391,-104.989164,9/25/2018 17:30,17:30,12,0,0,I25 & I70,1,1,1,0,1,4,,0,55,0,0,0,0,0,1,2,13
,2018_25611,39.783855,-104.989142,12/18/2018 15:27,15:27,12,0,0,I25 & 48TH AVENUE WEST,1,1,0,0,1,4,,0,55,0,0,0,0,0,1,2,13
,2018_25612,39.789096,-104.98888,2/10/2018 12:33,12:33,15,0,0,I25 & 51ST AVENUE,12,1,0,2,1,4,,0,55,0,0,0,0,0,1,2,13
,2018_25625,39.711149,-105.021281,2/12/2018 19:53,19:53,5,0,0,ALAMEDA AVENUE WEST & DALE COURT SOUTH,1,2,0,0,3,3,,0,40,0,0,0,0,0,2,1,13
,2018_25643,39.711183,-105.011003,7/25/2018 1:00,1:00,3,0,0,TEJON STREET SOUTH & ALAMEDA AVENUE WEST,1,3,0,0,1,1,,0,25,0,0,0,0,0,2,2,9
,2018_25650,39.71131,-105.053263,10/17/2018 20:45,20:45,12,0,0,ALAMEDA AVENUE WEST & SHERIDAN BOULEVARD SOUTH,1,3,0,0,1,1,,0,40,0,0,0,0,0,2,2,1
,2018_25651,39.711195,-105.043188,10/13/2018 18:02,18:02,3,0,0,ALAMEDA AVENUE WEST & STUART STREET SOUTH,3,1,0,0,1,1,,0,30,0,0,0,0,0,2,2,3
,2018_25652,39.711124,-105.03249,7/2/2018 16:25,16:25,12,0,0,ALAMEDA AVENUE WEST & MORRISON ROAD / KNOX COURT,1,1,0,0,1,1,,0,30,0,0,0,0,0,2,2,1
,2018_25653,39.711079,-105.025651,6/17/2018 19:40,19:40,15,0,0,ALAMEDA AVENUE WEST & FEDERAL BOULEVARD SOUTH,2,1,0,1,1,4,,0,35,0,0,0,0,0,2,2,14
,2018_25654,39.711155,-105.022579,10/29/2018 18:55,18:55,1,0,0,ALAMEDA AVENUE WEST & DECATUR STREET SOUTH,1,3,0,0,1,1,,0,35,0,0,0,0,0,2,2,13
,2018_25655,39.711184,-105.006756,1/9/2018 12:09,12:09,12,0,0,ALAMEDA AVENUE 1400 BLOCK WEST & PECOS STREET SOUTH,1,1,0,0,1,4,,0,35,0,0,0,0,0,2,2,13
,2018_25656,39.653118,-104.90465,3/27/2018 13:16,13:16,1,0,0,HAMPDEN AVENUE EAST & POPLAR STREET SOUTH,1,1,1,0,1,2,,0,35,0,0,0,0,0,2,2,8
,2018_25657,39.65311,-104.903519,3/30/2018 19:30,19:30,15,0,1,HAMPDEN AVENUE 7400 BLOCK EAST & POPLAR STREET SOUTH,1,2,1,0,1,4,,0,40,0,0,0,0,2,2,2,13
,2018_25658,39.653052,-104.884518,5/24/2018 17:40,17:40,12,0,0,HAMPDEN AVENUE EAST & YOSEMITE STREET SOUTH,1,1,0,0,1,4,,0,40,0,0,0,0,0,2,2,13
,2018_25659,39.65302,-104.87557,7/21/2018 7:35,7:35,3,0,1,HAMPDEN AVENUE EAST & DAYTON STREET SOUTH,1,1,0,0,1,1,,0,45,0,0,0,0,2,2,2,13
,2018_25661,39.653042,-104.87213,9/6/2018 8:49,8:49,12,0,0,HAMPDEN AVENUE 9900 BLOCK EAST & FLORENCE STREET SOUTH,1,1,0,0,1,4,,0,45,0,0,0,0,0,2,3,13
,2018_25662,39.653049,-104.871681,4/24/2018 8:22,8:22,12,0,0,HAMPDEN AVENUE EAST & FLORENCE STREET SOUTH,2,1,0,0,1,1,,0,35,0,0,0,0,0,2,2,13
,2018_25663,39.653049,-104.871681,4/25/2018 7:44,7:44,12,0,1,HAMPDEN AVENUE EAST & FLORENCE STREET SOUTH,1,1,0,1,1,1,,0,40,0,0,0,0,2,2,3,12
,2018_25664,39.664685,-104.866206,12/5/2018 8:51,8:51,15,0,0,HAVANA STREET SOUTH 2700 BLOCK & YALE AVENUE EAST,1,1,1,0,1,4,,0,45,0,0,0,0,0,2,2,13
,2018_25675,39.707393,-104.86598,3/11/2018 7:10,7:10,12,0,2,HAVANA STREET SOUTH & VIRGINIA AVENUE EAST,1,1,0,0,1,1,,0,35,0,0,0,0,1,2,2,13
,2018_25706,39.740334,-105.042677,6/12/2018 21:25,21:25,12,0,0,COLFAX AVENUE 4200 BLOCK WEST & STUART STREET NORTH,1,3,0,0,1,4,,0,35,0,0,0,0,0,2,2,1
,2018_25730,39.7112,-104.936323,8/10/2018 23:30,23:30,5,0,0,LEETSDALE DRIVE & ALAMEDA AVENUE EAST,1,3,1,0,2,1,,0,35,0,0,0,0,0,2,1,5
,2018_25735,39.740356,-105.050218,6/13/2018 19:17,19:17,12,0,0,COLFAX AVENUE WEST & WOLFF STREET NORTH,1,1,0,0,1,4,,0,40,0,0,0,0,0,2,2,3
,2018_25736,39.740356,-105.050218,8/7/2018 13:20,13:20,12,0,0,WOLFF STREET 1500 NORTH & COLFAX AVENUE WEST,1,1,1,0,1,1,,0,25,0,0,0,0,0,2,2,13
,2018_25737,39.740334,-105.042865,6/19/2018 16:36,16:36,12,0,1,COLFAX AVENUE WEST & STUART STREET NORTH,1,1,1,0,1,1,,0,30,0,0,0,0,1,2,2,14
,2018_25738,39.740339,-105.037041,11/6/2018 15:38,15:38,3,0,1,COLFAX AVENUE WEST & NEWTON STREET NORTH,1,1,0,0,1,1,,0,30,0,0,0,0,1,2,2,15
,2018_25739,39.74034,-105.035539,1/26/2018 14:10,14:10,5,0,0,COLFAX AVENUE 3600 WEST & MEADE STREET NORTH,1,1,1,0,3,4,,0,30,0,0,0,0,0,2,1,10
,2018_25740,39.740437,-105.020509,9/12/2018 5:55,5:55,12,0,0,COLFAX AVENUE 2800 BLOCK WEST & FEDERAL BOULEVARD NORTH,1,4,0,0,1,4,,0,35,0,0,0,0,0,2,2,1
,2018_25741,39.740076,-105.005215,9/18/2018 15:41,15:41,12,0,0,COLFAX AVENUE WEST & OSAGE STREET NORTH,1,1,1,0,1,3,,0,40,0,0,0,0,0,2,2,12
,2018_25742,39.740027,-105.002955,2/21/2018 13:15,13:15,12,0,2,COLFAX AVENUE 1200 BLOCK WEST & MARIPOSA STREET NORTH,1,1,1,0,1,4,,0,30,0,0,0,0,1,2,3,13
,2018_25743,39.740048,-104.999933,3/20/2018 15:15,15:15,15,0,0,COLFAX AVENUE 1100 BLOCK WEST & KALAMATH STREET NORTH,1,1,0,0,1,4,,1,35,0,0,0,0,0,2,2,13
,2018_25744,39.740046,-104.999518,10/18/2018 21:18,21:18,15,0,0,COLFAX AVENUE WEST 1000 BLOCK & SANTA FE DRIVE NORTH,1,3,0,0,1,4,,0,35,0,0,0,0,0,2,2,13
,2018_25745,39.740042,-104.998686,10/11/2018 17:17,17:17,12,0,0,COLFAX AVENUE WEST & SPEER BOULEVARD NORTH,2,1,0,0,1,3,,0,35,0,0,0,0,0,2,2,13
,2018_25746,39.740038,-104.997854,4/1/2018 13:50,13:50,10,0,0,SPEER BOULEVARD NORTHBOUND & COLFAX AVENUE WEST,1,1,0,0,1,3,,0,35,0,0,0,0,0,2,2,13
,2018_25747,39.740038,-104.997854,11/28/2018 6:36,6:36,15,0,0,SPEER BOULEVARD NORTH & COLFAX AVENUE WEST,1,3,0,0,1,1,,0,35,0,0,0,0,0,2,2,13
,2018_25748,39.74003,-104.996398,6/7/2018 16:30,16:30,15,0,1,COLFAX AVENUE WEST & GLENARM PLACE,1,1,0,0,1,1,,0,30,0,0,0,0,2,2,2,13
,2018_25749,39.74003,-104.996398,11/13/2018 14:18,14:18,3,0,1,COLFAX AVENUE WEST & FOX STREET NORTH,1,1,0,0,1,1,,0,30,0,0,0,0,1,2,2,13
,2018_25750,39.74,-104.977544,1/11/2018 15:51,15:51,10,0,0,COLFAX AVENUE EAST & CLARKSON STREET NORTH,1,1,0,0,1,1,,0,35,0,0,0,0,0,2,3,13
,2018_25751,39.740007,-104.973426,9/7/2018 11:36,11:36,15,0,1,DOWNING STREET NORTH  & COLFAX AVENUE EAST,1,1,0,0,1,1,,0,25,0,0,0,0,1,2,2,13
,2018_25752,39.740009,-104.972491,11/3/2018 15:36,15:36,3,0,0,COLFAX AVENUE EAST & DOWNING STREET NORTH,1,3,0,0,1,5,,0,45,0,0,0,0,0,2,2,13
,2018_25753,39.739982,-104.96271,3/14/2018 14:30,14:30,6,0,0,COLFAX AVENUE 2000 BLOCK EAST & RACE STREET NORTH,1,1,0,0,1,4,,0,30,0,0,0,0,0,2,2,7
,2018_25754,39.73998,-104.962333,9/25/2018 17:39,17:39,3,0,1,COLFAX AVENUE EAST & VINE STREET NORTH,1,1,0,0,1,1,,0,25,0,0,0,1,1,2,2,8
,2018_25755,39.739979,-104.962144,8/8/2018 13:04,13:04,6,0,0,COLFAX AVENUE & VINE STREET,1,1,0,0,1,4,,0,30,0,0,0,0,0,2,2,14
,2018_25756,39.739983,-104.959859,1/25/2018 9:02,9:02,14,0,0,COLFAX AVENUE EAST & YORK STREET NORTH,1,1,0,0,1,4,,0,25,0,0,0,0,0,2,2,14
,2018_25757,39.74017,-104.952941,3/22/2018 8:09,8:09,3,0,0,FILLMORE STREET NORTH  & COLFAX AVENUE EAST,1,1,0,0,1,1,,0,25,0,0,0,0,0,2,2,13
,2018_25758,39.740062,-104.94057,5/1/2018 8:15,8:15,1,0,0,COLFAX AVENUE EAST & COLORADO BOULEVARD NORTH,1,1,0,0,1,3,,0,30,0,0,0,0,0,2,2,14
,2018_25811,39.783618,-105.053062,11/13/2018 16:17,16:17,15,0,0,I70 & SHERIDAN BOULEVARD NORTH,1,1,1,0,1,4,,0,55,0,0,0,0,0,1,2,13
,2018_25812,39.783618,-105.053062,6/29/2018 14:58,14:58,12,0,0,I70 WB SLIP OFF RAMP & SHERIDAN BOULEVARD NORTH,1,1,1,0,1,8,,0,35,0,0,0,0,0,1,2,13
,2018_25813,39.783149,-105.006371,6/14/2018 10:30,10:30,12,0,1,I70 & PECOS STREET NORTH,1,1,1,0,1,4,,0,55,0,0,0,0,2,1,3,3
,2018_25814,39.783164,-105.005955,12/3/2018 19:48,19:48,12,0,2,I70 & PECOS STREET NORTH,1,3,0,0,1,4,,0,65,0,0,0,0,2,1,3,5
,2018_25815,39.782025,-104.997056,6/5/2018 19:11,19:11,15,0,0,I70 EASTBOUND OFF RAMP & WASHINGTON STREET NORTH,1,3,0,0,1,8,,0,55,0,0,0,1,0,1,2,7
,2018_25816,39.780058,-104.9894,3/23/2018 11:07,11:07,12,0,0,I70 & I25,1,1,0,0,1,4,,0,65,0,0,0,0,0,1,2,13
,2018_25817,39.780058,-104.9894,9/15/2018 18:06,18:06,5,0,0,I70 & I25,1,1,1,0,3,4,,0,45,0,0,0,0,0,1,1,5
,2018_25819,39.779441,-104.979019,4/20/2018 11:50,11:50,5,0,0,WASHINGTON STREET NORTH & I70,1,1,0,0,2,4,,0,35,0,0,0,0,0,1,2,14
,2018_25820,39.779538,-104.97514,1/26/2018 12:37,12:37,12,0,0,I70 & WASHINGTON STREET NORTH,1,1,0,0,1,4,,0,65,0,0,0,0,0,1,2,3
,2018_25821,39.779942,-104.966087,12/13/2018 8:37,8:37,12,0,0,I70 & BRIGHTON BOULEVARD NORTH,1,1,0,0,1,4,,0,55,0,0,0,0,0,1,2,12
,2018_25822,39.780012,-104.959789,5/8/2018 18:17,18:17,3,0,0,STEVENSON PLACE EAST & YORK STREET NORTH,1,1,0,0,1,1,,0,35,0,0,0,0,0,4,2,14
,2018_25823,39.779999,-104.949951,6/26/2018 12:50,12:50,15,0,0,I70 & VASQUEZ BOULEVARD / STEELE STREET NORTH,1,1,1,0,1,4,,0,65,0,0,0,0,0,1,2,3
,2018_25824,39.779944,-104.940603,1/19/2018 16:21,16:21,15,0,0,I70 & COLORADO BOULEVARD NORTH,1,1,0,0,1,4,,0,65,0,0,0,0,0,1,2,1
,2018_25825,39.779944,-104.940603,3/8/2018 15:37,15:37,12,0,0,I70 & COLORADO BOULEVARD NORTH INTCH,1,1,1,0,1,4,,0,55,0,0,0,0,0,1,2,13
,2018_25826,39.779944,-104.940603,7/9/2018 15:51,15:51,12,0,0,I70 & COLORADO BOULEVARD NORTH,1,1,1,0,1,4,,0,55,0,0,0,0,0,1,2,13
,2018_25827,39.778341,-104.92238,7/17/2018 11:33,11:33,12,0,0,I70 & HOLLY STREET NORTH,1,1,0,0,1,4,,0,55,0,0,0,0,0,1,2,13
,2018_25829,39.778289,-104.912748,8/9/2018 18:15,18:15,12,0,1,I70 & MONACO PARKWAY,1,1,0,0,1,4,,0,65,0,0,0,0,1,1,3,13
,2018_25830,39.778289,-104.912566,3/15/2018 9:23,9:23,12,0,0,I70 & MONACO STREET NORTH,1,1,0,0,1,4,,0,65,0,0,0,0,0,1,2,13
,2018_25831,39.778289,-104.912566,4/2/2018 16:45,16:45,12,0,0,I70 & MONACO STREET NORTH,1,1,0,0,1,4,,0,55,0,0,0,0,0,1,2,13
,2018_25832,39.778289,-104.912566,9/17/2018 15:24,15:24,12,0,1,I70 & MONACO STREET NORTH,1,1,0,0,1,4,,0,55,0,0,0,0,1,1,2,13
,2018_25833,39.778289,-104.912202,1/31/2018 17:12,17:12,12,0,0,I70 & MONACO STREET NORTH APPROXIMATELY,1,2,0,0,1,4,,0,65,0,0,0,0,0,1,2,14
,2018_25834,39.778292,-104.908557,12/10/2018 11:29,11:29,15,0,0,I70 & CENTRAL PARK BOULEVARD,1,1,0,0,1,4,,0,55,0,0,0,0,0,1,2,13
,2018_25835,39.778297,-104.900538,12/13/2018 16:13,16:13,12,0,0,I70 & QUEBEC STREET NORTH EASTBOUND OFF RAMP,1,2,0,1,1,4,,0,65,0,0,0,0,0,1,3,13
,2018_25836,39.777139,-104.882953,6/25/2018 18:41,18:41,5,0,0,I70 & CENTRAL PARK BOULEVARD,1,1,0,0,1,4,,0,55,0,0,0,0,0,1,2,14
,2018_25837,39.777001,-104.881444,8/27/2018 20:12,20:12,12,0,1,I70 & CENTRAL PARK BOULEVARD NORTH,1,3,0,0,1,4,,0,65,0,0,0,0,1,1,4,14
,2018_25838,39.775494,-104.864171,9/24/2018 9:14,9:14,12,0,0,I70 EASTBOUND ON RAMP & HAVANA STREET NORTH,1,1,0,0,1,8,,0,35,0,0,0,0,0,1,2,13
,2018_25839,39.77543,-104.863431,6/6/2018 11:07,11:07,12,0,0,I70 & HAVANA STREET NORTH,1,1,0,0,1,4,,0,55,0,0,0,0,0,1,2,8
,2018_25840,39.77392,-104.845869,10/12/2018 8:00,8:00,12,0,1,I70 EASTBOUND ON RAMP & PEORIA STREET NORTH,1,1,1,0,1,8,,0,45,0,0,0,0,2,1,2,7
,2018_25841,39.773856,-104.84513,7/7/2018 22:00,22:00,15,0,0,I70 EASTBOUND & I225,1,3,0,0,1,4,,0,55,0,0,0,0,0,1,2,6
,2018_25842,39.773538,-104.841432,1/17/2018 7:32,7:32,12,0,1,I70 WB ON RAMP FROM I225 & I225,1,1,1,0,1,8,,0,55,0,0,0,0,2,1,3,13
,2018_25843,39.773538,-104.841432,6/16/2018 13:30,13:30,12,0,0,I70 WB ON RAMP FROM I225 & I225,1,1,1,0,1,8,,0,,0,0,0,0,0,1,2,13
,2018_25913,39.696782,-104.898918,11/15/2018 7:30,7:30,3,0,0,PARKER ROAD SOUTH & 1082 SOUTH PARKER ROAD,1,1,0,0,1,2,,0,30,0,0,0,0,0,2,2,8
,2018_25914,39.700261,-104.908227,11/6/2018 17:30,17:30,12,0,0,LEETSDALE DRIVE & ONEIDA STREET SOUTH,1,2,0,0,1,1,,0,30,0,0,0,0,0,2,2,13
,2018_25915,39.702954,-104.912867,2/13/2018 8:44,8:44,12,0,0,LEETSDALE DRIVE & MONACO PARKWAY,1,1,0,0,1,1,,0,35,0,0,0,0,0,2,3,13
,2018_25916,39.703609,-104.914127,9/15/2018 12:35,12:35,12,0,0,LEETSDALE DRIVE & LOCUST STREET SOUTH,1,1,0,0,1,1,,0,30,0,0,0,0,0,2,2,7
,2018_25917,39.70385,-104.914592,7/21/2018 15:02,15:02,12,0,0,EXPOSITION AVENUE EAST & LEETSDALE DRIVE,1,1,0,0,1,1,,0,25,0,0,0,0,0,2,2,1
,2018_25918,39.707284,-104.921966,6/21/2018 19:08,19:08,3,0,0,LEETSDALE DRIVE & HOLLY STREET SOUTH,1,1,0,0,1,2,,0,45,0,0,0,0,0,2,2,13
,2018_25919,39.7112,-104.936323,5/20/2018 18:30,18:30,12,0,0,LEETSDALE DRIVE & ALAMEDA AVENUE,1,2,0,1,1,1,,0,35,0,0,0,0,0,2,2,3
,2018_25942,39.674839,-104.994178,7/17/2018 14:45,14:45,15,0,0,SANTA FE DRIVE SOUTH & EVANS AVENUE WEST,1,1,1,0,1,4,,0,55,0,0,0,0,0,2,2,13
,2018_25943,39.689481,-104.99207,8/21/2018 12:04,12:04,12,0,0,FLORIDA AVENUE WEST & SANTA FE DRIVE SOUTH / 1500 BLOCK WEST,1,1,0,0,1,1,,0,25,0,0,0,0,0,2,2,13
,2018_25944,39.689481,-104.99207,9/16/2018 18:30,18:30,12,0,0,SANTA FE DRIVE SOUTH & FLORIDA AVENUE WEST,1,1,0,0,1,1,,0,35,0,0,0,0,0,2,2,13
,2018_25945,39.695517,-104.992358,3/14/2018 22:50,22:50,5,0,0,SANTA FE DRIVE SOUTH & PLATTE RIVER DRIVE SOUTH,1,3,1,0,3,1,,0,45,0,0,0,0,0,2,1,5
,2018_25946,39.696679,-104.991877,6/9/2018 22:20,22:20,10,0,0,PLATTE RIVER DRIVE SOUTH  & MISSISSIPPI AVENUE WEST,1,3,0,0,1,1,,0,35,0,0,0,0,0,2,2,13
,2018_25957,39.729284,-105.025154,9/11/2018 8:07,8:07,12,0,0,FEDERAL BOULEVARD NORTH & EIGHTH AVENUE WEST,1,1,0,0,1,1,,1,30,0,0,0,0,0,2,2,14
,2018_25958,39.725719,-105.025126,11/6/2018 16:30,16:30,12,0,1,SIXTH AVENUE WB OFF RAMP & FEDERAL BOULEVARD NORTH,1,1,0,0,1,1,,0,25,0,0,0,0,1,2,2,14
,2018_25959,39.723656,-105.025158,10/8/2018 5:55,5:55,3,0,0,FEDERAL BOULEVARD NORTH & SIXTH AVENUE EASTBOUND ON RAMP,2,3,0,1,1,1,,0,35,0,0,0,0,0,2,2,13
,2018_25960,39.718398,-105.025153,8/7/2018 18:25,18:25,1,0,5,FEDERAL BOULEVARD NORTH & FIRST AVENUE WEST,1,1,0,0,1,1,,0,35,0,0,0,0,2,2,2,13
,2018_25961,39.71662,-105.025127,5/5/2018 19:10,19:10,12,0,1,FEDERAL BOULEVARD NORTH & ELLSWORTH AVENUE WEST,1,1,0,0,1,1,,0,,0,0,0,0,1,2,2,13
,2018_25962,39.71662,-105.025127,6/27/2018 23:15,23:15,5,0,0,FEDERAL BOULEVARD SOUTH & ELLSWORTH AVENUE WEST,1,3,0,0,3,1,,0,35,0,0,0,0,0,2,1,2
,2018_25963,39.71498,-105.025139,2/28/2018 15:28,15:28,3,0,0,FEDERAL BOULEVARD SOUTH & BAYAUD AVENUE WEST,1,1,1,0,1,1,,0,25,0,0,0,0,0,2,2,8
,2018_25964,39.711253,-105.025099,9/30/2018 23:22,23:22,12,0,0,FEDERAL BOULEVARD SOUTH & ALAMEDA AVENUE WEST,1,3,1,0,1,3,,0,40,0,0,0,0,0,2,2,3
,2018_25965,39.710955,-105.025089,8/27/2018 7:27,7:27,12,0,1,FEDERAL BOULEVARD 300 BLOCK SOUTH & ALAMEDA AVENUE WEST,1,1,1,0,1,4,,0,35,0,0,0,0,2,2,2,13
,2018_25966,39.696865,-105.025071,3/29/2018 15:16,15:16,12,0,2,FEDERAL BOULEVARD SOUTH & MISSISSIPPI AVENUE WEST,1,1,1,0,1,3,,0,40,0,0,0,0,1,2,4,3
,2018_25967,39.690674,-105.025048,10/28/2018 20:20,20:20,15,0,0,FEDERAL BOULEVARD SOUTH 1300 BLOCK & ARKANSAS AVENUE WEST,1,3,0,0,1,4,,0,40,0,0,0,0,0,2,2,1
,2018_25968,39.682275,-105.025016,10/19/2018 18:55,18:55,3,0,0,FEDERAL BOULEVARD SOUTH & JEWELL AVENUE WEST,1,3,0,0,1,1,,0,40,0,0,0,0,0,2,2,3
,2018_25969,39.678484,-105.025036,7/11/2018 14:30,14:30,15,0,0,BELLEVIEW AVENUE EAST & MONACO STREET SOUTH,1,1,0,0,1,4,,0,40,0,0,0,0,0,2,2,14
,2018_25970,39.676736,-105.025046,3/19/2018 16:21,16:21,3,0,0,WARREN AVENUE WEST & FEDERAL BOULEVARD SOUTH,1,1,0,0,1,1,,0,40,0,0,0,0,0,2,2,13