id,drcog_id,latitude,longitude,crashtime,time,crashtype,numbkilled,numbinjurd,drcoglocat,rdconditin,lightngcon,roadcntgrd,weatherco,location,roaddescrp,schoolzone,constrzone,splimit,bikeinv,pedinv,sctrinv,motoinv,svrty,rdsystem,ttlvehcls,hcf
,2018_26474,39.66645,-104.866162,3/23/2018 17:00,17:00,10,0,1,YALE AVENUE EAST & HAVANA STREET SOUTH,1,1,0,0,1,1,,0,30,0,0,0,0,1,2,2,1
,2018_26538,39.740361,-105.051191,3/19/2018 6:52,6:52,5,0,0,COLFAX AVENUE WEST & YATES STREET,5,1,0,2,3,1,,0,35,0,0,0,0,0,2,1,14
,2018_26539,39.740361,-105.051191,6/27/2018 17:30,17:30,1,0,2,YATES STREET NORTH & COLFAX AVENUE WEST,1,1,0,0,1,1,,0,35,0,0,0,0,2,2,2,7
,2018_26540,39.740342,-105.032345,9/16/2018 13:58,13:58,5,0,0,COLFAX AVENUE WEST 3400 BLOCK & KNOX STREET NORTH,1,1,0,0,3,4,,0,,0,0,0,0,0,2,1,13
,2018_26541,39.707328,-104.922192,8/14/2018 16:15,16:15,10,0,0,HOLLY STREET SOUTH & LEETSDALE DRIVE,1,1,0,0,1,1,,0,25,0,0,0,0,0,2,2,13
,2018_26542,39.740398,-105.0181,3/7/2018 7:52,7:52,12,0,4,COLFAX AVENUE WEST & I25 SOUTHBOUND ON RAMP,1,1,0,0,1,4,,0,40,0,0,0,0,1,2,3,13
,2018_26543,39.740365,-105.016522,8/13/2018 11:37,11:37,5,0,0,COLFAX AVENUE & I25 SOUTHBOUND OFF RAMP,1,1,0,0,2,4,,0,45,0,0,0,0,0,2,1,14
,2018_26544,39.740084,-105.005404,3/29/2018 15:30,15:30,12,0,0,COLFAX AVENUE WEST & OSAGE STREET NORTH,2,1,1,2,1,4,,0,35,0,0,0,0,0,2,2,12
,2018_26545,39.740086,-104.892825,2/11/2018 2:33,2:33,3,0,0,COLFAX AVENUE EAST & UINTA STREET NORTH,4,3,0,2,1,1,,0,,0,0,0,0,0,2,2,13
,2018_26546,39.740084,-105.005404,7/16/2018 20:37,20:37,12,0,1,COLFAX AVENUE 1400 BLOCK WEST & OSAGE STREET NORTH,1,3,0,0,1,4,,0,35,0,0,0,0,1,2,2,13
,2018_26547,39.740076,-105.005215,1/11/2018 20:34,20:34,1,0,0,COLFAX AVENUE WEST & OSAGE STREET NORTH,1,3,0,0,1,1,,0,30,0,0,0,0,0,2,2,13
,2018_26548,39.740028,-105.002766,8/4/2018 20:39,20:39,12,0,0,COLFAX AVENUE WEST & MARIPOSA STREET NORTH,1,3,0,0,1,3,,0,35,0,0,0,0,0,2,2,13
,2018_26549,39.740028,-105.002766,11/15/2018 14:31,14:31,12,0,0,COLFAX AVENUE 1300 WEST & MARIPOSA STREET NORTH,1,1,0,0,1,4,,0,,0,0,0,0,0,2,2,13
,2018_26550,39.740038,-104.997854,10/26/2018 10:40,10:40,3,0,0,SPEER BOULEVARD NORTH & COLFAX AVENUE WEST,1,1,0,0,1,1,,0,30,0,0,0,0,0,2,2,13
,2018_26552,39.740038,-104.997854,11/26/2018 12:39,12:39,12,0,0,SPEER BOULEVARD NORTH & COLFAX AVENUE WEST,1,1,0,0,1,3,,0,30,0,0,0,0,0,2,2,13
,2018_26553,39.740009,-104.979979,3/16/2018 15:15,15:15,6,0,0,COLFAX AVENUE EAST & PEARL STREET NORTH,1,1,0,0,1,4,,0,30,0,0,0,0,0,2,2,13
,2018_26554,39.74,-104.977731,7/20/2018 23:00,23:00,6,0,0,COLFAX AVENUE 700 BLOCK EAST & CLARKSON STREET NORTH,1,3,0,0,1,4,,0,30,0,0,0,0,0,2,2,12
,2018_26555,39.74,-104.977544,4/10/2018 15:20,15:20,3,0,0,COLFAX AVENUE EAST & CLARKSON STREET NORTH,1,1,0,0,1,1,,0,30,0,0,0,0,0,2,2,8
,2018_26556,39.740005,-104.974737,3/20/2018 8:13,8:13,3,0,0,COLFAX AVENUE 1000 BLOCK EAST & OGDEN STREET NORTH,1,1,1,0,1,1,,0,35,0,0,0,0,0,2,3,2
,2018_26557,39.740007,-104.973426,8/13/2018 12:45,12:45,15,0,0,COLFAX AVENUE 1200 BLOCK EAST & DOWNING STREET NORTH,1,1,0,0,1,4,,0,30,0,0,0,0,0,2,2,13
,2018_26558,39.739998,-104.966103,9/4/2018 7:00,7:00,3,0,0,COLFAX AVENUE EAST & WILLIAMS STREET NORTH,1,1,0,0,1,1,,0,30,0,0,0,0,0,2,2,13
,2018_26559,39.739998,-104.966103,10/16/2018 15:44,15:44,12,0,0,COLFAX AVENUE EAST & WILLIAMS STREET NORTH,1,1,0,0,1,4,,0,35,0,0,0,0,0,2,2,14
,2018_26560,39.739974,-104.961014,7/10/2018 17:53,17:53,12,0,0,COLFAX AVENUE EAST & GAYLORD STREET NORTH,1,1,0,0,1,3,,0,30,0,0,0,0,0,2,2,1
,2018_26561,39.740185,-104.957457,2/18/2018 19:00,19:00,12,0,0,COLFAX AVENUE EAST & COLUMBINE STREET NORTH,1,3,0,0,1,1,,0,30,0,0,0,0,0,2,2,13
,2018_26562,39.740172,-104.953506,5/21/2018 15:57,15:57,3,0,0,COLFAX AVENUE EAST & FILLMORE STREET NORTH,1,1,0,0,1,1,,0,35,0,0,0,0,0,2,2,1
,2018_26563,39.740161,-104.950119,3/16/2018 11:55,11:55,6,0,0,COLFAX AVENUE 3100 BLOCK EAST & STEELE STREET,1,1,0,0,1,4,,0,30,0,0,0,0,0,2,2,13
,2018_26565,39.740136,-104.942591,7/17/2018 11:07,11:07,1,0,0,COLFAX AVENUE EAST & JACKSON STREET NORTH,1,1,0,0,1,2,,0,30,0,0,0,0,0,2,2,14
,2018_26566,39.740062,-104.94057,12/5/2018 14:17,14:17,1,0,0,COLFAX AVENUE EAST & COLORADO BOULEVARD NORTH,1,2,0,0,1,1,,0,30,0,0,0,0,0,2,2,1
,2018_26567,39.740061,-104.939247,10/15/2018 12:55,12:55,12,0,0,COLFAX AVENUE & ALBION STREET,1,1,0,0,1,4,,0,35,0,0,0,0,0,2,2,1
,2018_26568,39.740077,-104.9274,12/29/2018 9:45,9:45,15,0,0,COLFAX AVENUE & ELM STREET,1,1,0,0,1,4,,0,,0,0,0,0,0,2,2,13
,2018_26569,39.74008,-104.920635,3/3/2018 16:00,16:00,3,0,1,COLFAX AVENUE EAST & IVY STREET NORTH,1,1,0,0,1,1,,0,35,0,0,0,0,2,2,2,1
,2018_26570,39.740082,-104.912931,4/27/2018 17:12,17:12,6,0,0,COLFAX AVENUE EAST & MONACO PKWAY,1,1,0,0,1,4,,0,35,0,0,0,0,0,2,2,13
,2018_26572,39.740085,-104.898651,11/13/2018 22:25,22:25,3,0,0,COLFAX AVENUE EAST & SYRACUSE STREET NORTH,1,3,0,0,1,1,,0,30,0,0,0,0,0,2,2,13
,2018_26603,39.783618,-105.053062,8/16/2018 16:50,16:50,12,0,0,I70 WB SLIP OFF RAMP & SHERIDAN BOULEVARD NORTH,1,1,0,0,1,8,,0,55,0,0,0,0,0,1,2,3
,2018_26604,39.784147,-105.023404,1/2/2018 8:39,8:39,15,0,1,I70 & FEDERAL BOULEVARD,1,1,0,0,1,4,,0,65,0,0,0,0,1,1,2,14
,2018_26605,39.783149,-105.006371,5/24/2018 16:35,16:35,15,0,0,I70 & PECOS STREET NORTH,1,1,1,0,1,4,,0,55,0,0,0,0,0,1,3,13
,2018_26606,39.783149,-105.006371,6/11/2018 8:06,8:06,12,0,0,I70 & PECOS STREET NORTH,1,1,0,0,1,4,,0,55,0,0,0,0,0,1,2,13
,2018_26607,39.783149,-105.006371,9/19/2018 12:59,12:59,15,0,0,PECOS STREET NORTH & 48TH WEST,1,1,0,0,1,6,,0,30,0,0,0,0,0,4,2,13
,2018_26608,39.777157,-104.883141,6/1/2018 10:00,10:00,12,0,0,I70 & CENTRAL PARK BOULEVARD NORTH,1,1,1,0,1,4,,0,65,0,0,0,0,0,1,2,13
,2018_26609,39.783157,-105.006163,6/8/2018 7:32,7:32,12,0,0,I70 & PECOS STREET NORTH,1,1,0,0,1,4,,0,55,0,0,0,0,0,1,3,14
,2018_26610,39.783301,-105.001638,9/5/2018 10:04,10:04,12,0,0,I70 & PECOS STREET NORTH,1,1,0,0,1,4,,0,55,0,0,0,0,0,1,2,13
,2018_26611,39.780058,-104.9894,2/6/2018 8:08,8:08,12,0,0,I70 & I25,1,1,0,0,1,4,,0,65,0,0,0,0,0,1,2,12
,2018_26612,39.779937,-104.988665,7/24/2018 11:33,11:33,15,0,0,I70 WB RAMP SPLIT & I25 SOUTHBOUND,1,1,0,0,1,8,,0,55,0,0,0,0,0,1,2,8
,2018_26613,39.779937,-104.988665,10/21/2018 13:04,13:04,5,0,0,I70 WB RAMP SPLIT & I25 SOUTHBOUND,1,1,0,0,3,8,,0,45,0,0,0,0,0,1,1,3
,2018_26614,39.779693,-104.982199,11/3/2018 7:06,7:06,5,0,1,I70 WB ON RAMP & WASHINGTON STREET NORTH,2,2,1,1,2,8,,0,55,0,0,0,0,1,1,2,7
,2018_26615,39.779441,-104.979019,4/6/2018 19:34,19:34,12,0,1,WASHINGTON STREET NORTH & I70,2,3,0,2,1,4,,0,30,0,0,0,0,1,1,2,5
,2018_26616,39.779896,-104.967115,2/21/2018 8:10,8:10,15,0,1,I70 & 46TH AVENUE,2,1,0,0,1,4,,0,55,0,0,0,0,2,1,2,7
,2018_26617,39.779942,-104.966087,4/4/2018 16:12,16:12,15,0,0,I70 & BRIGHTON BOULEVARD,1,1,0,0,1,4,,0,55,0,0,0,0,0,1,2,1
,2018_26618,39.779942,-104.966087,9/30/2018 17:42,17:42,12,0,0,I70 & BRIGHTON BOULEVARD NORTH,1,1,0,0,1,4,,0,55,0,0,0,0,0,1,2,14
,2018_26619,39.779944,-104.940603,5/2/2018 15:22,15:22,12,0,0,I70 & COLORADO BOULEVARD NORTH,1,1,0,0,1,4,,0,55,0,0,0,0,0,1,3,3
,2018_26620,39.778341,-104.92238,3/23/2018 17:45,17:45,12,0,0,I70 & HOLLY STREET NORTH,1,2,0,0,1,4,,0,65,0,0,0,0,0,1,2,14
,2018_26621,39.778295,-104.903454,12/10/2018 8:05,8:05,12,0,0,I70 & CENTRAL PARK BOULEVARD NORTH,1,1,0,0,1,4,,0,55,0,0,0,0,0,1,2,10
,2018_26622,39.778092,-104.894019,5/18/2018 5:46,5:46,12,0,0,I70 & HAVANA STREET NORTH,1,1,0,0,1,4,,0,55,0,0,0,0,0,1,2,2
,2018_26623,39.777139,-104.882953,5/7/2018 18:10,18:10,12,0,0,I70 & CENTRAL PARK BOULEVARD NORTH,1,1,0,0,1,4,,0,55,0,0,0,0,0,1,3,13
,2018_26624,39.77707,-104.882198,11/5/2018 17:44,17:44,12,0,0,I70 & CENTRAL PARK BOULEVARD NORTH,1,2,0,0,1,4,,0,65,0,0,0,0,0,1,2,1
,2018_26625,39.776983,-104.881255,1/24/2018 17:58,17:58,12,0,2,I70 WB EXIT LANE & I270 EXIT GORE,1,3,0,0,1,4,,0,55,0,0,0,0,2,1,2,3
,2018_26626,39.776256,-104.873044,1/23/2018 11:24,11:24,12,0,0,I70 WB OFF RAMP GORE POINT & CENTRAL PARK BOULEVARD,1,1,0,0,1,4,,0,55,0,0,0,0,0,1,2,13
,2018_26627,39.775891,-104.868792,11/11/2018 7:25,7:25,5,0,0,I70 & HAVANA STREET NORTH,4,1,0,2,2,4,,0,55,0,0,0,0,0,1,2,13
,2018_26628,39.775668,-104.866204,2/5/2018 14:51,14:51,12,0,1,I70 & HAVANA STREET NORTH,1,1,0,0,1,4,,0,55,0,0,0,0,1,1,3,13
,2018_26629,39.775573,-104.865095,1/16/2018 17:39,17:39,12,0,1,I70 & HAVANA STREET NORTH,1,3,1,0,1,4,,0,55,0,0,0,0,1,1,3,13
,2018_26630,39.775573,-104.865095,8/9/2018 14:04,14:04,12,0,0,I70 & HAVANA STREET NORTH,1,1,0,0,1,4,,0,55,0,0,0,0,0,1,2,12
,2018_26631,39.775573,-104.865095,10/1/2018 4:14,4:14,12,0,0,I70 & HAVANA STREET NORTH,1,3,0,4,1,4,,0,55,0,0,0,0,0,1,2,13
,2018_26632,39.775573,-104.865095,12/11/2018 12:30,12:30,15,0,0,I70 & HAVANA STREET NORTH,1,1,0,0,1,4,,0,,0,0,0,0,0,1,2,13
,2018_26633,39.775509,-104.864356,1/16/2018 0:14,0:14,15,0,0,I70 & HAVANA STREET NORTH,5,3,0,0,1,4,,0,55,0,0,0,0,0,1,2,13
,2018_26634,39.77543,-104.863431,11/1/2018 12:20,12:20,12,0,0,I70 & HAVANA STREET NORTH,1,1,0,0,1,4,,0,55,0,0,0,0,0,1,3,1
,2018_26635,39.77543,-104.863431,12/25/2018 15:05,15:05,15,0,1,I70 & HAVANA STREET NORTH,1,1,0,0,1,4,,0,65,0,0,0,0,1,1,2,13
,2018_26636,39.775176,-104.860473,7/6/2018 11:42,11:42,12,0,1,I70 & HAVANA STREET NORTH,1,1,0,0,1,4,,0,55,0,0,0,0,2,1,2,1
,2018_26637,39.774095,-104.847902,4/10/2018 14:40,14:40,12,0,0,I70 & PEORIA STREET NORTH,1,1,0,0,1,4,,0,55,0,0,0,0,0,1,2,13
,2018_26638,39.773999,-104.846793,6/14/2018 15:57,15:57,15,0,0,I70 & PEORIA STREET NORTH,1,1,0,0,1,4,,0,65,0,0,0,0,0,1,2,13
,2018_26639,39.773601,-104.842172,3/21/2018 20:36,20:36,12,0,1,I70 & PEORIA STREET NORTH,1,3,0,0,1,4,,0,55,0,0,0,0,1,1,2,13
,2018_26640,39.77357,-104.841802,11/22/2018 18:09,18:09,12,0,1,I70 & I70 WB ON RAMP FROM I225 NORTHBOUND OFF RAMP,1,3,1,0,1,4,,0,55,0,0,0,0,1,1,2,14
,2018_26641,39.772853,-104.833483,10/9/2018 21:20,21:20,12,0,0,I70 & I70 EASTBOUND OFF EXIT POINT TO SOUTHBOUND I225,2,3,0,0,1,4,,0,55,0,0,0,0,0,1,2,13
,2018_26703,39.705786,-105.0485715,12/1/2018 1:34,1:34,5,0,0,WOLFF STREET SOUTH & CENTER AVENUE WEST,2,3,1,4,2,1,,0,25,0,0,0,0,0,4,1,13
,2018_26715,39.672505,-104.867951,1/2/2018 13:00,13:00,3,0,0,PARKER ROAD SOUTH & HARVARD AVENUE EAST,1,1,0,0,1,1,,0,25,0,0,0,0,0,2,2,13
,2018_26717,39.673742,-104.86947,6/21/2018 8:45,8:45,12,0,0,PARKER ROAD SOUTH & ILIFF AVENUE EAST / 2400 BLOCK SOUTH,1,1,1,0,1,4,,0,45,0,0,0,0,0,2,2,3
,2018_26718,39.67476,-104.870723,4/9/2018 12:30,12:30,3,0,1,ILIFF AVENUE EAST & PARKER ROAD SOUTH,1,1,0,0,1,1,,0,30,0,0,0,0,1,2,3,3
,2018_26719,39.702873,-104.912747,9/16/2018 12:00,12:00,12,0,0,LEETSDALE DRIVE & MONACO STREET SOUTH,1,1,0,0,1,3,,0,35,0,0,0,0,0,2,3,7
,2018_26720,39.702954,-104.912867,6/14/2018 17:51,17:51,12,0,0,MONACO PARKWAY & LEETSDALE DRIVE,1,1,1,0,1,1,,0,35,0,0,0,0,0,2,3,13
,2018_26721,39.703609,-104.914127,5/4/2018 17:45,17:45,15,0,0,LEETSDALE DRIVE & LOCUST STREET SOUTH,1,1,0,0,1,1,,0,35,0,0,0,0,0,2,2,13
,2018_26735,39.689481,-104.99207,4/15/2018 22:31,22:31,12,0,0,SANTA FE DRIVE SOUTH & FLORIDA AVENUE WEST,1,3,0,0,1,1,,0,45,0,0,0,0,0,2,2,1
,2018_26736,39.690106,-104.992182,10/7/2018 23:09,23:09,12,0,0,SANTA FE DRIVE SOUTH & FLORIDA AVENUE WEST,2,3,0,1,1,4,,0,45,0,0,0,0,0,2,2,13
,2018_26737,39.691177,-104.9923,5/13/2018 4:53,4:53,14,0,1,SANTA FE DRIVE SOUTH & ARKANSAS AVENUE WEST / 1300 BLOCK SOUTH,2,3,0,4,1,4,,0,45,0,0,0,0,2,2,2,8
,2018_26738,39.696679,-104.991877,6/1/2018 19:40,19:40,3,0,0,PLATTE RIVER DRIVE SOUTH  & MISSISSIPPI AVENUE WEST,1,1,0,0,1,1,,0,40,0,0,0,0,0,2,2,3
,2018_26740,39.696763,-104.991852,6/6/2018 7:30,7:30,15,0,0,SANTA FE DRIVE SOUTH & MISSISSIPPI AVENUE WEST,1,1,0,0,1,4,,0,35,0,0,0,0,0,2,2,13
,2018_26750,39.737983,-105.025273,7/20/2018 21:57,21:57,1,0,0,FEDERAL BOULEVARD NORTH & HOWARD PLACE WEST,1,3,0,0,1,1,,0,30,0,0,0,0,0,2,2,13
,2018_26751,39.729284,-105.025154,4/17/2018 22:59,22:59,1,0,0,EIGHTH AVENUE EAST & FEDERAL BOULEVARD NORTH,1,3,0,0,1,1,,0,,0,0,0,0,0,2,2,13
,2018_26752,39.725357,-105.025125,2/19/2018 23:30,23:30,3,0,0,SIXTH AVENUE WEST WB OFF RAMP & FEDERAL BOULEVARD NORTH,5,3,1,2,1,1,,0,45,0,0,0,0,0,2,2,13
,2018_26753,39.723656,-105.025158,10/3/2018 10:00,10:00,1,0,0,FEDERAL BOULEVARD NORTH & FIFTH AVENUE WEST,1,1,0,0,1,1,,0,40,0,0,0,0,0,2,2,3
,2018_26754,39.721805,-105.025205,10/9/2018 13:10,13:10,12,0,0,FEDERAL BOULEVARD 400 BLOCK NORTH & FOURTH AVENUE WEST,2,1,0,1,1,4,,0,40,0,0,0,0,0,2,3,1
,2018_26755,39.705892,-105.025086,2/23/2018 18:40,18:40,15,0,0,FEDERAL BOULEVARD SOUTH & CENTER AVENUE WEST,1,3,1,0,1,4,,0,40,0,0,0,0,0,2,2,3
,2018_26757,39.696865,-105.025071,12/28/2018 15:25,15:25,15,0,0,FEDERAL BOULEVARD SOUTH & MISSISSIPPI AVENUE WEST,1,1,0,0,1,3,,0,30,0,0,0,0,0,2,2,1
,2018_26758,39.696718,-105.025071,3/16/2018 15:25,15:25,12,0,0,MISSISSIPPI AVENUE WEST & FEDERAL BOULEVARD SOUTH,1,1,0,0,1,1,,0,35,0,0,0,0,0,2,2,7
,2018_26759,39.69657,-105.02507,9/27/2018 12:50,12:50,15,0,0,FEDERAL BOULEVARD 1100 BLOCK SOUTH & MISSISSIPPI AVENUE EAST,1,1,0,0,1,4,,0,35,0,0,0,0,0,2,2,7
,2018_26761,39.682275,-105.025016,5/19/2018 9:37,9:37,12,0,0,FEDERAL BOULEVARD SOUTH & JEWELL AVENUE WEST,2,1,0,1,1,1,,0,40,0,0,0,0,0,2,2,13
,2018_26762,39.68096,-105.025023,11/7/2018 8:32,8:32,15,0,0,FEDERAL BOULEVARD 1900 BLOCK SOUTH & ASBURY AVENUE WEST,1,1,0,0,1,4,,0,35,0,0,0,0,0,2,2,7
,2018_26763,39.678921,-105.025034,3/26/2018 14:39,14:39,15,0,0,FEDERAL BOULEVARD SOUTH & EVANS AVENUE WEST,1,1,0,0,1,4,,0,40,0,0,0,0,0,2,2,7
,2018_26764,39.678338,-105.025037,10/17/2018 7:52,7:52,3,0,2,FEDERAL BOULEVARD SOUTH & EVANS AVENUE WEST,1,1,0,0,1,2,,0,40,0,0,0,0,2,2,2,13
,2018_26765,39.675279,-105.025053,6/7/2018 15:15,15:15,12,0,0,FEDERAL BOULEVARD SOUTH & ILIFF AVENUE WEST,1,1,1,0,1,1,,0,35,0,0,0,0,0,2,2,13
,2018_26766,39.660611,-105.025164,7/3/2018 20:10,20:10,12,0,0,FEDERAL BOULEVARD 3000 BLOCK SOUTH & DARTMOUTH AVENUE WEST,1,2,0,0,1,3,,0,40,0,0,0,0,0,2,2,5
,2018_26768,39.630709,-105.025495,6/12/2018 19:28,19:28,8,0,0,FEDERAL BOULEVARD SOUTH & TANFORAN DRIVE EAST,1,2,0,0,6,1,,0,35,0,0,0,0,0,2,2,15
,2018_26783,39.656233,-105.053224,10/5/2018 16:00,16:00,12,0,0,SHERIDAN BOULEVARD SOUTH & DARTMOUTH AVENUE WEST,1,1,0,0,1,3,,0,40,0,0,0,0,0,2,2,3
,2018_26784,39.675658,-105.053264,11/29/2018 8:37,8:37,1,0,2,SHERIDAN BOULEVARD SOUTH & WARREN AVENUE WEST,1,1,1,0,1,1,,0,40,0,0,0,0,1,2,2,7
,2018_26785,39.679091,-105.053268,10/27/2018 19:09,19:09,1,0,1,EVANS AVENUE WEST & SHERIDAN BOULEVARD SOUTH,1,3,0,0,1,1,,0,35,0,0,0,0,1,2,2,8
,2018_26786,39.682106,-105.053209,1/3/2018 13:05,13:05,15,0,0,SHERIDAN BOULEVARD SOUTH & JEWELL AVENUE WEST,1,1,0,0,1,4,,0,40,0,0,0,0,0,2,2,7
,2018_26812,39.629719,-105.087207,2/22/2018 19:37,19:37,15,0,0,WADSWORTH BOULEVARD SOUTH & LAYTON AVENUE WEST,2,3,0,0,1,4,,0,40,0,0,0,0,0,2,2,15
,2018_26870,39.776439,-104.98921,10/1/2018 19:17,19:17,5,0,0,I25 & 44TH AVENUE WEST,1,3,0,0,1,4,,0,65,0,0,0,0,0,1,2,13
,2018_26887,39.629971,-104.904921,10/1/2018 16:07,16:07,12,0,1,I225 SOUTHBOUND OFF RAMP & I25 NORTHBOUND,1,1,1,0,1,8,,0,55,0,0,0,0,1,1,3,3
,2018_26888,39.630837,-104.905088,10/8/2018 13:25,13:25,12,0,1,I225 NORTHBOUND ON RAMP & I25,1,1,0,0,1,8,,0,55,0,0,0,0,1,1,2,3
,2018_26889,39.631499,-104.905024,10/13/2018 11:38,11:38,12,0,0,I225 SOUTHBOUND OFF RAMP & I25 NORTHBOUND,1,1,0,0,1,8,,0,55,0,0,0,0,0,1,3,13
,2018_26890,39.631611,-104.904998,10/6/2018 19:49,19:49,15,0,0,I225 NORTHBOUND ON RAMP Y CONNECTION & I25 DIR CONNECT,1,3,0,0,1,4,,0,55,0,0,0,0,0,1,2,13
,2018_26891,39.631722,-104.904971,7/27/2018 12:29,12:29,12,0,0,I225 SOUTHBOUND OFF RAMP TO NORTHBOUND & I25,1,1,0,0,1,8,,0,65,0,0,0,0,0,1,2,13
,2018_26892,39.633279,-104.903931,4/20/2018 11:37,11:37,12,0,1,I225 SOUTHBOUND OFF RAMP & I25,1,1,0,0,1,8,,0,55,0,0,0,0,1,1,4,14
,2018_26893,39.634114,-104.902134,5/22/2018 14:27,14:27,12,0,0,I225 & MM .3,1,1,0,0,1,4,,0,55,0,0,0,0,0,1,2,13
,2018_26895,39.634114,-104.902134,10/16/2018 13:26,13:26,12,0,1,I225 OFF RAMP SPLIT & I25 NORTHBOUND,1,1,1,0,1,8,,0,55,0,0,0,0,1,1,2,13
,2018_26897,39.634114,-104.902134,6/11/2018 13:11,13:11,12,0,0,I225 HIGHWAY NORTHBOUND OFF RAMP HELP & DTC BOULEVARD,1,1,0,0,1,1,,0,35,0,0,0,0,0,1,2,13
,2018_26898,39.634429,-104.900514,3/20/2018 17:25,17:25,12,0,0,I225 & TAMARAC STREET SOUTH,1,5,0,0,1,4,,0,65,0,0,0,0,0,1,2,1
,2018_26900,39.635522,-104.893462,8/10/2018 10:30,10:30,12,0,2,I225 & TAMARAC PARKWAY SOUTH,1,1,0,0,1,4,,0,55,0,0,0,0,1,1,3,3
,2018_26901,39.635522,-104.893462,8/11/2018 18:40,18:40,1,0,1,TAMARAC STREET SOUTH & I225 SOUTHBOUND RAMPS,1,1,0,0,1,1,,0,35,0,0,0,0,1,1,2,13
,2018_26930,39.782797,-104.900751,4/3/2018 16:02,16:02,12,0,0,I270 & NORTHFIELD QUEBEC STREET INTCH,1,1,0,0,1,4,,0,65,0,0,0,0,0,1,3,13
,2018_26931,39.781658,-104.899969,4/24/2018 7:01,7:01,12,0,0,I270 EASTBOUND DIRECT CONNECT & I70,2,1,1,1,1,4,,0,55,0,0,0,0,0,1,2,7
,2018_26937,39.653152,-105.060736,10/2/2018 9:25,9:25,12,0,0,HAMPDEN AVENUE 6200 BLOCK WEST & SHERIDAN BOULEVARD SOUTH,1,1,0,0,1,4,,0,65,0,0,0,0,0,2,3,13
,2018_26939,39.65315,-105.053139,1/3/2018 20:30,20:30,12,0,2,HAMPDEN AVENUE WEST & SHERIDAN BOULEVARD SOUTH,1,3,0,0,1,4,,0,65,0,0,0,0,1,2,2,13
,2018_26951,39.652979,-104.918486,10/12/2018 10:51,10:51,15,0,0,HAMPDEN AVENUE EAST & I25,1,1,0,0,1,4,,0,25,0,0,0,0,0,2,2,13
,2018_26961,39.78571,-105.025223,12/11/2018 7:43,7:43,12,0,0,FEDERAL BOULEVARD NORTH & 49TH AVENUE WEST,1,1,0,0,1,1,,0,,0,0,0,0,0,2,2,13
,2018_26962,39.65298,-104.928862,8/7/2018 11:54,11:54,12,0,0,HAMPDEN AVENUE 4900 BLOCK EAST & ELM STREET SOUTH,1,1,0,0,1,4,,0,40,0,0,0,0,0,2,2,4
,2018_26964,39.65298,-104.925278,7/4/2018 15:15,15:15,12,0,0,HAMPDEN AVENUE EAST & GRAPE STREET SOUTH,1,1,0,0,1,4,,0,45,0,0,0,0,0,2,3,13
,2018_26965,39.652979,-104.920184,4/5/2018 18:14,18:14,3,0,0,HAMPDEN AVENUE EAST & IVY WAY SOUTH,1,2,0,0,1,1,,0,45,0,0,0,0,0,2,2,13
,2018_26966,39.652979,-104.918863,10/9/2018 6:40,6:40,1,0,0,HAMPDEN AVENUE EAST & I25 SOUTHBOUND RAMPS,1,1,0,0,1,1,,0,30,0,0,0,0,0,2,2,2
,2018_26967,39.652979,-104.91792,1/23/2018 13:39,13:39,15,0,0,HAMPDEN AVENUE 6100 BLOCK EAST & I25 NORTHBOUND RAMPS,1,1,0,0,1,3,,0,35,0,0,0,0,0,2,2,13
,2018_26968,39.652978,-104.917698,10/8/2018 9:09,9:09,1,0,0,HAMPDEN AVENUE EAST & I25 NORTHBOUND ON RAMP,2,1,0,1,1,1,,0,30,0,0,0,0,0,2,2,13
,2018_26969,39.652978,-104.917698,10/26/2018 1:56,1:56,5,0,0,HAMPDEN AVENUE EAST & I25 NORTHBOUND RAMPS,1,3,0,0,2,1,,0,35,0,0,0,0,0,2,1,5
,2018_26970,39.747498,-105.025223,4/18/2018 16:15,16:15,3,0,1,FEDERAL BOULEVARD NORTH & 20TH AVENUE WEST,1,1,0,0,1,1,,0,35,0,0,0,0,1,2,2,13
,2018_26971,39.758112,-105.025142,6/22/2018 16:13,16:13,15,0,0,FEDERAL BOULEVARD 2800 BLOCK NORTH & 29TH AVENUE NORTH,1,1,1,0,1,4,,0,35,0,0,0,0,0,2,5,14
,2018_26972,39.783848,-105.025224,2/19/2018 1:31,1:31,1,0,2,FEDERAL BOULEVARD NORTH & I70 EASTBOUND RAMPS,2,3,0,2,1,1,,0,35,0,0,0,0,1,2,2,13
,2018_26973,39.783848,-105.025224,11/2/2018 20:00,20:00,1,0,1,FEDERAL BOULEVARD NORTH 4700 BLOCK & I70 EASTBOUND RAMP,1,3,0,6,1,1,,0,35,0,0,0,0,1,2,2,8
,2018_26974,39.787424,-105.025217,5/28/2018 2:42,2:42,12,0,3,FEDERAL BOULEVARD 5000 BLOCK NORTH & 50TH AVENUE WEST,1,3,0,0,1,3,,0,35,0,0,0,0,2,2,2,13
,2018_26976,39.787566,-105.025215,9/22/2018 19:30,19:30,12,0,1,FEDERAL BOULEVARD 5000 BLOCK NORTH & 50TH AVENUE WEST,1,3,0,0,1,4,,0,35,0,0,0,0,1,2,2,13
,2018_26977,39.790977,-105.025182,4/29/2018 16:13,16:13,12,0,0,FEDERAL BOULEVARD NORTH & 52ND AVENUE WEST,1,1,0,0,1,3,,0,35,0,0,0,0,0,2,2,13
,2018_27059,39.67843,-104.940638,3/1/2018 4:00,4:00,1,0,0,EVANS AVENUE EAST & COLORADO BOULEVARD SOUTH,1,3,0,0,1,1,,0,40,0,0,0,0,0,2,2,1