id,drcog_id,latitude,longitude,crashtime,time,crashtype,numbkilled,numbinjurd,drcoglocat,rdconditin,lightngcon,roadcntgrd,weatherco,location,roaddescrp,schoolzone,constrzone,splimit,bikeinv,pedinv,sctrinv,motoinv,svrty,rdsystem,ttlvehcls,hcf
,2018_27061,39.64994,-104.9165,12/16/2018 2:00,2:00,15,0,0,I25 & HAMPDEN AVENUE EAST,1,3,1,0,1,4,,0,65,0,0,0,0,0,1,2,1
,2018_27062,39.685533,-104.940543,6/18/2018 17:05,17:05,12,0,0,MEXICO AVENUE & COLORADO BOULEVARD SOUTH,1,1,0,0,1,3,,0,25,0,0,0,0,0,2,2,1
,2018_27063,39.687326,-104.940544,12/4/2018 16:01,16:01,1,0,7,COLORADO BOULEVARD SOUTH & IOWA AVENUE EAST,1,1,0,0,1,1,,0,35,0,0,0,0,2,2,3,13
,2018_27065,39.690911,-104.940547,12/9/2018 19:00,19:00,12,0,0,COLORADO BOULEVARD SOUTH & ARKANSAS AVENUE EAST,1,3,0,0,1,1,,0,35,0,0,0,0,0,2,2,13
,2018_27067,39.716746,-104.94061,4/8/2018 12:45,12:45,12,0,1,LEETSDALE DRIVE & COLORADO BOULEVARD SOUTH,1,1,1,0,1,1,,0,35,0,0,0,0,1,2,3,13
,2018_27068,39.719664,-104.940609,4/20/2018 20:15,20:15,1,0,1,COLORADO BOULEVARD NORTH & FIRST AVENUE EAST,2,3,0,1,1,1,,0,40,0,0,0,0,2,2,2,13
,2018_27069,39.719664,-104.940609,10/31/2018 16:30,16:30,15,0,0,COLORADO BOULEVARD NORTH & FIRST AVENUE EAST,1,1,0,1,1,1,,0,35,0,0,0,0,0,2,3,13
,2018_27070,39.723166,-104.940607,1/3/2018 13:22,13:22,12,0,0,COLORADO BOULEVARD 300 BLOCK NORTH & THIRD AVENUE WEST,1,1,0,0,1,3,,0,35,0,0,0,0,0,2,2,3
,2018_27071,39.725354,-104.940607,1/25/2018 18:09,18:09,1,0,0,SIXTH AVENUE PARKWAY EAST & COLORADO BOULEVARD NORTH,1,3,0,0,1,1,,0,30,0,0,0,0,0,2,2,13
,2018_27072,39.7255,-104.940607,7/29/2018 13:30,13:30,15,0,0,COLORADO BOULEVARD NORTH & SIXTH AVENUE EAST,1,1,0,0,1,3,,0,35,0,0,0,0,0,2,2,13
,2018_27073,39.7255,-104.940607,9/29/2018 23:38,23:38,3,0,2,COLORADO BOULEVARD NORTH & SIXTH AVENUE EAST,1,3,0,0,1,1,,0,30,0,0,0,0,1,2,2,13
,2018_27074,39.725646,-104.940607,5/27/2018 11:36,11:36,15,0,0,COLORADO BOULEVARD 600 BLOCK NORTH & SIXTH AVENUE EAST,1,1,0,0,1,4,,0,35,0,0,0,0,0,2,2,13
,2018_27075,39.72798,-104.940606,7/26/2018 7:41,7:41,12,0,0,COLORADO BOULEVARD & 700 NORTH,1,1,0,0,1,4,,0,35,0,0,0,0,0,2,2,13
,2018_27076,39.73119,-104.940605,8/15/2018 5:20,5:20,15,0,0,COLORADO BOULEVARD & NINTH AVENUE EAST,1,1,0,0,1,4,,0,35,0,0,0,0,0,2,2,13
,2018_27079,39.740236,-104.940601,6/12/2018 6:05,6:05,12,0,0,COLFAX AVENUE 4000 BLOCK EAST & COLORADO BOULEVARD NORTH,1,1,0,0,1,3,,0,30,0,0,0,0,0,2,2,1
,2018_27080,39.740528,-104.940601,8/16/2018 9:59,9:59,15,0,0,COLORADO BOULEVARD 1500 BLOCK NORTH & COLFAX AVENUE EAST,1,1,0,0,1,4,,0,35,0,0,0,0,0,2,2,13
,2018_27081,39.744759,-104.9406,4/24/2018 12:45,12:45,3,0,0,18TH AVENUE EAST & COLORADO BOULEVARD NORTH,2,1,0,1,1,1,,0,40,0,0,0,0,0,2,2,14
,2018_27082,39.745489,-104.940599,6/15/2018 15:37,15:37,12,0,0,COLORADO BOULEVARD 1800 BLOCK & 1800 BLOCK,1,1,1,0,1,4,,0,30,0,0,0,0,0,2,3,14
,2018_27083,39.747094,-104.940599,3/24/2018 9:37,9:37,15,0,0,COLORADO BOULEVARD NORTH & MONTVIEW BOULEVARD EAST,1,1,0,0,1,3,,0,35,0,0,0,0,0,2,2,13
,2018_27084,39.74724,-104.940599,5/22/2018 22:29,22:29,3,0,2,COLORADO BOULEVARD NORTH & MONTVIEW BOULEVARD EAST,1,3,0,0,1,1,,0,35,0,0,0,0,1,2,2,1
,2018_27085,39.76569,-104.940496,11/11/2018 17:06,17:06,12,0,0,COLORADO BOULEVARD NORTH & 35TH AVENUE EAST,5,3,0,2,1,3,,0,35,0,0,0,0,0,2,2,1
,2018_27086,39.77302,-104.940511,10/4/2018 6:59,6:59,1,0,0,COLORADO BOULEVARD NORTH & 40TH AVENUE EAST,1,1,0,0,1,1,,0,40,0,0,0,0,0,2,2,13
,2018_27087,39.77302,-104.940511,12/19/2018 18:20,18:20,1,0,0,COLORADO BOULEVARD NORTH & 40TH AVENUE EAST,1,3,0,0,1,1,,0,40,0,0,0,0,0,2,2,1
,2018_27089,39.774197,-104.940516,1/17/2018 12:40,12:40,15,0,0,COLORADO BOULEVARD & 41ST AVENUE EAST,1,1,0,0,1,3,,0,40,0,0,0,0,0,2,2,13
,2018_27090,39.780162,-104.940503,7/9/2018 16:21,16:21,12,0,1,COLORADO BOULEVARD NORTH & I70,1,1,0,0,1,4,,0,40,0,0,0,0,1,2,5,1
,2018_27091,39.78062,-104.940497,10/8/2018 10:59,10:59,12,0,0,COLORADO BOULEVARD & 4600 BLOCK NORTH,2,1,1,1,1,4,,0,40,0,0,0,0,0,2,2,13
,2018_27104,39.725637,-105.050016,11/10/2018 16:47,16:47,12,0,0,SIXTH AVENUE WEST 5100 BLOCK & SHERIDAN BOULEVARD NORTH,1,1,1,0,1,4,,0,,0,0,0,0,0,2,3,13
,2018_27105,39.725466,-105.032645,7/14/2018 8:31,8:31,15,0,0,SIXTH AVENUE WEST & KNOX COURT NORTH,1,1,1,0,1,4,,0,45,0,0,0,0,0,2,2,13
,2018_27106,39.725455,-105.032456,3/25/2018 12:42,12:42,12,0,0,SIXTH AVENUE WB ON COLLECTOR & KNOX COURT NORTH,1,1,0,0,1,8,,0,65,0,0,0,0,0,2,2,3
,2018_27107,39.683023,-104.940146,11/28/2018 20:01,20:01,12,0,0,I25 & COLORADO BOULEVARD SOUTH,1,3,0,0,1,4,,0,55,0,0,0,0,0,1,2,13
,2018_27108,39.72544,-105.031713,12/7/2018 7:16,7:16,12,0,3,SIXTH AVENUE WEST & KNOX COURT NORTH,1,1,1,0,1,4,,0,55,0,0,0,0,1,2,3,1
,2018_27109,39.725419,-105.027546,2/10/2018 12:44,12:44,12,0,0,SIXTH AVENUE WEST & FEDERAL BOULEVARD NORTH,10,1,0,2,1,4,,0,55,0,0,0,0,0,2,2,7
,2018_27110,39.725415,-105.025258,10/12/2018 8:34,8:34,15,0,0,SIXTH AVENUE 4200 BLOCK WEST & FEDERAL BOULEVARD NORTH,1,1,0,0,1,4,,0,55,0,0,0,0,0,2,2,13
,2018_27111,39.725415,-105.025258,12/13/2018 10:36,10:36,12,0,0,SIXTH AVENUE WEST & FEDERAL BOULEVARD NORTH,1,1,0,0,1,4,,0,35,0,0,0,0,0,2,2,14
,2018_27112,39.725415,-105.025258,10/29/2018 16:14,16:14,12,0,0,SIXTH AVENUE WB ON RAMP & FEDERAL BOULEVARD NORTH,1,1,1,0,1,8,,0,45,0,0,0,0,0,2,2,13
,2018_27113,39.725415,-105.025068,7/2/2018 9:49,9:49,12,0,0,SIXTH AVENUE WEST & FEDERAL BOULEVARD,1,1,0,0,1,4,,0,55,0,0,0,0,0,2,3,13
,2018_27114,39.781068,-104.949713,8/21/2018 17:57,17:57,15,0,0,STEELE STREET NORTH & I70 EASTBOUND ON RAMP,2,1,0,1,1,1,,0,25,0,0,0,0,0,2,2,7
,2018_27141,39.70157,-104.987575,7/26/2018 11:46,11:46,5,0,0,I25 & MM 207,1,1,1,0,3,4,,0,55,0,0,0,0,0,1,1,13
,2018_27154,39.739983,-104.959859,9/15/2018 1:50,1:50,3,0,0,COLFAX AVENUE EAST & YORK STREET NORTH,1,1,0,0,1,1,,0,,0,0,0,0,0,2,2,13
,2018_27166,39.627756,-104.903769,5/24/2018 15:20,15:20,12,0,1,I25 & MM 199,1,1,0,0,1,4,,0,60,0,0,0,0,1,1,2,1
,2018_27167,39.629064,-104.904487,8/8/2018 6:23,6:23,15,0,0,I25 & MM 199.8,1,1,0,0,1,4,,0,35,0,0,0,0,0,1,2,13
,2018_27168,39.630012,-104.904995,3/30/2018 17:50,17:50,12,0,0,I25 NORTHBOUND DIR CNNCT EXIT GORE POINT & I225,1,1,0,0,1,4,,0,50,0,0,0,0,0,1,3,3
,2018_27169,39.630356,-104.90515,7/12/2018 10:37,10:37,12,0,0,I25 NORTHBOUND DIR CNNCT EXIT GORE POINT & I225,1,1,0,0,1,4,,0,60,0,0,0,0,0,1,3,13
,2018_27170,39.63425,-104.906839,8/13/2018 12:21,12:21,15,0,0,I25 & I225 NORTHBOUND / EASTBOUND FLYOVER,1,1,0,0,1,4,,0,65,0,0,0,0,0,1,2,3
,2018_27171,39.637653,-104.90921,2/28/2018 5:57,5:57,12,0,0,I25 NORTHBOUND ON RAMP ENTRANCE GORE POINT & I225 SOUTHBOUND/WESTBOUND OFF RAMP,1,1,1,0,1,8,,0,55,0,0,0,0,0,1,2,13
,2018_27173,39.653259,-104.918319,6/15/2018 14:25,14:25,12,0,0,I25 & HAMPDEN AVENUE EAST,1,1,0,0,1,4,,0,65,0,0,0,0,0,1,2,7
,2018_27174,39.653259,-104.918319,5/22/2018 10:31,10:31,15,0,0,HAMPDEN AVENUE EAST & I25 NORTHBOUND OFF RAMP,1,1,0,0,1,1,,0,35,0,0,0,0,0,1,2,13
,2018_27175,39.667623,-104.925611,8/17/2018 15:25,15:25,15,0,0,YALE AVENUE EAST & I25 NORTHBOUND ON RAMP,1,1,0,0,1,1,,0,35,0,0,0,0,0,1,2,1
,2018_27176,39.667957,-104.925836,6/8/2018 7:16,7:16,12,0,1,I25 & YALE AVENUE EAST,1,1,0,0,1,4,,0,65,0,0,0,0,1,1,2,1
,2018_27177,39.678367,-104.933559,8/6/2018 10:15,10:15,12,0,0,EVANS AVENUE EAST / 4500 BLOCK EAST & I25 SOUTHBOUND RAMPS,1,1,0,0,1,1,,0,30,0,0,0,0,0,1,2,3
,2018_27178,39.678367,-104.933559,2/21/2018 7:35,7:35,15,0,0,EVANS AVENUE EAST & I25 NORTHBOUND RAMPS,8,1,0,0,1,1,,0,35,0,0,0,0,0,1,2,1
,2018_27179,39.683094,-104.940452,1/18/2018 8:12,8:12,12,0,1,I25 & COLORADO BOULEVARD SOUTH,1,1,0,0,1,4,,0,60,0,0,0,0,2,1,2,3
,2018_27180,39.683271,-104.941216,7/3/2018 8:20,8:20,15,0,0,I25 SOUTHBOUND LOOP ENTRANCE GORE POINT & COLORADO BOULEVARD SOUTH,1,1,0,0,1,4,,0,60,0,0,0,0,0,1,3,13
,2018_27181,39.684801,-104.94851,1/12/2018 20:20,20:20,15,0,0,I25 & MM 205,1,3,0,0,1,4,,0,60,0,0,0,0,0,1,2,1
,2018_27182,39.684903,-104.949961,11/16/2018 13:14,13:14,15,0,0,I25 & UNIVERSITY BOULEVARD SOUTH,1,1,1,0,1,4,,0,50,0,0,0,0,0,1,2,13
,2018_27183,39.684909,-104.955984,11/30/2018 7:41,7:41,12,0,0,I25 & UNIVERSITY BOULEVARD SOUTH,1,1,0,0,1,4,,0,60,0,0,0,0,0,1,3,3
,2018_27184,39.684921,-104.959322,12/23/2018 10:06,10:06,12,0,0,I25 NORTHBOUND OFF RAMP SLIP & UNIVERSITY BOULEVARD SOUTH,1,1,0,0,1,8,,0,65,0,0,0,0,0,1,2,13
,2018_27185,39.68492,-104.959509,5/25/2018 2:50,2:50,15,0,0,I25 & UNIVERSITY BOULEVARD SOUTH,1,3,0,0,1,4,,0,60,0,0,0,0,0,1,2,13
,2018_27186,39.68492,-104.959509,12/18/2018 21:40,21:40,12,0,0,I25 & UNIVERSITY BOULEVARD SOUTH INTCH,1,3,0,0,1,4,,0,65,0,0,0,0,0,1,2,13
,2018_27187,39.684899,-104.960276,12/17/2018 11:46,11:46,15,0,0,I25 SOUTHBOUND OFF RAMP SPLIT GORE POINT & UNIVERSITY BOULEVARD SOUTH,1,1,1,0,1,8,,0,35,0,0,0,0,0,1,2,13
,2018_27188,39.684893,-104.960655,5/1/2018 15:58,15:58,12,0,2,I25 & FRANKLIN STREET SOUTH,1,1,1,0,1,4,,0,50,0,0,0,0,1,1,3,13
,2018_27189,39.685463,-104.963908,9/11/2018 23:31,23:31,5,0,0,I25 & UNIVERSITY BOULEVARD SOUTH,1,4,0,0,1,4,,0,65,0,0,0,0,0,1,3,13
,2018_27190,39.687715,-104.968753,2/23/2018 15:23,15:23,12,0,0,I25 & FRANKLIN STREET SOUTH,1,1,0,0,1,4,,0,55,0,0,0,0,0,1,2,13
,2018_27191,39.690874,-104.974989,7/18/2018 11:20,11:20,12,0,0,I25 & EMERSON STREET SOUTH,1,1,0,0,1,4,,0,60,0,0,0,0,0,1,2,13
,2018_27192,39.69219,-104.976782,3/22/2018 15:09,15:09,12,0,1,I25 & EMERSON STREET SOUTH,1,1,0,0,1,4,,0,55,0,0,0,1,2,1,2,13
,2018_27193,39.701466,-104.987451,6/21/2018 22:40,22:40,1,0,0,BROADWAY SOUTH & I25 SOUTHBOUND ON RAMP,1,3,0,0,1,1,,0,30,0,0,0,0,0,1,2,13
,2018_27194,39.705113,-104.995181,9/10/2018 16:30,16:30,12,0,0,I25 & ALAMEDA AVENUE WEST,1,1,0,0,1,4,,0,65,0,0,0,0,0,1,2,13
,2018_27195,39.707118,-104.996779,5/9/2018 7:31,7:31,12,0,0,I25 & SANTA FE DRIVE SOUTH,1,1,0,0,1,4,,0,65,0,0,0,0,0,1,3,13
,2018_27196,39.711525,-104.999094,2/16/2018 11:30,11:30,15,0,0,I25 & ALAMEDA AVENUE WEST,1,1,0,0,1,4,,0,65,0,0,0,0,0,1,2,13
,2018_27197,39.711525,-104.999094,3/3/2018 15:19,15:19,12,0,0,I25 & ALAMEDA AVENUE WEST,1,1,0,0,1,4,,0,55,0,0,0,0,0,1,2,3
,2018_27198,39.711525,-104.999094,4/2/2018 11:18,11:18,5,0,1,I25 & ALAMEDA AVENUE WEST,1,1,1,0,3,4,,0,55,0,0,0,0,1,1,1,1
,2018_27200,39.711525,-104.999094,10/4/2018 9:34,9:34,12,0,0,I25 & ALAMEDA AVENUE WEST,1,1,0,0,1,4,,0,55,0,0,0,0,0,1,2,13
,2018_27201,39.712352,-104.999588,8/14/2018 17:04,17:04,12,0,1,I25 & ALAMEDA AVENUE WEST,2,1,0,1,1,4,,0,55,0,0,0,0,1,1,2,13
,2018_27202,39.720036,-105.007094,11/27/2018 8:24,8:24,12,0,0,I25 & SIXTH AVENUE WEST,1,1,0,0,1,4,,0,55,0,0,0,0,0,1,2,13
,2018_27203,39.724076,-105.011886,12/1/2018 9:54,9:54,12,0,0,I25 & SIXTH AVENUE WEST,1,1,1,0,1,4,,0,60,0,0,0,0,0,1,3,13
,2018_27204,39.724932,-105.012646,4/28/2018 15:01,15:01,12,0,0,I25 SB/NB ON RAMP SPLIT GORE POINT & SIXTH AVENUE WEST,1,1,1,0,1,8,,0,45,0,0,0,0,0,1,2,3
,2018_27205,39.725165,-105.012815,8/6/2018 9:22,9:22,15,0,0,I25 SOUTHBOUND ON RAMP & SIXTH AVENUE WEST,1,1,1,0,1,8,,0,45,0,0,0,0,0,1,2,13
,2018_27206,39.725281,-105.012899,6/5/2018 17:27,17:27,15,0,0,I25 & SIXTH AVENUE WEST,1,1,1,0,1,4,,0,65,0,0,0,0,0,1,2,2
,2018_27207,39.725281,-105.012899,8/26/2018 13:25,13:25,12,0,0,I25 & SIXTH AVENUE WEST,1,1,0,0,1,4,,0,55,0,0,0,0,0,1,2,13
,2018_27208,39.725514,-105.013067,11/10/2018 17:39,17:39,12,0,0,I25 & SIXTH AVENUE WEST,1,3,0,0,1,4,,0,5,0,0,0,0,0,1,2,7
,2018_27209,39.72632,-105.013601,7/24/2018 7:53,7:53,12,0,0,I25 SOUTHBOUND OFF RAMP GORE POINT & SIXTH AVENUE WEST,1,1,0,0,1,8,,0,25,0,0,0,0,0,1,2,6
,2018_27211,39.728958,-105.014686,6/16/2018 21:42,21:42,15,0,0,I25 & SIXTH AVENUE WEST,1,3,0,0,1,4,,0,55,0,0,0,0,0,1,2,7
,2018_27212,39.729419,-105.014852,11/28/2018 7:36,7:36,12,0,0,I25 & EIGHTH AVENUE WEST,1,1,1,0,1,4,,0,65,0,0,0,0,0,1,2,3
,2018_27213,39.730617,-105.015274,11/30/2018 17:31,17:31,15,0,0,I25 & EIGHTH AVENUE WEST,2,3,0,1,1,4,,0,55,0,0,0,0,0,1,2,13
,2018_27214,39.731542,-105.015521,12/24/2018 11:48,11:48,12,0,1,I25 & MULBERRY PLACE WEST,1,1,1,0,1,4,,0,65,0,0,0,0,1,1,2,13
,2018_27215,39.740257,-105.013939,4/17/2018 18:15,18:15,12,0,0,I25 & COLFAX AVENUE,1,1,0,0,1,4,,0,55,0,0,0,0,0,1,2,13
,2018_27216,39.740799,-105.014034,7/27/2018 1:53,1:53,9,0,1,I25 NORTHBOUND LOOP RAMP ON & COLFAX AVENUE WEST,1,3,1,0,1,8,,0,65,0,0,0,0,1,1,1,5
,2018_27217,39.742025,-105.014657,4/18/2018 20:04,20:04,12,0,0,I25 SOUTHBOUND ON RAMP & AURARIA PARKWAY,1,2,1,0,1,8,,0,40,0,0,0,0,0,1,2,14
,2018_27218,39.751021,-105.016701,12/8/2018 18:35,18:35,12,0,0,I25 & 23RD AVENUE WEST,1,4,0,0,1,4,,0,55,0,0,0,0,0,1,2,13
,2018_27219,39.75115,-105.016647,8/4/2018 22:31,22:31,12,0,0,I25 & 23RD AVENUE WEST,1,3,0,0,1,4,,0,55,0,0,0,0,0,1,2,13
,2018_27220,39.753353,-105.015038,8/4/2018 13:23,13:23,15,0,0,I25 & SPEER BOULEVARD NORTH,1,1,0,0,1,4,,0,55,0,0,0,0,0,1,2,3
,2018_27221,39.755024,-105.012885,4/28/2018 20:59,20:59,12,0,0,I25 & 23RD AVENUE WEST EXIT GORE POINT,1,3,0,0,1,8,,0,50,0,0,0,0,0,1,2,13
,2018_27222,39.755118,-105.012754,6/19/2018 18:58,18:58,5,0,0,SPEER BOULEVARD NORTH & I25 NORTHBOUND,2,2,0,1,3,4,,0,35,0,0,0,0,0,1,1,3
,2018_27223,39.755118,-105.012754,9/12/2018 12:46,12:46,12,0,0,I25 & SPEER BOULEVARD NORTH,1,1,0,0,1,4,,0,65,0,0,0,0,0,1,3,13
,2018_27224,39.757155,-105.0099,11/21/2018 14:08,14:08,12,0,0,I25 & 15TH STREET,1,1,0,0,1,4,,0,55,0,0,0,0,0,1,2,13
,2018_27225,39.760183,-105.00557,2/21/2018 11:04,11:04,12,0,0,I25 & MM 212,1,1,0,0,1,4,,0,55,0,0,0,0,0,1,2,13
,2018_27226,39.760503,-105.005054,4/11/2018 17:04,17:04,12,0,0,I25 & 20TH STREET,1,1,0,0,1,4,,0,65,0,0,0,0,0,1,2,1
,2018_27227,39.760997,-105.004271,1/11/2018 15:20,15:20,12,0,0,I25 & 20TH STREET,1,1,0,0,1,4,,0,55,0,0,0,0,0,1,3,1
,2018_27228,39.760997,-105.004271,2/14/2018 16:21,16:21,12,0,1,I25 & 20TH STREET,1,1,1,0,1,4,,0,55,0,0,0,0,1,1,2,13
,2018_27229,39.760997,-105.004271,4/3/2018 17:15,17:15,12,0,0,I25 & 20TH STREET,1,1,1,0,1,4,,0,55,0,0,0,0,0,1,2,13
,2018_27230,39.760997,-105.004271,9/7/2018 1:31,1:31,5,0,1,I25 & 20TH STREET,1,3,0,0,3,4,,0,55,0,0,0,0,1,1,1,13
,2018_27231,39.76111,-105.004124,4/6/2018 20:57,20:57,5,0,1,I25 NORTHBOUND RAMP ON & 20TH STREET,5,3,1,2,2,8,,0,35,0,0,0,0,1,1,1,5
,2018_27232,39.76111,-105.004124,5/19/2018 22:20,22:20,5,0,0,I25 NORTHBOUND ON RAMP & 20TH STREET,1,3,0,0,2,8,,0,30,0,0,0,0,0,1,1,5
,2018_27233,39.763073,-105.002101,6/10/2018 8:52,8:52,12,0,0,I25 & 38TH AVENUE WEST,1,1,1,0,1,4,,0,65,0,0,0,0,0,1,2,1
,2018_27234,39.766043,-104.999535,5/2/2018 10:08,10:08,12,0,0,I25 & MM 212.5,2,1,0,0,1,4,,0,55,0,0,0,0,0,1,3,13
,2018_27235,39.767344,-104.996562,7/12/2018 14:27,14:27,12,0,0,I25 & 38TH AVENUE WEST,1,1,1,0,1,4,,0,55,0,0,0,0,0,1,2,12
,2018_27236,39.767624,-104.995847,2/11/2018 17:11,17:11,15,0,0,I25 & PARK AVENUE WEST,1,1,0,0,1,4,,0,65,0,0,0,0,0,1,2,1
,2018_27237,39.768049,-104.994761,5/29/2018 11:13,11:13,15,0,0,I25 & PARK AVENUE WEST,1,1,0,0,1,4,,0,55,0,0,0,0,0,1,2,13
,2018_27238,39.768049,-104.994761,6/1/2018 6:39,6:39,12,0,1,I25 & PARK AVENUE WEST,1,1,0,0,1,4,,0,55,0,0,0,0,1,1,2,14
,2018_27239,39.768049,-104.994761,6/1/2018 15:12,15:12,12,0,0,I25 & PARK AVENUE WEST,1,1,0,0,1,4,,0,55,0,0,0,0,0,1,2,3
,2018_27240,39.768124,-104.99459,2/7/2018 15:45,15:45,15,0,0,I25 NORTHBOUND ON RAMP & PARK AVENUE WEST,1,1,1,0,1,8,,0,5,0,0,0,0,0,1,2,13
,2018_27243,39.768205,-104.994404,6/14/2018 13:43,13:43,15,0,0,I25 SOUTHBOUND OFF RAMP & PARK AVENUE WEST,1,1,1,0,1,8,,0,35,0,0,0,0,0,1,2,13
,2018_27244,39.770718,-104.990945,9/24/2018 14:54,14:54,12,0,1,I25 & 3900 BLOCK,1,1,1,0,1,4,,0,55,0,0,0,0,1,1,2,13
,2018_27245,39.779391,-104.989164,3/22/2018 15:11,15:11,12,0,0,I25 & I70,1,1,0,0,1,4,,0,65,0,0,0,0,0,1,2,1
,2018_27246,39.779679,-104.989163,5/6/2018 15:00,15:00,12,0,0,I25 & I70,1,1,0,0,1,4,,0,55,0,0,0,0,0,1,2,13
,2018_27247,39.783855,-104.989142,5/1/2018 11:25,11:25,5,0,0,I25 & 48TH AVENUE WEST,1,1,1,0,1,4,,0,55,0,0,0,0,0,1,2,13
,2018_27277,39.768049,-104.994761,1/8/2018 16:10,16:10,15,0,0,I25 & 38TH AVENUE WEST,1,2,0,0,1,4,,0,,0,0,0,0,0,1,2,13
,2018_27290,39.711077,-105.025075,1/1/2018 9:16,9:16,12,0,0,ALAMEDA AVENUE WEST & FEDERAL BOULEVARD SOUTH,1,1,0,0,1,1,,0,45,0,0,0,0,0,2,2,7
,2018_27291,39.711077,-105.025075,11/12/2018 22:30,22:30,3,0,1,ALAMEDA AVENUE WEST & FEDERAL BOULEVARD SOUTH,1,3,1,0,1,1,,0,40,0,0,0,0,2,2,2,1
,2018_27292,39.711092,-105.023158,6/21/2018 7:43,7:43,15,0,1,ALAMEDA AVENUE WEST & DECATUR STREET SOUTH,1,1,1,0,1,3,,0,35,0,0,0,1,2,2,3,13
,2018_27293,39.711155,-105.022579,12/25/2018 15:55,15:55,3,0,0,ALAMEDA AVENUE WEST & DECATUR STREET SOUTH,1,1,0,0,1,1,,0,30,0,0,0,0,0,2,2,15
,2018_27294,39.71115,-105.021466,2/19/2018 8:50,8:50,3,0,0,ALAMEDA AVENUE WEST & DALE COURT SOUTH,2,1,0,2,1,1,,0,,0,0,0,0,0,2,2,13
,2018_27295,39.740081,-104.917253,1/11/2018 10:00,10:00,5,0,1,COLFAX AVENUE EAST & KEARNEY STREET NORTH,1,1,0,0,2,1,,0,30,0,0,0,0,1,2,1,1
,2018_27296,39.711184,-105.001546,1/29/2018 16:34,16:34,12,0,0,ALAMEDA AVENUE WEST & LIPAN STREET SOUTH,1,1,0,0,1,1,,0,35,0,0,0,0,0,2,2,13
,2018_27297,39.653089,-104.9159,11/3/2018 16:54,16:54,12,0,0,HAMPDEN AVENUE 6300 BLOCK EAST & LOCUST STREET SOUTH,2,1,0,1,1,4,,0,35,0,0,0,0,0,2,2,13
,2018_27298,39.653084,-104.913191,6/10/2018 10:50,10:50,15,0,0,HAMPDEN AVENUE EAST & MONACO STREET SOUTH,1,1,0,0,1,4,,0,35,0,0,0,0,0,2,2,13
,2018_27299,39.653078,-104.898806,2/16/2018 8:14,8:14,15,0,4,HAMPDEN AVENUE EAST & TAMARAC DRIVE SOUTH,10,1,1,0,1,3,,0,45,0,0,0,0,1,2,3,1
,2018_27300,39.65305,-104.884342,11/14/2018 7:34,7:34,3,0,0,YOSEMITE STREET SOUTH & HAMPDEN AVENUE EAST,1,1,0,0,1,1,,0,35,0,0,0,0,0,2,2,13
,2018_27301,39.65302,-104.876127,4/16/2018 10:14,10:14,12,0,0,HAMPDEN AVENUE 9700 BLOCK EAST & DAYTON STREET SOUTH,1,1,0,0,1,4,,0,40,0,0,0,0,0,2,2,12
,2018_27302,39.65302,-104.87557,9/21/2018 18:40,18:40,3,0,0,DAYTON STREET SOUTH & HAMPDEN AVENUE EAST,1,2,0,0,1,1,,0,35,0,0,0,0,0,2,2,16
,2018_27303,39.653541,-104.868354,7/8/2018 2:03,2:03,1,0,1,GALENA STREET SOUTH & HAMPDEN AVENUE EAST,1,3,0,0,1,1,,0,35,0,0,0,0,1,2,2,8
,2018_27304,39.653541,-104.868354,10/19/2018 19:57,19:57,1,0,0,HAMPDEN AVENUE EAST & GALENA STREET SOUTH,1,3,0,0,1,1,,0,45,0,0,0,0,0,2,2,13
,2018_27314,39.781424,-104.902112,5/30/2018 9:27,9:27,15,0,2,NORTHFIELD QUEBECT NORTH & SAND CREEK DRIVE NORTH,14,1,1,0,1,4,,0,40,0,0,0,0,1,2,2,13
,2018_27315,39.783721,-104.900018,4/10/2018 7:53,7:53,12,0,0,QUEBEC STREET 4800 BLOCK NORTH & NORTHFIELD BOULEVARD SOUTHBOUND RAMP ENTRANCE GORE APPROXIMATELY,1,1,1,1,1,4,,0,45,0,0,0,0,0,2,2,13
,2018_27340,39.740343,-105.031405,6/11/2018 14:56,14:56,3,0,0,COLFAX AVENUE WEST & JULIAN STREET NORTH,1,1,0,0,1,1,,0,35,0,0,0,0,0,2,2,13
,2018_27359,39.740337,-105.052506,3/8/2018 13:36,13:36,15,0,0,COLFAX AVENUE 5100 BLOCK WEST & ZENOBIA STREET NORTH,1,1,0,0,1,4,,0,30,0,0,0,0,0,2,2,14
,2018_27360,39.740356,-105.050218,8/21/2018 19:44,19:44,12,0,0,COLFAX AVENUE WEST & WOLFF STREET NORTH,2,1,0,0,1,3,,0,35,0,0,0,0,0,2,3,13
,2018_27361,39.740354,-105.049812,3/13/2018 9:44,9:44,15,0,0,COLFAX AVENUE 4700 BLOCK WEST & WINONA COURT SOUTH,1,1,0,0,1,4,,0,30,0,0,0,0,0,2,3,13
,2018_27362,39.740353,-105.04965,12/4/2018 7:17,7:17,3,0,1,COLFAX AVENUE WEST & WINONA COURT NORTH,1,1,0,0,1,1,,0,30,0,0,0,0,1,2,2,14
,2018_27363,39.740333,-105.043992,8/23/2018 8:40,8:40,3,0,0,COLFAX AVENUE WEST & TENNYSON STREET NORTH,1,1,0,0,1,1,,0,30,0,0,0,0,0,2,2,12
,2018_27364,39.740335,-105.041738,11/28/2018 20:20,20:20,12,0,0,COLFAX AVENUE WEST & RALEIGH STREET NORTH,1,3,0,0,1,3,,0,30,0,0,0,0,0,2,2,13