id,drcog_id,latitude,longitude,crashtime,time,crashtype,numbkilled,numbinjurd,drcoglocat,rdconditin,lightngcon,roadcntgrd,weatherco,location,roaddescrp,schoolzone,constrzone,splimit,bikeinv,pedinv,sctrinv,motoinv,svrty,rdsystem,ttlvehcls,hcf
,2018_28243,39.74008,-104.918756,8/28/2018 8:49,8:49,12,0,1,COLFAX AVENUE EAST & JASMINE STREET NORTH,1,1,0,0,1,3,,0,35,0,0,0,0,1,2,2,8
,2018_28244,39.740084,-104.904663,7/11/2018 13:03,13:03,3,0,0,COLFAX AVENUE EAST & POPLAR STREET NORTH,1,1,0,0,1,1,,0,20,0,0,0,0,0,2,2,13
,2018_28283,39.7839,-105.021928,8/31/2018 17:41,17:41,15,0,0,I70 EASTBOUND ON RAMP ENTRANCE GORE POINT & FEDERAL BOULEVARD NORTH,1,1,1,0,1,8,,0,55,0,0,0,0,0,1,2,13
,2018_28284,39.783149,-105.006371,5/16/2018 8:42,8:42,15,0,0,I70 & PECOS STREET NORTH,1,1,0,0,1,4,,0,65,0,0,0,0,0,1,3,13
,2018_28285,39.783149,-105.006371,4/22/2018 14:15,14:15,3,0,0,PECOS STREET NORTH & I70,1,1,0,0,1,6,,0,20,0,0,0,0,0,1,2,14
,2018_28286,39.783149,-105.006371,12/4/2018 16:17,16:17,3,0,0,PECOS STREET NORTH & I70 WB RAMP,1,1,1,0,1,6,,0,20,0,0,0,0,0,1,2,13
,2018_28287,39.783149,-105.006371,10/20/2018 11:38,11:38,15,0,0,PECOS STREET NORTH & I70,1,1,0,0,1,6,,0,30,0,0,0,0,0,1,2,7
,2018_28288,39.782663,-104.999317,1/5/2018 8:28,8:28,15,0,0,I70 WB MERGE LNS & END RAMP K FROM NORTHBOUND I25,1,1,0,0,1,4,,0,55,0,0,0,0,0,1,2,1
,2018_28289,39.780058,-104.9894,5/23/2018 14:43,14:43,12,0,0,I70 & I25,1,1,0,0,1,4,,0,55,0,0,0,0,0,1,2,13
,2018_28291,39.780058,-104.9894,6/25/2018 11:53,11:53,12,0,0,I70 & I25,1,1,0,0,1,4,,0,55,0,0,0,0,0,1,2,13
,2018_28292,39.779991,-104.989038,11/17/2018 13:13,13:13,12,0,0,I70 WB OFF RAMP END & I25 NORTHBOUND RAMP BEGIN,5,1,0,4,1,8,,0,55,0,0,0,0,0,1,2,14
,2018_28293,39.779441,-104.979019,2/20/2018 17:26,17:26,12,0,2,WASHINGTON STREET NORTH & I70 WB RAMPS,4,2,0,0,1,3,,0,35,0,0,0,0,1,1,3,8
,2018_28294,39.779441,-104.979019,9/18/2018 6:56,6:56,12,0,0,I70 WB OFF RAMP & WASHINGTON STREET NORTH,1,1,0,0,1,1,,0,65,0,0,0,0,0,1,3,14
,2018_28295,39.779923,-104.966498,1/8/2018 6:45,6:45,12,0,0,I70 & FRANKLIN STREET NORTH,1,2,0,0,1,4,,0,55,0,0,0,0,0,1,2,1
,2018_28296,39.779942,-104.966087,7/4/2018 0:23,0:23,15,0,1,I70 & BRIGHTON BOULEVARD,1,3,0,0,1,4,,0,55,0,0,0,0,1,1,2,13
,2018_28297,39.780011,-104.962118,8/13/2018 7:00,7:00,12,0,0,I70 & 2000 BLOCK,1,1,0,0,1,4,,0,55,0,0,0,0,0,1,3,13
,2018_28298,39.779999,-104.949951,5/26/2018 3:30,3:30,15,0,0,I70 & STEELE STREET NORTH APPROXIMATELY,1,3,0,0,1,4,,0,55,0,0,0,0,0,1,2,14
,2018_28299,39.779944,-104.940603,3/27/2018 17:00,17:00,15,0,0,I70 & COLORADO BOULEVARD NORTH,1,1,0,0,1,4,,0,65,0,0,0,0,0,1,2,1
,2018_28300,39.779944,-104.940603,12/6/2018 15:05,15:05,15,0,1,I70 & COLORADO BOULEVARD NORTH,1,1,1,0,1,4,,0,55,0,0,0,0,2,1,2,2
,2018_28301,39.779946,-104.94044,7/16/2018 14:31,14:31,15,0,0,I70 WB RMAP OFF & COLORADO BOULEVARD NORTH,1,1,1,0,1,8,,0,35,0,0,0,0,0,1,2,7
,2018_28302,39.780032,-104.931784,3/8/2018 6:29,6:29,12,0,0,I70 & DAHLIA STREET NORTH,1,1,1,0,1,4,,0,55,0,0,0,0,0,1,2,13
,2018_28303,39.780032,-104.931784,9/25/2018 10:44,10:44,12,0,1,I70 & DAHLIA STREET NORTH,1,1,0,0,1,4,,0,55,0,0,0,0,1,1,2,14
,2018_28304,39.778295,-104.903454,4/19/2018 15:59,15:59,12,0,0,I70 & QUEBEC STREET NORTH,1,1,0,0,1,4,,0,55,0,0,0,0,0,1,2,13
,2018_28305,39.778295,-104.903454,6/30/2018 20:45,20:45,15,0,0,I70 & QUEBEC STREET NORTH,1,3,0,0,1,4,,0,,0,0,0,0,0,1,3,13
,2018_28306,39.778295,-104.903272,11/27/2018 11:14,11:14,15,0,0,I70 EASTBOUND ON RAMP & QUEBEC STREET NORTH,1,1,0,0,1,8,,0,35,0,0,0,0,0,1,2,14
,2018_28307,39.778297,-104.900538,2/6/2018 7:12,7:12,12,0,0,I70 EASTBOUND ON RAMP ENTRANCE GORE POINT FROM & QUEBEC STREET NORTH,1,1,0,0,1,4,,0,55,0,0,0,0,0,1,2,1
,2018_28308,39.777295,-104.884651,8/9/2018 15:11,15:11,12,0,0,I70 EASTBOUND OFF RAMP & CENTRAL PARK BOULEVARD NORTH,1,1,0,0,1,8,,0,65,0,0,0,0,0,1,2,13
,2018_28309,39.777087,-104.882387,3/15/2018 16:01,16:01,12,0,0,I70 & CENTRAL PARK BOULEVARD,1,1,0,0,1,4,,0,55,0,0,0,0,0,1,2,13
,2018_28310,39.776573,-104.876742,7/14/2018 18:06,18:06,12,0,0,I70 EASTBOUND & CENTRAL PARK BOULEVARD,1,1,1,0,1,4,,0,55,0,0,0,0,0,1,2,13
,2018_28311,39.775573,-104.865095,3/27/2018 13:51,13:51,15,0,0,I70 & HAVANA STREET NORTH,1,1,1,0,1,4,,0,55,0,0,0,0,0,1,2,13
,2018_28312,39.775573,-104.865095,6/19/2018 14:00,14:00,12,0,0,I70 & HAVANA STREET NORTH,1,1,0,0,1,4,,0,55,0,0,0,0,0,1,2,13
,2018_28313,39.775509,-104.864356,11/26/2018 7:45,7:45,5,0,1,I70 & HAVANA STREET NORTH,1,1,0,0,2,4,,0,55,0,0,0,0,1,1,1,14
,2018_28314,39.77298,-104.834962,1/15/2018 5:06,5:06,5,0,0,I70 WB RAMP OFF TO PEORIA & CARSON STREET NORTH  NOT IN CORIS,5,3,1,2,3,8,,0,55,0,0,0,0,0,1,1,13
,2018_28315,39.77255,-104.829971,11/21/2018 9:52,9:52,12,0,0,I70 WB ON RAMP FROM & I70 WB ON RAMP FROM I225 FLYOVER,1,1,0,0,1,4,,0,55,0,0,0,0,0,1,3,3
,2018_28377,39.698614,-104.903606,5/14/2018 11:13,11:13,12,0,0,LEETSDALE DRIVE & QUEBEC STREET SOUTH,1,1,0,0,1,1,,0,35,0,0,0,0,0,2,2,13
,2018_28387,39.698361,-104.902954,3/8/2018 7:16,7:16,12,0,2,PARKER ROAD SOUTH & QUEBEC STREET SOUTH,1,1,0,0,1,3,,0,35,0,0,0,0,1,2,3,3
,2018_28388,39.698614,-104.903606,4/18/2018 5:29,5:29,3,0,2,LEETSDALE DRIVE & QUEBEC STREET SOUTH,1,3,0,0,1,1,,0,35,0,0,0,0,2,2,2,1
,2018_28389,39.698869,-104.904295,11/17/2018 12:00,12:00,12,0,2,LEETSDALE DRIVE & QUEBEC STREET SOUTH,2,1,0,0,1,4,,0,35,0,0,0,0,1,2,3,2
,2018_28390,39.699949,-104.907304,1/2/2018 13:20,13:20,12,0,0,LEETSDALE DRIVE & ONEIDA STREET SOUTH / 7000 BLOCK,1,1,0,0,1,4,,0,35,0,0,0,0,0,2,2,3
,2018_28391,39.700991,-104.910243,3/2/2018 11:54,11:54,1,0,0,LEETSDALE DRIVE & NIAGARA STREET SOUTH,1,1,1,0,1,2,,0,35,0,0,0,0,0,2,2,13
,2018_28392,39.707328,-104.922192,2/8/2018 12:59,12:59,1,0,0,LEETSDALE DRIVE & HOLLY STREET SOUTH,1,1,0,0,1,1,,0,35,0,0,0,0,0,2,2,12
,2018_28412,39.678309,-104.99336,11/12/2018 9:26,9:26,15,0,0,SANTA FE DRIVE SOUTH & EVANS AVENUE WEST / 2100 BLOCK SOUTH,5,1,0,2,1,4,,0,55,0,0,0,0,0,2,2,14
,2018_28414,39.678447,-104.993319,7/29/2018 18:33,18:33,1,0,0,EVANS AVENUE WEST & HIGHWAY 85 RAMPS,1,1,0,0,1,1,,0,35,0,0,0,1,0,2,3,5
,2018_28415,39.687439,-104.991942,6/21/2018 12:24,12:24,1,0,0,SANTA FE DRIVE SOUTH & IOWA AVENUE WEST,1,1,0,0,1,1,,0,45,0,0,0,0,0,2,2,13
,2018_28416,39.689624,-104.992103,2/13/2018 6:59,6:59,12,0,0,SANTA FE DRIVE SOUTH & FLORIDA AVENUE WEST,1,1,0,0,1,4,,0,45,0,0,0,0,0,2,2,1
,2018_28417,39.690329,-104.992207,12/27/2018 16:30,16:30,15,0,0,SANTA FE DRIVE SOUTH & 1400 BLOCK SOUTH,1,1,0,0,1,4,,0,40,0,0,0,0,0,2,2,7
,2018_28418,39.696679,-104.991877,8/28/2018 7:00,7:00,1,0,0,MISSISSIPPI AVENUE WEST & SANTA FE DRIVE SOUTH,1,1,0,0,1,1,,0,30,0,0,0,0,0,2,2,3
,2018_28419,39.696931,-104.991801,12/6/2018 6:00,6:00,15,0,0,SANTA FE DRIVE SOUTH & MISSISSIPPI AVENUE WEST / 1000 BLOCK SOUTH,1,2,0,0,1,4,,0,45,0,0,0,0,0,2,2,13
,2018_28436,39.725357,-105.025125,1/26/2018 18:35,18:35,3,0,0,FEDERAL BOULEVARD NORTH & SIXTH AVENUE WB OFF RAMP,1,3,0,0,1,1,,0,35,0,0,0,0,0,2,2,13
,2018_28437,39.724996,-105.025125,4/2/2018 8:25,8:25,15,0,0,FEDERAL BOULEVARD NORTH & SIXTH AVENUE FWY WEST,1,1,0,0,1,4,,0,35,0,0,0,0,0,2,2,13
,2018_28438,39.707913,-105.025082,11/14/2018 12:35,12:35,12,0,0,FEDERAL BOULEVARD 500 BLOCK SOUTH & VIRGINIA AVENUE WEST,1,1,0,0,1,4,,0,35,0,0,0,0,0,2,2,3
,2018_28439,39.701155,-105.025073,8/25/2018 2:00,2:00,5,0,1,FEDERAL BOULEVARD & ADA PLACE WEST,1,3,0,0,2,4,,0,35,0,0,0,0,1,2,1,5
,2018_28440,39.697455,-105.025073,9/28/2018 16:44,16:44,3,0,0,FEDERAL BOULEVARD SOUTH & MISSISSIPPI AVENUE WEST,1,1,0,0,1,2,,0,35,0,0,0,0,0,2,2,13
,2018_28441,39.695981,-105.025068,7/27/2018 22:00,22:00,12,0,0,FEDERAL BOULEVARD 1100 BLOCK SOUTH & MISSISSIPPI AVENUE WEST,1,3,0,0,1,3,,0,40,0,0,0,0,0,2,2,13
,2018_28442,39.690674,-105.025048,2/10/2018 16:46,16:46,15,0,0,FEDERAL BOULEVARD SOUTH & ARKANSAS AVENUE WEST,4,1,0,2,1,3,,0,40,0,0,0,0,0,2,2,14
,2018_28443,39.689495,-105.025043,5/3/2018 19:02,19:02,1,0,0,FEDERAL BOULEVARD SOUTH & FLORIDA AVENUE WEST,1,2,0,0,1,1,,0,35,0,0,0,0,0,2,2,13
,2018_28444,39.689495,-105.025043,11/22/2018 22:35,22:35,3,0,1,FEDERAL BOULEVARD SOUTH & FLORIDA AVENUE WEST,1,3,0,0,1,1,,0,,0,0,0,0,2,2,2,13
,2018_28445,39.678338,-105.025037,12/16/2018 14:11,14:11,12,0,0,FEDERAL BOULEVARD SOUTH & EVANS AVENUE WEST,1,1,0,0,1,4,,0,40,0,0,0,0,0,2,3,13
,2018_28446,39.677027,-105.025044,4/28/2018 12:56,12:56,12,0,0,FEDERAL BOULEVARD 2100 BLOCK SOUTH & WARREN AVENUE WEST,1,1,0,0,1,4,,0,40,0,0,0,0,0,2,2,13
,2018_28447,39.676881,-105.025045,3/2/2018 16:40,16:40,3,0,0,FEDERAL BOULEVARD SOUTH & WARREN AVENUE WEST,1,1,1,0,1,2,,0,30,0,0,0,0,0,2,2,7
,2018_28448,39.673385,-105.025064,10/5/2018 12:10,12:10,12,0,2,FEDERAL BOULEVARD SOUTH & WESLEY AVENUE WEST,1,1,0,0,1,4,,0,35,0,0,0,0,1,2,2,13
,2018_28449,39.667882,-105.025107,5/22/2018 14:07,14:07,12,0,1,FEDERAL BOULEVARD SOUTH & YALE AVENUE WEST,1,1,0,0,1,3,,0,40,0,0,0,0,1,2,2,3
,2018_28450,39.665444,-105.025139,6/17/2018 21:48,21:48,12,0,0,FEDERAL BOULEVARD SOUTH & AMHERST AVENUE WEST,2,3,0,1,1,3,,0,40,0,0,0,0,0,2,2,5
,2018_28454,39.631444,-105.025488,6/28/2018 9:40,9:40,12,0,0,FEDERAL BOULEVARD SOUTH & UNION AVENUE WEST,1,1,1,0,1,1,,0,35,0,0,0,0,0,2,2,10
,2018_28476,39.655305,-105.05321,8/2/2018 16:00,16:00,3,0,3,SHERIDAN BOULEVARD 3100 SOUTH & DARTMOUTH AVENUE WEST,1,1,0,0,1,2,,0,35,0,0,0,0,1,2,3,13
,2018_28477,39.659744,-105.053234,8/27/2018 18:31,18:31,12,0,0,SHERIDAN BOULEVARD SOUTH & CORNELL AVENUE WEST,1,1,1,0,1,4,,0,35,0,0,0,0,0,2,3,3
,2018_28581,39.629871,-104.904931,9/15/2018 11:35,11:35,12,0,0,I225 & I25,1,1,0,0,1,8,,0,55,0,0,0,0,0,1,2,13
,2018_28582,39.629971,-104.904921,11/26/2018 17:48,17:48,12,0,0,I225 SOUTHBOUND OFF RAMP & I25 NORTHBOUND,1,3,0,0,1,8,,0,65,0,0,0,0,0,1,2,13
,2018_28584,39.630837,-104.905088,8/11/2018 18:00,18:00,12,0,1,I225 SOUTHBOUND OFF RAMP & I25 NORTHBOUND,1,1,0,0,1,8,,0,65,0,0,0,0,1,1,2,14
,2018_28585,39.634127,-104.902067,2/21/2018 9:26,9:26,12,0,0,I225 SOUTHBOUND OFF RAMP SPLIT & I25,1,1,0,0,1,4,,0,55,0,0,0,0,0,1,2,13
,2018_28586,39.634494,-104.900177,11/11/2018 6:50,6:50,9,0,1,I225 & TAMARAC STREET SOUTH,4,1,1,2,3,4,,0,60,0,0,0,0,2,1,1,1
,2018_28587,39.634704,-104.899097,11/11/2018 7:38,7:38,5,0,0,I225 & DTC BOULEVARD SOUTH,5,1,0,2,3,4,,0,55,0,0,0,0,0,1,2,13
,2018_28588,39.635522,-104.893462,11/5/2018 17:55,17:55,1,0,0,TAMARAC DRIVE SOUTH & I225 SOUTHBOUND RAMPS,1,3,0,0,1,1,,0,40,0,0,0,0,0,1,2,13
,2018_28589,39.635522,-104.893462,11/14/2018 11:53,11:53,3,0,0,TAMARAC DRIVE SOUTH & I225 SOUTHBOUND RAMPS,1,1,0,0,1,1,,0,30,0,0,0,0,0,1,2,3
,2018_28590,39.63556,-104.89332,3/22/2018 16:20,16:20,12,0,0,I225 SOUTHBOUND OFF RAMP & TAMARAC STREET SOUTH,1,1,1,0,1,8,,0,40,0,0,0,0,0,1,2,13
,2018_28591,39.635937,-104.892082,8/10/2018 17:05,17:05,12,0,0,I225 & TAMARAC STREET SOUTH,1,1,0,0,1,4,,0,65,0,0,0,0,0,1,3,3
,2018_28592,39.638497,-104.886692,7/8/2018 0:40,0:40,12,0,1,I225 & YOSEMITE STREET SOUTH,1,4,0,0,1,4,,0,65,0,0,0,0,1,1,2,13
,2018_28616,39.780781,-104.966774,2/22/2018 15:30,15:30,1,0,1,46TH AVENUE EAST & BRIGHTON BOULEVARD NORTH,2,1,0,2,1,1,,0,25,0,0,0,0,2,2,2,7
,2018_28648,39.652979,-104.920184,12/31/2018 7:05,7:05,12,0,0,HAMPDEN AVENUE 6100 BLOCK EAST & IVY WAY SOUTH,1,1,1,0,1,1,,0,40,0,0,0,0,0,2,2,1
,2018_28649,39.652978,-104.917698,1/25/2018 14:03,14:03,1,0,0,HAMPDEN AVENUE EAST & I25 NORTHBOUND RAMPS,1,1,0,0,1,1,,0,40,0,0,0,0,0,2,2,14
,2018_28650,39.652978,-104.917698,4/7/2018 13:59,13:59,3,0,0,HAMPDEN AVENUE EAST & I25 NORTHBOUND RAMPS,1,1,0,0,1,1,,0,35,0,0,0,0,0,2,2,13
,2018_28651,39.754977,-105.025131,12/20/2018 14:00,14:00,12,0,0,FEDERAL BOULEVARD NORTH & 26TH AVENUE WEST,1,1,1,0,1,4,,0,35,0,0,0,0,0,2,2,13
,2018_28652,39.756117,-105.025135,1/31/2018 6:53,6:53,12,0,0,FEDERAL BOULEVARD SOUTH & 27TH AVENUE WEST,1,1,0,0,1,3,,0,35,0,0,0,0,0,2,3,14
,2018_28653,39.761489,-105.02539,2/13/2018 19:38,19:38,12,0,0,FEDERAL BOULEVARD & 3125 NORTH,1,3,0,0,5,2,,0,20,0,0,0,0,0,2,2,7
,2018_28654,39.761818,-105.025154,5/24/2018 16:40,16:40,15,0,0,FEDERAL BOULEVARD NORTH 3000 BLOCK NORTH & 32ND AVENUE WEST,1,1,0,0,1,3,,0,35,0,0,0,0,0,2,2,13
,2018_28655,39.762103,-105.025155,1/25/2018 13:11,13:11,5,0,0,FEDERAL BOULEVARD 3200 BLOCK NORTH & 32ND AVENUE WEST,1,1,0,0,1,3,,0,35,0,0,0,0,0,2,2,14
,2018_28656,39.765524,-105.025167,8/21/2018 8:44,8:44,12,0,0,35TH AVENUE WEST & FEDERAL BOULEVARD NORTH,1,1,0,0,1,3,,0,35,0,0,0,0,0,2,2,14
,2018_28657,39.776686,-105.025228,11/9/2018 16:47,16:47,3,0,0,FEDERAL BOULEVARD NORTH 4500 BLOCK & 44TH AVENUE WEST,1,1,0,0,1,2,,0,35,0,0,0,0,0,2,2,13
,2018_28730,39.834134,-104.746852,8/24/2018 14:40,14:40,12,0,0,PENA BOULEVARD & E470,1,1,0,0,1,4,,0,55,0,0,0,0,0,2,2,13
,2018_28735,39.725556,-105.039261,2/21/2018 16:15,16:15,12,0,0,SIXTH AVENUE WEST & PERRY STREET NORTH,1,1,0,0,1,4,,0,65,0,0,0,0,0,2,2,14
,2018_28740,39.676592,-104.940632,10/8/2018 13:30,13:30,15,0,0,COLORADO BOULEVARD 2200 BLOCK SOUTH & WARREN AVENUE EAST,2,1,0,1,1,2,,0,35,0,0,0,0,0,2,2,8
,2018_28741,39.686131,-104.940544,3/15/2018 16:48,16:48,15,0,0,COLORADO BOULEVARD SOUTH & MEXICO AVENUE EAST,1,1,0,0,1,4,,0,20,0,0,0,0,0,2,2,13
,2018_28742,39.687326,-104.940544,4/21/2018 12:19,12:19,12,0,1,COLORADO BOULEVARD SOUTH & IOWA AVENUE EAST,2,1,0,2,1,1,,0,35,0,0,0,0,1,2,3,3
,2018_28743,39.693899,-104.94055,11/19/2018 13:36,13:36,12,0,0,COLORADO BOULEVARD 1200 BLOCK SOUTH & LOUISIANA AVENUE EAST,1,1,0,0,1,4,,0,35,0,0,0,0,0,2,3,14
,2018_28744,39.713244,-104.940611,6/25/2018 14:30,14:30,15,0,0,ALAMEDA AVENUE EAST & COLORADO BOULEVARD SOUTH,1,1,0,0,1,1,,0,30,0,0,0,0,0,2,3,1
,2018_28745,39.719664,-104.940609,1/3/2018 18:12,18:12,1,0,0,FIRST AVENUE EAST & COLORADO BOULEVARD NORTH,1,3,1,0,1,1,,0,35,0,0,0,0,0,2,2,13
,2018_28746,39.730607,-104.940605,6/20/2018 11:26,11:26,12,0,0,COLORADO BOULEVARD NORTH & NINTH AVENUE EAST,1,1,0,0,1,1,,0,35,0,0,0,0,0,2,2,3
,2018_28747,39.734838,-104.940603,3/15/2018 10:31,10:31,12,0,0,COLORADO BOULEVARD NORTH & 12TH AVENUE EAST,1,1,0,0,1,3,,0,35,0,0,0,0,0,2,2,3
,2018_28748,39.7433,-104.9406,12/22/2018 15:11,15:11,12,0,0,COLORADO BOULEVARD 1600 BLOCK NORTH & 17TH CROSSING EAST,1,1,0,0,1,1,,0,35,0,0,0,0,0,2,2,14
,2018_28749,39.743592,-104.9406,7/27/2018 4:30,4:30,5,0,0,17TH AVENUE EAST & COLORADO BOULEVARD NORTH,1,3,0,0,3,1,,0,,0,0,0,0,0,2,1,8
,2018_28750,39.745343,-104.940599,11/29/2018 17:00,17:00,12,0,1,COLORADO BOULEVARD 1800 BLOCK NORTH & 18TH AVENUE EAST,1,2,0,0,1,4,,0,30,0,0,0,0,1,2,2,13
,2018_28751,39.74724,-104.940599,3/11/2018 22:00,22:00,1,0,0,COLORADO BOULEVARD NORTH & MONTVIEW BOULEVARD,1,3,0,0,1,1,,0,35,0,0,0,0,0,2,2,3
,2018_28752,39.764528,-104.940501,10/1/2018 11:56,11:56,12,0,0,COLORADO BOULEVARD 3300 BLOCK NORTH & BRUCE RANDOLPH AVENUE EAST,1,1,0,0,1,1,,0,35,0,0,0,0,0,2,2,13
,2018_28753,39.765544,-104.940497,11/20/2018 17:57,17:57,1,0,1,COLORADO BOULEVARD NORTH & 35TH AVENUE EAST,1,3,0,0,1,1,,0,25,0,0,0,0,1,2,2,1
,2018_28754,39.765835,-104.940495,11/11/2018 17:06,17:06,12,0,0,COLORADO BOULEVARD NORTH & 35TH AVENUE EAST,5,3,0,2,1,3,,0,35,0,0,0,0,0,2,2,1
,2018_28755,39.776109,-104.940524,1/11/2018 17:29,17:29,15,0,0,COLORADO BOULEVARD NORTH & SMITH ROAD,1,3,0,0,1,1,,0,40,0,0,0,0,0,2,2,13
,2018_28771,39.725652,-105.053207,11/9/2018 19:05,19:05,12,0,1,SIXTH AVENUE WEST & SHERIDAN BOULEVARD NORTH,1,3,0,0,1,4,,0,55,0,0,0,0,2,2,2,13
,2018_28772,39.725648,-105.052269,3/3/2018 12:42,12:42,12,0,1,SIXTH AVENUE WEST EASTBOUND ON RAMP & SHERIDAN BOULEVARD NORTH,1,1,0,0,1,8,,0,45,0,0,0,0,1,2,3,13
,2018_28773,39.725648,-105.052269,12/19/2018 14:57,14:57,12,0,1,SIXTH AVENUE WEST EASTBOUND ON RAMP & SHERIDAN BOULEVARD NORTH,1,1,0,0,1,8,,0,65,0,0,0,0,1,2,2,3
,2018_28774,39.725602,-105.042884,8/17/2018 7:20,7:20,12,0,1,SIXTH AVENUE WEST 4300 BLOCK & STUART STREET NORTH,1,2,0,0,1,4,,0,55,0,0,0,0,1,2,4,13
,2018_28775,39.725556,-105.039261,12/16/2018 13:07,13:07,12,0,0,SIXTH AVENUE WEST & PERRY STREET NORTH,1,1,0,0,1,4,,0,65,0,0,0,0,0,2,2,13
,2018_28776,39.725537,-105.036199,8/18/2018 0:31,0:31,12,0,0,SIXTH AVENUE WEST & KNOX COURT NORTH,1,3,0,0,1,4,,0,65,0,0,0,0,0,2,2,5
,2018_28778,39.725509,-105.033399,1/4/2018 9:45,9:45,12,0,0,SIXTH AVENUE WEST & LOWELL BOULEVARD NORTH,1,1,0,0,1,4,,0,45,0,0,0,0,0,2,4,14
,2018_28779,39.725455,-105.032456,5/9/2018 7:50,7:50,12,0,1,SIXTH AVENUE WEST & KNOX COURT NORTH,1,1,1,0,1,4,,0,65,0,0,0,0,1,2,4,7
,2018_28780,39.725416,-105.025449,7/30/2018 21:45,21:45,12,0,0,SIXTH AVENUE 3000 BLOCK WEST & FEDERAL BOULEVARD NORTH,1,3,1,0,1,4,,0,45,0,0,0,0,0,2,3,13
,2018_28781,39.725415,-105.025068,6/13/2018 23:00,23:00,5,0,0,SIXTH AVENUE WEST & FEDERAL BOULEVARD NORTH,1,3,0,0,3,4,,0,65,0,0,0,0,0,2,1,7
,2018_28782,39.725415,-105.025068,10/18/2018 14:10,14:10,15,0,0,SIXTH AVENUE WEST & FEDERAL BOULEVARD NORTH,1,1,1,0,1,4,,0,45,0,0,0,0,0,2,2,13
,2018_28783,39.725413,-105.023923,8/18/2018 22:50,22:50,12,0,1,SIXTH AVENUE WEST & FEDERAL BOULEVARD NORTH,2,3,1,1,1,4,,0,35,0,0,0,0,1,2,3,3
,2018_28784,39.725412,-105.023351,4/17/2018 21:27,21:27,15,0,2,SIXTH AVENUE 2800 BLOCK WEST & FEDERAL BOULEVARD NORTH,1,3,1,6,1,4,,0,65,0,0,0,0,1,2,2,13
,2018_28785,39.725194,-105.018429,10/29/2018 8:28,8:28,5,0,0,SIXTH AVENUE WEST & BRYANT STREET NORTH,1,1,0,0,2,4,,0,55,0,0,0,0,0,2,2,13
,2018_28786,39.725205,-105.018067,3/16/2018 18:06,18:06,12,0,0,SIXTH AVENUE EASTBOUND ON RAMP ENTRANCE & FEDERAL BOULEVARD NORTH,1,1,0,0,1,8,,0,35,0,0,0,0,0,2,2,3
,2018_28787,39.725402,-105.014889,5/16/2018 8:08,8:08,12,0,0,SIXTH AVENUE WEST & I25,1,1,0,0,1,4,,0,55,0,0,0,0,0,2,2,3
,2018_28788,39.725533,-105.01288,5/31/2018 12:14,12:14,15,0,0,SIXTH AVENUE WEST & I25,1,1,0,0,1,4,,0,55,0,0,0,0,0,2,2,13
,2018_28789,39.779447,-104.949726,11/13/2018 17:23,17:23,3,0,0,46TH AVENUE EAST & STEELE STREET NORTH,1,2,0,0,1,1,,0,30,0,0,0,0,0,2,2,1
,2018_28790,39.783641,-104.947935,4/8/2018 14:12,14:12,12,0,2,VASQUEZ BOULEVARD NORTH & 48TH AVENUE WEST,1,1,0,0,1,3,,0,45,0,0,0,0,1,2,2,10
,2018_28791,39.729419,-105.014852,5/13/2018 0:00,0:00,5,0,0,I25 & EIGHTH AVENUE WEST,2,3,1,1,2,4,,0,55,0,0,0,0,0,1,1,8
,2018_28865,39.632192,-104.905941,10/27/2018 11:39,11:39,5,0,1,I25 & MM 200 / I225,1,1,0,0,3,4,,0,60,0,0,0,0,1,1,1,3
,2018_28866,39.639835,-104.910636,4/27/2018 8:54,8:54,15,0,0,I25 & QUINCY AVENUE EAST,1,1,0,0,1,4,,0,65,0,0,0,0,0,1,3,3
,2018_28868,39.642665,-104.912278,3/6/2018 12:46,12:46,15,0,0,I25 & MM 200.8 / I225,1,1,0,0,1,4,,0,60,0,0,0,0,0,1,2,13
,2018_28869,39.64994,-104.9165,5/30/2018 9:50,9:50,12,0,0,I25 & HAMPDEN AVENUE EAST,1,1,0,0,1,4,,0,65,0,0,0,0,0,1,2,3
,2018_28870,39.651961,-104.917673,6/6/2018 7:42,7:42,12,0,0,I25 & HAMPDEN AVENUE EAST,1,1,0,0,1,4,,0,65,0,0,0,0,0,1,3,3
,2018_28871,39.653259,-104.918319,10/23/2018 6:50,6:50,12,0,0,I25 & HAMPDEN AVENUE EAST,1,1,0,0,1,4,,0,55,0,0,0,0,0,1,3,13
,2018_28872,39.654286,-104.918806,10/13/2018 11:21,11:21,12,0,0,I25 NORTHBOUND ON RAMP & HAMPDEN AVENUE EAST,1,1,1,0,1,8,,0,45,0,0,0,0,0,1,2,1
,2018_28874,39.659816,-104.921268,7/11/2018 18:33,18:33,12,0,0,I25 & HAMPDEN AVENUE EAST,1,1,0,0,1,4,,0,65,0,0,0,0,0,1,3,2
,2018_28875,39.667509,-104.925528,8/30/2018 21:30,21:30,12,0,0,I25 NORTHBOUND OFF RAMP & YALE AVENUE EAST,1,3,1,0,1,8,,0,45,0,0,0,0,0,1,2,13
,2018_28876,39.667623,-104.925611,5/27/2018 10:14,10:14,4,0,0,I25 & YALE AVENUE EAST,1,1,0,0,1,4,,0,65,0,0,0,0,0,1,1,13
,2018_28877,39.683129,-104.940605,8/3/2018 15:15,15:15,12,0,0,I25 NORTHBOUND ON RAMP & COLORADO BOULEVARD SOUTH,1,1,0,0,1,8,,0,45,0,0,0,0,0,1,2,3