id,drcog_id,latitude,longitude,crashtime,time,crashtype,numbkilled,numbinjurd,drcoglocat,rdconditin,lightngcon,roadcntgrd,weatherco,location,roaddescrp,schoolzone,constrzone,splimit,bikeinv,pedinv,sctrinv,motoinv,svrty,rdsystem,ttlvehcls,hcf
,2018_28878,39.684902,-104.953188,12/23/2018 0:00,0:00,15,0,0,I25 NORTHBOUND EXIT GORE POINT & UNIVERSITY BOULEVARD SOUTH,1,3,0,0,1,4,,0,55,0,0,0,0,0,1,3,13
,2018_28879,39.689793,-104.972919,8/1/2018 7:53,7:53,12,0,0,I25 & DOWNING STREET SOUTH,1,1,0,0,1,4,,0,60,0,0,0,0,0,1,2,2
,2018_28880,39.689793,-104.972919,1/3/2018 7:50,7:50,12,0,0,I25 SOUTHBOUND ON RAMP & DOWNING STREET SOUTH,1,1,0,0,1,8,,0,55,0,0,0,0,0,1,2,13
,2018_28882,39.690588,-104.974506,3/29/2018 16:19,16:19,15,0,0,I25 & DOWNING STREET SOUTH,2,1,0,1,1,4,,0,55,0,0,0,0,0,1,2,1
,2018_28883,39.694456,-104.979276,8/2/2018 17:06,17:06,15,0,0,I25 & WASHINGTON STREET SOUTH,1,1,0,0,1,4,,0,60,0,0,0,0,0,1,2,13
,2018_28884,39.694456,-104.979276,8/8/2018 11:51,11:51,12,0,0,I25 & WASHINGTON STREET SOUTH,1,1,0,0,1,4,,0,60,0,0,0,0,0,1,2,3
,2018_28885,39.694456,-104.979276,8/17/2018 21:17,21:17,15,0,0,I25 & WASHINGTON STREET SOUTH,1,3,0,0,1,4,,0,55,0,0,0,0,0,1,2,13
,2018_28886,39.697613,-104.982886,4/6/2018 14:45,14:45,12,0,0,I25 NORTHBOUND ON RAMP ENTRANCE GORE POINT & WASHINGTON STREET / BUTCHEL BOULEVARD,2,1,0,2,1,8,,0,35,0,0,0,0,0,1,2,8
,2018_28887,39.730034,-105.015073,6/1/2018 11:02,11:02,12,0,0,I25 NORTHBOUND ON RAMP EXIT GORE POINT & SIXTH AVENUE WEST,1,1,0,0,1,8,,0,45,0,0,0,0,0,1,2,13
,2018_28888,39.697613,-104.982886,9/21/2018 9:12,9:12,12,0,0,I25 NORTHBOUND OFF RAMP EXIT GORE POINT & WASHINGTON STREET / BUTCHEL BOULEVARD,1,1,1,0,1,8,,0,50,0,0,0,0,0,1,3,1
,2018_28889,39.698157,-104.983507,7/1/2018 0:40,0:40,15,0,0,I25 & LOGAN STREET SOUTH,1,4,1,0,1,4,,0,60,0,0,0,0,0,1,2,1
,2018_28890,39.700525,-104.986285,11/16/2018 13:11,13:11,15,0,0,I25 & BROADWAY SOUTH,1,1,1,0,1,4,,0,55,0,0,0,0,0,1,2,13
,2018_28891,39.701047,-104.986946,2/7/2018 17:58,17:58,12,0,0,I25 & BROADWAY SOUTH,1,3,0,0,1,4,,0,60,0,0,0,0,0,1,2,13
,2018_28892,39.701466,-104.987451,7/30/2018 17:14,17:14,12,0,0,I25 & BROADWAY SOUTH,1,1,1,0,1,4,,0,60,0,0,0,0,0,1,2,13
,2018_28893,39.701466,-104.987451,3/23/2018 11:36,11:36,5,0,0,BROADWAY SOUTH / 900 BLOCK SOUTH & KENTUCKY AVENUE WEST,1,1,0,6,1,4,,0,30,0,0,0,0,0,1,2,14
,2018_28894,39.706855,-104.996652,9/24/2018 18:57,18:57,12,0,1,I25 NORTHBOUND OFF RAMP SLIP & SANTA FE DRIVE SOUTH NORTHBOUND,1,1,1,0,1,8,,0,35,0,0,0,0,1,1,2,13
,2018_28895,39.707118,-104.996779,5/9/2018 6:43,6:43,12,0,0,I25 & SANTA FE DRIVE SOUTH,1,1,0,0,1,4,,0,55,0,0,0,0,0,1,2,3
,2018_28896,39.707118,-104.996779,9/25/2018 8:44,8:44,12,0,0,I25 & SANTA FE DRIVE SOUTH,1,1,0,0,1,4,,0,55,0,0,0,0,0,1,2,13
,2018_28897,39.710974,-104.998764,10/25/2018 8:37,8:37,15,0,0,I25 SOUTHBOUND EXIT GORE POINT & SANTA FE DRIVE SOUTH,1,1,0,0,1,4,,0,55,0,0,0,0,0,1,3,13
,2018_28898,39.711387,-104.999011,8/22/2018 10:40,10:40,12,0,0,I25 & ALAMEDA AVENUE WEST,1,1,0,0,1,4,,0,55,0,0,0,0,0,1,2,3
,2018_28899,39.711525,-104.999094,5/21/2018 15:47,15:47,12,0,0,I25 & ALAMEDA AVENUE WEST,1,1,0,0,1,4,,0,55,0,0,0,0,0,1,2,13
,2018_28900,39.711525,-104.999094,7/24/2018 14:14,14:14,12,0,0,I25 & ALAMEDA AVENUE WEST,1,1,0,0,1,4,,0,65,0,0,0,0,0,1,3,13
,2018_28902,39.711663,-104.999176,12/4/2018 6:25,6:25,12,0,0,I25 & ALAMEDA AVENUE WEST,1,2,0,0,1,4,,0,65,0,0,0,0,0,1,4,3
,2018_28903,39.714925,-105.00119,2/13/2018 9:04,9:04,12,0,0,I25 & ALAMEDA AVENUE WEST,1,1,0,0,1,4,,0,65,0,0,0,0,0,1,2,13
,2018_28904,39.714925,-105.00119,12/17/2018 5:47,5:47,12,0,1,I25 & ALAMEDA AVENUE WEST,1,3,0,0,1,4,,0,55,0,0,0,0,1,1,2,13
,2018_28905,39.721677,-105.008879,7/4/2018 11:24,11:24,12,0,0,I25 SOUTHBOUND ON RAMP ENTRANCE GORE POINT & SIXTH AVENUE WEST,1,4,2,0,1,8,,0,45,0,0,0,0,0,1,3,13
,2018_28906,39.72244,-105.009858,2/24/2018 10:00,10:00,12,0,0,I25 & SIXTH AVENUE WEST,1,1,1,0,1,4,,0,55,0,0,0,0,0,1,3,13
,2018_28907,39.789379,-104.988824,11/13/2018 5:18,5:18,15,0,0,I25 & 48TH AVENUE WEST,1,3,0,0,1,4,,0,55,0,0,0,0,0,1,2,13
,2018_28908,39.723106,-105.010784,7/14/2018 15:20,15:20,12,0,0,I25 NORTHBOUND OFF RAMP EXIT GORE POINT & SIXTH AVENUE WEST,1,1,0,0,1,8,,0,55,0,0,0,0,0,1,2,3
,2018_28910,39.724076,-105.011886,1/20/2018 17:20,17:20,12,0,1,I25 & SIXTH AVENUE WEST,1,3,0,0,1,4,,0,55,0,0,0,0,2,1,2,3
,2018_28911,39.725165,-105.012815,12/7/2018 6:56,6:56,12,0,0,I25 & SIXTH AVENUE WEST,1,1,0,0,1,4,,0,55,0,0,0,0,0,1,2,13
,2018_28912,39.725165,-105.012815,2/4/2018 10:35,10:35,12,0,0,I25 NORTHBOUND OFF RAMP & SIXTH AVENUE WEST,1,1,1,0,1,8,,0,55,0,0,0,0,0,1,2,13
,2018_28913,39.729265,-105.014796,6/1/2018 15:54,15:54,3,0,1,EIGHTH AVENUE WEST & I25 NORTHBOUND OFF RAMP,1,1,1,0,1,1,,0,30,0,0,0,0,1,1,2,13
,2018_28914,39.729726,-105.014962,5/24/2018 20:19,20:19,15,0,1,I25 & EIGHTH AVENUE WEST,1,1,0,0,1,4,,0,55,0,0,0,1,2,1,2,13
,2018_28915,39.730335,-105.015179,9/10/2018 12:25,12:25,15,0,0,I25 NORTHBOUND ENTRANCE GORE POINT & SIXTH AVENUE WEST,1,1,0,0,1,4,,0,55,0,0,0,0,0,1,2,13
,2018_28916,39.739303,-105.013867,8/3/2018 15:43,15:43,15,0,0,I25 NORTHBOUND OFF RAMP TO AURARIA PARKWAY & COLFAX AVENUE,1,1,0,0,1,8,,0,55,0,0,0,0,0,1,2,13
,2018_28917,39.740059,-105.013916,12/9/2018 2:15,2:15,5,0,0,I25 & COLFAX AVENUE WEST,1,3,1,0,2,8,,0,55,0,0,0,0,0,1,2,13
,2018_28918,39.741759,-105.014471,7/20/2018 13:50,13:50,12,0,0,I25 & COLFAX AVENUE WEST,1,1,1,0,1,4,,0,65,0,0,0,0,0,1,2,13
,2018_28919,39.742771,-105.015357,2/23/2018 10:53,10:53,12,0,0,I25 & COLFAX AVENUE WEST SOUTHBOUND OFF,1,1,0,0,1,4,,0,55,0,0,0,0,0,1,2,14
,2018_28920,39.751021,-105.016701,10/29/2018 6:43,6:43,12,0,0,I25 & 23RD AVENUE WEST,1,3,0,0,1,4,,0,55,0,0,0,0,0,1,3,13
,2018_28922,39.751295,-105.016566,1/29/2018 18:35,18:35,12,0,0,I25 & 23RD AVENUE WEST,1,3,0,0,1,4,,0,55,0,0,0,0,0,1,3,13
,2018_28923,39.751295,-105.016566,5/11/2018 13:10,13:10,12,0,0,I25 & 23RD AVENUE,1,1,0,0,1,4,,0,55,0,0,0,0,0,1,3,1
,2018_28924,39.753782,-105.014573,10/11/2018 9:32,9:32,12,0,0,I25 NORTHBOUND OFF RAMP & SPEER BOULEVARD NORTH ENTRANCE GORE POINT,1,1,0,0,1,8,,0,,0,0,0,0,0,1,2,7
,2018_28925,39.755118,-105.012754,1/3/2018 14:38,14:38,12,0,0,I25 & SPEER BOULEVARD INTCH,2,1,1,0,1,4,,0,55,0,0,0,0,0,1,2,13
,2018_28926,39.755118,-105.012754,1/11/2018 14:49,14:49,12,0,0,I25 & SPEER BOULEVARD NORTH,1,1,1,0,1,4,,0,55,0,0,0,0,0,1,2,13
,2018_28927,39.755118,-105.012754,1/26/2018 11:41,11:41,12,0,0,I25 & SPEER BOULEVARD NORTH,1,1,1,0,1,4,,0,55,0,0,0,0,0,1,3,13
,2018_28928,39.755118,-105.012754,9/27/2018 16:12,16:12,12,0,0,SPEER BOULEVARD NORTH & I25 NORTHBOUND ON RAMP,1,1,1,0,1,4,,0,40,0,0,0,0,0,1,2,13
,2018_28929,39.755118,-105.012754,6/28/2018 8:09,8:09,15,0,0,SPEER BOULEVARD & I25 SOUTHBOUND RAMPS,1,1,0,0,1,1,,0,35,0,0,0,0,0,1,2,8
,2018_28930,39.760743,-105.004666,10/28/2018 15:00,15:00,15,0,1,I25 & 20TH STREET,1,1,0,0,1,4,,0,55,0,0,0,0,1,1,2,13
,2018_28931,39.760997,-105.004271,1/3/2018 15:42,15:42,12,0,0,I25 & 20TH STREET,1,1,0,0,1,4,,0,55,0,0,0,0,0,1,3,13
,2018_28932,39.760997,-105.004271,1/31/2018 6:32,6:32,12,0,1,I25 & 20TH STREET,1,1,0,0,1,4,,0,55,0,0,0,0,1,1,2,13
,2018_28933,39.760997,-105.004271,6/21/2018 8:43,8:43,12,0,0,I25 & 20TH STREET,1,1,0,0,1,4,,0,55,0,0,0,0,0,1,2,14
,2018_28934,39.761335,-105.003831,5/24/2018 14:02,14:02,12,0,0,I25 & 20TH STREET,1,1,0,0,1,4,,0,55,0,0,0,0,0,1,3,1
,2018_28935,39.762149,-105.002891,11/9/2018 18:45,18:45,12,0,0,I25 & 20TH STREET,1,4,0,0,1,4,,0,65,0,0,0,0,0,1,2,13
,2018_28936,39.771997,-104.991112,5/1/2018 12:50,12:50,5,0,1,I25 SOUTHBOUND OFF RAMP & 38TH AVENUE RAMP,1,1,0,0,2,8,,0,55,0,0,0,0,1,1,1,13
,2018_28937,39.767764,-104.99549,8/23/2018 17:41,17:41,12,0,0,I25 & PARK AVENUE WEST,1,1,0,0,1,4,,0,65,0,0,0,0,0,1,2,7
,2018_28938,39.768049,-104.994761,2/15/2018 15:15,15:15,12,0,0,I25 & PARK AVENUE WEST,1,1,1,0,1,4,,0,55,0,0,0,0,0,1,3,2
,2018_28939,39.768049,-104.994761,3/1/2018 15:13,15:13,15,0,0,I25 & 38TH AVENUE,1,1,0,0,1,4,,0,65,0,0,0,0,0,1,2,1
,2018_28940,39.768049,-104.994761,3/18/2018 14:49,14:49,12,0,0,I25 & PARK AVENUE WEST INTCH,1,1,0,0,1,4,,0,65,0,0,0,0,0,1,2,13
,2018_28942,39.768049,-104.994761,5/25/2018 15:46,15:46,12,0,0,I25 & PARK AVENUE WEST,1,1,1,0,1,4,,0,55,0,0,0,0,0,1,2,2
,2018_28943,39.768445,-104.993883,6/22/2018 9:24,9:24,12,0,1,I25 & I70 EASTBOUND / WB EXIT GORE APPROXIMATELY,1,1,0,0,1,4,,0,65,0,0,0,0,1,1,3,14
,2018_28944,39.768677,-104.993429,6/2/2018 12:40,12:40,12,0,1,I25 & FOX STREET ON RAMP METER,1,1,1,0,1,4,,0,35,0,0,0,0,1,1,2,1
,2018_28945,39.770112,-104.991502,7/1/2018 2:00,2:00,15,0,0,I25 NORTHBOUND MERGE LANE & PARK AVENUE WEST,1,3,1,0,1,4,,0,65,0,0,0,0,0,1,2,7
,2018_28946,39.776735,-104.989205,12/3/2018 17:47,17:47,15,0,0,I25 SOUTHBOUND ON RAMP MERGE LANE & I70 WB OFF RAMP,1,4,0,0,1,4,,0,55,0,0,0,0,0,1,2,13
,2018_28947,39.779391,-104.989164,1/3/2018 16:54,16:54,12,0,2,I25 & I70 INTCH,1,2,0,0,1,4,,0,55,0,0,0,0,1,1,2,7
,2018_28948,39.783135,-104.989146,2/10/2018 20:30,20:30,5,0,0,I25 SOUTHBOUND OFF RAMP & I70 EASTBOUND,5,3,0,2,3,8,,0,65,0,0,0,0,0,1,1,3
,2018_28997,39.711144,-105.019983,8/15/2018 17:41,17:41,1,0,0,ALAMEDA AVENUE WEST & CLAY STREET SOUTH,1,1,1,0,1,2,,0,35,0,0,0,0,0,2,2,7
,2018_28998,39.711137,-105.0185,10/29/2018 12:15,12:15,15,0,0,ALAMEDA AVENUE 2600 BLOCK WEST & BRYANT STREET SOUTH,1,1,0,0,1,4,,0,,0,0,0,0,0,2,2,13
,2018_29000,39.711184,-105.00062,5/29/2018 12:12,12:12,15,0,0,ALAMEDA AVENUE 1100 BLOCK WEST & PLATTE RIVER DRIVE SOUTH,1,1,0,0,1,1,,0,30,0,0,0,0,0,2,2,13
,2018_29001,39.711208,-104.998391,12/14/2018 14:23,14:23,1,0,0,ALAMEDA AVENUE WEST & KALAMATH STREET SOUTH,1,1,0,0,1,1,,0,30,0,0,0,0,0,2,2,8
,2018_29002,39.653085,-104.913552,8/29/2018 16:27,16:27,12,0,0,HAMPDEN AVENUE EAST & MONACO STREET SOUTH,1,1,0,0,1,4,,0,40,0,0,0,0,0,2,2,13
,2018_29003,39.653116,-104.904462,8/21/2018 7:20,7:20,15,0,0,HAMPDEN AVENUE & 7239 EAST,1,1,0,0,1,4,,0,45,0,0,0,0,0,2,2,13
,2018_29004,39.653079,-104.893989,3/20/2018 7:58,7:58,15,0,0,HAMPDEN AVENUE 8000 BLOCK EAST & TAMARAC STREET SOUTH,1,1,1,0,1,2,,0,40,0,0,0,0,0,2,2,13
,2018_29005,39.65305,-104.884342,1/2/2018 14:27,14:27,12,0,0,HAMPDEN AVENUE EAST & YOSEMITE STREET SOUTH,1,1,1,0,1,3,,0,40,0,0,0,0,0,2,2,13
,2018_29006,39.65305,-104.884342,2/20/2018 10:29,10:29,12,0,0,YOSEMITE STREET 3500 BLOCK SOUTH & HAMPDEN AVENUE EAST,2,1,1,0,1,3,,0,35,0,0,0,0,0,2,2,7
,2018_29007,39.653541,-104.868354,8/19/2018 1:48,1:48,14,0,3,HAVANA STREET SOUTH & HAMPDEN AVENUE EAST,2,3,0,1,1,1,,0,45,0,0,0,0,2,2,2,13
,2018_29008,39.659766,-104.866328,8/16/2018 17:31,17:31,9,0,0,HAVANA STREET 3100 BLOCK SOUTH & DARTMOUTH AVENUE EAST,1,1,0,0,1,3,,0,40,0,0,0,1,0,2,1,8
,2018_29009,39.666198,-104.866169,10/15/2018 8:54,8:54,12,0,0,HAVANA STREET 2700 BLOCK SOUTH & YALE AVENUE EAST,1,1,0,0,1,4,,0,45,0,0,0,0,0,2,2,13
,2018_29010,39.669099,-104.866097,1/30/2018 14:10,14:10,15,0,1,HAVANA STREET SOUTH & PARKER ROAD SOUTHBOUND ON SLIP RAMP,1,1,0,0,1,4,,0,40,0,0,0,0,1,2,2,13
,2018_29017,39.740345,-105.015536,12/21/2018 0:52,0:52,5,0,0,COLFAX AVENUE WEST & I25 SOUTHBOUND OFF RAMP,1,3,0,0,2,1,,0,35,0,0,0,0,0,2,1,5
,2018_29029,39.793504,-104.903381,7/11/2018 13:00,13:00,1,0,0,53RD PLACE EAST & QUEBEC STREET NORTH,1,1,0,0,1,1,,0,45,0,0,0,0,0,2,2,13
,2018_29051,39.740342,-105.032345,5/18/2018 22:37,22:37,5,0,2,COLFAX AVENUE WEST & KNOX COURT NORTH,1,3,0,0,3,3,,0,30,0,0,0,0,2,2,1,14
,2018_29064,39.740334,-105.045999,3/7/2018 11:30,11:30,15,0,0,COLFAX AVENUE 4600 WEST & VRAIN STREET NORTH,1,1,0,0,1,4,,0,30,0,0,0,0,0,2,2,13
,2018_29065,39.740339,-105.037041,4/5/2018 10:01,10:01,3,0,0,COLFAX AVENUE WEST & NEWTON STREET NORTH,1,1,0,0,1,1,,0,35,0,0,0,0,0,2,2,14
,2018_29066,39.740344,-105.029902,4/3/2018 12:15,12:15,12,0,2,COLFAX AVENUE 3300 BLOCK WEST & IRVING STREET NORTH,1,1,0,0,1,4,,0,35,0,0,0,0,1,2,3,13
,2018_29067,39.740357,-105.016127,12/4/2018 14:32,14:32,3,0,0,COLFAX AVENUE WEST & ZUNI STREET NORTH,1,1,1,0,1,1,,0,30,0,0,0,0,0,2,2,13
,2018_29068,39.740345,-105.015536,1/21/2018 8:53,8:53,3,0,0,COLFAX AVENUE WEST & I25 SOUTHBOUND RAMP OFF,4,1,0,2,1,1,,0,,0,0,0,0,0,2,2,13
,2018_29069,39.740345,-105.015536,10/21/2018 20:06,20:06,15,0,2,COLFAX AVENUE WEST & I25 SOUTHBOUND OFF RAMP,1,3,1,0,1,1,,0,35,0,0,0,0,1,2,3,13
,2018_29070,39.740275,-105.012183,12/10/2018 15:15,15:15,12,0,1,COLFAX AVENUE WEST & I25 NORTHBOUND OFF RAMP,1,1,0,0,1,4,,0,40,0,0,0,0,2,2,2,10
,2018_29071,39.740027,-105.002955,6/28/2018 17:35,17:35,15,0,0,COLFAX AVENUE 1200 BLOCK WEST & MARIPOSA STREET NORTH,1,1,1,0,1,4,,0,30,0,0,0,0,0,2,2,13
,2018_29072,39.740168,-104.952377,5/24/2018 7:55,7:55,3,0,0,COLFAX AVENUE EAST & MILWAUKEE STREET,1,1,0,0,1,1,,0,30,0,0,0,0,0,2,2,13
,2018_29073,39.74003,-105.002578,12/14/2018 14:37,14:37,15,0,0,COLFAX AVENUE 1100 BLOCK WEST & MARIPOSA STREET NORTH,1,1,1,0,1,4,,0,30,0,0,0,0,0,2,2,13
,2018_29074,39.740042,-104.998686,12/23/2018 11:23,11:23,3,0,0,COLFAX AVENUE WEST & SPEER BOULEVARD SOUTHBOUND LNS,1,1,0,0,1,1,,0,35,0,0,0,0,0,2,2,13
,2018_29075,39.74003,-104.996398,6/15/2018 16:30,16:30,1,0,0,COLFAX AVENUE WEST & GLENARM STREET,1,1,0,0,1,1,,0,,0,0,0,0,0,2,2,13
,2018_29076,39.740007,-104.991824,1/4/2018 10:45,10:45,12,0,1,COLFAX AVENUE WEST & CHEROKEE STREET NORTH,1,1,0,0,1,3,,0,30,0,0,0,0,2,2,2,5
,2018_29077,39.740005,-104.987167,3/16/2018 23:21,23:21,12,0,0,COLFAX AVENUE NORTH & BROADWAY STREET NORTH,1,3,0,0,1,1,,0,30,0,0,0,0,0,2,2,5
,2018_29078,39.740005,-104.987167,5/24/2018 9:10,9:10,15,0,0,COLFAX AVENUE EAST & BROADWAY STREET NORTH,1,1,0,0,1,1,,0,30,0,0,0,0,0,2,2,14
,2018_29079,39.74005,-104.984853,5/24/2018 14:20,14:20,1,0,1,COLFAX AVENUE EAST & SHERMAN STREET NORTH,1,1,0,0,1,1,,0,30,0,0,0,0,1,2,2,13
,2018_29080,39.740041,-104.983728,3/21/2018 13:40,13:40,1,0,1,COLFAX AVENUE EAST & GRANT STREET NORTH,1,1,0,0,1,1,,0,30,0,0,0,1,1,2,2,13
,2018_29082,39.739991,-104.964595,12/14/2018 20:18,20:18,6,0,0,COLFAX AVENUE 1900 BLOCK EAST & HIGH STREET NORTH,1,3,0,0,1,4,,0,30,0,0,0,0,0,2,2,13
,2018_29083,39.740113,-104.958751,11/20/2018 16:27,16:27,12,0,0,JOSEPHINE 1400 BLOCK NORTH & COLFAX AVENUE EAST,1,2,0,0,1,3,,0,30,0,0,0,0,0,2,2,4
,2018_29084,39.740163,-104.950683,3/1/2018 18:50,18:50,6,0,0,COLFAX AVENUE EAST & STREET PAUL STREET NORTH,1,3,0,0,1,4,,0,30,0,0,0,0,0,2,2,8
,2018_29085,39.740163,-104.950683,9/8/2018 20:52,20:52,6,0,0,STREET PAUL STREET NORTH & COLFAX AVENUE EAST,1,2,0,0,4,3,,0,35,0,0,0,0,0,2,4,2
,2018_29086,39.740153,-104.947672,11/20/2018 13:11,13:11,3,0,0,COLFAX AVENUE EAST & COOK STREET NORTH,1,1,0,0,1,1,,0,35,0,0,0,0,0,2,2,13
,2018_29087,39.740144,-104.945037,8/21/2018 16:46,16:46,12,0,1,COLFAX AVENUE EAST & MONROE STREET NORTH,2,1,0,1,1,4,,0,35,0,0,0,0,1,2,2,13
,2018_29088,39.740077,-104.928151,10/23/2018 17:35,17:35,3,0,2,COLFAX AVENUE EAST & FAIRFAX STREET,1,1,0,0,1,1,,0,35,0,0,0,0,1,2,2,14
,2018_29089,39.74008,-104.919883,10/14/2018 12:28,12:28,5,0,0,COLFAX AVENUE EAST & IVY STREET NORTH,2,1,0,2,3,1,,0,35,0,0,0,0,0,2,1,13
,2018_29139,39.784551,-105.046764,1/28/2018 21:47,21:47,12,0,0,I70 & SHERIDAN BOULEVARD NORTH,1,3,0,0,1,4,,0,65,0,0,0,0,0,1,2,1
,2018_29140,39.783357,-105.034655,8/17/2018 19:20,19:20,3,0,1,LOWELL BOULEVARD NORTH & I70 EASTBOUND OFF RAMP,1,2,0,0,1,1,,0,35,0,0,0,0,1,1,2,13
,2018_29141,39.783154,-105.006964,2/27/2018 7:35,7:35,12,0,3,I70 & PECOS STREET,1,1,0,0,1,4,,0,55,0,0,0,0,1,1,3,3
,2018_29143,39.783149,-105.006371,4/6/2018 8:49,8:49,12,0,0,I70 & PECOS STREET,2,1,0,1,1,4,,0,55,0,0,0,0,0,1,3,14
,2018_29144,39.783149,-105.006371,4/10/2018 6:37,6:37,15,0,0,I70 & PECOS STREET NORTH INTCH,1,1,0,0,1,4,,0,55,0,0,0,0,0,1,2,13
,2018_29145,39.783149,-105.006371,7/11/2018 17:32,17:32,12,0,1,I70 & PECOS STREET NORTH,1,1,1,0,1,4,,0,55,0,0,0,0,1,1,2,13
,2018_29146,39.783149,-105.006371,4/12/2018 15:00,15:00,10,0,0,PECOS STREET NORTH & 48TH AVENUE WEST,1,1,0,0,1,6,,0,20,0,0,0,0,0,1,2,4
,2018_29147,39.781175,-104.994041,6/7/2018 10:30,10:30,12,0,3,I70 EASTBOUND TO & I25 SOUTHBOUND RAMP,1,1,0,0,1,4,,0,55,0,0,0,0,1,1,5,14
,2018_29148,39.780124,-104.989762,10/30/2018 7:24,7:24,12,0,0,I70 EASTBOUND OFF RAMP END & I25 SOUTHBOUND RAMP BEGIN,1,1,0,0,1,8,,0,55,0,0,0,0,0,1,2,13
,2018_29149,39.779441,-104.979019,2/10/2018 13:16,13:16,15,0,0,I70 & WASHINGTON STREET NORTH,12,1,0,2,1,4,,0,55,0,0,0,0,0,1,2,14
,2018_29150,39.779441,-104.979019,12/12/2018 12:26,12:26,12,0,1,WASHINGTON 4600 BLOCK NORTH & I70,1,1,0,0,1,4,,0,35,0,0,0,0,1,1,3,14
,2018_29151,39.779441,-104.979019,1/17/2018 6:10,6:10,15,0,0,I70 WB OFF SLIP RAMP & WASHINGTON STREET,1,1,0,0,1,1,,0,35,0,0,0,0,0,1,2,14
,2018_29152,39.779942,-104.966087,1/21/2018 9:30,9:30,15,0,0,I70 & BRIGHTON BOULEVARD NORTH,4,1,0,2,1,4,,0,55,0,0,0,0,0,1,2,13
,2018_29153,39.779942,-104.966087,9/30/2018 17:42,17:42,12,0,0,I70 & BRIGHTON BOULEVARD NORTH,1,1,0,0,1,4,,0,65,0,0,0,0,0,1,2,14
,2018_29154,39.779951,-104.965881,11/8/2018 14:40,14:40,12,0,0,I70 & BRIGHTON BOULEVARD NORTH,1,1,0,0,1,4,,0,55,0,0,0,0,0,1,4,13
,2018_29155,39.779964,-104.943868,10/1/2018 6:30,6:30,12,0,0,I70 & MM 276.4,1,1,0,0,1,4,,0,55,0,0,0,0,0,1,5,14
,2018_29156,39.778295,-104.903636,10/24/2018 15:28,15:28,12,0,0,I70 EASTBOUND OFF RAMP & QUEBEC STREET NORTH,1,1,0,0,1,8,,0,35,0,0,0,0,0,1,2,14
,2018_29157,39.778297,-104.899991,3/22/2018 22:34,22:34,15,0,0,I70 & QUEBEC STREET NORTH,1,3,0,0,1,4,,0,55,0,0,0,0,0,1,2,13
,2018_29158,39.778298,-104.898898,7/20/2018 15:30,15:30,12,0,0,I70 & QUEBEC STREET NORTH,1,1,0,0,1,4,,0,65,0,0,0,0,0,1,2,3
,2018_29159,39.777209,-104.883707,6/18/2018 16:11,16:11,12,0,2,I70 & CENTRAL PARK BOULEVARD,1,1,0,0,1,4,,0,45,0,0,0,0,1,1,3,13
,2018_29160,39.777174,-104.88333,3/30/2018 22:47,22:47,9,0,0,I70 & I270 WB ON DIRECT CONNECT,1,3,0,0,1,4,,0,55,0,0,0,0,0,1,1,13
,2018_29161,39.777139,-104.882953,6/19/2018 18:40,18:40,15,0,0,I70 WB & CENTRAL PARK BOULEVARD NORTH,1,1,0,0,1,4,,0,30,0,0,0,0,0,1,2,13
,2018_29162,39.777139,-104.882953,6/25/2018 9:31,9:31,15,0,0,I70 & CENTRAL PARK BOULEVARD,1,1,0,0,1,4,,0,55,0,0,0,0,0,1,2,13
,2018_29163,39.777139,-104.882953,7/19/2018 16:18,16:18,12,0,0,I70 & CENTRAL PARK BOULEVARD NORTH,1,1,0,0,1,4,,0,55,0,0,0,0,0,1,3,3
,2018_29164,39.775875,-104.868607,4/2/2018 16:35,16:35,12,0,0,I70 & HAVANA STREET NORTH,1,1,1,0,1,4,,0,55,0,0,0,0,0,1,2,13
,2018_29165,39.775573,-104.865095,7/16/2018 19:37,19:37,12,0,0,I70 & HAVANA STREET NORTH,1,1,0,0,1,4,,0,55,0,0,0,0,0,1,2,3
,2018_29166,39.775573,-104.865095,9/29/2018 16:54,16:54,12,0,0,I70 & HAVANA STREET NORTH,1,5,0,1,1,4,,0,65,0,0,0,0,0,1,2,3
,2018_29167,39.775557,-104.86491,12/22/2018 1:39,1:39,5,0,1,I70 EASTBOUND OFF LOOP RAMP & HAVANA STREET NORTH,1,3,1,0,3,8,,1,55,0,0,0,0,1,1,1,5
,2018_29168,39.774397,-104.851415,3/15/2018 20:18,20:18,9,0,1,I70 EASTBOUND OFF RAMP GORE POINT TO & PEORIA STREET NORTH,2,3,1,1,1,8,,0,35,0,0,0,0,1,1,1,5
,2018_29169,39.773745,-104.843835,8/4/2018 16:05,16:05,5,0,2,I70 & PEORIA STREET NORTH,1,1,0,0,2,4,,0,65,0,0,0,0,2,1,1,13
,2018_29170,39.773617,-104.842357,10/3/2018 9:14,9:14,12,0,0,I70 EASTBOUND ON RAMP ENTRANCE GORE POINT & PEORIA STREET NORTH,1,1,1,0,1,8,,0,35,0,0,0,0,0,1,2,13
,2018_29171,39.772964,-104.834778,8/14/2018 20:56,20:56,12,0,0,I70 & I225 WB FLYOVER,2,4,0,1,1,4,,0,65,0,0,0,0,0,1,2,14
,2018_29172,39.772789,-104.832744,12/5/2018 16:59,16:59,12,0,0,I70 & I70 WB ON RAMP FROM I225 FLYOVER,1,1,0,0,1,4,,0,55,0,0,0,0,0,1,2,1
,2018_29173,39.772678,-104.83145,1/23/2018 15:29,15:29,12,0,0,I70 & I70 WB ON RAMP FROM I225 FLYOVER,1,1,0,0,1,4,,0,55,0,0,0,0,0,1,2,12