id,drcog_id,latitude,longitude,crashtime,time,crashtype,numbkilled,numbinjurd,drcoglocat,rdconditin,lightngcon,roadcntgrd,weatherco,location,roaddescrp,schoolzone,constrzone,splimit,bikeinv,pedinv,sctrinv,motoinv,svrty,rdsystem,ttlvehcls,hcf
,2018_29174,39.772534,-104.829786,4/4/2018 6:27,6:27,12,0,0,I70 WB ON RAMP FROM I225 & I70 WB ON RAMP FROM I225 FLYOVER,1,1,1,0,1,8,,0,65,0,0,0,0,0,1,3,3
,2018_29257,39.674643,-104.870577,9/8/2018 12:43,12:43,3,0,3,HIGHWAY 83 & ILIFF AVENUE EAST,1,1,0,0,1,2,,0,45,0,0,0,0,1,2,2,13
,2018_29259,39.700261,-104.908227,5/24/2018 17:14,17:14,12,0,0,LEETSDALE DRIVE & ONEIDA STREET SOUTH,1,1,0,0,1,1,,0,35,0,0,0,0,0,2,3,3
,2018_29260,39.702873,-104.912747,10/2/2018 9:00,9:00,14,0,0,LEETSDALE DRIVE & MONACO PARKWAY,1,1,0,0,1,4,,0,35,0,0,0,0,0,2,4,1
,2018_29261,39.704173,-104.915213,11/9/2018 16:00,16:00,15,0,2,LEETSDALE DRIVE & EXPOSITION AVENUE EAST / 6200 BLOCK,1,2,0,0,1,4,,0,35,0,0,0,0,1,2,2,7
,2018_29262,39.704898,-104.916609,1/3/2018 17:15,17:15,1,0,0,LEETSDALE DRIVE & EXPOSITION AVENUE EAST / 6100 BLOCK,1,1,0,0,1,2,,0,35,0,0,0,0,0,2,2,14
,2018_29265,39.706742,-104.920172,4/9/2018 10:00,10:00,12,0,1,LEETSDALE DRIVE & JERSEY STREET SOUTH / 5800 BLOCK,2,1,0,0,1,2,,0,35,0,0,0,0,1,2,3,13
,2018_29266,39.707284,-104.921966,4/21/2018 13:15,13:15,15,0,0,LEETSDALE DRIVE & HOLLY STREET SOUTH,2,1,0,1,1,4,,0,45,0,0,0,0,0,2,2,13
,2018_29267,39.70817,-104.92701,10/17/2018 18:15,18:15,1,0,0,LEETSDALE DRIVE & FOREST STREET SOUTH,1,3,0,0,1,1,,0,25,0,0,0,0,0,2,2,7
,2018_29268,39.708204,-104.927194,7/17/2018 8:30,8:30,12,0,1,LEETSDALE DRIVE & FOREST STREET SOUTH / 5100 BLOCK,1,1,0,0,1,4,,0,35,0,0,0,0,1,2,2,13
,2018_29290,39.678585,-104.993278,2/13/2018 9:50,9:50,12,0,0,HIGHWAY 85 SOUTHBOUND OFF RAMP & EVANS AVENUE WEST,1,1,0,0,1,8,,0,45,0,0,0,0,0,2,2,12
,2018_29291,39.693204,-104.992488,1/9/2018 10:25,10:25,15,0,0,SANTA FE DRIVE SOUTH & LOUISIANA AVENUE WEST / 1200 BLOCK SOUTH,1,1,0,0,1,4,,0,45,0,0,0,0,0,2,2,13
,2018_29298,39.724876,-105.025125,4/26/2018 18:00,18:00,15,0,1,FEDERAL BOULEVARD NORTH & SIXTH AVENUE WB OFF RAMP,1,1,0,0,1,1,,0,30,0,0,0,0,1,2,2,3
,2018_29299,39.714831,-105.02514,3/21/2018 10:30,10:30,15,0,0,FEDERAL BOULEVARD 100 BLOCK SOUTH & BAYAUD AVENUE EAST,1,1,0,0,1,4,,0,35,0,0,0,0,0,2,2,7
,2018_29300,39.711849,-105.025119,10/5/2018 16:15,16:15,12,0,0,FEDERAL BOULEVARD SOUTH & ALAMEDA AVENUE WEST,1,1,0,0,1,4,,0,40,0,0,0,0,0,2,2,3
,2018_29301,39.700406,-105.025085,1/31/2018 8:03,8:03,12,0,0,FEDERAL BOULEVARD SOUTH & KENTUCKY AVENUE WEST,1,1,1,0,1,3,,0,40,0,0,0,0,0,2,2,4
,2018_29302,39.696718,-105.025071,5/13/2018 21:10,21:10,3,0,0,MISSISSIPPI AVENUE WEST & FEDERAL BOULEVARD SOUTH,1,3,0,0,1,1,,0,30,0,0,0,0,0,2,2,3
,2018_29303,39.684925,-105.025026,6/19/2018 16:42,16:42,12,0,1,FEDERAL BOULEVARD SOUTH & COLORADO AVENUE WEST,1,1,1,0,1,3,,0,40,0,0,0,0,1,2,3,3
,2018_29304,39.657384,-105.025258,1/17/2018 18:35,18:35,15,0,0,FLOYD AVENUE WEST & FEDERAL BOULEVARD SOUTH,1,3,0,0,1,2,,0,30,0,0,0,0,0,2,2,13
,2018_29327,39.69343,-105.053216,5/24/2018 10:19,10:19,8,0,2,SHERIDAN BOULEVARD 1300 BLOCK SOUTH & LOUISIANA AVENUE WEST,1,1,0,0,1,4,,0,40,0,0,0,0,2,2,3,13
,2018_29330,39.726278,-105.053133,3/30/2018 14:30,14:30,12,0,0,SIXTH AVENUE WB OFF RAMP & SHERIDAN BOULEVARD NORTH,1,1,0,0,1,1,,0,45,0,0,0,0,0,2,2,3
,2018_29354,39.614603,-105.091146,1/20/2018 15:10,15:10,1,0,0,WADSWORTH BOULEVARD SOUTH & CROSS DRIVE WEST,1,1,0,0,1,2,,0,40,0,0,0,0,0,2,2,13
,2018_29355,39.617864,-105.091113,9/23/2018 19:53,19:53,12,0,0,WADSWORTH BOULEVARD SOUTH & CRESTLINE AVENUE WEST,1,3,0,0,1,3,,0,45,0,0,0,0,0,2,2,3
,2018_29359,39.635297,-105.082331,1/17/2018 21:30,21:30,12,0,0,WADSWORTH BOULEVARD SOUTH & STANFORD AVENUE WEST,1,3,0,0,1,1,,0,45,0,0,0,0,0,2,2,13
,2018_29429,39.639143,-104.885372,1/24/2018 18:05,18:05,15,0,0,I225 & YOSEMITE STREET SOUTH,1,4,0,0,1,4,,0,65,0,0,0,0,0,1,2,1
,2018_29435,39.630837,-104.905088,4/18/2018 17:54,17:54,12,0,0,I225 SOUTHBOUND OFF RAMP & I25,1,1,0,0,1,8,,0,55,0,0,0,0,0,1,2,13
,2018_29436,39.630837,-104.905088,9/16/2018 12:55,12:55,12,0,0,I225 SOUTHBOUND OFF RAMP & I25 NORTHBOUND,1,1,0,0,1,8,,0,35,0,0,0,0,0,1,2,14
,2018_29437,39.632389,-104.904707,2/9/2018 17:10,17:10,12,0,0,I225 SOUTHBOUND OFF RAMP TO NORTHBOUND & I25,2,2,0,0,1,8,,0,55,0,0,0,0,0,1,2,14
,2018_29439,39.633279,-104.903931,6/28/2018 14:30,14:30,12,0,0,I225 SOUTHBOUND OFF RAMP & I25,1,1,0,0,1,8,,0,65,0,0,0,0,0,1,2,13
,2018_29440,39.634127,-104.902067,6/30/2018 11:39,11:39,15,0,0,I225 SOUTHBOUND OFF RAMP SPLIT & I25,1,1,0,0,1,4,,0,55,0,0,0,0,0,1,2,13
,2018_29441,39.634219,-104.901594,10/11/2018 9:56,9:56,5,0,1,I225 & QUEBEC STREET SOUTH,1,1,0,0,2,4,,0,55,0,0,0,0,2,1,1,3
,2018_29476,39.780988,-104.966739,3/8/2018 15:25,15:25,3,0,0,BRIGHTON BOULEVARD & 4600 BLOCK NORTH,1,1,0,0,1,2,,0,30,0,0,0,0,0,2,2,1
,2018_29486,39.785832,-104.902837,7/9/2018 8:45,8:45,12,0,0,I270 & QUEBEC STREET,1,1,0,0,1,4,,0,,0,0,0,0,0,1,2,14
,2018_29487,39.782797,-104.900751,5/9/2018 11:50,11:50,12,0,0,I270 & NORTHFIELD QUEBEC STREET NORTH IINTCH,1,1,0,0,1,4,,0,55,0,0,0,0,0,1,3,12
,2018_29508,39.770383,-105.025231,4/13/2018 7:18,7:18,12,0,0,FEDERAL BOULEVARD 3900 BLOCK NORTH & DENVER PLACE WEST,1,1,0,0,1,4,,0,35,0,0,0,0,0,2,3,14
,2018_29509,39.776686,-105.025228,8/3/2018 10:22,10:22,3,0,0,44TH AVENUE WEST & FEDERAL BOULEVARD NORTH,1,1,0,0,1,1,,0,35,0,0,0,0,0,2,2,14
,2018_29510,39.782129,-105.025225,11/21/2018 12:43,12:43,12,0,0,FEDERAL BOULEVARD NORTH & 47TH AVENUE WEST,1,1,1,0,1,1,,0,35,0,0,0,0,0,2,2,13
,2018_29512,39.783848,-105.025224,6/18/2018 20:09,20:09,1,0,2,FEDERAL BOULEVARD NORTH & I70 EASTBOUND RAMPS,1,2,0,0,1,1,,0,35,0,0,0,0,1,2,2,7
,2018_29513,39.784707,-105.025224,2/24/2018 1:34,1:34,1,0,2,FEDERAL BOULEVARD NORTH & I70 WB RAMPS,1,3,0,0,1,1,,0,35,0,0,0,0,1,2,2,9
,2018_29514,39.78614,-105.025223,8/30/2018 22:33,22:33,1,0,0,FEDERAL BOULEVARD 4900 BLOCK NORTH & 50TH AVENUE WEST,1,3,0,0,1,2,,0,35,0,0,0,0,0,2,2,13
,2018_29515,39.787424,-105.025217,6/28/2018 19:43,19:43,3,0,0,50TH AVENUE WEST & FEDERAL BOULEVARD NORTH,1,3,0,0,1,1,,0,25,0,0,0,0,0,2,2,3
,2018_29516,39.789272,-105.025199,1/3/2018 19:50,19:50,3,0,0,FEDERAL BOULEVARD NORTH & 51ST AVENUE WEST,1,3,0,0,1,3,,0,35,0,0,0,0,0,2,2,13
,2018_29587,39.833545,-104.746858,9/24/2018 10:30,10:30,9,0,1,E470 NORTHBOUND OFF RAMP & PENA BOULEVARD INBOUND,1,1,1,0,2,8,,0,50,0,0,0,0,2,2,1,14
,2018_29591,39.899639,-104.668648,11/11/2018 3:32,3:32,5,0,1,TRUSSVILLE STREET 11200 BLOCK & 112TH AVENUE,1,4,0,0,6,4,,1,35,0,0,0,0,2,4,1,5
,2018_29594,39.740084,-104.90579,9/23/2018 16:53,16:53,6,0,0,PONTIAC STREET NORTH & COLFAX AVENUE EAST,1,1,0,0,1,3,,0,25,0,0,0,0,0,2,2,13
,2018_29597,39.685533,-104.940543,8/27/2018 16:00,16:00,12,0,0,COLORADO BOULEVARD SOUTH & MEXICO AVENUE EAST,1,1,0,0,1,1,,0,30,0,0,0,0,0,2,3,3
,2018_29598,39.685533,-104.940543,10/10/2018 15:45,15:45,3,0,1,COLORADO BOULEVARD SOUTH & MEXICO AVENUE EAST,1,1,0,0,1,1,,0,25,0,0,0,0,1,2,2,13
,2018_29599,39.689119,-104.940546,4/17/2018 12:59,12:59,12,0,1,COLORADO BOULEVARD SOUTH & FLORIDA AVENUE EAST,1,1,1,0,1,1,,0,35,0,0,0,0,1,2,2,4
,2018_29600,39.69659,-104.940565,11/21/2018 21:16,21:16,12,0,0,COLORADO BOULEVARD SOUTH & MISSISSIPPI AVENUE EAST,1,3,0,0,1,3,,0,45,0,0,0,0,0,2,2,3
,2018_29601,39.713244,-104.940611,6/27/2018 10:25,10:25,12,0,0,ALAMEDA AVENUE 4000 BLOCK EAST & COLORADO BOULEVARD SOUTH,1,1,0,0,1,3,,0,35,0,0,0,0,0,2,2,1
,2018_29602,39.719664,-104.940609,10/22/2018 15:50,15:50,1,0,0,COLORADO BOULEVARD NORTH & FIRST AVENUE EAST,1,1,0,0,1,1,,0,30,0,0,0,0,0,2,2,13
,2018_29603,39.725208,-104.940607,7/6/2018 8:15,8:15,15,0,0,COLORADO BOULEVARD NORTH & FIFTH AVENUE EAST,1,1,0,0,1,4,,0,35,0,0,0,0,0,2,2,13
,2018_29605,39.725646,-104.940607,12/5/2018 11:47,11:47,12,0,0,COLORADO BOULEVARD 600 BLOCK NORTH & SIXTH AVENUE EAST,1,1,0,0,1,4,,0,35,0,0,0,0,0,2,2,8
,2018_29606,39.725646,-104.940607,12/6/2018 14:05,14:05,12,0,0,COLORADO BOULEVARD 600 BLOCK NORTH & SIXTH AVENUE EAST,1,1,0,0,1,3,,0,30,0,0,0,0,0,2,3,13
,2018_29607,39.732795,-104.940604,9/10/2018 12:43,12:43,12,0,0,COLORADO BOULEVARD NORTH & 11TH AVENUE EAST,1,1,0,0,1,3,,0,35,0,0,0,0,0,2,2,12
,2018_29608,39.736881,-104.940602,11/15/2018 17:30,17:30,12,0,0,COLORADO BOULEVARD 1300 BLOCK NORTH & 13TH AVENUE EAST,1,2,0,0,1,3,,0,30,0,0,0,0,0,2,2,1
,2018_29609,39.738485,-104.940602,7/18/2018 0:05,0:05,3,0,1,14TH AVENUE EAST & COLORADO BOULEVARD NORTH,1,3,0,0,1,1,,0,30,0,0,0,0,2,2,2,1
,2018_29610,39.741258,-104.940601,12/21/2018 13:10,13:10,1,0,0,COLORADO BOULEVARD NORTH & 16TH AVENUE EAST,1,1,0,0,1,1,,0,35,0,0,0,0,0,2,2,13
,2018_29611,39.743592,-104.9406,12/1/2018 12:50,12:50,12,0,0,17TH AVENUE EAST & COLORADO BOULEVARD NORTH,1,1,0,0,1,3,,0,30,0,0,0,0,0,2,2,12
,2018_29612,39.749136,-104.940598,1/15/2018 16:59,16:59,3,0,0,COLORADO BOULEVARD NORTH & 22ND AVENUE EAST,1,3,0,0,1,1,,0,35,0,0,0,0,0,2,2,1
,2018_29613,39.750887,-104.940597,6/1/2018 12:00,12:00,10,0,0,COLORADO BOULEVARD NORTH & 23RD AVENUE EAST,1,1,1,0,1,1,,0,30,0,0,0,0,0,2,2,13
,2018_29614,39.772873,-104.94051,3/11/2018 16:15,16:15,12,0,0,COLORADO BOULEVARD NORTH & 40TH AVENUE EAST,1,1,0,0,1,3,,0,40,0,0,0,0,0,2,2,1
,2018_29615,39.779244,-104.940515,7/19/2018 14:39,14:39,3,0,0,COLORADO BOULEVARD & I70 EASTBOUND OFF RAMP,1,1,0,1,1,1,,0,40,0,0,0,0,0,2,2,13
,2018_29616,39.783677,-104.940457,10/30/2018 6:18,6:18,12,0,0,COLORADO BOULEVARD & 4700 BLOCK NORTH,1,3,1,0,1,3,,0,40,0,0,0,0,0,2,2,3
,2018_29617,39.784135,-104.94045,1/31/2018 12:43,12:43,15,0,0,COLORADO BOULEVARD NORTH & 48TH AVENUE EAST,1,1,0,0,1,1,,0,40,0,0,0,0,0,2,2,7
,2018_29644,39.725649,-105.052456,9/16/2018 11:38,11:38,12,0,0,SIXTH AVENUE WEST EASTBOUND ON RAMP & SHERIDAN BOULEVARD NORTH,1,1,0,0,1,8,,0,55,0,0,0,0,0,2,2,3
,2018_29645,39.725421,-105.028881,12/18/2018 9:26,9:26,15,0,0,SIXTH AVENUE WEST & SIXTH AVENUE EASTBOUND OFF RAMP TO FEDERAL BOULEVARD,1,1,0,0,1,4,,0,55,0,0,0,0,0,2,2,13
,2018_29646,39.725418,-105.027165,1/22/2018 17:30,17:30,12,0,0,SIXTH AVENUE WB ON RAMP & FEDERAL BOULEVARD NORTH,2,2,0,2,1,8,,0,45,0,0,0,0,0,2,2,13
,2018_29647,39.725415,-105.025068,9/17/2018 11:46,11:46,12,0,0,SIXTH AVENUE WEST & FEDERAL BOULEVARD NORTH,1,1,0,0,1,4,,0,55,0,0,0,0,0,2,2,14
,2018_29648,39.725414,-105.024495,2/11/2018 12:38,12:38,15,0,0,SIXTH AVENUE WEST & FEDERAL BOULEVARD NORTH,1,1,0,0,1,4,,0,55,0,0,0,0,0,2,2,13
,2018_29649,39.725188,-105.018611,8/18/2018 22:54,22:54,5,0,1,WEST SIXTH AVENUE 2600 BLOCK & BRYANT STREET NORTH,2,3,0,1,3,4,,0,65,0,0,0,0,1,2,1,13
,2018_29650,39.725216,-105.017726,3/19/2018 16:09,16:09,12,0,0,SIXTH AVENUE EASTBOUND OFF RAMP EXIT GORE POINT & I25,1,1,0,0,1,8,,0,65,0,0,0,0,0,2,2,1
,2018_29651,39.779244,-104.949727,11/14/2018 12:14,12:14,3,0,0,STEELE STREET NORTH & I70 EASTBOUND RAMPS,1,1,0,0,1,1,,0,30,0,0,0,0,0,2,2,8
,2018_29652,39.779447,-104.949726,8/14/2018 8:55,8:55,15,0,0,STEELE STREET & 46TH AVENUE EAST,1,1,0,0,1,1,,0,30,0,0,0,0,0,2,2,13
,2018_29734,39.628541,-104.9042,6/7/2018 13:40,13:40,15,0,0,I25 & UNION AVENUE EAST,1,1,0,0,1,4,,0,65,0,0,0,0,0,1,2,14
,2018_29735,39.629064,-104.904487,2/17/2018 11:23,11:23,12,0,0,I25 & MM 199.80 / I225,1,1,0,0,1,4,,0,65,0,0,0,0,0,1,2,13
,2018_29736,39.634091,-104.906764,2/20/2018 6:28,6:28,12,0,0,I25 & I225 NB/EB FLYOVER,4,2,0,0,1,4,,0,65,0,0,0,0,0,1,2,3
,2018_29737,39.65313,-104.918259,4/22/2018 13:08,13:08,12,0,0,I25 SOUTHBOUND ON RAMP SLIP & HAMPDEN AVENUE EAST,1,1,0,0,1,8,,0,35,0,0,0,0,0,1,2,3
,2018_29738,39.653259,-104.918319,3/7/2018 19:15,19:15,12,0,0,I25 & HAMPDEN AVENUE EAST,1,3,0,0,1,4,,0,65,0,0,0,0,0,1,2,13
,2018_29739,39.653259,-104.918319,8/15/2018 11:11,11:11,12,0,0,I25 & HAMPDEN AVENUE EAST,1,1,1,0,1,4,,0,30,0,0,0,0,0,1,2,7
,2018_29740,39.656552,-104.919807,2/13/2018 11:46,11:46,15,0,0,I25 & HAMPDEN AVENUE EAST,1,1,0,0,1,4,,0,45,0,0,0,0,0,1,2,1
,2018_29741,39.659816,-104.921268,5/15/2018 7:44,7:44,15,0,0,I25 & HAMPDEN AVENUE EAST,1,1,0,0,1,4,,0,55,0,0,0,0,0,1,2,13
,2018_29742,39.666928,-104.925103,8/6/2018 17:50,17:50,12,0,0,I25 & YALE AVENUE EAST,1,1,0,0,1,4,,0,65,0,0,0,0,0,1,2,13
,2018_29743,39.683129,-104.940605,1/23/2018 14:26,14:26,12,0,0,I25 SOUTHBOUND OFF RAMP & COLORADO BOULEVARD SOUTH,1,1,0,0,1,8,,0,45,0,0,0,0,0,1,2,13
,2018_29744,39.683309,-104.94138,9/28/2018 19:26,19:26,12,0,0,I25 NORTHBOUND ON RAMP & COLORADO BOULEVARD SOUTH,1,3,0,0,1,8,,0,60,0,0,0,0,0,1,2,12
,2018_29745,39.760997,-105.004271,6/14/2018 21:30,21:30,15,0,0,I25 & 20TH STREET,1,3,1,0,1,4,,0,65,0,0,0,0,0,1,4,13
,2018_29746,39.68492,-104.959509,2/7/2018 22:53,22:53,5,0,1,UNIVERSITY BOULEVARD SOUTH & I25 NORTHBOUND OFF RAMP,1,3,0,0,2,1,,0,40,0,0,0,0,2,1,1,5
,2018_29747,39.684923,-104.961388,4/11/2018 7:04,7:04,12,0,0,I25 & UNIVERSITY BOULEVARD SOUTH,1,1,0,0,1,4,,0,60,0,0,0,0,0,1,3,13
,2018_29748,39.688587,-104.970509,6/25/2018 10:35,10:35,12,0,0,I25 SOUTHBOUND ON RAMP & DOWNING STREET SOUTH,1,1,0,0,1,8,,0,50,0,0,0,0,0,1,2,13
,2018_29749,39.689311,-104.971955,1/9/2018 7:37,7:37,12,0,0,I25 SOUTHBOUND ON RAMP & DOWNING STREET SOUTH,1,1,0,0,1,8,,0,35,0,0,0,0,0,1,3,3
,2018_29750,39.690034,-104.973401,1/9/2018 14:39,14:39,12,0,0,I25 NORTHBOUND OFF RAMP & DOWNING STREET,1,1,0,0,1,8,,0,40,0,0,0,0,0,1,2,13
,2018_29751,39.690115,-104.973561,12/31/2018 8:27,8:27,5,0,1,I25 & DOWNING STREET SOUTH,4,1,0,2,3,4,,0,50,0,0,0,0,1,1,1,1
,2018_29752,39.694456,-104.979276,3/23/2018 12:54,12:54,12,0,0,I25 & WASHINGTON STREET SOUTH,1,1,0,0,1,4,,0,60,0,0,0,0,0,1,3,13
,2018_29753,39.700838,-104.986681,1/28/2018 0:00,0:00,1,0,8,BROADWAY SOUTH & I25 SOUTHBOUND ON RAMP SLIP,1,3,0,0,1,1,,0,35,0,0,0,0,1,1,3,5
,2018_29754,39.701466,-104.987451,4/11/2018 7:15,7:15,12,0,0,I25 & BROADWAY SOUTH,1,1,0,0,1,4,,0,55,0,0,0,0,0,1,2,12
,2018_29755,39.701466,-104.987451,6/11/2018 16:59,16:59,12,0,0,I25 & BROADWAY SOUTH,1,1,0,0,1,4,,0,60,0,0,0,0,0,1,3,1
,2018_29756,39.701989,-104.988068,11/17/2018 8:18,8:18,12,0,0,I25 & BROADWAY SOUTH,2,1,0,0,1,4,,0,65,0,0,0,0,0,1,2,13
,2018_29757,39.709613,-104.997988,6/5/2018 17:53,17:53,15,0,0,I25 & SANTA FE DRIVE SOUTH,1,1,1,0,1,4,,0,65,0,0,0,0,0,1,3,13
,2018_29758,39.711525,-104.999094,5/15/2018 5:56,5:56,15,0,0,I25 & ALAMEDA AVENUE WEST,1,1,1,0,1,4,,0,55,0,0,0,0,0,1,2,13
,2018_29759,39.712765,-104.999836,3/9/2018 20:11,20:11,12,0,0,I25 & ALAMEDA AVENUE WEST,1,3,0,0,1,4,,0,55,0,0,0,0,0,1,3,3
,2018_29760,39.713041,-105.000001,3/2/2018 11:57,11:57,12,0,0,I25 & CEDAR AVENUE WEST,1,1,0,0,1,4,,0,55,0,0,0,0,0,1,3,1
,2018_29761,39.768049,-104.994761,2/13/2018 16:10,16:10,12,0,0,FOX STREET NORTH & 38TH AVENUE WEST,1,1,1,0,1,1,,0,30,0,0,0,0,0,1,2,13
,2018_29762,39.71557,-105.00165,11/23/2018 7:35,7:35,15,0,0,I25 & ALAMEDA AVENUE WEST,1,1,0,0,1,4,,0,65,0,0,0,0,0,1,2,1
,2018_29763,39.720036,-105.007094,12/1/2018 16:30,16:30,12,0,0,I25 & SIXTH AVENUE WEST,1,4,0,0,1,4,,0,50,0,0,0,0,0,1,3,13
,2018_29764,39.724932,-105.012646,9/18/2018 20:40,20:40,5,0,1,I25 SB/NB ON RAMP SPLIT GORE POINT & SIXTH AVENUE WEST,1,3,1,0,2,8,,0,55,0,0,0,0,1,1,1,5
,2018_29765,39.725398,-105.012983,12/31/2018 16:09,16:09,5,0,0,I25 SOUTHBOUND OFF RAMP & SIXTH AVENUE WEST,5,1,1,2,2,8,,0,55,0,0,0,0,0,1,1,7
,2018_29766,39.731542,-105.015521,2/26/2018 16:17,16:17,15,0,0,I25 & MULBERRY PLACE WEST ON RAMP,1,1,1,0,1,4,,0,65,0,0,0,0,0,1,2,13
,2018_29767,39.733474,-105.015469,11/25/2018 23:06,23:06,5,0,0,I25 & EIGHTH AVENUE WEST SOUTHBOUND OFF RAMP,1,3,0,0,2,4,,0,55,0,0,0,0,0,1,1,5
,2018_29768,39.735991,-105.014376,6/25/2018 9:49,9:49,12,0,0,I25 & MM 210,1,1,0,0,1,4,,0,55,0,0,0,0,0,1,2,13
,2018_29769,39.735991,-105.014376,11/15/2018 6:35,6:35,12,0,0,I25 & MM 210,1,2,0,0,1,4,,0,55,0,0,0,0,0,1,4,13
,2018_29770,39.740257,-105.013939,4/29/2018 13:47,13:47,12,0,0,I25 & COLFAX AVENUE WEST,1,1,0,0,1,4,,0,55,0,0,0,0,0,1,2,13
,2018_29771,39.740257,-105.013939,7/6/2018 16:30,16:30,12,0,0,I25 & COLFAX AVENUE WEST,1,1,0,0,1,4,,0,55,0,0,0,0,0,1,2,3
,2018_29772,39.740257,-105.013939,7/28/2018 13:25,13:25,12,0,0,I25 & COLFAX AVENUE WEST,1,1,0,0,1,4,,0,55,0,0,0,0,0,1,3,14
,2018_29773,39.74749,-105.018114,1/8/2018 18:15,18:15,12,0,0,I25 & 23RD AVENUE WEST,1,3,0,0,1,4,,0,55,0,0,0,0,0,1,2,1
,2018_29774,39.749701,-105.017257,5/20/2018 22:50,22:50,15,0,0,I25 & 23RD AVENUE WEST NORTHBOUND EXIT GORE,1,3,1,0,1,4,,0,55,0,0,0,0,0,1,2,13
,2018_29775,39.750434,-105.016948,5/2/2018 14:02,14:02,12,0,0,I25 & 23RD AVENUE,1,1,0,0,1,4,,0,55,0,0,0,0,0,1,2,13
,2018_29776,39.751021,-105.016701,1/9/2018 9:20,9:20,12,0,0,I25 & 23RD AVENUE,1,1,0,0,1,4,,0,65,0,0,0,0,0,1,2,13
,2018_29777,39.751295,-105.016566,9/19/2018 17:15,17:15,12,0,0,I25 & 23RD AVENUE WEST,2,1,0,1,1,4,,0,55,0,0,0,0,0,1,2,13
,2018_29778,39.755118,-105.012754,6/13/2018 16:11,16:11,12,0,0,SPEER BOULEVARD NORTH & I25,1,1,0,0,1,4,,0,35,0,0,0,0,0,1,2,13
,2018_29779,39.755212,-105.012623,10/8/2018 13:25,13:25,12,0,0,I25 & SPEER BOULEVARD NORTH,2,1,1,1,1,4,,0,65,0,0,0,0,0,1,2,13
,2018_29780,39.757155,-105.0099,3/15/2018 11:08,11:08,12,0,0,I25 & 15TH STREET BRIDGE,1,1,1,0,1,4,,0,65,0,0,0,0,0,1,4,13
,2018_29781,39.757155,-105.0099,7/28/2018 16:41,16:41,12,0,0,I25 & 15TH STREET,1,1,0,0,1,4,,0,55,0,0,0,0,0,1,2,13
,2018_29782,39.759182,-105.007117,12/15/2018 18:46,18:46,12,0,0,I25 & 20TH STREET,1,3,0,0,1,4,,0,55,0,0,0,0,0,1,2,13
,2018_29783,39.760997,-105.004271,2/13/2018 14:27,14:27,12,0,0,I25 & 20TH STREET,1,1,0,0,1,4,,0,55,0,0,0,0,0,1,2,13
,2018_29784,39.760997,-105.004271,4/5/2018 10:26,10:26,12,0,0,I25 & 20TH STREET,1,1,0,0,1,4,,0,55,0,0,0,0,0,1,2,13
,2018_29786,39.766237,-104.999215,12/13/2018 16:05,16:05,12,0,0,I25 & PARK AVENUE WEST,1,1,1,0,1,4,,0,65,0,0,0,0,0,1,2,13
,2018_29787,39.768049,-104.994761,8/26/2018 17:00,17:00,12,0,0,I25 & PARK AVENUE WEST,1,1,0,0,1,4,,0,35,0,0,0,0,0,1,2,13
,2018_29788,39.768124,-104.99459,4/10/2018 11:07,11:07,15,0,0,I25 NORTHBOUND ON RAMP & PARK AVENUE WEST,1,1,0,0,1,8,,0,35,0,0,0,0,0,1,2,14
,2018_29789,39.768358,-104.994053,5/23/2018 13:20,13:20,12,0,0,I25 & PARK AVENUE WEST,1,1,0,0,1,4,,0,55,0,0,0,0,0,1,2,13
,2018_29790,39.777179,-104.989198,11/14/2018 15:30,15:30,12,0,0,I25 & I70,1,1,0,0,1,4,,0,55,0,0,0,0,0,1,6,13
,2018_29791,39.777179,-104.989198,4/11/2018 14:06,14:06,12,0,0,I25 NORTHBOUND OFF RAMP & I70,1,1,0,0,1,8,,0,55,0,0,0,0,0,1,3,7
,2018_29792,39.77851,-104.989176,10/7/2018 22:53,22:53,12,0,1,I25 & I70,2,3,0,1,1,4,,0,,0,0,0,0,2,1,2,13
,2018_29793,39.779391,-104.989164,3/10/2018 11:57,11:57,12,0,3,I25 & I70 INTCH,1,1,1,0,1,4,,0,55,0,0,0,0,1,1,3,7
,2018_29794,39.779391,-104.989164,5/20/2018 22:32,22:32,15,0,0,I25 & I70,2,3,0,1,1,4,,0,55,0,0,0,0,0,1,2,7
,2018_29795,39.782847,-104.989147,2/22/2018 15:18,15:18,5,0,0,I25 SOUTHBOUND OFF RAMP END & I70 EB/WB RAMP SPLIT,2,1,0,2,2,8,,0,55,0,0,0,0,0,1,1,14
,2018_29796,39.783855,-104.989142,1/17/2018 6:10,6:10,15,0,0,I25 & 48TH AVENUE WEST SOUTHBOUND OFF RAMP GORE POINT,1,2,0,0,1,4,,0,,0,0,0,0,0,1,3,13
,2018_29837,39.711077,-105.025265,12/11/2018 17:00,17:00,15,0,1,ALAMEDA AVENUE WEST & FEDERAL BOULEVARD SOUTH / 3100 BLOCK WEST,1,3,0,0,1,4,,0,40,0,0,0,0,1,2,2,13
,2018_29838,39.711077,-105.025075,10/17/2018 7:11,7:11,12,0,1,ALAMEDA AVENUE WEST & FEDERAL BOULEVARD SOUTH,1,1,0,0,1,1,,0,35,0,0,0,0,1,2,2,13
,2018_29839,39.711141,-105.019242,11/29/2018 15:42,15:42,10,0,0,ALAMEDA AVENUE WEST & CANOSA COURT NORTH,1,1,0,0,1,1,,0,35,0,0,0,0,0,2,3,1