id,drcog_id,latitude,longitude,crashtime,time,crashtype,numbkilled,numbinjurd,drcoglocat,rdconditin,lightngcon,roadcntgrd,weatherco,location,roaddescrp,schoolzone,constrzone,splimit,bikeinv,pedinv,sctrinv,motoinv,svrty,rdsystem,ttlvehcls,hcf
,2018_29841,39.711183,-105.008989,7/24/2018 11:50,11:50,10,0,0,ALAMEDA AVENUE 1500 BLOCK WEST & RARITAN STREET SOUTH,1,1,0,0,1,4,,0,35,0,0,0,0,0,2,2,13
,2018_29842,39.71119,-105.000102,12/3/2018 9:42,9:42,12,0,0,ALAMEDA AVENUE 1000 BLOCK WEST & PLATTE RIVER DRIVE SOUTH,1,1,0,0,1,4,,0,35,0,0,0,0,0,2,2,13
,2018_29843,39.711208,-104.998391,12/4/2018 12:15,12:15,1,0,1,ALAMEDA AVENUE WEST & KALAMATH STREET SOUTH,1,1,0,0,1,1,,0,35,0,0,0,0,1,2,2,16
,2018_29845,39.711208,-104.998391,12/18/2018 9:03,9:03,1,0,0,ALAMEDA AVENUE WEST & KALAMATH STREET SOUTH,1,1,0,0,1,1,,0,35,0,0,0,0,0,2,2,13
,2018_29846,39.653083,-104.912649,7/16/2018 19:30,19:30,15,0,0,HAMPDEN AVENUE EAST & MONACO STREET SOUTH,1,1,0,0,1,3,,0,40,0,0,0,0,0,2,2,13
,2018_29847,39.78001,-104.964059,9/17/2018 10:10,10:10,12,0,0,I70 & RACE STREET NORTH,1,1,0,0,1,4,,0,65,0,0,0,0,0,1,2,7
,2018_29848,39.669099,-104.866097,4/10/2018 16:34,16:34,12,0,1,HAVANA STREET 2700 BLOCK SOUTH & PARKER ROAD SOUTH,1,1,0,0,1,3,,0,40,0,0,0,0,1,2,2,13
,2018_29865,39.785531,-104.899639,11/23/2018 8:00,8:00,15,0,0,QUEBEC NORTH SOUTHBOUND OFF RAMP & NORTHFIELD BOULEVARD EAST,1,1,1,0,1,1,,0,35,0,0,0,0,0,2,2,14
,2018_29884,39.740084,-105.005404,3/14/2018 13:48,13:48,12,0,0,COLFAX AVENUE WEST & OSAGE STREET NORTH,1,1,0,0,1,4,,0,35,0,0,0,0,0,2,4,13
,2018_29885,39.740048,-104.999933,11/6/2018 8:15,8:15,15,0,0,KALAMATH STREET NORTH & COLFAX AVENUE WEST,1,1,0,0,1,3,,0,35,0,0,0,0,0,2,2,13
,2018_29886,39.740022,-104.981478,7/6/2018 16:30,16:30,6,0,0,COLFAX AVENUE 400 BLOCK EAST & PENNSYLVANIA STREET NORTH,1,1,0,0,1,4,,0,30,0,0,0,0,0,2,2,8
,2018_29887,39.740004,-104.974924,5/29/2018 16:00,16:00,12,0,0,COLFAX AVENUE 1000 BLOCK EAST & OGDEN STREET NORTH,1,1,0,0,1,3,,0,,0,0,0,0,0,2,4,13
,2018_29888,39.740009,-104.972491,3/8/2018 12:12,12:12,6,0,0,COLFAX AVENUE EAST & DOWNING STREET NORTH,1,1,0,0,1,4,,0,30,0,0,0,0,0,2,2,13
,2018_29889,39.740009,-104.972303,12/9/2018 1:28,1:28,3,0,0,MARION STREET NORTH  & COLFAX AVENUE EAST,1,3,0,0,1,1,,0,30,0,0,0,0,0,2,2,13
,2018_29890,39.74001,-104.971929,5/19/2018 22:41,22:41,15,0,0,COLFAX AVENUE 1200 BLOCK & DOWNING STREET NORTH,1,3,0,0,1,4,,0,30,0,0,0,0,0,2,2,7
,2018_29892,39.740012,-104.970806,5/23/2018 18:32,18:32,3,0,1,COLFAX AVENUE EAST & LAFAYETTE STREET NORTH,1,1,0,0,1,1,,0,30,0,0,0,1,1,2,2,14
,2018_29893,39.740012,-104.970806,12/14/2018 18:52,18:52,12,0,0,COLFAX AVENUE 1400 BLOCK EAST & LAFAYETTE STREET NORTH,1,3,0,0,1,3,,0,30,0,0,0,0,0,2,2,13
,2018_29894,39.740003,-104.967234,1/12/2018 17:15,17:15,12,0,1,COLFAX AVENUE EAST & GILPIN STREET NORTH,1,2,0,0,1,4,,0,,0,0,0,0,1,2,2,13
,2018_29895,39.739998,-104.966103,1/12/2018 2:44,2:44,12,0,0,COLFAX AVENUE EAST & WILLIAMS STREET NORTH,1,3,0,0,1,1,,0,30,0,0,0,0,0,2,2,12
,2018_29896,39.740185,-104.957457,10/8/2018 13:04,13:04,12,0,1,COLFAX AVENUE 2400 BLOCK EAST & COLUMBINE STREET NORTH,2,1,0,1,1,3,,0,30,0,0,0,0,1,2,2,5
,2018_29897,39.740174,-104.95407,12/27/2018 13:46,13:46,10,0,0,DETROIT STREET NORTH  & COLFAX AVENUE EAST,1,1,0,0,1,1,,0,25,0,0,0,0,0,2,2,1
,2018_29900,39.74014,-104.943908,1/10/2018 14:38,14:38,15,0,0,COLFAX AVENUE EAST & GARFEILD STREET NORTH,1,1,0,0,1,1,,0,30,0,0,0,0,0,2,2,13
,2018_29901,39.740081,-104.917065,5/27/2018 11:29,11:29,3,0,1,COLFAX AVENUE 6100 BLOCK EAST & KEARNEY STREET NORTH,1,1,0,0,1,3,,0,35,0,0,0,0,1,2,2,13
,2018_29902,39.740084,-104.903536,10/18/2018 13:10,13:10,15,0,2,COLFAX AVENUE EAST & QUEBEC STREET NORTH,1,1,0,0,1,4,,0,35,0,0,0,0,1,2,2,13
,2018_29913,39.775891,-104.868792,1/23/2018 0:24,0:24,9,0,0,I70 & HAVANA STREET NORTH,1,3,0,0,1,4,,0,,0,0,0,0,0,1,1,13
,2018_29940,39.783541,-105.031168,9/24/2018 7:50,7:50,12,0,1,I70 & FEDERAL BOULEVARD NORTH,1,1,0,0,1,4,,0,55,0,0,0,0,1,1,3,13
,2018_29941,39.783149,-105.006371,10/26/2018 6:40,6:40,3,0,0,PECOS STREET NORTH & I70,1,2,0,0,1,6,,0,20,0,0,0,0,0,1,2,13
,2018_29942,39.783672,-105.003723,7/15/2018 21:17,21:17,5,0,1,I70 & PECOS STREET NORTH WB EXIT CRASH CUSHION,2,3,0,0,3,4,,0,55,0,0,0,0,2,1,1,5
,2018_29943,39.782748,-104.999619,8/11/2018 17:22,17:22,12,0,3,I70 & PECOS STREET NORTH,1,1,0,0,1,4,,0,65,0,0,0,0,1,1,2,1
,2018_29944,39.779455,-104.979206,8/17/2018 6:13,6:13,15,0,0,I70 EASTBOUND OFF RAMP & WASHINGTON STREET,1,1,0,0,1,8,,0,55,0,0,0,0,0,1,2,13
,2018_29945,39.779441,-104.979019,1/9/2018 12:11,12:11,1,0,0,WASHINGTON STREET NORTH & I70 EASTBOUND RAMPS,1,1,0,0,1,1,,0,25,0,0,0,0,0,1,2,14
,2018_29946,39.779441,-104.979019,10/10/2018 11:30,11:30,1,0,0,WASHINGTON STREET NORTH & I70 EASTBOUND RAMPS,2,1,1,1,1,1,,0,35,0,0,0,0,0,1,2,13
,2018_29947,39.779441,-104.979019,10/23/2018 10:23,10:23,15,0,0,WASHINGTON STREET NORTH & I70 EASTBOUND ON RAMP,1,1,0,0,1,1,,0,30,0,0,0,0,0,1,2,14
,2018_29948,39.779425,-104.978817,12/4/2018 6:20,6:20,15,0,0,I70 EASTBOUND ON RAMP & WASHINGTON STREET NORTH,1,2,1,0,1,8,,0,55,0,0,0,0,0,1,3,13
,2018_29949,39.779933,-104.966293,10/4/2018 16:49,16:49,15,0,0,I70 & BRIGHTON BOULEVARD NORTH,1,1,1,0,1,4,,0,65,0,0,0,0,0,1,2,13
,2018_29950,39.779942,-104.966087,3/2/2018 7:38,7:38,12,0,0,I70 & BRIGHTON BOULEVARD NORTH,1,1,0,0,1,4,,0,65,0,0,0,0,0,1,2,13
,2018_29951,39.780331,-104.96486,4/6/2018 12:57,12:57,5,0,0,46TH AVENUE EAST FRONTAGE ROAD & BRIGHTON BOULEVARD,4,1,0,2,1,4,,0,20,0,0,0,0,0,4,1,13
,2018_29952,39.780012,-104.959789,8/6/2018 5:52,5:52,12,0,0,I70 & YORK STREET NORTH,1,1,1,0,1,4,,0,55,0,0,0,0,0,1,2,7
,2018_29953,39.780081,-104.935735,1/2/2018 16:05,16:05,12,0,1,I70 & COLORADO BOULEVARD NORTH,1,1,0,0,1,4,,0,65,0,0,0,0,1,1,2,12
,2018_29954,39.780032,-104.931784,3/1/2018 6:57,6:57,12,0,0,I70 & DAHLIA STREET NORTH,1,1,0,0,1,4,,0,55,0,0,0,0,0,1,2,1
,2018_29955,39.780032,-104.931784,5/12/2018 2:00,2:00,15,0,0,I70 & DAHLIA STREET NORTH,2,3,0,1,1,4,,0,55,0,0,0,0,0,1,2,5
,2018_29956,39.778729,-104.924682,9/21/2018 16:29,16:29,12,0,0,I70 & GRAPE STREET NORTH,1,1,1,0,1,4,,0,55,0,0,0,0,0,1,2,13
,2018_29957,39.778287,-104.915664,1/5/2018 10:53,10:53,12,0,0,I70 & LEYDEN STREET,1,1,0,0,1,4,,0,55,0,0,0,0,0,1,2,8
,2018_29958,39.778293,-104.906734,11/24/2018 22:15,22:15,12,0,1,I70 EASTBOUND OFF RAMP TO & NORTHFIELD NORTH QUEBEC STREET SOUTH,5,3,0,2,1,8,,0,55,0,0,0,0,1,1,2,13
,2018_29960,39.778295,-104.903454,6/12/2018 12:59,12:59,12,0,0,I70 & QUEBEC STREET,1,1,0,0,1,4,,0,55,0,0,0,0,0,1,2,13
,2018_29961,39.778275,-104.896817,2/8/2018 9:45,9:45,12,0,0,I70 & I270 EASTBOUND,1,1,0,1,1,4,,0,65,0,0,0,0,0,1,2,13
,2018_29962,39.777122,-104.882764,10/15/2018 19:35,19:35,15,0,0,I70 & CENTRAL PARK BOULEVARD,1,3,1,0,1,4,,0,55,0,0,0,0,0,1,2,13
,2018_29963,39.777087,-104.882387,12/10/2018 5:43,5:43,12,0,0,I70 & CENTRAL PARK BOULEVARD NORTH,1,2,0,0,1,4,,0,55,0,0,0,0,0,1,2,1
,2018_29964,39.777001,-104.881444,10/19/2018 16:34,16:34,12,0,0,I70 & I270,1,1,0,0,1,4,,0,55,0,0,0,0,0,1,2,13
,2018_29965,39.776949,-104.880878,11/4/2018 9:36,9:36,5,0,0,I70 EASTBOUND ON RAMP & CENTRAL PARK BOULEVARD NORTH,1,3,1,0,2,8,,0,55,0,0,0,0,0,1,1,2
,2018_29966,39.776793,-104.87918,10/19/2018 23:04,23:04,5,0,0,I70 & CENTRAL PARK BOULEVARD NORTH,1,3,0,0,1,4,,0,,0,0,0,0,0,1,5,13
,2018_29967,39.77597,-104.869716,8/7/2018 18:12,18:12,12,0,0,I70 & HAVANA STREET NORTH,1,1,0,0,1,4,,0,55,0,0,0,0,0,1,2,14
,2018_29968,39.77597,-104.869716,12/19/2018 14:58,14:58,12,0,2,I70 & HAVANA STREET NORTH,1,1,1,0,1,4,,0,55,0,0,0,0,1,1,4,13
,2018_29969,39.775843,-104.868238,11/7/2018 7:40,7:40,12,0,0,I70 & HAVANA STREET NORTH,1,1,1,0,1,4,,0,55,0,0,0,0,0,1,2,3
,2018_29970,39.775573,-104.865095,1/25/2018 15:59,15:59,12,0,1,I70 & HAVANA STREET NORTH INTCH,1,2,0,0,1,4,,0,65,0,0,0,0,2,1,2,3
,2018_29971,39.775557,-104.86491,7/27/2018 9:42,9:42,12,0,0,I70 & HAVANA STREET NORTH,1,1,0,0,1,4,,0,65,0,0,0,0,0,1,3,3
,2018_29974,39.775414,-104.863246,8/29/2018 16:17,16:17,15,0,0,I70 & HAVANNA STREET NORTH,1,1,0,0,1,4,,0,65,0,0,0,0,0,1,2,14
,2018_29975,39.774397,-104.851415,2/9/2018 6:42,6:42,12,0,0,I70 & PEORIA STREET NORTH,1,1,1,4,1,4,,0,55,0,0,0,0,0,1,2,13
,2018_29976,39.773999,-104.846793,10/23/2018 15:26,15:26,15,0,1,I70 & PEORIA STREET NORTH,1,1,1,0,1,4,,0,55,0,0,0,0,2,1,2,1
,2018_29977,39.773999,-104.846793,12/6/2018 17:27,17:27,12,0,0,PEORIA STREET NORTH & I70 EASTBOUND RAMPS APPROXIMATELY,1,3,1,0,1,4,,0,40,0,0,0,0,0,1,3,13
,2018_29978,39.773952,-104.846239,10/4/2018 5:45,5:45,12,0,0,I70 & PEORIA STREET NORTH,1,2,0,0,1,4,,0,65,0,0,0,0,0,1,3,14
,2018_29979,39.773633,-104.842541,10/21/2018 8:10,8:10,12,0,0,I70 EASTBOUND ON RAMP & PEORIA STREET NORTH,1,1,0,0,1,8,,0,25,0,0,0,0,0,1,3,14
,2018_29980,39.773581,-104.837324,4/28/2018 0:42,0:42,5,0,1,I70 WB ON RAMP FROM I225 & I70 / I225 WB OFF GORE TO PEORIA,1,3,0,0,3,8,,0,55,0,0,0,0,2,1,1,1
,2018_29981,39.772428,-104.828873,2/13/2018 6:12,6:12,12,0,1,I70 & I225 NORTHBOUND ON RAMP GORE POINT,1,1,0,0,1,4,,0,55,0,0,0,0,2,1,2,13
,2018_30047,39.67476,-104.870723,10/5/2018 23:16,23:16,12,0,0,ILIFF AVENUE EAST & PARKER ROAD SOUTH,2,3,0,1,1,1,,0,40,0,0,0,0,0,2,2,13
,2018_30050,39.69629,-104.897364,2/10/2018 23:04,23:04,12,0,0,MISSISSIPPI AVENUE EAST & PARKER ROAD SOUTH,4,3,0,2,1,1,,0,30,0,0,0,0,0,2,2,7
,2018_30051,39.69629,-104.897364,5/4/2018 16:45,16:45,15,0,0,MISSISSIPPI AVENUE EAST & PARKER ROAD SOUTH,1,1,0,0,1,1,,0,35,0,0,0,0,0,2,2,8
,2018_30052,39.696351,-104.897528,3/21/2018 20:45,20:45,12,0,0,PARKER ROAD SOUTH & MISSISSIPPI AVENUE EAST,1,3,1,0,1,3,,0,35,0,0,0,0,0,2,2,3
,2018_30053,39.698614,-104.903606,10/9/2018 9:50,9:50,12,0,0,LEETSDALE DRIVE & QUEBEC STREET SOUTH,2,1,0,1,1,1,,0,30,0,0,0,0,0,2,2,13
,2018_30054,39.698614,-104.903606,12/3/2018 12:55,12:55,15,0,0,HIGHWAY 83 & QUEBEC STREET SOUTH,1,1,0,0,1,1,,0,40,0,0,0,0,0,2,2,13
,2018_30055,39.702492,-104.912209,12/16/2018 12:00,12:00,3,0,0,LEETSDALE DRIVE & MONACO PARKWAY / 6600 BLOCK,1,1,0,0,1,2,,0,,0,0,0,0,0,2,2,13
,2018_30056,39.702954,-104.912867,8/6/2018 8:45,8:45,15,0,0,MONACO PARKWAY & LEETSDALE DRIVE,1,1,0,0,1,1,,0,30,0,0,0,0,0,2,2,1
,2018_30057,39.702954,-104.912867,11/16/2018 21:02,21:02,12,0,0,MONACO PARKWAY & LEETSDALE DRIVE,1,3,1,0,1,1,,0,35,0,0,0,0,0,2,2,13
,2018_30058,39.707195,-104.921515,5/29/2018 15:56,15:56,12,0,0,LEETSDALE DRIVE & HOLLY STREET SOUTH / 5600 BLOCK,1,1,0,0,1,3,,0,35,0,0,0,0,0,2,2,7
,2018_30059,39.707328,-104.922192,10/1/2018 8:55,8:55,1,0,1,LEETSDALE DRIVE & HOLLY STREET SOUTH,1,1,0,0,1,1,,0,35,0,0,0,0,1,2,2,13
,2018_30080,39.711402,-105.025104,9/14/2018 18:22,18:22,12,0,0,FEDERAL BOULEVARD SOUTH & ALAMEDA AVENUE WEST,1,1,0,0,1,2,,0,35,0,0,0,0,0,2,2,13
,2018_30082,39.678585,-104.993278,3/22/2018 11:58,11:58,12,0,0,HIGHWAY 85 NORTHBOUND ON RAMP & EVANS AVENUE WEST,1,1,1,0,1,8,,0,45,0,0,0,0,0,2,2,1
,2018_30083,39.690641,-104.992241,9/2/2018 12:22,12:22,15,0,0,SANTA FE DRIVE SOUTH & ARKANSAS AVENUE WEST,1,1,1,0,1,4,,0,45,0,0,0,0,0,2,2,13
,2018_30084,39.696679,-104.991877,7/6/2018 0:24,0:24,3,0,2,PLATTE RIVER DRIVE SOUTH  & MISSISSIPPI AVENUE WEST,1,3,0,0,1,1,,0,45,0,0,0,0,1,2,2,12
,2018_30093,39.723656,-105.025158,11/3/2018 17:25,17:25,1,0,0,SIXTH AVENUE EASTBOUND ON RAMP & FEDERAL BOULEVARD NORTH,1,1,0,0,1,1,,0,35,0,0,0,0,0,2,2,3
,2018_30094,39.716471,-105.025128,3/21/2018 13:33,13:33,12,0,0,FEDERAL BOULEVARD 000 BLOCK SOUTH & ELLSWORTH AVENUE WEST,1,1,1,0,1,4,,0,,0,0,0,0,0,2,2,13
,2018_30095,39.710955,-105.025089,12/3/2018 13:06,13:06,10,0,1,FEDERAL BOULEVARD SOUTH & ALAMEDA AVENUE WEST,1,1,0,0,1,3,,0,30,0,0,0,0,1,2,2,1
,2018_30096,39.707768,-105.025082,3/18/2018 10:04,10:04,12,0,0,FEDERAL BOULEVARD 400 BLOCK SOUTH & VIRGINIA AVENUE WEST,1,1,0,0,1,3,,0,35,0,0,0,0,0,2,4,2
,2018_30097,39.706758,-105.025084,6/12/2018 11:56,11:56,15,0,0,FEDERAL BOULEVARD 500 SOUTH & CUSTER PLACE WEST,1,1,0,0,1,4,,0,,0,0,0,0,0,2,2,13
,2018_30099,39.703865,-105.025087,10/16/2018 15:54,15:54,12,0,0,FEDERAL BOULEVARD SOUTH & EXPOSITION AVENUE WEST,1,1,1,0,1,3,,0,40,0,0,0,0,0,2,2,12
,2018_30100,39.701756,-105.025064,5/26/2018 13:51,13:51,12,0,3,FEDERAL BOULEVARD 700 BLOCK SOUTH & EXPOSITION AVENUE WEST,1,1,0,0,1,4,,0,35,0,0,0,0,2,2,3,3
,2018_30101,39.696718,-105.025071,11/10/2018 15:26,15:26,15,0,0,FEDERAL BOULEVARD 1000 BLOCK SOUTH & MISSISSIPPI AVENUE WEST,1,1,0,0,1,4,,0,,0,0,0,0,0,2,2,13
,2018_30103,39.695244,-105.025065,10/30/2018 19:45,19:45,5,0,0,FEDERAL BOULEVARD 1200 BLOCK SOUTH & ARIZONA AVENUE WEST,2,3,0,2,3,4,,0,40,0,0,0,0,0,2,1,13
,2018_30104,39.67863,-105.025035,7/26/2018 22:21,22:21,12,0,0,EVANS AVENUE 3000 WEST & FEDERAL BOULEVARD SOUTH,1,1,0,0,1,4,,0,30,0,0,0,0,0,2,2,13
,2018_30105,39.67863,-105.025035,12/15/2018 18:15,18:15,12,0,0,FEDERAL BOULEVARD SOUTH & EVANS AVENUE WEST,1,3,0,0,1,3,,0,40,0,0,0,0,0,2,2,13
,2018_30133,39.651763,-105.052959,3/26/2018 8:10,8:10,12,0,0,SHERIDAN BOULEVARD SOUTH & HAMPDEN AVENUE WEST,1,1,0,0,1,4,,0,40,0,0,0,0,0,2,2,13
,2018_30134,39.656087,-105.053224,7/13/2018 20:49,20:49,3,0,0,SHERIDAN BOULEVARD SOUTH & DARTMOUTH AVENUE WEST,1,2,1,0,1,1,,0,30,0,0,0,0,0,2,3,14
,2018_30136,39.657111,-105.053227,10/24/2018 16:28,16:28,3,0,1,SHERIAN BOULEVARD SOUTH & COLGATE PLACE WEST,1,1,0,0,1,1,,0,25,0,0,0,0,1,2,2,3
,2018_30137,39.682251,-105.053195,4/24/2018 10:30,10:30,12,0,0,SHERIDAN BOULEVARD SOUTH & JEWELL AVENUE WEST,2,1,1,2,1,1,,0,35,0,0,0,0,0,2,3,14
,2018_30138,39.682251,-105.053195,11/17/2018 18:11,18:11,3,0,1,SHERIDAN BOULEVARD SOUTH & JEWELL AVENUE WEST,5,3,0,1,1,1,,0,30,0,0,0,0,1,2,2,9
,2018_30139,39.692847,-105.053212,9/6/2018 8:40,8:40,12,0,0,SHERIDAN BOULEVARD SOUTH & 1300 BLOCK SOUTH,1,1,0,0,1,4,,0,35,0,0,0,0,0,2,2,12
,2018_30140,39.693285,-105.053215,9/2/2018 15:58,15:58,12,0,0,SHERIDAN BOULEVARD SOUTH & LOUISIANA AVENUE WEST,1,1,0,0,1,3,,0,45,0,0,0,0,0,2,2,3
,2018_30177,39.61517,-105.09114,12/14/2018 16:02,16:02,3,0,0,WADSWORTH BOULEVARD SOUTH & CROSS DRIVE WEST,1,1,0,0,1,2,,0,40,0,0,0,0,0,2,2,8
,2018_30247,39.630948,-104.905088,8/3/2018 10:36,10:36,12,0,0,I225 SOUTHBOUND OFF RAMP & I25 NORTHBOUND,1,1,0,0,1,8,,0,55,0,0,0,0,0,1,2,3
,2018_30248,39.634114,-104.902134,8/14/2018 10:52,10:52,12,0,1,I225 & I25 OFF RAMP SPLIT,1,1,0,0,1,4,,0,55,0,0,0,0,1,1,2,3
,2018_30249,39.634127,-104.902067,1/2/2018 9:50,9:50,15,0,0,I225 OFF RAMP SPLIT & I25,1,1,0,0,1,4,,0,60,0,0,0,0,0,1,2,3
,2018_30250,39.634127,-104.902067,12/6/2018 7:47,7:47,12,0,0,I225 SOUTHBOUND OFF RAMP SPLIT & I25,1,1,0,0,1,4,,0,55,0,0,0,0,0,1,2,15
,2018_30251,39.635522,-104.893462,6/5/2018 9:42,9:42,12,0,1,I225 & TAMARAC STREET SOUTH,1,1,0,0,1,4,,0,55,0,0,0,0,1,1,2,14
,2018_30252,39.635522,-104.893462,6/3/2018 16:20,16:20,3,0,1,TAMARAC STREET SOUTH & I225 NORTHBOUND RAMPS,1,1,0,0,1,1,,0,30,0,0,0,0,1,1,2,14
,2018_30253,39.639143,-104.885372,2/2/2018 8:08,8:08,12,0,0,I225 SOUTHBOUND NORTH COLLECTOR & YOSEMITE STREET SOUTH,1,1,0,0,1,8,,0,35,0,0,0,0,0,1,2,3
,2018_30254,39.639223,-104.885207,2/15/2018 17:55,17:55,12,0,0,I225 & YOSEMITE STREET SOUTH INTCH,1,3,0,0,1,4,,0,55,0,0,0,0,0,1,2,7
,2018_30255,39.639223,-104.885207,6/6/2018 10:32,10:32,12,0,0,I225 & YOSEMITE STREET SOUTH,1,1,0,0,1,4,,0,65,0,0,0,0,0,1,2,3
,2018_30276,39.780781,-104.966774,1/15/2018 17:29,17:29,12,0,0,I70 WB RAMP & BRIGHTON BOULEVARD,1,3,1,0,1,1,,0,55,0,0,0,0,0,2,3,8
,2018_30280,39.785959,-104.902924,9/25/2018 15:41,15:41,15,0,0,I270 & QUEBEC STREET,1,1,0,0,1,4,,0,55,0,0,0,0,0,1,2,14
,2018_30281,39.784821,-104.902141,11/16/2018 9:55,9:55,14,0,0,I270 & 47TH AVENUE EAST / SAND CREEK ROAD NORTH,1,1,0,0,1,4,,0,45,0,0,0,0,0,4,2,1
,2018_30282,39.782797,-104.900751,3/15/2018 14:22,14:22,12,0,0,I270 & NORTHFIELD QUEBEC NORTH,1,1,0,0,1,4,,0,65,0,0,0,0,0,1,2,1
,2018_30283,39.782797,-104.900751,6/1/2018 10:51,10:51,15,0,0,I270 & QUEBEC STREET NORTH,1,1,0,0,1,4,,0,55,0,0,0,0,0,1,2,12
,2018_30284,39.780367,-104.899054,4/12/2018 14:39,14:39,12,0,0,I270 & NORTHFIELD QUEBEC NORTH,1,1,0,0,1,4,,0,55,0,0,0,0,0,1,2,7
,2018_30315,39.747498,-105.025223,11/5/2018 16:13,16:13,1,0,0,FEDERAL BOULEVARD NORTH & 20TH AVENUE WEST,1,1,0,0,1,1,,0,25,0,0,0,0,0,2,2,13
,2018_30316,39.755975,-105.025134,9/10/2018 14:18,14:18,12,0,0,27TH AVENUE WEST & FEDERAL BOULEVARD NORTH,1,1,0,0,1,1,,0,25,0,0,0,0,0,2,2,3
,2018_30317,39.780267,-105.025226,12/3/2018 8:45,8:45,12,0,0,FEDERAL BOULEVARD NORTH & 46TH AVENUE WEST,1,1,0,0,1,1,,0,35,0,0,0,0,0,2,2,14
,2018_30318,39.783848,-105.025224,1/6/2018 9:20,9:20,1,0,0,FEDERAL BOULEVARD NORTH & I70 EASTBOUND RAMPS,1,1,0,0,1,1,,0,30,0,0,0,0,0,2,2,13
,2018_30319,39.78571,-105.025223,7/2/2018 17:30,17:30,3,0,0,49TH AVENUE WEST & FEDERAL BOULEVARD NORTH,1,1,1,0,1,1,,0,30,0,0,0,0,0,2,2,13
,2018_30320,39.787424,-105.025217,10/27/2018 18:50,18:50,15,0,0,FEDERAL BOULEVARD NORTH 4900 BLOCK & 50TH AVENUE WEST,1,3,0,0,1,3,,0,35,0,0,0,0,0,2,2,13
,2018_30410,39.667623,-104.925611,6/1/2018 10:36,10:36,15,0,0,I25 & YALE AVENUE EAST,1,1,0,0,1,4,,0,65,0,0,0,0,0,1,2,13
,2018_30412,39.675319,-104.940629,2/2/2018 23:39,23:39,12,0,0,COLORADO BOULEVARD SOUTH & ILIFF AVENUE EAST,1,3,0,0,1,4,,0,35,0,0,0,0,0,2,2,13
,2018_30413,39.685533,-104.940543,1/5/2018 14:14,14:14,1,0,0,MEXICO AVENUE EAST & COLORADO BOULEVARD SOUTH,1,1,0,0,1,1,,0,30,0,0,0,0,0,2,2,13
,2018_30414,39.687326,-104.940544,7/9/2018 14:23,14:23,12,0,0,COLORADO BOULEVARD 1600 SOUTH & IOWA AVENUE EAST,1,1,0,0,1,1,,0,35,0,0,0,0,0,2,2,13
,2018_30415,39.689119,-104.940546,8/23/2018 3:39,3:39,12,0,0,FLORIDA AVENUE EAST & COLORADO BOULEVARD SOUTH,1,3,0,0,1,1,,0,40,0,0,0,0,0,2,2,13
,2018_30416,39.692854,-104.940549,7/18/2018 18:00,18:00,12,0,0,COLORADO BOULEVARD SOUTH & LOUISIANA AVENUE EAST,1,1,0,0,1,1,,0,35,0,0,0,0,0,2,3,12
,2018_30418,39.718059,-104.940609,7/18/2018 17:50,17:50,12,0,0,COLORADO BOULEVARD NORTH & ELLSWORTH AVENUE EAST,1,1,1,0,1,3,,0,35,0,0,0,0,0,2,5,7
,2018_30419,39.7255,-104.940607,6/17/2018 18:00,18:00,12,0,0,COLORADO BOULEVARD NORTH & SIXTH AVENUE EAST,1,1,0,0,1,1,,0,35,0,0,0,0,0,2,2,13
,2018_30420,39.726521,-104.940606,4/18/2018 14:05,14:05,12,0,0,SEVENTH AVENUE PARKWAY EAST  & COLORADO BOULEVARD NORTH,1,1,0,0,1,1,,0,30,0,0,0,0,0,2,2,14
,2018_30421,39.728856,-104.940605,8/7/2018 7:30,7:30,12,0,1,COLORADO BOULEVARD 800 BLOCK & EIGHTH AVENUE,1,1,0,0,1,3,,0,35,0,0,0,0,1,2,2,13
,2018_30422,39.743592,-104.9406,1/12/2018 16:40,16:40,15,0,0,COLORADO BOULEVARD 1699 BLOCK NORTH & 17TH AVENUE EAST,1,1,0,0,1,1,,0,35,0,0,0,0,0,2,2,13
,2018_30423,39.743592,-104.9406,9/30/2018 17:08,17:08,3,0,0,17TH AVENUE 3900 BLOCK EAST & COLORADO BOULEVARD NORTH,1,1,0,0,1,3,,0,35,0,0,0,0,0,2,2,13
,2018_30424,39.74724,-104.940599,2/8/2018 23:50,23:50,12,0,1,COLORADO BOULEVARD NORTH & MONTVIEW BOULEVARD EAST,1,3,0,0,1,3,,0,35,0,0,0,0,1,2,2,13
,2018_30425,39.761914,-104.940511,9/4/2018 18:32,18:32,3,0,0,COLORADO BOULEVARD NORTH & MLK BOULEVARD EAST,1,1,0,0,1,1,,0,35,0,0,0,0,0,2,2,3
,2018_30427,39.764673,-104.9405,11/14/2018 14:11,14:11,3,0,1,COLORADO BOULEVARD NORTH & BRUCE RANDOLPH AVENUE EAST,1,1,0,0,1,3,,0,35,0,0,0,0,2,2,3,14
,2018_30428,39.77302,-104.940511,11/16/2018 12:01,12:01,12,0,0,40TH AVENUE 3900 BLOCK EAST & COLORADO BOULEVARD NORTH,1,1,0,0,1,1,,0,35,0,0,0,0,0,2,2,13
,2018_30429,39.774344,-104.940516,7/17/2018 16:31,16:31,12,0,0,COLORADO BOULEVARD 4100 BLOCK NORTH & 41ST AVENUE EAST,1,1,0,0,1,4,,0,35,0,0,0,0,0,2,4,13
,2018_30430,39.781384,-104.940487,1/24/2018 7:34,7:34,15,0,0,COLORADO BOULEVARD & I70 WB OFF RAMP,1,1,0,0,1,1,,0,25,0,0,0,0,0,2,2,13