id,drcog_id,latitude,longitude,crashtime,time,crashtype,numbkilled,numbinjurd,drcoglocat,rdconditin,lightngcon,roadcntgrd,weatherco,location,roaddescrp,schoolzone,constrzone,splimit,bikeinv,pedinv,sctrinv,motoinv,svrty,rdsystem,ttlvehcls,hcf
,2018_30454,39.725646,-105.051893,3/24/2018 13:49,13:49,15,0,0,SIXTH AVENUE WEST & SHERIDAN BOULEVARD NORTH,1,1,0,0,1,4,,0,55,0,0,0,0,0,2,2,14
,2018_30455,39.725642,-105.051142,8/10/2018 9:42,9:42,5,0,0,SIXTH AVENUE 3200 BLOCK WEST & FEDERAL BOULEVARD SOUTH,1,1,0,0,1,4,,0,55,0,0,0,0,0,2,3,13
,2018_30456,39.725455,-105.032456,12/6/2018 8:25,8:25,12,0,0,KNOX COURT NORTH & SIXTH AVENUE WEST,1,1,0,0,1,1,,0,30,0,0,0,0,0,2,2,16
,2018_30457,39.725414,-105.024305,9/18/2018 17:13,17:13,12,0,0,SIXTH AVENUE WEST EASTBOUND ON RAMP & FEDERAL BOULEVARD NORTH,1,1,0,0,1,8,,0,35,0,0,0,0,0,2,2,4
,2018_30458,39.725412,-105.023161,6/30/2018 19:15,19:15,15,0,0,SIXTH AVENUE EASTBOUND ON RAMP & FEDERAL BOULEVARD,1,1,0,0,1,8,,0,45,0,0,0,0,0,2,2,8
,2018_30459,39.725194,-105.018429,10/22/2018 16:37,16:37,15,0,3,SIXTH AVENUE WEST & BRYANT STREET NORTH,1,1,1,0,1,4,,0,55,0,0,0,0,2,2,3,1
,2018_30461,39.725389,-105.01509,2/11/2018 17:54,17:54,15,0,4,SIXTH AVENUE WEST EASTBOUND COLLECTOR & I25 SOUTHBOUND OFF RAMP,3,3,1,0,1,8,,0,55,0,0,0,0,1,2,2,14
,2018_30462,39.779447,-104.949726,7/17/2018 16:43,16:43,1,0,0,46TH AVENUE EAST & STEELE STREET NORTH,1,1,0,0,1,1,,0,30,0,0,0,0,0,2,2,1
,2018_30536,39.656552,-104.919807,6/1/2018 18:52,18:52,12,0,1,I25 & HAMPDEN AVENUE EAST,1,2,0,0,1,4,,0,55,0,0,0,0,1,1,2,13
,2018_30537,39.627492,-104.903624,3/24/2018 12:15,12:15,12,0,0,I25 NORTHBOUND DIR CNNCT EXIT GORE POINT & I225,1,1,0,0,1,4,,0,35,0,0,0,0,0,1,2,14
,2018_30538,39.628541,-104.9042,10/24/2018 17:47,17:47,12,0,0,I25 & UNION AVENUE EAST,1,1,1,0,1,4,,0,60,0,0,0,0,0,1,4,14
,2018_30539,39.630012,-104.904995,4/15/2018 14:47,14:47,12,0,0,I25 NORTHBOUND DIR CNNCT EXIT GORE POINT & I225,1,1,0,0,1,4,,0,60,0,0,0,0,0,1,2,13
,2018_30540,39.630528,-104.905228,11/24/2018 23:17,23:17,5,0,1,I25 & BELLEVIEW AVENUE EAST,5,3,0,2,3,4,,0,65,0,0,0,0,1,1,2,13
,2018_30541,39.632192,-104.905941,9/17/2018 16:04,16:04,12,0,1,I25 & MM 200 / I225,1,1,0,0,1,4,,0,65,0,0,0,0,1,1,2,13
,2018_30542,39.634445,-104.906933,8/17/2018 12:16,12:16,12,0,0,I25 NORTHBOUND ENTRANCE GORE POINT & BELLEVIEW AVENUE EAST,1,1,1,0,1,4,,0,65,0,0,0,0,0,1,2,1
,2018_30543,39.63819,-104.909573,8/28/2018 9:30,9:30,15,0,0,I25 & BELLEVIEW AVENUE EAST,1,1,0,0,1,4,,0,65,0,0,0,0,0,1,2,1
,2018_30544,39.63902,-104.910116,5/17/2018 17:28,17:28,12,0,0,I25 & BELLEVIEW AVENUE EAST,1,1,0,0,1,4,,0,55,0,0,0,0,0,1,2,3
,2018_30545,39.717712,-105.004262,11/1/2018 16:40,16:40,12,0,0,I25 & ALAMEDA AVENUE WEST,1,1,0,0,1,4,,0,55,0,0,0,0,0,1,2,13
,2018_30546,39.639352,-104.910333,3/18/2018 21:38,21:38,5,0,0,I25 SOUTHBOUND EXIT GORE POINT & I225,6,3,0,2,1,4,,0,60,0,0,0,0,0,1,2,7
,2018_30547,39.646572,-104.914546,2/17/2018 11:23,11:23,12,0,0,I25 & HAMPDEN AVENUE EAST,1,1,0,0,1,4,,0,65,0,0,0,0,0,1,2,13
,2018_30548,39.650748,-104.91697,2/21/2018 11:30,11:30,12,0,0,I25 & HAMPDEN AVENUE EAST,1,1,0,0,1,4,,0,60,0,0,0,0,0,1,2,13
,2018_30549,39.658686,-104.920756,5/30/2018 12:07,12:07,12,0,0,I25 & MM 202,1,1,0,0,1,4,,0,65,0,0,0,0,0,1,3,13
,2018_30550,39.665411,-104.924027,4/4/2018 19:15,19:15,12,0,0,I25 & YALE AVENUE EAST,1,2,0,0,1,4,,0,55,0,0,0,0,0,1,2,13
,2018_30551,39.667623,-104.925611,6/1/2018 15:31,15:31,3,0,0,YALE AVENUE EAST & I25 SOUTHBOUND OFF RAMP,1,1,0,0,1,1,,0,35,0,0,0,0,0,1,2,13
,2018_30552,39.667735,-104.925687,11/10/2018 1:00,1:00,12,0,4,I25 SOUTHBOUND OFF RAMP & YALE AVENUE EAST,1,1,1,0,1,8,,0,,0,0,0,0,1,1,3,13
,2018_30553,39.674447,-104.930268,12/2/2018 21:34,21:34,12,0,1,I25 & YALE AVENUE EAST,1,3,0,0,1,4,,0,65,0,0,0,0,1,1,2,5
,2018_30554,39.678586,-104.933749,12/18/2018 15:14,15:14,12,0,0,I25 & EVANS AVENUE EAST INTCH,1,1,0,0,1,4,,0,60,0,0,0,0,0,1,2,13
,2018_30555,39.683094,-104.940452,2/21/2018 6:29,6:29,15,0,0,I25 & COLORADO BOULEVARD SOUTH,1,2,0,0,1,4,,0,60,0,0,0,0,0,1,2,3
,2018_30556,39.683094,-104.94055,5/30/2018 11:20,11:20,12,0,0,I25 & COLORADO BOULEVARD SOUTH,1,1,0,0,1,4,,0,55,0,0,0,0,0,1,2,5
,2018_30557,39.683094,-104.940452,8/7/2018 8:05,8:05,12,0,0,I25 & COLORADO BOULEVARD SOUTH,1,1,0,0,1,4,,0,60,0,0,0,0,0,1,2,3
,2018_30558,39.68492,-104.959509,5/1/2018 18:28,18:28,12,0,0,I25 & UNIVERSITY BOULEVARD SOUTH,1,1,0,0,1,4,,0,60,0,0,0,0,0,1,2,1
,2018_30559,39.68492,-104.959509,8/1/2018 21:35,21:35,5,0,1,I25 & UNIVERSITY BOULEVARD SOUTH,1,3,0,0,2,4,,0,65,0,0,0,0,2,1,1,1
,2018_30560,39.684915,-104.959701,10/26/2018 7:12,7:12,12,0,0,I25 & UNIVERSITY BOULEVARD SOUTH,1,1,0,0,1,4,,0,60,0,0,0,0,0,1,2,3
,2018_30561,39.684915,-104.959701,5/2/2018 10:05,10:05,12,0,0,I25 SOUTHBOUND OFF RAMP & UNIVERSITY BOULEVARD SOUTH,1,1,0,0,1,8,,0,30,0,0,0,0,0,1,2,13
,2018_30562,39.685514,-104.964071,5/9/2018 20:49,20:49,5,0,1,I25 & DOWNING STREET SOUTH,1,3,1,0,3,4,,0,60,0,0,0,0,1,1,1,13
,2018_30563,39.688104,-104.969545,7/13/2018 11:03,11:03,15,0,0,I25 & DOWNING STREET SOUTH,1,1,0,0,1,4,,0,65,0,0,0,0,0,1,2,13
,2018_30564,39.690115,-104.973561,5/29/2018 14:15,14:15,12,0,0,I25 & DOWNING STREET SOUTH,1,1,0,0,1,4,,0,65,0,0,0,0,0,1,3,13
,2018_30565,39.690115,-104.973561,8/10/2018 8:26,8:26,12,0,0,I25 & DOWNING STREET SOUTH,1,1,0,0,1,4,,0,60,0,0,0,0,0,1,2,3
,2018_30567,39.694456,-104.979276,8/14/2018 16:34,16:34,12,0,1,I25 & WASHINGTON STREET SOUTH,1,1,0,0,1,4,,0,60,0,0,0,0,1,1,3,1
,2018_30568,39.697504,-104.982761,3/11/2018 14:41,14:41,12,0,0,I25 & LOGAN STREET SOUTH,1,1,0,0,1,4,,0,55,0,0,0,0,0,1,2,3
,2018_30569,39.700525,-104.986285,5/29/2018 8:47,8:47,12,0,0,I25 & MM 206.9,1,1,0,0,1,4,,0,60,0,0,0,0,0,1,2,13
,2018_30570,39.701466,-104.987451,3/8/2018 18:03,18:03,12,0,1,I25 & BROADWAY SOUTH,1,2,0,0,1,4,,0,60,0,0,0,0,1,1,2,13
,2018_30572,39.70738,-104.996907,10/19/2018 20:30,20:30,15,0,0,I25 & PLATTE RIVER DRIVE SOUTH,1,3,0,0,1,4,,0,55,0,0,0,0,0,1,2,13
,2018_30573,39.712076,-104.999424,7/9/2018 16:11,16:11,12,0,0,I25 & ALAMEDA AVENUE WEST,1,1,0,0,1,4,,0,55,0,0,0,0,0,1,2,13
,2018_30574,39.72244,-105.009858,9/23/2018 11:09,11:09,12,0,0,I25 & SIXTH AVENUE WEST,1,1,0,0,1,4,,0,65,0,0,0,0,0,1,2,13
,2018_30575,39.722669,-105.010181,2/2/2018 18:37,18:37,12,0,1,I25 & MM 209,1,3,0,0,1,4,,0,55,0,0,0,0,1,1,2,3
,2018_30576,39.722783,-105.010342,11/5/2018 18:40,18:40,12,0,0,I25 & SIXTH AVENUE WEST,1,3,0,0,1,4,,0,55,0,0,0,0,0,1,2,13
,2018_30577,39.778295,-104.903454,4/6/2018 10:20,10:20,5,0,0,I70 & QUEBEC STREET NORTH,2,1,0,2,2,4,,0,55,0,0,0,0,0,1,1,12
,2018_30578,39.722955,-105.010584,9/18/2018 6:30,6:30,15,0,0,I25 NORTHBOUND EXIT GORE POINT & SIXTH AVENUE WEST,1,1,1,0,1,4,,0,55,0,0,0,0,0,1,3,13
,2018_30579,39.723662,-105.011457,3/22/2018 6:34,6:34,12,0,0,I25 & SIXTH AVENUE WEST,1,1,0,0,1,4,,0,65,0,0,0,0,0,1,3,13
,2018_30580,39.724506,-105.015021,1/21/2018 7:30,7:30,15,0,0,I25 SB/NB ON RAMP SPLIT GORE POINT & SIXTH AVENUE WEST,11,1,1,2,1,8,,0,,0,0,0,0,0,1,2,13
,2018_30581,39.724815,-105.012562,6/18/2018 8:47,8:47,12,0,0,I25 NORTHBOUND ON RAMP LOOP & SIXTH AVENUE WEST,2,1,1,0,1,8,,0,45,0,0,0,0,0,1,2,13
,2018_30582,39.725048,-105.01273,11/10/2018 13:36,13:36,12,0,0,I25 & SIXTH AVENUE WEST,1,1,0,0,1,4,,0,55,0,0,0,0,0,1,4,13
,2018_30583,39.725165,-105.012815,2/16/2018 13:01,13:01,12,0,0,I25 & SIXTH AVENUE WEST,1,1,0,0,1,4,,0,65,0,0,0,0,0,1,4,13
,2018_30584,39.734812,-105.014964,7/24/2018 15:25,15:25,12,0,0,I25 & COLFAX AVENUE WEST,1,1,0,0,1,4,,0,65,0,0,0,0,0,1,2,13
,2018_30585,39.741888,-105.014554,10/18/2018 9:09,9:09,12,0,1,I25 & AURARIA PARKWAY,1,1,1,0,1,4,,0,55,0,0,0,0,1,1,2,13
,2018_30586,39.742179,-105.014799,8/30/2018 17:56,17:56,15,0,0,I25 & AURARIA PARKWAY,1,1,0,0,1,4,,0,55,0,0,0,0,0,1,2,8
,2018_30588,39.743733,-105.016365,3/21/2018 12:07,12:07,15,0,0,I25 & COLFAX AVENUE WEST,1,1,0,0,1,4,,0,55,0,0,0,0,0,1,2,13
,2018_30589,39.744863,-105.017408,8/11/2018 21:47,21:47,12,0,0,I25 & 17TH AVENUE WEST,1,3,0,0,1,4,,0,65,0,0,0,0,0,1,3,3
,2018_30590,39.75115,-105.016647,10/8/2018 15:32,15:32,12,0,0,I25 & 23RD AVENUE WEST,1,1,1,0,1,4,,0,55,0,0,0,0,0,1,4,13
,2018_30591,39.751295,-105.016566,10/26/2018 6:35,6:35,12,0,0,I25 & 23RD AVENUE WEST,1,1,0,0,1,4,,0,55,0,0,0,0,0,1,2,13
,2018_30592,39.751295,-105.016566,12/9/2018 14:20,14:20,15,0,0,I25 & 23RD AVENUE WEST,1,1,0,0,1,4,,0,55,0,0,0,0,0,1,2,3
,2018_30593,39.753353,-105.015038,10/1/2018 8:05,8:05,12,0,0,I25 SOUTHBOUND ON RAMP & SPEER BOULEVARD NORTH ENTRANCE GORE POINT,1,1,0,0,1,4,,0,55,0,0,0,0,0,1,2,13
,2018_30594,39.754835,-105.013148,3/9/2018 21:20,21:20,5,0,0,I25 SOUTHBOUND OFF RAMP & 23RD AVENUE WEST ENTRANCE GORE POINT,1,3,0,0,3,8,,0,35,0,0,0,0,0,1,1,8
,2018_30595,39.755118,-105.012754,7/30/2018 16:52,16:52,12,0,0,I25 & SPEER BOULEVARD NORTH,1,1,0,0,1,4,,0,65,0,0,0,0,0,1,2,13
,2018_30596,39.755118,-105.012754,8/25/2018 16:45,16:45,12,0,0,I25 & SPEER BOULEVARD NORTH,1,1,0,0,1,4,,0,55,0,0,0,0,0,1,3,13
,2018_30597,39.755212,-105.012623,7/19/2018 7:42,7:42,12,0,0,I25 & SPEER BOULEVARD NORTH,1,1,0,0,1,4,,0,55,0,0,0,0,0,1,2,13
,2018_30598,39.755967,-105.011575,9/29/2018 12:45,12:45,12,0,0,I25 & SPEER BOULEVARD NORTH,1,1,0,0,1,4,,0,55,0,0,0,0,0,1,2,13
,2018_30599,39.757155,-105.0099,7/17/2018 8:51,8:51,12,0,0,I25 & 15TH STREET BRIDGE,1,1,0,0,1,4,,0,65,0,0,0,0,0,1,3,13
,2018_30600,39.757392,-105.009617,4/28/2018 14:57,14:57,15,0,0,I25 & 15TH STREET,1,1,0,0,1,4,,0,55,0,0,0,0,0,1,2,13
,2018_30602,39.760503,-105.005054,9/24/2018 19:05,19:05,12,0,1,I25 & 20TH STREET,1,1,0,0,1,4,,0,55,0,0,0,0,1,1,2,13
,2018_30603,39.760904,-105.004407,4/13/2018 23:25,23:25,12,0,0,I25 & 20TH STREET,1,3,0,0,1,4,,0,55,0,0,0,0,0,1,2,13
,2018_30604,39.760997,-105.004271,1/22/2018 15:22,15:22,12,0,0,I25 & 20TH STREET,1,1,0,0,1,4,,0,55,0,0,0,0,0,1,2,7
,2018_30605,39.760997,-105.004271,8/12/2018 16:31,16:31,12,0,0,I25 & 20TH STREET,1,1,0,0,1,4,,0,65,0,0,0,0,0,1,2,4
,2018_30606,39.760997,-105.004271,11/4/2018 17:14,17:14,15,0,0,I25 & 20TH STREET,1,3,0,0,1,4,,0,55,0,0,0,0,0,1,3,13
,2018_30607,39.760997,-105.004271,12/28/2018 14:26,14:26,12,0,0,I25 & 20TH STREET,1,1,1,0,1,4,,0,55,0,0,0,0,0,1,2,13
,2018_30608,39.768049,-104.994761,6/21/2018 17:55,17:55,12,0,0,I25 & PARK AVENUE WEST,1,1,1,0,1,4,,0,55,0,0,0,0,0,1,2,14
,2018_30609,39.768049,-104.994761,9/26/2018 15:14,15:14,12,0,1,I25 & PARK AVENUE WEST,1,1,1,0,1,4,,0,55,0,0,0,0,1,1,2,13
,2018_30610,39.768445,-104.993883,11/18/2018 10:26,10:26,5,0,0,I25 NORTHBOUND OFF RAMP & I70,5,1,1,0,2,8,,0,55,0,0,0,0,0,1,1,3
,2018_30611,39.779391,-104.989164,5/19/2018 16:02,16:02,12,0,1,I25 & I70,2,1,0,0,1,4,,0,65,0,0,0,0,1,1,2,13
,2018_30612,39.790925,-104.988466,1/4/2018 14:48,14:48,12,0,0,I25 & 52ND AVENUE WEST OFFSET REF APPROXIMATELY,1,1,0,0,1,4,,0,55,0,0,0,0,0,1,2,1
,2018_30646,39.711094,-105.029925,1/15/2018 14:11,14:11,3,0,1,ALAMEDA AVENUE WEST & IRVING STREET SOUTH,2,1,0,2,1,1,,0,35,0,0,0,0,2,2,2,1
,2018_30656,39.71116,-105.035447,9/7/2018 22:55,22:55,5,0,0,ALAMEDA AVENUE WEST & 3600 BLOCK WEST,1,3,0,0,3,4,,0,35,0,0,0,0,0,2,1,13
,2018_30657,39.711145,-105.020354,4/21/2018 0:15,0:15,12,0,1,ALAMEDA AVENUE & 2700 BLOCK WEST,4,3,0,2,1,3,,0,35,0,0,0,0,1,2,2,13
,2018_30658,39.711145,-105.020354,10/30/2018 15:20,15:20,12,0,0,ALAMEDA AVENUE WEST & CLAY STREET SOUTH,1,1,0,0,1,1,,0,30,0,0,0,0,0,2,2,13
,2018_30659,39.711141,-105.019242,2/8/2018 6:53,6:53,3,0,0,CANOSA COURT SOUTH & ALAMEDA AVENUE WEST,1,1,0,0,1,1,,0,30,0,0,0,0,0,2,2,13
,2018_30660,39.711136,-105.018129,9/12/2018 13:19,13:19,14,0,0,ALAMEDA AVENUE WEST & BRYANT STREET SOUTH,1,1,0,0,1,3,,0,35,0,0,0,0,0,2,2,13
,2018_30661,39.711125,-105.015705,12/15/2018 12:15,12:15,12,0,0,ALAMEDA AVENUE WEST & ZUNI STREET SOUTH,1,1,0,0,1,1,,0,35,0,0,0,0,0,2,2,5
,2018_30662,39.711183,-105.011003,5/29/2018 15:13,15:13,12,0,1,ALAMEDA AVENUE WEST & TEJON STREET SOUTH,1,1,0,0,1,3,,0,35,0,0,0,0,2,2,3,13
,2018_30663,39.711208,-104.998391,12/20/2018 10:44,10:44,1,0,0,ALAMEDA AVENUE WEST & KALAMATH STREET SOUTH,1,1,0,0,1,1,,0,35,0,0,0,0,0,2,2,13
,2018_30664,39.653088,-104.915178,3/31/2018 21:40,21:40,3,0,0,HAMPDEN AVENUE EAST & LOCUST STREET SOUTH,1,3,0,0,1,1,,0,35,0,0,0,0,0,2,2,13
,2018_30665,39.653084,-104.91283,1/15/2018 8:00,8:00,5,0,0,MONACO STREET SOUTH & HAMPDEN AVENUE EAST,5,1,0,2,3,1,,0,35,0,0,0,0,0,2,1,13
,2018_30666,39.65308,-104.908671,2/21/2018 17:51,17:51,1,0,0,HAMPDEN AVENUE EAST & ONEIDA WAY SOUTH,1,2,0,0,1,2,,0,45,0,0,0,0,0,2,2,13
,2018_30667,39.653117,-104.904835,11/13/2018 18:18,18:18,12,0,1,HAMPDEN AVENUE EAST & POPLAR STREET SOUTH,1,3,0,0,1,3,,0,40,0,0,0,0,1,2,2,1
,2018_30668,39.65308,-104.891211,10/4/2018 13:55,13:55,9,0,0,HAMPDEN AVENUE EAST & VERBENA STREET SOUTH,1,1,1,0,3,4,,0,40,0,0,0,0,0,2,1,1
,2018_30669,39.653049,-104.884165,2/28/2018 7:04,7:04,12,0,0,HAMPDEN AVENUE EAST & YOSEMITE STREET SOUTH,1,1,0,0,1,3,,0,,0,0,0,0,0,2,2,13
,2018_30670,39.653049,-104.871681,10/29/2018 9:59,9:59,12,0,1,HAMPDEN AVENUE EAST & FLORENCE STREET SOUTH,1,1,0,0,1,3,,0,40,0,0,0,0,1,2,2,13
,2018_30739,39.740356,-105.050218,9/23/2018 21:41,21:41,1,0,0,COLFAX AVENUE WEST & WOLFF STREET NORTH,1,3,0,0,1,1,,0,30,0,0,0,0,0,2,2,1
,2018_30740,39.740344,-105.029902,5/24/2018 19:20,19:20,15,0,0,COLFAX AVENUE WEST & IRVING STREET NORTH,1,2,0,0,1,4,,0,35,0,0,0,0,0,2,2,14
,2018_30741,39.740298,-105.029333,10/18/2018 15:41,15:41,15,0,0,COLFAX AVENUE 3200 BLOCK WEST & IRVING STREET NORTH,1,1,0,0,1,4,,0,30,0,0,0,0,0,2,2,1
,2018_30742,39.740076,-105.005215,1/29/2018 16:30,16:30,3,0,0,COLFAX AVENUE WEST & SEVENTH STREET,1,1,0,0,1,3,,0,35,0,0,0,0,0,2,2,13
,2018_30743,39.740069,-105.005027,6/9/2018 0:18,0:18,12,0,0,COLFAX AVENUE EAST & SEVENTH STREET 1300 BLOCK EAST,1,3,0,0,1,3,,0,35,0,0,0,0,0,2,2,13
,2018_30744,39.740025,-105.003143,10/6/2018 6:10,6:10,5,0,0,COLFAX AVENUE WEST & MARIPOSA STREET NORTH,1,4,0,0,1,4,,0,35,0,0,0,0,0,2,1,13
,2018_30745,39.740036,-105.001635,9/17/2018 16:36,16:36,12,0,0,COLFAX AVENUE WEST & LIPAN STREET NORTH,1,1,0,0,1,4,,0,30,0,0,0,0,0,2,2,13
,2018_30746,39.740039,-105.001258,6/27/2018 11:58,11:58,15,0,0,COLFAX AVENUE 1000 BLOCK WEST & LIPAN STREET NORTH,1,1,0,0,1,4,,0,30,0,0,0,0,0,2,2,13
,2018_30747,39.740048,-104.999933,8/23/2018 13:33,13:33,1,0,0,COLFAX AVENUE WEST & KALAMATH STREET NORTH,1,1,0,0,1,1,,0,35,0,0,0,0,0,2,2,7
,2018_30748,39.740048,-104.999933,11/28/2018 12:43,12:43,1,0,0,COLFAX AVENUE WEST & KALAMATH STREET NORTH,1,1,0,0,1,1,,0,35,0,0,0,0,0,2,2,13
,2018_30749,39.740037,-104.997647,1/11/2018 19:51,19:51,15,0,0,COLFAX AVENUE 700 BLOCK WEST & SPEER BOULEVARD NORTHBOUND,1,3,0,0,1,4,,0,30,0,0,0,0,0,2,2,2
,2018_30750,39.740032,-104.996815,4/16/2018 16:44,16:44,15,0,0,COLFAX AVENUE 700 BLOCK WEST & WELTON STREET  APPROXIMATELY,1,1,0,0,1,4,,0,35,0,0,0,0,0,2,2,13
,2018_30751,39.740019,-104.994112,1/24/2018 8:45,8:45,12,0,0,COLFAX AVENUE WEST & TREMONT STREET,1,1,1,0,1,1,,0,30,0,0,0,0,0,2,2,13
,2018_30752,39.740014,-104.99328,8/13/2018 11:10,11:10,12,0,0,COLFAX AVENUE EAST & DELAWARE STREET,1,1,0,0,1,3,,0,30,0,0,0,0,0,2,2,3
,2018_30753,39.740392,-104.988449,2/15/2018 17:18,17:18,5,0,0,COLFAX AVENUE WEST & 15TH STREET,1,1,0,0,3,4,,0,35,0,0,0,0,0,2,1,14
,2018_30754,39.740041,-104.983728,3/5/2018 17:20,17:20,12,0,1,GRANT STREET NORTH & COLFAX AVENUE EAST,1,1,0,6,1,3,,0,30,0,0,0,0,1,2,3,1
,2018_30756,39.74001,-104.980167,3/5/2018 20:24,20:24,12,0,0,COLFAX AVENUE 500 BLOCK EAST & PEARL STREET NORTH,1,3,0,0,1,4,,0,,0,0,0,0,0,2,2,13
,2018_30757,39.739998,-104.978667,11/9/2018 10:25,10:25,3,0,0,COLFAX AVENUE EAST & WASHINGTON STREET NORTH,1,1,0,0,1,1,,0,35,0,0,0,0,0,2,3,6
,2018_30758,39.740013,-104.969683,8/17/2018 22:00,22:00,15,0,0,COLFAX AVENUE EAST & HUMBOLDT STREET NORTH,1,3,0,0,1,1,,0,25,0,0,0,0,0,2,2,13
,2018_30759,39.740008,-104.968365,8/17/2018 18:45,18:45,12,0,0,COLFAX AVENUE EAST & PARK AVENUE WEST,1,3,0,0,1,3,,0,30,0,0,0,0,0,2,3,13
,2018_30760,39.740008,-104.968365,12/19/2018 21:06,21:06,12,0,0,COLFAX AVENUE 1600 BLOCK EAST & FRANKLIN STREET NORTH,1,3,0,0,1,3,,0,30,0,0,0,0,0,2,2,13
,2018_30761,39.739986,-104.963653,12/16/2018 23:40,23:40,6,0,0,COLFAX AVENUE EAST & RACE STREET NORTH,1,3,0,0,1,4,,0,30,0,0,0,0,0,2,2,13
,2018_30762,39.740161,-104.950119,5/24/2018 16:05,16:05,6,0,0,COLFAX AVENUE EAST & STEELE STREET NORTH,1,1,0,0,1,4,,0,30,0,0,0,0,0,2,2,7
,2018_30763,39.740161,-104.950119,9/7/2018 18:20,18:20,3,0,0,COLKFAX AVENUE EAST & STEELE STREET NORTH,1,1,0,0,1,1,,0,30,0,0,0,0,0,2,2,8
,2018_30764,39.775621,-104.865649,12/11/2018 7:08,7:08,12,0,0,I70 & HAVANA STREET NORTH,1,2,0,0,1,4,,0,,0,0,0,0,0,1,2,13
,2018_30765,39.740081,-104.917065,5/15/2018 21:10,21:10,6,0,0,COLFAX AVENUE 6100 BLOCK EAST & KRAMERIA STREET NORTH,1,3,0,0,2,4,,0,35,0,0,0,0,0,2,4,5
,2018_30766,39.740081,-104.916313,4/14/2018 13:35,13:35,12,0,0,COLFAX AVENUE EAST & KRAMERIA STREET NORTH,1,1,0,0,1,3,,0,35,0,0,0,0,0,2,2,7
,2018_30767,39.740083,-104.910488,9/17/2018 16:39,16:39,3,0,0,NIAGARA STREET NORTH & COLFAX AVENUE EAST,1,1,0,0,1,1,,0,30,0,0,0,0,0,2,2,1
,2018_30768,39.740083,-104.908233,11/26/2018 7:19,7:19,1,0,0,ONEIDA STREET NORTH & COLFAX AVENUE EAST,1,1,0,0,1,3,,0,25,0,0,0,0,0,2,2,14
,2018_30769,39.740084,-104.907106,12/6/2018 17:30,17:30,6,0,0,COLFAX AVENUE 6900 BLOCK EAST & OLIVE STREET NORTH,1,2,0,0,1,4,,0,35,0,0,0,0,0,2,2,13
,2018_30797,39.783566,-105.05323,7/30/2018 8:29,8:29,12,0,0,I70 & SHERIDAN BOULEVARD NORTH,1,1,1,0,1,4,,0,55,0,0,0,0,0,1,3,3
,2018_30798,39.783566,-105.05323,8/16/2018 15:30,15:30,15,0,1,I70 & SHERIDAN BOULEVARD NORTH,1,1,1,0,1,4,,0,,0,0,0,0,2,1,2,13
,2018_30799,39.784178,-105.025956,12/2/2018 12:15,12:15,15,0,0,I70 & FEDERAL BOULEVARD NORTH,1,1,1,0,1,4,,0,55,0,0,0,0,0,1,2,14
,2018_30800,39.783149,-105.006371,1/8/2018 11:53,11:53,15,0,0,PECOS STREET ROUNDABOUT & 48TH AVENUE WEST,1,1,0,0,1,6,,0,25,0,0,0,0,0,1,2,13
,2018_30801,39.783149,-105.006371,11/30/2018 17:40,17:40,3,0,0,PECOS STREET NORTH & I70 WB RAMPS,2,3,0,1,1,6,,0,25,0,0,0,0,0,1,2,13
,2018_30802,39.783149,-105.006371,12/21/2018 20:01,20:01,3,0,0,PECOS STREET NORTH ROUNDABOUT & 48TH AVENUE WEST,1,3,0,0,1,6,,0,25,0,0,0,0,0,1,2,7
,2018_30803,39.780058,-104.9894,7/9/2018 14:17,14:17,15,0,0,I70 & I25 I,1,1,1,0,1,4,,0,65,0,0,0,0,0,1,2,13
,2018_30804,39.780024,-104.989219,12/4/2018 17:34,17:34,12,0,0,I70 & I25,1,3,0,0,1,4,,0,55,0,0,0,0,0,1,2,3
,2018_30806,39.779937,-104.988665,11/17/2018 14:00,14:00,12,0,0,I70 EASTBOUND OFF RAMP TO & I25 NORTHBOUND,5,1,1,2,1,8,,0,55,0,0,0,0,0,1,5,7
,2018_30807,39.7795,-104.979767,6/14/2018 14:56,14:56,15,0,0,I70 EASTBOUND OFF RAMP & WASHINGTON STREET NORTH,1,1,0,0,1,8,,0,40,0,0,0,0,0,1,2,1
,2018_30808,39.779455,-104.979206,1/21/2018 20:13,20:13,5,0,0,I70 & WASHINGTON STREET NORTH,5,3,0,2,3,4,,0,55,0,0,0,0,0,1,2,7
,2018_30809,39.779441,-104.979019,4/2/2018 12:52,12:52,12,0,0,I70 & WASHINGTON STREET NORTH,1,1,1,0,1,4,,0,55,0,0,0,0,0,1,2,13
,2018_30810,39.779441,-104.979019,8/28/2018 13:33,13:33,15,0,0,I70 & WASHINGTON STREET NORTH,1,1,0,0,1,4,,0,65,0,0,0,0,0,1,2,13
,2018_30811,39.779942,-104.966087,7/9/2018 9:12,9:12,12,0,0,I70 & BRIGHTON BOULEVARD INTCH,1,1,0,0,1,4,,0,65,0,0,0,0,0,1,3,13
,2018_30812,39.779951,-104.965881,11/5/2018 6:44,6:44,15,0,0,I70 EASTBOUND ON SPLIT RAMP & BRIGHTON BOULEVARD NORTH,1,1,0,0,1,8,,0,55,0,0,0,0,0,1,2,1
,2018_30813,39.780012,-104.959789,6/4/2018 17:19,17:19,12,0,0,I70 & YORK STREET NORTH,1,1,0,0,1,4,,0,55,0,0,0,0,0,1,3,12