id,drcog_id,latitude,longitude,crashtime,time,crashtype,numbkilled,numbinjurd,drcoglocat,rdconditin,lightngcon,roadcntgrd,weatherco,location,roaddescrp,schoolzone,constrzone,splimit,bikeinv,pedinv,sctrinv,motoinv,svrty,rdsystem,ttlvehcls,hcf
,2018_30814,39.780016,-104.953383,9/25/2018 14:52,14:52,12,0,0,I70 & VASQUEZ BOULEVARD NORTH,1,1,1,0,1,4,,0,55,0,0,0,0,0,1,3,13
,2018_30815,39.779997,-104.949571,1/8/2018 15:46,15:46,12,0,0,I70 & STEELE STREET NORTH,1,1,0,0,1,4,,0,55,0,0,0,0,0,1,2,1
,2018_30816,39.779387,-104.928117,4/28/2018 15:05,15:05,12,0,1,I70 & HOLLY STREET NORTH,1,1,0,0,1,4,,0,55,0,0,0,0,1,1,2,1
,2018_30817,39.779021,-104.926209,2/1/2018 16:00,16:00,12,0,0,I70 & HOLLY STREET NORTH,1,2,0,0,1,4,,0,55,0,0,0,0,0,1,2,7
,2018_30818,39.779021,-104.926209,2/21/2018 8:33,8:33,12,0,0,I70 & HOLLY STREET NORTH,1,1,0,0,1,4,,0,55,0,0,0,0,0,1,2,13
,2018_30819,39.778341,-104.92238,5/31/2018 8:00,8:00,12,0,0,I70 & HOLLY STREET NORTH,1,1,0,0,1,4,,0,55,0,0,0,0,0,1,2,4
,2018_30820,39.778296,-104.902543,5/11/2018 13:35,13:35,12,0,2,I70 & NORTHFIELD QUEBEC,1,1,0,0,1,4,,0,,0,0,0,0,1,1,2,13
,2018_30821,39.777789,-104.890374,6/5/2018 13:24,13:24,15,0,0,I70 WB ON MERGE LANE FROM & CENTRAL PARK BOULEVARD,1,1,0,0,1,4,,0,55,0,0,0,0,0,1,2,13
,2018_30822,39.777139,-104.882953,3/11/2018 18:39,18:39,1,0,0,CENTRAL PARK BOULEVARD NORTH & I70 EASTBOUND ON RAMP,1,2,1,0,1,1,,0,35,0,0,0,0,0,1,2,14
,2018_30823,39.777139,-104.882953,11/18/2018 19:33,19:33,3,0,0,CENTRAL PARK BOULEVARD NORTH & I70 EASTBOUND RAMPS,1,3,0,0,1,1,,0,40,0,0,0,0,0,1,2,3
,2018_30824,39.777001,-104.881444,10/6/2018 15:39,15:39,15,0,0,I70 & I270 WB DIR CONNECT,1,1,0,0,1,4,,0,55,0,0,0,0,0,1,2,7
,2018_30825,39.776845,-104.879746,11/6/2018 13:00,13:00,5,0,0,I70 & QUEBEC COURT NORTH,1,1,0,0,1,4,,0,,0,0,0,0,0,1,2,13
,2018_30826,39.77681,-104.879369,8/27/2018 21:00,21:00,15,0,0,I70 & CENTRAL PARK BOULEVARD NORTH,1,3,0,0,1,4,,0,55,0,0,0,0,0,1,2,14
,2018_30828,39.775573,-104.865095,8/8/2018 8:30,8:30,12,0,1,I70 & HAVANA STREET NORTH,1,1,0,0,1,4,,0,65,0,0,0,0,1,1,3,13
,2018_30829,39.775573,-104.865095,10/25/2018 14:36,14:36,12,0,1,I70 & HAVANA STREET NORTH,1,1,1,0,1,4,,0,55,0,0,0,0,2,1,2,3
,2018_30830,39.775557,-104.86491,3/22/2018 9:15,9:15,12,0,1,I70 WB OFF SLIP RAMP & HAVANA STREET,1,1,0,0,1,8,,0,35,0,0,0,0,1,1,2,7
,2018_30832,39.775541,-104.864725,8/1/2018 16:29,16:29,12,0,0,I70 WB ON RAMP & HAVANA STREET NORTH,1,1,1,0,1,8,,0,35,0,0,0,0,0,1,2,3
,2018_30833,39.775525,-104.86454,7/9/2018 18:28,18:28,12,0,0,I70 & HAVANA STREET NORTH EASTBOUND EXIT GORE APPROXIMATELY,1,1,0,0,1,4,,0,55,0,0,0,0,0,1,2,13
,2018_30834,39.775239,-104.861213,2/7/2018 8:00,8:00,15,0,0,I70 & HAVANA STREET NORTH WB EXIT GOREPT,1,1,0,0,1,4,,0,55,0,0,0,0,0,1,2,13
,2018_30835,39.774413,-104.8516,12/29/2018 18:01,18:01,12,0,0,I70 EASTBOUND EXIT GORE POINT TO & PEORIA STREET NORTH,1,3,0,0,1,4,,0,55,0,0,0,0,0,1,2,12
,2018_30836,39.774063,-104.847533,11/30/2018 0:50,0:50,12,0,0,I70 WB ENTRANCE GORE POINT FROM & PEORIA STREET NORTH,1,3,1,0,1,4,,0,60,0,0,0,0,0,1,2,13
,2018_30837,39.774015,-104.846978,9/10/2018 6:20,6:20,12,0,0,I70 EASTBOUND OFF RAMP & PEORIA STREET NORTH,1,1,0,0,1,8,,0,35,0,0,0,0,0,1,2,7
,2018_30838,39.773601,-104.842172,2/15/2018 13:54,13:54,12,0,0,I70 & PEORIA STREET NORTH,1,1,0,0,1,4,,0,65,0,0,0,0,0,1,3,13
,2018_30839,39.772821,-104.833114,7/20/2018 15:03,15:03,12,0,0,I70 WB ON RAMP FROM I225 & I225,1,1,1,0,1,8,,0,65,0,0,0,0,0,1,2,13
,2018_30861,39.779937,-104.988665,7/23/2018 19:50,19:50,5,0,0,I70 EASTBOUND ON RAMP & I25,2,1,1,1,3,8,,0,45,0,0,0,0,0,1,1,13
,2018_30911,39.674079,-104.869884,4/30/2018 8:00,8:00,12,0,0,PARKER ROAD SOUTH & ILIFF AVENUE EAST,1,1,0,0,1,3,,0,35,0,0,0,0,0,2,4,14
,2018_30912,39.674643,-104.870577,8/8/2018 21:20,21:20,14,0,0,PARKER ROAD SOUTH & ILIFF AVENUE EAST,1,3,0,0,1,3,,0,45,0,0,0,0,0,2,3,13
,2018_30913,39.674643,-104.870577,10/22/2018 7:59,7:59,12,0,0,PARKER ROAD SOUTH & ILIFF AVENUE EAST / 2400 BLOCK SOUTH,1,1,0,0,1,4,,0,35,0,0,0,0,0,2,2,13
,2018_30914,39.69629,-104.897364,1/15/2018 8:59,8:59,12,0,0,MISSISSIPPI AVENUE EAST & PARKER ROAD SOUTH,5,1,0,2,1,1,,0,30,0,0,0,0,0,2,2,1
,2018_30915,39.69805,-104.902136,9/12/2018 20:54,20:54,1,0,0,PARKER ROAD SOUTH & QUINCE STREET SOUTH,1,3,1,0,1,1,,0,40,0,0,0,0,0,2,2,5
,2018_30916,39.698124,-104.902285,1/5/2018 17:30,17:30,1,0,0,PARKER ROAD SOUTH & 950 SOUTH PARKER ROAD,1,2,1,0,1,2,,0,45,0,0,0,0,0,2,2,13
,2018_30917,39.698551,-104.903443,9/6/2018 12:00,12:00,15,0,0,HIGHWAY 83 & QUEBEC STREET,1,1,0,0,1,4,,0,,0,0,0,1,0,2,2,13
,2018_30918,39.699252,-104.905343,3/21/2018 17:30,17:30,12,0,0,LEETSDALE DRIVE & QUEBEC STREET SOUTH,1,4,0,0,1,4,,0,45,0,0,0,0,0,2,3,8
,2018_30919,39.699949,-104.907304,11/7/2018 8:51,8:51,12,0,0,LEETSDALE DRIVE & ONEIDA STREET SOUTH / 7000 BLOCK,1,1,0,0,1,4,,0,35,0,0,0,0,0,2,3,14
,2018_30920,39.700261,-104.908227,10/23/2018 13:50,13:50,1,0,3,LEETSDALE DRIVE & ONEIDA STREET SOUTH,1,1,0,0,1,1,,0,,0,0,0,0,1,2,3,13
,2018_30921,39.702388,-104.912083,8/3/2018 11:04,11:04,12,0,1,LEETSDALE DRIVE & MONACO PARKWAY / 6600 BLOCK,1,1,0,0,1,4,,0,35,0,0,0,1,1,2,3,13
,2018_30922,39.70278,-104.91261,4/15/2018 11:46,11:46,3,0,1,LEETSDALE DRIVE & MONACO PARKWAY,1,1,0,0,1,2,,0,35,0,0,0,0,1,2,2,13
,2018_30923,39.703045,-104.913041,8/10/2018 18:39,18:39,12,0,1,LEETSDALE DRIVE & MONACO PARKWAY / 6400 BLOCK,1,1,0,0,1,3,,0,35,0,0,0,0,1,2,2,13
,2018_30924,39.704575,-104.915988,4/22/2018 18:32,18:32,12,0,1,LEETSDALE DRIVE & EXPOSITION AVENUE EAST,1,1,0,0,1,4,,0,,0,0,0,0,1,2,2,13
,2018_30925,39.707328,-104.922192,4/6/2018 22:35,22:35,12,0,0,LEETSDALE DRIVE & HOLLY STREET SOUTH,1,3,0,0,1,1,,0,35,0,0,0,0,0,2,2,5
,2018_30938,39.678585,-104.993278,5/13/2018 9:53,9:53,9,0,0,HIGHWAY 85 SOUTHBOUND OFF RAMP & EVANS AVENUE WEST,1,1,1,0,1,8,,0,35,0,0,0,0,0,2,2,13
,2018_30939,39.689624,-104.992103,11/25/2018 14:15,14:15,12,0,0,SANTA FE DRIVE SOUTH & FLORIDA AVENUE WEST,1,1,0,0,1,4,,0,45,0,0,0,0,0,2,2,13
,2018_30940,39.690463,-104.992222,5/8/2018 22:30,22:30,12,0,1,SANTA FE DRIVE SOUTH & FLORIDA AVENUE WEST,1,3,0,0,1,4,,0,55,0,0,0,0,1,2,2,13
,2018_30941,39.694671,-104.992468,8/17/2018 16:22,16:22,12,0,2,SANTE FE DRIVE SOUTH & ARIZONA AVENUE WEST,1,1,0,0,1,4,,0,45,0,0,0,0,1,2,2,12
,2018_30942,39.696679,-104.991877,4/29/2018 12:37,12:37,3,0,1,PLATTE RIVER DRIVE SOUTH  & MISSISSIPPI AVENUE WEST,1,1,0,0,1,1,,0,45,0,0,0,0,1,2,2,7
,2018_30943,39.706228,-104.996737,4/21/2018 0:03,0:03,15,0,0,KALAMATH STREET SOUTH  & SANTA FE DRIVE SOUTH,2,3,0,1,1,1,,0,35,0,0,0,0,0,2,2,13
,2018_30953,39.729284,-105.025154,5/19/2018 14:47,14:47,12,0,0,FEDERAL BOULEVARD NORTH & EIGHTH AVENUE WEST,1,1,0,6,1,4,,0,35,0,0,0,0,0,2,3,13
,2018_30954,39.725357,-105.025125,8/2/2018 14:56,14:56,12,0,0,FEDERAL BOULEVARD 500 BLOCK NORTH & SIXTH AVENUE WB RAMPS,1,1,0,0,1,3,,0,35,0,0,0,0,0,2,2,13
,2018_30955,39.725237,-105.025125,7/9/2018 15:09,15:09,12,0,0,FEDERAL BOULEVARD 600 BLOCK NORTH & SIXTH AVENUE WEST INTCH APPROXIMATELY,1,1,1,0,1,4,,0,35,0,0,0,0,0,2,2,3
,2018_30956,39.724876,-105.025125,8/31/2018 13:10,13:10,12,0,0,FEDERAL BOULEVARD NORTH & SIXTH AVENUE WEST,1,1,0,0,1,1,,0,35,0,0,0,0,0,2,2,13
,2018_30957,39.71334,-105.025151,6/5/2018 18:00,18:00,12,0,1,FEDERAL BOULEVARD SOUTH & CEDAR AVENUE WEST,1,1,0,0,1,1,,0,35,0,0,0,0,2,2,2,13
,2018_30958,39.709356,-105.025079,6/30/2018 12:00,12:00,12,0,0,FEDERAL BOULEVARD & 400 BLOCK SOUTH,1,1,1,0,1,4,,0,40,0,0,0,0,0,2,3,1
,2018_30959,39.70849,-105.025081,6/18/2018 18:54,18:54,1,0,1,FEDERAL BOULEVARD SOUTH & ALASKA PLACE WEST,1,1,0,0,1,1,,0,40,0,0,0,0,1,2,2,7
,2018_30960,39.689642,-105.025044,5/18/2018 23:10,23:10,6,0,0,FEDERAL BOULEVARD 1400 BLOCK SOUTH & FLORIDA BOULEVARD WEST,1,3,0,0,1,3,,0,40,0,0,0,0,0,2,2,7
,2018_30961,39.689052,-105.025042,6/25/2018 18:46,18:46,12,0,0,FEDERAL BOULEVARD SOUTH & FLORIDA AVENUE WEST,1,1,1,0,1,4,,0,40,0,0,0,0,0,2,2,3
,2018_30962,39.687431,-105.025035,3/6/2018 15:07,15:07,12,0,0,FEDERAL BOULEVARD SOUTH & IOWA AVENUE WEST,1,1,1,0,1,4,,0,40,0,0,0,0,0,2,2,12
,2018_30963,39.687431,-105.025035,3/10/2018 18:58,18:58,12,0,0,FEDERAL BOULEVARD & 1600 BLOCK SOUTH,1,3,0,0,1,4,,0,40,0,0,0,0,0,2,2,13
,2018_30964,39.682566,-105.025017,7/19/2018 18:17,18:17,12,0,0,FEDERAL BOULEVARD SOUTH & JEWELL AVENUE WEST,1,1,0,0,1,4,,0,40,0,0,0,0,0,2,2,7
,2018_30965,39.682126,-105.025017,10/26/2018 14:06,14:06,12,0,2,FEDERAL BOULEVARD SOUTH & JEWELL AVENUE WEST,1,1,0,0,1,3,,0,40,0,0,0,0,1,2,2,12
,2018_30966,39.680523,-105.025025,3/16/2018 13:49,13:49,3,0,0,ASBURY AVENUE WEST & FEDERAL BOULEVARD SOUTH,1,1,0,0,1,1,,0,25,0,0,0,0,0,2,2,7
,2018_30967,39.678775,-105.025035,4/27/2018 5:35,5:35,8,0,0,FEDERAL BOULEVARD SOUTH & EVANS AVENUE WEST,1,2,0,0,1,3,,0,40,0,0,0,0,0,2,3,8
,2018_30968,39.675279,-105.025053,8/18/2018 18:00,18:00,15,0,0,ILIFF AVENUE WEST  & FEDERAL BOULEVARD SOUTH,1,1,1,0,1,1,,0,40,0,0,0,0,0,2,2,3
,2018_30969,39.657084,-105.025259,4/5/2018 16:31,16:31,12,0,0,FEDERAL BOULEVARD 3100 SOUTH & FLOYD AVENUE WEST,1,1,0,0,1,4,,0,40,0,0,0,0,0,2,2,7
,2018_30982,39.681669,-105.053252,8/25/2018 1:01,1:01,5,0,0,SHERIDAN BOULEVARD 1900 BLOCK SOUTH & JEWELL AVENUE WEST,1,3,0,0,3,4,,0,40,0,0,0,0,0,2,1,5
,2018_30991,39.675658,-105.053264,1/4/2018 8:30,8:30,10,0,0,SHERIDAN BOULEVARD SOUTH & WARREN AVENUE WEST,1,1,0,0,1,1,,0,25,0,0,0,0,0,2,2,13
,2018_30992,39.675658,-105.053264,5/25/2018 15:32,15:32,15,0,0,WARREN AVENUE WEST & SHERIDAN BOULEVARD SOUTH,1,1,0,0,1,4,,0,40,0,0,0,0,0,2,2,7
,2018_30993,39.676373,-105.053265,1/9/2018 15:35,15:35,12,0,0,SHERIDAN BOULEVARD SOUTH & HARVEY PLACE WEST,1,1,0,0,1,1,,0,35,0,0,0,0,0,2,2,4
,2018_30994,39.682106,-105.053209,7/8/2018 23:49,23:49,12,0,0,SHERIDAN BOULEVARD SOUTH & JEWELL AVENUE WEST,1,3,0,0,1,1,,0,35,0,0,0,0,0,2,2,7
,2018_30995,39.682251,-105.053195,10/12/2018 14:44,14:44,12,0,0,SHERIDAN BOULEVARD SOUTH & JEWELL AVENUE WEST,1,1,1,0,1,3,,0,40,0,0,0,0,0,2,2,3
,2018_31032,39.667733,-105.081421,10/17/2018 15:50,15:50,15,0,0,WADSWORTH BOULEVARD SOUTH & YALE AVENUE WEST,1,1,0,0,1,1,,0,30,0,0,0,0,0,2,2,4
,2018_31088,39.629871,-104.904931,7/6/2018 8:56,8:56,12,0,0,I225 SOUTHBOUND OFF RAMP & I25 SOUTHBOUND,1,1,0,0,1,8,,0,45,0,0,0,0,0,1,2,13
,2018_31089,39.630391,-104.90506,7/20/2018 12:26,12:26,12,0,3,I225 SOUTHBOUND OFF RAMP & I25 NORTHBOUND,1,1,0,0,1,8,,0,55,0,0,0,0,1,1,3,7
,2018_31090,39.630391,-104.90506,4/21/2018 7:44,7:44,5,0,0,I225 SOUTHBOUND OFF RAMP & I25 SOUTHBOUND,2,1,0,2,3,8,,0,55,0,0,0,0,0,1,1,13
,2018_31091,39.630837,-104.905088,4/13/2018 16:20,16:20,12,0,0,I225 SOUTHBOUND OFF RAMP & I25,1,1,0,0,1,8,,0,55,0,0,0,0,0,1,2,13
,2018_31092,39.631499,-104.905024,8/11/2018 12:58,12:58,12,0,0,I225 SOUTHBOUND OFF RAMP & I25 NORTHBOUND,1,1,0,0,1,8,,0,55,0,0,0,0,0,1,2,13
,2018_31093,39.633279,-104.903931,4/30/2018 10:26,10:26,12,0,0,I225 SOUTHBOUND OFF RAMP & I25 NORTHBOUND,1,1,0,0,1,8,,0,65,0,0,0,0,0,1,2,13
,2018_31095,39.634127,-104.902067,1/30/2018 17:51,17:51,12,0,0,I225 & I25 OFF RAMP SPLIT,1,3,0,0,1,4,,0,55,0,0,0,0,0,1,2,1
,2018_31096,39.634153,-104.901932,6/26/2018 9:28,9:28,12,0,0,I225 & QUEBEC STREET SOUTH,1,1,1,0,1,4,,0,60,0,0,0,0,0,1,2,13
,2018_31097,39.634298,-104.901189,9/7/2018 13:26,13:26,12,0,0,I225 & MM .4,1,1,0,0,1,4,,0,65,0,0,0,0,0,1,3,1
,2018_31098,39.635522,-104.893462,10/5/2018 8:06,8:06,12,0,0,I225 & TAMARAC STREET SOUTH,1,1,0,0,1,4,,0,55,0,0,0,0,0,1,3,13
,2018_31100,39.635522,-104.893462,11/11/2018 15:51,15:51,15,0,0,I225 & TAMARAC STREET SOUTH,5,3,0,2,1,4,,0,55,0,0,0,0,0,1,2,13
,2018_31101,39.635522,-104.893462,7/11/2018 16:01,16:01,1,0,0,TAMARAC STREET 4400 SOUTH & I225 SOUTHBOUND RAMPS,1,1,0,0,1,1,,0,30,0,0,0,0,0,1,2,7
,2018_31102,39.635522,-104.893462,9/22/2018 16:41,16:41,3,0,0,TAMARAC STREET SOUTH & I225 SOUTHBOUND RAMPS,1,1,0,0,1,1,,0,30,0,0,0,0,0,1,2,12
,2018_31103,39.635522,-104.893462,7/13/2018 17:50,17:50,1,0,0,TAMARAC STREET SOUTH & I225 NORTHBOUND RAMPS,1,1,1,0,1,1,,0,35,0,0,0,0,0,1,2,13
,2018_31104,39.635522,-104.893462,8/25/2018 15:56,15:56,1,0,0,TAMARAC COURT SOUTH & I225 NBON RAMP,1,1,0,0,1,1,,0,35,0,0,0,0,0,1,2,7
,2018_31105,39.635986,-104.891947,6/29/2018 8:31,8:31,12,0,1,I225 & MM 0.9,1,1,0,0,1,4,,0,55,0,0,0,0,1,1,2,13
,2018_31106,39.639223,-104.885207,8/29/2018 14:29,14:29,12,0,0,I225 & YOSEMITE STREET SOUTH,1,1,0,0,1,4,,0,55,0,0,0,0,0,1,2,1
,2018_31107,39.639385,-104.884877,9/26/2018 17:55,17:55,12,0,0,I225 SOUTHBOUND OFF RAMP & YOSEMITE STREET SOUTH,1,1,0,0,1,8,,0,45,0,0,0,0,0,1,2,7
,2018_31108,39.641189,-104.88124,11/7/2018 8:46,8:46,12,0,0,I225 & YOSEMITE STREET SOUTH,1,1,0,0,1,4,,0,55,0,0,0,0,0,1,2,3
,2018_31131,39.780781,-104.966774,8/3/2018 17:05,17:05,1,0,0,46TH AVENUE EAST & BRIGHTON BOULEVARD NORTH,1,1,0,0,1,1,,0,25,0,0,0,0,0,2,2,1
,2018_31138,39.782923,-104.900838,8/1/2018 8:11,8:11,12,0,0,I270 & QUEBEC STREET NORTH,1,1,0,0,1,4,,0,55,0,0,0,0,0,1,3,13
,2018_31139,39.776994,-104.884243,5/26/2018 5:12,5:12,5,0,0,I270 & CENTRAL PARK BOULEVARD NORTH,1,1,0,0,3,4,,0,40,0,0,0,0,0,1,1,13
,2018_31140,39.777015,-104.882641,6/13/2018 17:30,17:30,12,0,0,I270 EASTBOUND & I70 EASTBOUND,1,1,0,0,1,4,,0,55,0,0,0,0,0,1,2,13
,2018_31141,39.776939,-104.881561,8/8/2018 7:45,7:45,12,0,0,I270 EASTBOUND DIRECTION CONNECT & I70,1,1,0,0,1,4,,0,55,0,0,0,0,0,1,2,13
,2018_31145,39.653154,-105.065484,6/12/2018 7:24,7:24,4,0,0,HIGHWAY 285 & MM 255,1,1,1,0,1,4,,0,55,0,0,0,0,0,2,1,13
,2018_31159,39.65298,-104.929994,8/14/2018 19:00,19:00,12,0,0,HAMPDEN AVENUE EAST & EUDORA STREET SOUTH,2,2,0,0,1,4,,0,40,0,0,0,0,0,2,3,7
,2018_31160,39.65298,-104.926409,10/8/2018 15:45,15:45,12,0,0,HAMPDEN AVENUE 5200 BLOCK EAST & GLENCOE STREET SOUTH,1,1,0,0,1,3,,0,35,0,0,0,0,0,2,3,1
,2018_31161,39.743025,-105.025212,12/15/2018 22:25,22:25,15,0,0,FEDERAL BOULEVARD 1600 BLOCK NORTH & 16TH AVENUE WEST,1,3,0,0,1,4,,0,35,0,0,0,0,0,2,2,13
,2018_31162,39.755404,-105.025133,7/19/2018 6:34,6:34,12,0,2,FEDERAL BOULEVARD 2600 BLOCK NORTH & 27TH AVENUE WEST,1,1,0,0,1,4,,0,35,0,0,0,0,1,2,3,14
,2018_31163,39.75854,-105.025143,7/20/2018 8:15,8:15,12,0,1,FEDERAL BOULEVARD NORTH & 29TH AVENUE WEST,1,1,0,0,1,1,,0,35,0,0,0,0,1,2,2,14
,2018_31164,39.76025,-105.025149,4/30/2018 19:00,19:00,3,0,0,FEDERAL BOULEVARD NORTH & SPEER BOULEVARD,1,1,0,0,1,1,,0,30,0,0,0,0,0,2,2,13
,2018_31165,39.78571,-105.025223,8/10/2018 17:46,17:46,3,0,0,49TH AVENUE WEST & FEDERAL BOULEVARD NORTH,1,1,0,0,1,1,,0,25,0,0,0,0,0,2,2,8
,2018_31177,39.711663,-104.999176,6/28/2018 9:57,9:57,12,0,0,I25 & MM 208,1,1,1,0,1,4,,0,65,0,0,0,0,0,1,2,13
,2018_31205,39.773601,-104.842172,10/21/2018 1:50,1:50,5,0,0,I225 & PEORIA STREET NORTH,1,3,1,0,2,4,,0,55,0,0,0,0,0,1,1,5
,2018_31247,39.830453,-104.746893,5/10/2018 9:15,9:15,15,0,0,E470 & PENA BOULEVARD,1,1,0,0,1,4,,0,75,0,0,0,0,0,2,2,13
,2018_31251,39.682596,-104.940399,12/17/2018 12:12,12:12,15,0,0,COLORADO BOULEVARD SOUTH & I25 SOUTHBOUND ON LOOP RAMP EXIT GORE,1,1,0,0,1,4,,0,35,0,0,0,0,0,2,2,3
,2018_31252,39.713244,-104.940611,2/28/2018 23:00,23:00,12,0,0,ALAMEDA AVENUE EAST & COLORADO BOULEVARD SOUTH,1,3,0,0,1,3,,0,35,0,0,0,0,0,2,2,1
,2018_31253,39.72944,-104.940605,5/16/2018 18:13,18:13,12,0,0,COLORADO BOULEVARD 800 BLOCK NORTH & 800 NORTH,1,1,1,0,1,4,,0,35,0,0,0,0,0,2,2,13
,2018_31254,39.734838,-104.940603,2/9/2018 8:50,8:50,12,0,0,COLORADO BOULEVARD NORTH & HALE PARKWAY,1,1,0,0,1,4,,0,35,0,0,0,0,0,2,2,14
,2018_31255,39.737902,-104.940602,10/1/2018 7:50,7:50,12,0,0,COLORADO BOULEVARD 1300 BLOCK NORTH & 14TH AVENUE EAST,1,1,0,0,1,4,,0,35,0,0,0,0,0,2,2,13
,2018_31257,39.74082,-104.940601,8/25/2018 14:30,14:30,12,0,0,COLORADO BOULEVARD 1500 BLOCK NORTH & COLFAX AVENUE EAST,1,1,0,0,1,4,,0,35,0,0,0,0,0,2,2,4
,2018_31271,39.760997,-105.004271,7/11/2018 8:30,8:30,15,0,0,I25 & 20TH STREET,1,1,0,0,1,4,,0,55,0,0,0,0,0,1,2,13
,2018_31274,39.725588,-105.040256,10/30/2018 20:11,20:11,15,0,1,SIXTH AVENUE WEST & PERRY STREET NORTH,4,3,0,2,1,4,,0,55,0,0,0,0,1,2,2,13
,2018_31275,39.72545,-105.03227,6/11/2018 17:45,17:45,12,0,0,SIXTH AVENUE WEST & LOWELL BOULEVARD NORTH,1,1,0,0,1,4,,0,55,0,0,0,0,0,2,2,13
,2018_31276,39.725434,-105.031343,8/5/2018 11:10,11:10,12,0,0,SIXTH AVENUE WEST & KNOX COURT NORTH,1,1,1,0,1,4,,0,65,0,0,0,0,0,2,2,7
,2018_31277,39.725415,-105.025068,6/17/2018 18:35,18:35,12,0,1,SIXTH AVENUE WEST & SHERIDAN BOULEVARD NORTH,2,1,1,1,1,4,,0,35,0,0,0,0,1,2,2,13
,2018_31278,39.725533,-105.01288,1/8/2018 16:08,16:08,12,0,0,SIXTH AVENUE EASTBOUND OFF RAMP TO NORTHBOUND & I25,1,1,1,0,1,8,,0,55,0,0,0,0,0,2,2,13
,2018_31293,39.653772,-104.918562,12/31/2018 20:00,20:00,5,0,1,I25 & HAMPDEN AVENUE EAST,5,3,0,2,2,4,,0,55,0,0,0,0,1,1,1,13
,2018_31359,39.690874,-104.974989,7/6/2018 20:35,20:35,15,0,0,I25 & MM 206,1,2,0,0,1,4,,0,65,0,0,0,0,0,1,2,13
,2018_31360,39.624403,-104.901751,6/5/2018 7:23,7:23,12,0,1,I25 & BELLEVIEW AVENUE EAST,1,1,0,0,1,4,,0,55,0,0,0,0,1,1,2,3
,2018_31361,39.625207,-104.902215,4/5/2018 6:51,6:51,12,0,0,I25 & BELLEVIEW AVENUE EAST,1,1,0,0,1,4,,0,55,0,0,0,0,0,1,2,3
,2018_31362,39.633773,-104.906614,9/1/2018 14:27,14:27,15,0,0,I25 & MM 200.10 / I225,1,1,0,0,1,4,,0,65,0,0,0,0,0,1,2,13
,2018_31363,39.650614,-104.916891,9/13/2018 13:00,13:00,12,0,0,I25 NORTHBOUND EXIT GORE POINT & YALE AVENUE EAST,1,1,0,0,1,4,,0,60,0,0,0,0,0,1,2,2
,2018_31364,39.652617,-104.918015,6/7/2018 21:50,21:50,12,0,0,I25 NORTHBOUND OFF RAMP & HAMPDEN AVENUE EAST,1,3,1,0,1,8,,0,45,0,0,0,0,0,1,2,13
,2018_31365,39.652745,-104.918076,1/12/2018 14:48,14:48,12,0,0,I25 & HAMPDEN AVENUE EAST,1,1,0,0,1,4,,0,65,0,0,0,0,0,1,2,2
,2018_31366,39.653259,-104.918319,6/4/2018 9:00,9:00,12,0,0,I25 & HAMPDEN AVENUE EAST,1,1,0,0,1,4,,0,65,0,0,0,0,0,1,2,3
,2018_31367,39.653259,-104.918319,12/20/2018 12:08,12:08,12,0,0,I25 & HAMPDEN AVENUE EAST INTCH,1,1,0,0,1,4,,0,65,0,0,0,0,0,1,2,13
,2018_31368,39.656552,-104.919807,8/22/2018 8:29,8:29,12,0,0,I25 & HAMPDEN AVENUE EAST,1,1,0,0,1,4,,0,65,0,0,0,0,0,1,4,3
,2018_31369,39.659439,-104.921097,11/14/2018 8:44,8:44,12,0,0,I25 & MM 202.06,1,1,0,0,1,4,,0,65,0,0,0,0,0,1,2,13
,2018_31370,39.666928,-104.925103,9/1/2018 2:50,2:50,12,0,2,I25 & YALE AVENUE EAST,1,3,0,0,1,4,,0,65,0,0,0,0,1,1,2,14
,2018_31371,39.674185,-104.930081,2/10/2018 23:30,23:30,5,0,0,I25 SOUTHBOUND ON RAMP ENTRANCE GORE POINT & EVANS AVENUE EAST,8,3,0,0,2,8,,0,30,0,0,0,0,0,1,1,3
,2018_31372,39.678039,-104.933273,1/21/2018 15:48,15:48,15,0,0,I25 & EVANS AVENUE EAST,4,1,1,2,1,4,,0,60,0,0,0,0,0,1,2,13
,2018_31373,39.678586,-104.933749,10/12/2018 16:17,16:17,12,0,0,I25 & EVANS AVENUE EAST,1,1,1,0,1,4,,0,30,0,0,0,0,0,1,3,13
,2018_31374,39.683094,-104.940452,5/25/2018 16:04,16:04,12,0,0,I25 & COLORADO BOULEVARD SOUTH,1,1,0,0,1,4,,0,60,0,0,0,0,0,1,2,3
,2018_31375,39.68419,-104.944708,3/19/2018 16:51,16:51,15,0,0,I25 & MM 204.3,1,1,1,0,1,4,,0,55,0,0,0,0,0,1,2,3
,2018_31376,39.68492,-104.950436,12/4/2018 7:55,7:55,12,0,0,I25 & STEELE STREET SOUTH,1,1,0,0,1,4,,0,60,0,0,0,0,0,1,2,13
,2018_31377,39.684905,-104.954871,10/24/2018 21:54,21:54,5,0,1,I25 & UNIVERSITY BOULEVARD SOUTH,1,3,0,0,3,4,,0,65,0,0,0,0,1,1,1,13
,2018_31378,39.684915,-104.957653,3/8/2018 18:44,18:44,15,0,0,I25 & UNIVERSITY BOULEVARD SOUTH,1,3,0,0,1,4,,0,50,0,0,0,0,0,1,2,13
,2018_31379,39.684918,-104.958395,1/16/2018 6:19,6:19,15,0,1,I25 & UNIVERSITY BOULEVARD SOUTH,1,3,1,0,1,4,,0,60,0,0,0,0,1,1,3,13
,2018_31380,39.684921,-104.959137,3/25/2018 18:47,18:47,12,0,2,I25 NORTHBOUND OFF RAMP SLIP & UNIVERSITY BOULEVARD SOUTH,1,1,1,0,1,8,,0,25,0,0,0,0,2,1,2,5