id,drcog_id,latitude,longitude,crashtime,time,crashtype,numbkilled,numbinjurd,drcoglocat,rdconditin,lightngcon,roadcntgrd,weatherco,location,roaddescrp,schoolzone,constrzone,splimit,bikeinv,pedinv,sctrinv,motoinv,svrty,rdsystem,ttlvehcls,hcf
,2018_32772,39.780267,-105.025226,8/27/2018 18:24,18:24,12,0,1,46TH AVENUE WEST & FEDERAL BOULEVARD NORTH,1,1,0,0,1,1,,0,30,0,0,0,0,1,2,2,13
,2018_32773,39.782272,-105.025225,6/15/2018 15:45,15:45,12,0,1,FEDERAL BOULEVARD 4700 BLOCK NORTH & 47TH AVENUE WEST,1,1,1,0,1,4,,0,35,0,0,0,0,1,2,2,13
,2018_32775,39.783848,-105.025224,8/8/2018 11:23,11:23,1,0,0,FEDERAL BOULEVARD NORTH & I70 EASTBOUND RAMPS,1,1,0,0,1,1,,0,35,0,0,0,0,0,2,2,7
,2018_32874,39.681508,-104.940538,12/8/2018 12:53,12:53,3,0,0,COLORADO BOULEVARD SOUTH & I25 SOUTHBOUND OFF RAMP,1,1,1,0,1,1,,0,30,0,0,0,0,0,2,3,13
,2018_32875,39.783571,-105.015888,10/22/2018 19:44,19:44,5,0,1,I70 & ZUNI STREET NORTH,1,3,1,0,2,4,,0,55,0,0,0,0,2,1,1,1
,2018_32876,39.689268,-104.940546,3/7/2018 12:29,12:29,15,0,0,COLORADO BOULEVARD 1400 BLOCK SOUTH & FLORIDA AVENUE EAST,1,1,0,0,1,4,,0,35,0,0,0,0,0,2,2,1
,2018_32877,39.690463,-104.940547,9/4/2018 11:47,11:47,12,0,2,COLORADO BOULEVARD SOUTH & ARKANSAS AVENUE EAST,1,1,1,0,1,4,,0,5,0,0,0,0,1,2,2,3
,2018_32880,39.719601,-104.940651,5/23/2018 16:34,16:34,12,0,0,COLORADO BOULEVARD NORTH & SECOND AVENUE EAST,1,1,0,0,1,4,,0,35,0,0,0,0,0,2,3,3
,2018_32881,39.726959,-104.940606,5/22/2018 17:33,17:33,1,0,0,COLORADO BOULEVARD NORTH & SEVENTH AVENUE EAST,1,1,0,0,1,1,,0,35,0,0,0,0,0,2,2,1
,2018_32882,39.726959,-104.940606,10/17/2018 15:00,15:00,1,0,1,COLORADO BOULEVARD NORTH & SEVENTH AVENUE EAST,1,1,0,0,1,1,,0,30,0,0,0,0,2,2,2,1
,2018_32883,39.727105,-104.940606,8/22/2018 18:20,18:20,12,0,0,COLORADO BOULEVARD NORTH & SEVENTH AVENUE EAST,1,1,0,0,1,4,,0,35,0,0,0,0,0,2,2,13
,2018_32884,39.72871,-104.940605,11/20/2018 19:20,19:20,1,0,0,COLORADO BOULEVARD NORTH & EIGHTH AVENUE EAST,1,1,0,0,1,1,,0,35,0,0,0,0,0,2,2,13
,2018_32886,39.735422,-104.940603,2/11/2018 15:15,15:15,15,0,1,COLORADO BOULEVARD NORTH & 12TH AVENUE,1,1,0,0,1,4,,0,30,0,0,0,0,1,2,3,13
,2018_32887,39.740236,-104.940601,2/18/2018 20:30,20:30,12,0,1,COLFAX AVENUE EAST & COLORADO BOULEVARD NORTH,1,3,0,0,1,3,,0,30,0,0,0,0,1,2,2,10
,2018_32888,39.740236,-104.940601,4/10/2018 11:40,11:40,15,0,0,COLORADO BOULEVARD 1500 BLOCK NORTH & COLFAX AVENUE EAST,1,1,0,0,1,3,,0,35,0,0,0,0,0,2,2,13
,2018_32889,39.74403,-104.9406,6/27/2018 14:32,14:32,12,0,0,COLORADO BOULEVARD 1700 BLOCK EAST & 17TH AVENUE EAST,1,1,0,0,1,4,,0,35,0,0,0,0,0,2,3,13
,2018_32890,39.750887,-104.940597,6/8/2018 11:14,11:14,12,0,0,23RD AVENUE EAST & COLORADO BOULEVARD NORTH,1,1,0,0,1,1,,0,35,0,0,0,0,0,2,2,13
,2018_32892,39.751033,-104.940597,9/5/2018 7:07,7:07,12,0,1,COLORADO BOULEVARD & 23RD AVENUE EAST,2,2,0,0,1,3,,0,35,0,0,0,0,1,2,3,1
,2018_32893,39.756397,-104.940533,4/11/2018 5:20,5:20,3,0,0,28TH AVENUE EAST & COLORADO BOULEVARD NORTH,1,1,0,0,1,1,,0,35,0,0,0,0,0,2,2,13
,2018_32894,39.757994,-104.940527,11/14/2018 16:07,16:07,15,0,0,COLORADO BOULEVARD 2800 BLOCK NORTH & 29TH AVENUE EAST,1,2,0,0,1,4,,0,35,0,0,0,0,0,2,2,13
,2018_32895,39.761769,-104.940512,12/27/2018 17:10,17:10,12,0,0,COLORADO BOULEVARD NORTH & MLK BOULEVARD,1,2,0,0,1,3,,0,30,0,0,0,0,0,2,2,12
,2018_32896,39.761914,-104.940511,2/1/2018 18:24,18:24,1,0,0,COLORADO BOULEVARD NORTH & MLK BOULEVARD EAST,1,3,0,0,1,1,,0,35,0,0,0,0,0,2,2,1
,2018_32897,39.761914,-104.940511,11/1/2018 18:05,18:05,1,0,0,COLORADO BOULEVARD NORTH & MLK BOULEVARD EAST,1,2,0,0,1,1,,0,35,0,0,0,0,0,2,2,13
,2018_32898,39.765835,-104.940495,3/31/2018 15:10,15:10,5,0,0,COLORADO BOULEVARD & 3500 BLOCK NORTH,1,1,0,0,3,4,,0,40,0,0,0,0,0,2,1,1
,2018_32900,39.780162,-104.940503,1/1/2018 14:29,14:29,15,0,0,COLORADO BOULEVARD NORTH & I70,1,1,1,0,1,4,,0,40,0,0,0,0,0,2,2,1
,2018_32901,39.784135,-104.94045,9/15/2018 17:00,17:00,10,0,0,COLORADO BOULEVARD NORTH & 48TH AVENUE EAST,1,1,0,0,1,1,,0,45,0,0,0,0,0,2,2,13
,2018_32903,39.785817,-104.940428,4/25/2018 12:33,12:33,15,0,0,COLORADO BOULEVARD 4969 NORTH & 4969 NORTH,1,1,0,0,1,2,,0,45,0,0,0,0,0,2,2,13
,2018_32904,39.787345,-104.940408,5/21/2018 16:51,16:51,1,0,1,COLORADO BOULEVARD NORTH & 50TH AVENUE EAST,1,1,0,0,1,1,,0,45,0,0,0,0,1,2,3,7
,2018_32914,39.725649,-105.052456,4/23/2018 17:46,17:46,12,0,1,SIXTH AVENUE WEST & SHERIDAN BOULEVARD NORTH,1,1,0,0,1,4,,0,55,0,0,0,0,1,2,3,13
,2018_32916,39.725644,-105.051518,7/21/2018 11:38,11:38,5,0,0,SIXTH AVENUE WEST & SHERIDAN BOULEVARD NORTH,1,1,0,0,3,4,,0,55,0,0,0,0,0,2,1,13
,2018_32917,39.725627,-105.047951,10/10/2018 15:39,15:39,12,0,0,SIXTH AVENUE WB SLIP RAMP OFF & SHERIDAN BOULEVARD NORTH,1,1,1,0,1,8,,0,30,0,0,0,0,0,2,2,13
,2018_32918,39.725556,-105.039261,4/19/2018 22:00,22:00,12,0,2,SIXTH AVENUE WEST & PERRY STREET NORTH,1,3,0,0,1,4,,0,55,0,0,0,0,1,2,3,13
,2018_32919,39.725556,-105.039261,11/2/2018 12:00,12:00,12,0,2,SIXTH AVENUE WEST & PERRY STREET NORTH,1,1,1,0,1,4,,0,55,0,0,0,0,1,2,2,13
,2018_32920,39.725541,-105.033965,3/7/2018 9:47,9:47,15,0,0,SIXTH AVENUE 3300 BLOCK WEST & LOWELL BOULEVARD NORTH,1,1,1,0,1,4,,0,55,0,0,0,0,0,2,2,1
,2018_32921,39.725509,-105.033399,12/28/2018 17:29,17:29,12,0,0,SIXTH AVENUE WEST & LOWELL BOULEVARD NORTH,1,3,0,0,1,4,,0,45,0,0,0,0,0,2,2,14
,2018_32922,39.725423,-105.029834,9/20/2018 6:35,6:35,12,0,0,SIXTH AVENUE 3600 BLOCK WEST & FEDERAL BOULEVARD NORTH,1,1,0,0,1,4,,0,55,0,0,0,0,0,2,2,13
,2018_32923,39.725237,-105.019599,12/7/2018 16:17,16:17,12,0,1,SIXTH AVENUE ON RAMP 2600 BLOCK & BRYANT STREET NORTH,1,2,0,0,1,4,,0,40,0,0,0,0,2,2,3,13
,2018_32924,39.725216,-105.017726,8/4/2018 1:35,1:35,12,0,1,SIXTH AVENUE WEST & I25,1,5,1,0,1,4,,0,55,0,0,0,0,2,2,2,13
,2018_32925,39.725533,-105.01288,9/9/2018 21:35,21:35,15,0,0,SIXTH AVENUE WEST & I25,1,3,1,0,1,4,,0,45,0,0,0,0,0,2,2,13
,2018_32968,39.684923,-104.961388,7/23/2018 17:50,17:50,12,0,0,I25 & UNIVERSITY BOULEVARD SOUTH,2,1,0,0,1,4,,0,55,0,0,0,0,0,1,2,13
,2018_32990,39.740011,-104.97118,8/5/2018 22:50,22:50,6,0,0,COLFAX AVENUE 1300 BLOCK EAST & LAFAYETTE STREET NORTH,1,3,0,0,1,4,,0,30,0,0,0,0,0,2,2,13
,2018_33006,39.624537,-104.901829,3/19/2018 6:08,6:08,5,0,0,I25 SOUTHBOUND OFF RAMP & BELLEVIEW AVENUE EAST,5,2,1,0,2,8,,0,55,0,0,0,0,0,1,1,14
,2018_33007,39.629064,-104.904487,6/15/2018 5:03,5:03,12,0,0,I25 & MM 200,1,2,0,0,1,4,,0,55,0,0,0,0,0,1,2,13
,2018_33008,39.688587,-104.970509,1/22/2018 10:13,10:13,5,0,1,I25 & DOWNING STREET SOUTH,2,1,0,0,2,4,,0,60,0,0,0,0,1,1,1,13
,2018_33009,39.630356,-104.90515,7/6/2018 12:39,12:39,12,0,0,I25 NORTHBOUND DIR CNNCT EXIT GORE POINT & I225,1,1,0,0,1,4,,0,60,0,0,0,0,0,1,2,13
,2018_33010,39.637776,-104.909302,7/25/2018 10:45,10:45,12,0,0,I25 NORTHBOUND ON RAMP ENTRANCE GORE POINT & I225 SOUTHBOUND / WB OFF RAMP,1,1,0,0,1,8,,0,50,0,0,0,0,0,1,2,13
,2018_33011,39.650614,-104.916891,6/22/2018 8:25,8:25,5,0,1,I25 NORTHBOUND EXIT GORE POINT & HAMPDEN AVENUE EAST / EXIT 201,1,1,1,0,3,4,,0,65,0,0,0,0,2,1,1,13
,2018_33012,39.667623,-104.925611,6/27/2018 9:45,9:45,12,0,0,I25 & YALE AVENUE EAST,1,1,0,0,1,4,,0,65,0,0,0,0,0,1,2,7
,2018_33013,39.710147,-104.998269,6/1/2018 13:00,13:00,15,0,0,I25 NORTHBOUND ON RAMP ENTRANCE GORE POINT & SANTA FE DRIVE SOUTH,1,1,1,0,1,8,,0,40,0,0,0,0,0,1,2,13
,2018_33014,39.678367,-104.933559,1/26/2018 16:26,16:26,15,0,0,I25 & EVANS AVENUE EAST,1,1,0,0,1,4,,0,55,0,0,0,0,0,1,3,14
,2018_33015,39.678476,-104.933654,3/17/2018 20:08,20:08,12,0,0,I25 SOUTHBOUND OFF RAMP & EVANS AVENUE EAST,1,3,0,0,1,8,,0,35,0,0,0,0,0,1,2,5
,2018_33016,39.683094,-104.940452,2/20/2018 17:13,17:13,12,0,0,I25 & COLORADO BOULEVARD SOUTH INTRCHG,2,2,0,2,1,4,,0,50,0,0,0,0,0,1,2,13
,2018_33017,39.683094,-104.940452,9/17/2018 0:00,0:00,5,0,0,I25 & COLORADO BOULEVARD SOUTH,1,1,0,0,1,4,,0,55,0,0,0,0,0,1,1,1
,2018_33018,39.683129,-104.940605,2/20/2018 16:43,16:43,12,0,0,I25 & COLORADO BOULEVARD SOUTH,2,1,0,2,1,4,,0,50,0,0,0,0,0,1,2,13
,2018_33019,39.683941,-104.943699,6/17/2018 3:39,3:39,12,0,1,I25 & COLORADO BOULEVARD SOUTH,1,3,0,0,1,4,,0,60,0,0,0,0,1,1,2,1
,2018_33020,39.68492,-104.950436,6/12/2018 7:15,7:15,12,0,0,I25 SOUTHBOUND & STEELE STREET SOUTH,1,1,0,0,1,4,,0,50,0,0,0,0,0,1,2,13
,2018_33021,39.684921,-104.959322,1/5/2018 22:33,22:33,12,0,0,I25 & UNIVERSITY BOULEVARD SOUTH,1,3,0,0,1,4,,0,60,0,0,0,0,0,1,3,13
,2018_33022,39.68492,-104.959509,6/1/2018 8:02,8:02,12,0,0,I25 & UNIVERSITY BOULEVARD SOUTH,1,1,0,0,1,4,,0,60,0,0,0,0,0,1,2,3
,2018_33023,39.684893,-104.960467,11/24/2018 2:04,2:04,5,0,1,I25 & UNIVERSITY BOULEVARD SOUTH,1,3,0,0,3,4,,0,60,0,0,0,0,1,1,1,12
,2018_33025,39.697504,-104.982761,2/13/2018 8:54,8:54,12,0,0,I25 & LOGAN STREET SOUTH,1,1,0,0,1,4,,0,60,0,0,0,0,0,1,3,3
,2018_33026,39.705876,-104.995967,11/20/2018 17:48,17:48,12,0,0,I25 & SANTA FE DRIVE SOUTH,1,2,1,0,1,4,,0,55,0,0,0,0,0,1,2,13
,2018_33028,39.710974,-104.998764,7/18/2018 19:40,19:40,12,0,0,I25 SOUTHBOUND OFF RAMP EXIT GORE POINT & SANTA FE DRIVE SOUTH,1,1,0,0,1,8,,0,,0,0,0,0,0,1,2,13
,2018_33029,39.712628,-104.999753,5/21/2018 16:08,16:08,15,0,0,I25 & ALAMEDA AVENUE WEST,1,1,0,0,1,4,,0,65,0,0,0,0,0,1,2,1
,2018_33030,39.72244,-105.009858,9/7/2018 12:17,12:17,12,0,0,I25 & SIXTH AVENUE WEST,1,1,0,0,1,4,,0,55,0,0,0,0,0,1,2,13
,2018_33031,39.72244,-105.009858,10/18/2018 8:44,8:44,12,0,0,I25 SOUTHBOUND ON RAMP & SIXTH AVENUE WEST,1,1,1,0,1,8,,0,55,0,0,0,0,0,1,2,13
,2018_33032,39.722955,-105.010584,3/3/2018 14:42,14:42,12,0,0,I25 NORTHBOUND EXIT GORE POINT & SIXTH AVENUE WEST,1,1,0,1,1,4,,0,55,0,0,0,0,0,1,4,3
,2018_33034,39.722955,-105.010584,11/14/2018 12:26,12:26,12,0,0,I25 NORTHBOUND EXIT GORE POINT & SIXTH AVENUE WEST,1,1,1,0,1,4,,0,55,0,0,0,0,0,1,2,1
,2018_33035,39.725048,-105.01273,12/29/2018 17:53,17:53,12,0,0,I25 & SIXTH AVENUE WEST,1,3,0,0,1,4,,0,55,0,0,0,0,0,1,3,1
,2018_33036,39.725165,-105.012815,10/11/2018 6:52,6:52,15,0,0,I25 SOUTHBOUND ON RAMP & SIXTH AVENUE WEST,1,2,0,0,1,8,,0,55,0,0,0,0,0,1,2,3
,2018_33037,39.725281,-105.012899,6/5/2018 13:30,13:30,12,0,0,I25 & SIXTH AVENUE WEST,1,1,0,0,1,4,,0,55,0,0,0,0,0,1,3,12
,2018_33038,39.729265,-105.014796,5/23/2018 11:33,11:33,12,0,0,I25 & EIGHTH AVENUE WEST,1,1,1,0,1,4,,0,55,0,0,0,0,0,1,3,13
,2018_33039,39.729265,-105.014796,11/21/2018 13:49,13:49,12,0,1,I25 & SIXTH AVENUE WEST,1,1,0,0,1,4,,0,65,0,0,0,0,2,1,3,13
,2018_33040,39.729265,-105.014796,11/28/2018 15:53,15:53,15,0,0,I25 & EIGHTH AVENUE WEST,1,1,0,0,1,4,,0,65,0,0,0,0,0,1,2,1
,2018_33041,39.729265,-105.014796,12/13/2018 6:42,6:42,12,0,1,I25 & EIGHTH AVENUE WEST,1,1,0,0,1,4,,0,55,0,0,0,0,1,1,2,14
,2018_33042,39.730335,-105.015179,3/8/2018 12:44,12:44,12,0,0,I25 NORTHBOUND ENTRANCE GORE POINT & SIXTH AVENUE WEST,1,1,0,0,1,4,,0,55,0,0,0,0,0,1,2,1
,2018_33043,39.740059,-105.013916,10/14/2018 1:59,1:59,5,0,2,I25 SOUTHBOUND ON RAMP & COLFAX AVENUE WEST,2,3,1,1,2,8,,0,25,0,0,0,0,2,1,1,5
,2018_33044,39.742771,-105.015357,4/17/2018 7:02,7:02,12,0,0,I25 & 17TH AVENUE WEST OFFSET REF NOT IN TCORIS,1,1,0,0,1,4,,0,55,0,0,0,0,0,1,2,13
,2018_33045,39.743733,-105.016365,5/21/2018 15:53,15:53,12,0,1,I25 & 17TH AVENUE WEST,1,1,1,0,1,4,,0,,0,0,0,0,1,1,3,13
,2018_33046,39.743733,-105.016365,10/16/2018 13:32,13:32,15,0,0,I25 & 17TH AVENUE WEST  NOT IN CORIS,1,1,1,0,1,4,,0,55,0,0,0,0,0,1,2,13
,2018_33047,39.746664,-105.018145,11/21/2018 19:00,19:00,12,0,0,I25 & COLFAX AVENUE WEST,1,3,0,0,1,4,,0,65,0,0,0,0,0,1,2,13
,2018_33048,39.75115,-105.016647,2/27/2018 7:43,7:43,12,0,2,I25 & 23RD AVENUE WEST,1,1,0,0,1,4,,0,55,0,0,0,0,1,1,2,14
,2018_33049,39.751295,-105.016566,6/12/2018 16:44,16:44,12,0,0,I25 & 23RD AVENUE WEST,1,1,0,0,1,4,,0,65,0,0,0,0,0,1,3,1
,2018_33050,39.751295,-105.016566,10/29/2018 6:52,6:52,12,0,0,I25 & 23RD AVENUE WEST,1,2,0,0,1,4,,0,55,0,0,0,0,0,1,3,5
,2018_33051,39.755118,-105.012754,10/16/2018 15:31,15:31,12,0,0,I25 & SPEER BOULEVARD NORTH,1,1,0,0,1,4,,0,,0,0,0,0,0,1,3,13
,2018_33052,39.755872,-105.011706,7/9/2018 17:26,17:26,12,0,0,I25 & SPEER BOULEVARD,1,1,0,0,1,4,,0,55,0,0,0,0,0,1,2,13
,2018_33053,39.760997,-105.004271,1/3/2018 15:53,15:53,12,0,0,I25 & 20TH STREET,1,1,0,0,1,4,,0,65,0,0,0,0,0,1,2,2
,2018_33055,39.760997,-105.004271,2/9/2018 17:47,17:47,3,0,0,20TH STREET & I25 SOUTHBOUND OFF RAMP,4,3,0,2,1,1,,0,30,0,0,0,0,0,1,2,13
,2018_33056,39.760997,-105.004271,4/13/2018 16:16,16:16,12,0,0,20TH STREET & I25 NORTHBOUND RAMPS,1,1,0,0,1,1,,0,30,0,0,0,0,0,1,2,13
,2018_33057,39.761448,-105.003685,3/4/2018 19:21,19:21,12,0,0,I25 & 20TH STREET,1,3,0,0,1,4,,0,55,0,0,0,0,0,1,3,3
,2018_33058,39.761677,-105.003406,2/3/2018 12:30,12:30,12,0,0,I25 & 20TH STREET,1,1,0,0,1,4,,0,55,0,0,0,0,0,1,2,13
,2018_33059,39.761677,-105.003406,8/20/2018 18:14,18:14,12,0,0,I25 & 20TH STREET,1,1,0,0,1,4,,0,55,0,0,0,0,0,1,2,13
,2018_33060,39.768049,-104.994761,8/7/2018 15:38,15:38,12,0,0,I25 & PARK AVENUE WEST,1,1,1,0,1,4,,0,55,0,0,0,0,0,1,3,13
,2018_33061,39.768049,-104.994761,11/15/2018 7:28,7:28,12,0,0,I25 & PARK AVENUE WEST,1,1,0,0,1,4,,0,55,0,0,0,0,0,1,3,1
,2018_33062,39.768049,-104.994761,5/27/2018 0:50,0:50,1,0,1,PARK AVENUE WEST & I25 NORTHBOUND ON RAMP,1,3,0,0,1,1,,0,35,0,0,0,0,1,1,2,7
,2018_33063,39.772322,-104.989941,1/2/2018 10:41,10:41,15,0,0,I25 SBSPLIT/ MERGE LANE FROM & I70 EASTBOUND,1,1,0,0,1,4,,0,55,0,0,0,0,0,1,2,13
,2018_33064,39.776883,-104.989202,3/12/2018 7:58,7:58,15,0,0,I25 & I70,1,1,0,0,1,4,,0,55,0,0,0,0,0,1,2,14
,2018_33065,39.779391,-104.989164,1/10/2018 17:13,17:13,15,0,0,I25 & I70,2,3,1,1,1,4,,0,55,0,0,0,0,0,1,2,13
,2018_33066,39.779391,-104.989164,5/6/2018 13:04,13:04,15,0,0,I25 & I70,1,1,0,0,1,4,,0,55,0,0,0,0,0,1,2,13
,2018_33067,39.779391,-104.989164,5/10/2018 12:54,12:54,12,0,3,I25 & I70,1,1,1,0,1,4,,0,55,0,0,0,1,2,1,3,3
,2018_33068,39.779391,-104.989164,10/9/2018 17:19,17:19,15,0,0,I25 & I70,2,1,0,1,1,4,,0,55,0,0,0,0,0,1,2,13
,2018_33107,39.711184,-105.00062,3/30/2018 15:04,15:04,1,0,1,PLATTE RIVER DRIVE SOUTH & ALAMEDA AVENUE WEST,1,1,0,0,1,1,,0,35,0,0,0,0,2,2,2,13
,2018_33108,39.711192,-104.99993,11/4/2018 12:10,12:10,3,0,0,ALAMEDA AVENUE WEST & I25 SOUTHBOUND OFF RAMP,1,1,0,0,1,1,,0,35,0,0,0,0,0,2,2,3
,2018_33109,39.6531,-104.906662,1/11/2018 18:12,18:12,1,0,0,HAMPDEN AVENUE 7000 BLOCK EAST & OLEANDER COURT SOUTH,1,3,0,0,1,2,,0,40,0,0,0,0,0,2,2,3
,2018_33111,39.653032,-104.872803,7/11/2018 20:25,20:25,12,0,0,HAMPDEN AVENUE 9700 BLOCK EAST & FLORENCE STREET SOUTH,1,2,0,0,1,4,,0,45,0,0,0,0,0,2,2,14
,2018_33112,39.653032,-104.872803,10/30/2018 7:37,7:37,12,0,0,HAMPDEN AVENUE EAST & FLORENCE STREET SOUTH,1,1,0,0,1,4,,0,45,0,0,0,0,0,2,2,3
,2018_33113,39.656988,-104.866396,9/3/2018 22:06,22:06,12,0,2,GIRARD AVENUE EAST & HAVANA STREET SOUTH,1,3,0,0,1,1,,0,45,0,0,0,0,1,2,2,3
,2018_33114,39.666198,-104.866169,7/23/2018 7:33,7:33,15,0,0,HAVANA STREET 2700 SOUTH & YALE AVENUE EAST,1,1,0,0,1,4,,0,40,0,0,0,0,0,2,2,1
,2018_33115,39.669351,-104.866091,4/21/2018 0:20,0:20,12,0,0,HAVANA STREET SOUTH & PARKER ROAD SOUTH,2,3,0,1,1,1,,0,30,0,0,0,0,0,2,2,13
,2018_33141,39.785075,-104.899542,1/21/2018 4:27,4:27,5,0,0,NORTHFIELD QUEBEC STREET NORTHBOUND RAMP OFF & NORTHFIELD BOULEVARD EAST EXIT GORE,4,3,1,2,2,8,,0,35,0,0,0,0,0,2,1,13
,2018_33142,39.785531,-104.899639,11/11/2018 18:11,18:11,12,0,0,NORTHFIELD BOULEVARD EAST & QUEBEC STREET NORTH APPROXIMATELY,5,3,1,2,1,4,,0,40,0,0,0,0,0,2,2,7
,2018_33143,39.793504,-104.903381,10/4/2018 6:21,6:21,1,0,0,QUEBEC STREET NORTH & 53RD PLACE EAST,1,1,0,0,1,1,,0,40,0,0,0,0,0,2,2,3
,2018_33144,39.793504,-104.903381,11/19/2018 2:28,2:28,1,0,2,QUEBEC STREET NORTH & 53RD PLACE EAST,1,3,0,0,1,1,,0,45,0,0,0,0,2,2,2,13
,2018_33175,39.780648,-104.813451,6/8/2018 21:03,21:03,6,0,0,FONTANA COURT NORTH & BOLLING DRIVE EAST,1,3,1,0,3,4,,0,25,0,0,0,0,0,4,2,5
,2018_33186,39.740333,-105.043992,8/10/2018 6:44,6:44,12,0,1,COLFAX AVENUE WEST & TENNYSON STREET NORTH,1,1,0,0,1,1,,0,35,0,0,0,0,1,2,2,14
,2018_33187,39.740334,-105.042865,10/10/2018 13:22,13:22,3,0,0,STUART STREET NORTH & COLFAX AVENUE WEST,1,1,1,0,1,1,,0,25,0,0,0,0,0,2,2,13
,2018_33188,39.740325,-105.025361,2/5/2018 19:49,19:49,12,0,0,COLFAX AVENUE WEST & FEDERAL BOULEVARD NORTH,1,3,0,0,1,4,,0,35,0,0,0,0,0,2,2,13
,2018_33189,39.740378,-105.024183,12/28/2018 2:40,2:40,5,0,0,COLFAX AVENUE 2900 BLOCK WEST & FEDERAL BOULEVARD NORTH,1,3,0,0,2,4,,0,40,0,0,0,0,0,2,1,14
,2018_33190,39.740402,-105.018297,9/16/2018 18:35,18:35,12,0,0,COLFAX AVENUE WEST & CANOSA COURT NORTH,1,1,0,0,1,4,,0,35,0,0,0,0,0,2,2,13
,2018_33191,39.740345,-105.015536,2/25/2018 11:37,11:37,3,0,0,COLFAX AVENUE WEST & I25 SOUTHBOUND OFF RAMP,1,1,0,0,1,1,,0,40,0,0,0,0,0,2,2,13
,2018_33192,39.740345,-105.015536,9/10/2018 10:31,10:31,15,0,0,COLFAX AVENUE WEST & I25 SOUTHBOUND OFF RAMP,1,1,0,0,1,1,,0,35,0,0,0,0,0,2,2,13
,2018_33193,39.740304,-105.013563,9/5/2018 8:55,8:55,15,0,0,COLFAX AVENUE WEST & I25,1,1,0,0,1,4,,0,30,0,0,0,0,0,2,2,7
,2018_33194,39.7403,-105.013366,11/13/2018 18:20,18:20,12,0,0,COLFAX AVENUE WB ON RAMP & AURARIA PARKWAY,1,3,1,0,1,8,,0,35,0,0,0,0,0,2,3,13
,2018_33195,39.740296,-105.013169,10/10/2018 19:07,19:07,12,0,1,COLFAX AVENUE WEST & AURARIA PARKWAY,1,3,0,0,1,4,,0,45,0,0,0,0,1,2,3,13
,2018_33196,39.74028,-105.01238,3/27/2018 11:50,11:50,15,0,0,COFLAX AVENUE WEST & I25 NORTHBOUND OFF RAMP,1,1,0,0,1,4,,0,35,0,0,0,0,0,2,2,14
,2018_33197,39.740084,-105.005404,11/11/2018 7:30,7:30,12,0,0,COLFAX AVENUE 1500 BLOCK WEST & OSAGE STREET NORTH,4,1,1,2,1,4,,0,35,0,0,0,0,0,2,2,13
,2018_33198,39.740028,-105.002766,2/21/2018 9:52,9:52,15,0,0,COLFAX AVENUE WEST & MARIPOSA STREET,2,1,0,2,1,3,,0,35,0,0,0,0,0,2,2,14
,2018_33199,39.740048,-104.999933,7/24/2018 18:52,18:52,1,0,1,COLFAX AVENUE WEST & KALAMATH STREET NORTH,1,1,0,0,1,1,,0,30,0,0,0,0,1,2,2,13
,2018_33200,39.740019,-104.994112,10/11/2018 10:46,10:46,15,0,0,COLFAX AVENUE 437 WEST & TREMONT PLACE,1,1,0,0,1,1,,0,30,0,0,0,0,0,2,2,14
,2018_33201,39.739998,-104.990186,7/22/2018 2:32,2:32,5,0,0,COLFAX AVENUE w & BANNOCK STREET,1,3,1,0,3,4,,0,30,0,0,0,0,0,2,1,13
,2018_33202,39.739998,-104.990186,10/19/2018 16:40,16:40,12,0,0,COLFAX AVENUE 100 BLOCK WEST & BANNOCK STREET NORTH,1,1,0,0,1,4,,0,35,0,0,0,0,0,2,2,1
,2018_33203,39.740028,-104.982228,12/16/2018 11:45,11:45,15,0,0,COLFAX AVENUE EAST & LOGAN STREET NORTH,1,1,0,0,1,3,,0,30,0,0,0,0,0,2,2,13
,2018_33204,39.740007,-104.973426,11/17/2018 15:25,15:25,10,0,0,COLFAX AVENUE EAST & DOWNING STREET NORTH,2,1,0,2,1,1,,0,30,0,0,0,0,0,2,2,13
,2018_33205,39.739993,-104.96516,4/29/2018 2:15,2:15,15,0,0,COLFAX AVENUE 1800 BLOCK EAST & HIGH STREET NORTH,1,3,0,0,1,4,,0,35,0,0,0,0,0,2,5,1
,2018_33206,39.740176,-104.954823,3/6/2018 13:00,13:00,6,0,0,COLFAX AVENUE 2800 BLOCK EAST & DETROIT STREET NORTH,1,1,0,0,1,4,,0,30,0,0,0,0,0,2,2,3
,2018_33207,39.740174,-104.95407,2/12/2018 13:12,13:12,12,0,0,COLFAX AVENUE 2800 BLOCK EAST & DETROIT STREET NORTH,1,1,0,0,1,4,,0,30,0,0,0,0,0,2,2,1
,2018_33208,39.740155,-104.948237,8/19/2018 16:28,16:28,15,0,0,COLFAX AVENUE EAST & ADAMS STREET NORTH,1,1,0,0,1,4,,0,30,0,0,0,0,0,2,2,8
,2018_33209,39.780058,-104.9894,7/22/2018 12:55,12:55,15,0,0,I70 & I25,1,1,1,0,1,4,,0,55,0,0,0,0,0,1,2,4
,2018_33210,39.740057,-104.933581,6/13/2018 12:16,12:16,12,0,0,COLFAX AVENUE 7100 BLOCK EAST & 7100 BLOCK EAST,1,1,0,0,1,4,,0,40,0,0,0,0,0,2,2,14
,2018_33215,39.76845245,-104.926968,6/8/2018 13:00,13:00,6,0,0,FOREST STREET & 1400 BLOCK NORTH,1,1,0,0,1,2,,0,25,0,0,0,0,0,4,2,13