id,drcog_id,latitude,longitude,crashtime,time,crashtype,numbkilled,numbinjurd,drcoglocat,rdconditin,lightngcon,roadcntgrd,weatherco,location,roaddescrp,schoolzone,constrzone,splimit,bikeinv,pedinv,sctrinv,motoinv,svrty,rdsystem,ttlvehcls,hcf
,2018_33227,39.773538,-104.841432,2/19/2018 19:20,19:20,5,0,0,I70 WB ON RAMP & I70 WB ON RAMP ENTRANCE GORE POINT FROM I225,5,4,1,2,2,8,,0,50,0,0,0,0,0,1,1,13
,2018_33256,39.78372,-105.05273,1/29/2018 15:31,15:31,5,0,0,I70 WB SLIP RAMP OFF & SHERIDAN BOULEVARD NORTH NORTHBOUND,1,1,1,0,3,8,,0,65,0,0,0,0,0,1,1,5
,2018_33257,39.783833,-105.021561,1/7/2018 23:47,23:47,12,0,0,I70 & FEDERAL BOULEVARD NORTH,1,3,0,0,1,4,,0,55,0,0,0,0,0,1,2,13
,2018_33258,39.783149,-105.006371,6/13/2018 7:55,7:55,12,0,0,I70 & PECOS STREET NORTH,1,1,0,0,1,4,,0,55,0,0,0,1,0,1,2,13
,2018_33259,39.783149,-105.006371,6/29/2018 16:02,16:02,12,0,0,I70 & PECOS STREET NORTH,1,1,1,0,1,4,,0,55,0,0,0,0,0,1,2,3
,2018_33261,39.783477,-105.002751,4/5/2018 8:43,8:43,12,0,1,I70 & PECOS STREET ON RAMP GORE,1,1,0,0,1,4,,0,55,0,0,0,0,1,1,2,14
,2018_33262,39.779425,-104.978817,4/10/2018 7:01,7:01,12,0,0,I70 WB OFF SLIP RAMP & WASHINGTON STREET,1,1,0,0,1,8,,0,45,0,0,0,0,0,1,2,13
,2018_33263,39.779712,-104.971231,4/25/2018 10:58,10:58,15,0,0,I70 & MM 275 APPROXIMATELY,1,1,0,0,1,4,,0,55,0,0,0,0,0,1,2,1
,2018_33264,39.779777,-104.96979,8/1/2018 7:57,7:57,12,0,0,I70 & YORK STREET NORTH,1,1,0,0,1,4,,0,55,0,0,0,0,0,1,2,13
,2018_33265,39.779942,-104.966087,9/4/2018 17:24,17:24,15,0,1,I70 & BRIGHTON BOULEVARD NORTH,1,1,0,0,1,4,,0,55,0,0,0,0,2,1,2,5
,2018_33266,39.780016,-104.954353,1/3/2018 17:19,17:19,12,0,0,I70 & VASQUEZ BOULEVARD NORTH,1,3,0,0,1,4,,0,55,0,0,0,0,0,1,3,13
,2018_33267,39.779999,-104.949951,11/15/2018 1:10,1:10,5,0,0,I70 & STEELE STREET,1,3,0,0,1,4,,0,55,0,0,0,0,0,1,2,13
,2018_33268,39.779974,-104.945579,8/27/2018 12:12,12:12,15,0,0,I70 & STEELE STREET NORTH / VASQUEZ BOULEVARD NORTHBOUND OFF RAMP,1,1,0,0,1,4,,0,55,0,0,0,0,0,1,2,13
,2018_33269,39.779946,-104.94044,4/29/2018 16:31,16:31,15,0,0,I70 & COLORADO BOULEVARD NORTH,1,1,0,0,1,4,,0,55,0,0,0,0,0,1,2,4
,2018_33270,39.780013,-104.937874,2/9/2018 17:30,17:30,12,0,0,I70 & COLORADO BOULEVARD NORTH WB EXIT GORE POINT,2,2,0,2,1,4,,0,65,0,0,0,0,0,1,3,12
,2018_33271,39.780062,-104.936703,1/20/2018 21:15,21:15,5,0,0,I70 & DAHLIA STREET NORTH,6,3,0,0,3,4,,0,55,0,0,0,0,0,1,1,1
,2018_33272,39.780032,-104.931784,1/18/2018 16:24,16:24,12,0,0,I70 & DAHLIA STREET NORTH APPROXIMATELY,1,1,0,0,1,4,,0,55,0,0,0,0,0,1,2,3
,2018_33273,39.778295,-104.904183,12/5/2018 15:56,15:56,12,0,0,I70 & NORTHFIELD NORTH QUEBEC STREET,1,1,0,0,1,4,,0,55,0,0,0,0,0,1,2,2
,2018_33274,39.778295,-104.903454,6/28/2018 15:26,15:26,12,0,0,I70 & QUEBEC STREET NORTH,1,1,1,0,1,4,,0,55,0,0,0,0,0,1,2,4
,2018_33275,39.778296,-104.902725,7/8/2018 0:25,0:25,5,0,0,I70 EASTBOUND & QUEBEC STREET NORTH,1,3,0,0,3,4,,0,55,0,0,0,0,0,1,1,14
,2018_33276,39.778296,-104.901813,11/15/2018 8:49,8:49,15,0,0,I70 EASTBOUND ON RAMP & QUEBEC STREET NORTH,1,1,0,0,1,8,,0,35,0,0,0,0,0,1,2,1
,2018_33277,39.777122,-104.882764,6/30/2018 2:40,2:40,12,0,0,I70 EASTBOUND & CENTRAL PARK BOULEVARD,1,3,0,0,1,4,,0,55,0,0,0,0,0,1,3,1
,2018_33278,39.777122,-104.882764,9/23/2018 20:42,20:42,15,0,0,I70 & CENTRAL PARK BOULEVARD NORTH,1,3,0,0,1,4,,0,55,0,0,0,0,0,1,2,14
,2018_33279,39.777122,-104.882764,11/6/2018 8:00,8:00,12,0,0,I70 & CENTRAL PARK BOULEVARD NORTH,1,1,0,0,1,4,,0,55,0,0,0,0,0,1,2,13
,2018_33280,39.777001,-104.881444,3/9/2018 18:30,18:30,15,0,0,I70 & I270 WB DIRECT CONNECT,1,1,0,0,1,4,,0,65,0,0,0,0,0,1,2,13
,2018_33281,39.775541,-104.864725,7/10/2018 12:47,12:47,12,0,0,I70 EASTBOUND OFF LOOP RAMP & HAVANA STREET NORTH,1,1,0,0,1,8,,0,25,0,0,0,0,0,1,2,13
,2018_33282,39.774015,-104.846978,1/7/2018 14:56,14:56,12,0,0,I70 EASTBOUND SLIP RAMP OFF & PEORIA STREET NORTH,1,1,0,0,1,8,,0,55,0,0,0,0,0,1,2,13
,2018_33283,39.773999,-104.846793,1/12/2018 9:15,9:15,12,0,0,PEORIA STREET NORTH & I70 EASTBOUND RAMP OFF,1,1,0,0,1,1,,0,35,0,0,0,0,0,1,2,13
,2018_33284,39.773999,-104.846793,2/23/2018 17:05,17:05,1,0,0,PEORIA STREET NORTH & I70 EASTBOUND RAMPS,1,1,0,0,1,1,,0,35,0,0,0,0,0,1,2,13
,2018_33285,39.773999,-104.846793,6/27/2018 11:37,11:37,12,0,0,PEORIA STREET NORTH & I70 EASTBOUND ON RAMP,1,1,0,0,1,1,,0,25,0,0,0,0,0,1,2,13
,2018_33331,39.783609,-104.791392,12/18/2018 8:30,8:30,5,0,0,GREEN VALLEY RANCH BOULEVARD & PENA BOULEVARD,2,1,0,0,1,1,,0,35,0,0,0,0,0,4,1,13
,2018_33350,39.67476,-104.870723,7/10/2018 11:11,11:11,12,0,0,PARKER ROAD SOUTH & ILIFF AVENUE EAST,1,1,0,0,1,1,,0,35,0,0,0,0,0,2,2,3
,2018_33356,39.696958,-104.899174,7/7/2018 11:04,11:04,9,0,1,PARKER ROAD SOUTH & MISSISSIPPI AVENUE EAST,1,1,1,0,1,4,,0,35,0,0,0,1,2,2,1,1
,2018_33357,39.698614,-104.903606,1/26/2018 13:16,13:16,12,0,0,PARKER ROAD SOUTH & QUEBEC STREET SOUTH,1,1,0,0,1,1,,0,35,0,0,0,0,0,2,2,1
,2018_33358,39.698614,-104.903606,6/8/2018 10:50,10:50,12,0,0,LEETSDALE DRIVE & QUEBEC STREET SOUTH,1,1,0,0,1,1,,0,30,0,0,0,0,0,2,3,1
,2018_33359,39.700261,-104.908227,6/18/2018 17:45,17:45,12,0,0,LEETSDALE DRIVE & ONEIDA STREET SOUTH,1,1,0,0,1,1,,0,30,0,0,0,0,0,2,2,13
,2018_33360,39.702873,-104.912747,11/1/2018 16:20,16:20,12,0,0,LEETSDALE DRIVE & MONACO PARKWAY,1,1,0,0,1,4,,0,35,0,0,0,0,0,2,2,13
,2018_33361,39.703125,-104.913196,10/15/2018 19:17,19:17,15,0,2,LEETSDALE DRIVE & MONACO PARKWAY,1,3,0,0,1,3,,0,35,0,0,0,0,2,2,4,13
,2018_33363,39.70385,-104.914592,4/16/2018 8:45,8:45,1,0,0,EXPOSITION AVENUE EAST & LEETSDALE DRIVE,1,1,0,0,1,1,,0,40,0,0,0,0,0,2,2,13
,2018_33364,39.707593,-104.923727,6/15/2018 14:34,14:34,12,0,1,HUDSON STREET SOUTH & LEETSDALE DRIVE,1,1,0,0,1,4,,0,35,0,0,0,0,1,2,2,3
,2018_33365,39.709165,-104.931536,10/2/2018 18:20,18:20,1,0,0,LEETSDALE DRIVE & DAHLIA STREET SOUTH,1,1,0,0,1,1,,0,25,0,0,0,0,0,2,2,1
,2018_33372,39.696718,-105.025071,6/25/2018 15:10,15:10,5,0,0,FEDERAL BOULEVARD SOUTH & MISSISSIPPI AVENUE WEST,1,1,0,0,1,3,,0,40,0,0,0,0,0,2,2,3
,2018_33382,39.718398,-105.025153,6/11/2018 16:18,16:18,1,0,1,FIRST AVENUE WEST  & FEDERAL BOULEVARD NORTH,1,1,0,0,1,1,,0,35,0,0,0,0,1,2,2,13
,2018_33388,39.687439,-104.991942,6/3/2018 13:03,13:03,10,0,2,SANTA FE DRIVE SOUTH & IOWA AVENUE WEST,1,1,0,0,6,1,,0,55,0,0,0,0,1,2,4,14
,2018_33389,39.688195,-104.991931,6/26/2018 10:57,10:57,12,0,0,SANTA FE DRIVE SOUTH & FLORIDA AVENUE WEST,1,1,0,0,1,4,,0,35,0,0,0,0,0,2,3,1
,2018_33390,39.691444,-104.99355,1/9/2018 12:30,12:30,12,0,0,SANTA FE DRIVE SOUTH & FLORIDA AVENUE WEST,1,1,0,0,1,4,,0,45,0,0,0,0,0,2,2,13
,2018_33391,39.696679,-104.991877,11/8/2018 18:32,18:32,3,0,0,MISSISSIPPI AVENUE WEST & PLATTE RIVER DRIVE SOUTH,1,3,0,0,1,1,,0,40,0,0,0,0,0,2,2,13
,2018_33397,39.725357,-105.025125,10/6/2018 2:21,2:21,15,0,0,FEDERAL BOULEVARD NORTH & SIXTH AVENUE WB RAMPS,2,3,0,1,1,1,,0,30,0,0,0,0,0,2,2,1
,2018_33398,39.718102,-105.025149,4/17/2018 19:53,19:53,3,0,0,FEDERAL BOULEVARD NORTH & FIRST AVENUE WEST,1,3,0,0,1,1,,0,35,0,0,0,0,0,2,2,7
,2018_33399,39.6892,-105.025042,1/18/2018 8:01,8:01,5,0,0,FEDERAL BOULEVARD SOUTH & FLORIDA AVENUE WEST,1,1,0,0,3,1,,0,,0,0,0,0,0,2,2,13
,2018_33400,39.684925,-105.025026,5/22/2018 12:45,12:45,12,0,0,FEDERAL BOULEVARD 1700 BLOCK SOUTH & FEDERAL BOULEVARD 1700 BLOCK SOUTH,1,1,0,0,1,4,,0,30,0,0,0,0,0,2,3,3
,2018_33401,39.678921,-105.025034,10/27/2018 16:24,16:24,8,0,1,FEDERAL BOULEVARD SOUTH & EVANS AVENUE WEST,1,1,0,0,1,4,,0,5,0,0,0,0,1,2,3,1
,2018_33402,39.678775,-105.025035,7/1/2018 10:30,10:30,12,0,0,FEDERAL BOULEVARD SOUTH & EVANS AVENUE WEST,1,1,0,0,1,4,,0,40,0,0,0,0,0,2,2,13
,2018_33403,39.6712,-105.025075,8/27/2018 7:16,7:16,15,0,0,FEDERAL BOULEVARD 2500 BLOCK SOUTH & VASSER AVENUE WEST,1,1,0,0,1,4,,0,35,0,0,0,0,0,2,2,13
,2018_33425,39.635522,-104.893462,10/20/2018 3:23,3:23,5,0,0,I225 & TAMARAC STREET SOUTH,1,3,0,0,3,4,,0,55,0,0,0,0,0,1,1,5
,2018_33426,39.656087,-105.053224,5/9/2018 21:31,21:31,10,0,0,DARTMOUTH AVENUE WEST & SHERIDAN BOULEVARD SOUTH,1,3,0,0,1,1,,0,30,0,0,0,0,0,2,2,8
,2018_33427,39.682251,-105.053195,9/24/2018 20:00,20:00,3,0,0,SHERIDAN BOULEVARD SOUTH & JEWELL AVENUE WEST,1,3,0,0,1,2,,0,40,0,0,0,0,0,2,2,13
,2018_33442,39.630502,-104.905067,5/30/2018 12:27,12:27,12,0,0,I225 & I25,1,1,0,0,1,8,,0,55,0,0,0,0,0,1,2,13
,2018_33457,39.614744,-105.091145,5/15/2018 15:00,15:00,12,0,0,HIGHWAY 121 & MM 4,1,1,0,0,1,3,,0,45,0,0,0,0,0,2,2,12
,2018_33458,39.630207,-105.08671,9/17/2018 15:34,15:34,12,0,1,WADSWORTH BOULEVARD SOUTH & LAYTON AVENUE WEST,1,1,0,0,1,4,,0,45,0,0,0,0,1,2,2,3
,2018_33512,39.629971,-104.904921,8/3/2018 12:00,12:00,12,0,2,I225 SOUTHBOUND OFF RAMP & I25 NORTHBOUND                I,1,1,0,0,1,8,,0,45,0,0,0,0,1,1,2,13
,2018_33513,39.630288,-104.905053,8/11/2018 16:55,16:55,15,0,0,I225 NORTHBOUND ON RAMP & I25,1,1,0,0,1,8,,0,60,0,0,0,0,0,1,2,14
,2018_33514,39.630837,-104.905088,9/8/2018 5:03,5:03,5,0,0,I225 NORTHBOUND ON RAMP & I25,1,3,0,0,3,8,,0,45,0,0,0,0,0,1,1,13
,2018_33515,39.631611,-104.904998,1/5/2018 18:13,18:13,12,0,0,I225 SOUTHBOUND OFF RAMP & I25 NORTHBOUND,1,3,0,0,1,8,,0,55,0,0,0,0,0,1,2,13
,2018_33516,39.634114,-104.902134,4/2/2018 8:00,8:00,12,0,0,I225 & I25 OFF RAMP SPLIT,1,1,0,0,1,4,,0,55,0,0,0,0,0,1,2,13
,2018_33517,39.634219,-104.901594,9/8/2018 11:47,11:47,12,0,0,I225 & I25,1,1,0,0,1,4,,0,55,0,0,0,0,0,1,2,13
,2018_33518,39.635522,-104.893462,6/6/2018 13:12,13:12,5,0,0,I225 & TAMARAC STREET SOUTH,1,1,1,0,2,4,,0,60,0,0,0,0,0,1,1,1
,2018_33519,39.63556,-104.89332,7/1/2018 1:22,1:22,15,0,1,I225 NORTHBOUND SLIP ON & DTC BOULEVARD,1,3,0,0,1,8,,0,35,0,0,0,0,1,1,2,1
,2018_33520,39.635986,-104.891947,9/21/2018 13:59,13:59,15,0,2,I225 & MM .90,1,1,0,0,1,4,,0,65,0,0,0,0,2,1,2,13
,2018_33521,39.639223,-104.885207,4/3/2018 17:10,17:10,12,0,0,I225 SOUTHBOUND ON RAMP & YOSEMITE STREET,1,1,0,0,1,4,,0,35,0,0,0,0,0,1,2,13
,2018_33522,39.639223,-104.885207,8/6/2018 15:22,15:22,12,0,0,YOSEMITE STREET SOUTH & I225,1,1,0,0,1,4,,0,35,0,0,0,0,0,1,2,5
,2018_33523,39.639385,-104.884877,7/17/2018 8:22,8:22,15,0,0,I225 & YOSEMITE STREET SOUTH,1,1,0,0,1,4,,0,50,0,0,0,0,0,1,2,3
,2018_33561,39.776836,-104.890544,11/6/2018 16:36,16:36,12,0,2,I270 EASTBOUND OFF RAMP TO & CENTRAL PARK BOULEVARD NORTH,1,1,1,0,1,8,,0,55,0,0,0,0,1,1,3,3
,2018_33562,39.777019,-104.883061,5/21/2018 16:05,16:05,15,0,0,I270 & CENTRAL PARK BOULEVARD NORTH,1,1,1,0,1,4,,0,55,0,0,0,0,0,1,2,13
,2018_33570,39.654191,-105.036656,4/17/2018 8:40,8:40,12,0,0,HAMPDEN AVENUE 3800 BLOCK WEST & LOWELL BOULEVARD SOUTH,1,1,0,0,1,4,,0,55,0,0,0,0,0,2,2,13
,2018_33578,39.652979,-104.918863,5/25/2018 11:04,11:04,12,0,0,HAMPDEN AVENUE EAST & I25 SOUTHBOUND RAMPS,1,1,0,0,1,3,,0,40,0,0,0,0,0,2,2,13
,2018_33579,39.652978,-104.917698,8/14/2018 10:09,10:09,3,0,1,HAMPDEN AVENUE EAST & I25 NORTHBOUND RAMPS,1,1,0,0,1,1,,0,45,0,0,0,0,1,2,2,3
,2018_33580,39.742885,-105.025211,7/18/2018 15:42,15:42,3,0,0,FEDERAL BOULEVARD 1600 BLOCK NORTH & 16TH AVENUE WEST,1,1,0,0,1,2,,0,35,0,0,0,0,0,2,2,13
,2018_33581,39.754834,-105.025131,12/2/2018 2:12,2:12,3,0,2,26TH AVENUE WEST & FEDERAL BOULEVARD NORTH,1,3,0,0,1,1,,0,35,0,0,0,0,1,2,2,13
,2018_33582,39.764384,-105.025163,6/12/2018 8:42,8:42,12,0,0,FEDERAL BOULEVARD NORTH & 34TH AVENUE WEST,1,1,0,0,1,1,,0,30,0,0,0,0,0,2,3,3
,2018_33583,39.784707,-105.025224,3/10/2018 10:43,10:43,1,0,0,FEDERAL BOULEVARD NORTH & I70 WB RAMPS,1,1,0,0,1,1,,0,35,0,0,0,0,0,2,2,13
,2018_33584,39.784707,-105.025224,6/22/2018 12:53,12:53,1,0,1,FEDERAL BOULEVARD NORTH & I70 WB RAMPS,1,1,1,0,1,1,,0,35,0,0,0,0,2,2,2,13
,2018_33585,39.787424,-105.025217,1/11/2018 10:51,10:51,3,0,0,REGIS BOULEVARD / 50TH AVENUE WEST & FEDERAL BOULEVARD NORTH,1,1,0,0,1,1,,0,35,0,0,0,0,0,2,2,13
,2018_33683,39.827695,-104.747181,4/3/2018 9:56,9:56,12,0,0,E470 & RTD LIGHT RAIL,1,1,0,0,1,4,,0,75,0,0,0,0,0,2,2,13
,2018_33690,39.668673,-104.940609,9/5/2018 18:31,18:31,1,0,0,YALE AVENUE EAST  & COLORADO BOULEVARD,2,3,0,0,1,1,,0,35,0,0,0,0,0,2,2,13
,2018_33691,39.671501,-104.940617,12/28/2018 21:24,21:24,3,0,0,COLORADO BOULEVARD 2433 BLOCK SOUTH & DICKENSON PLACE EAST,1,3,0,0,1,2,,0,40,0,0,0,0,0,2,2,5
,2018_33692,39.672208,-104.940619,9/27/2018 17:00,17:00,12,0,0,COLORADO BOULEVARD SOUTH & DICKENSON PLACE EAST,1,1,0,0,1,4,,0,35,0,0,0,0,0,2,3,13
,2018_33693,39.67843,-104.940638,12/1/2018 14:26,14:26,15,0,0,COLORADO BOULEVARD SOUTH & EVANS AVENUE EAST,1,1,0,0,1,3,,0,30,0,0,0,0,0,2,2,8
,2018_33694,39.69659,-104.940565,3/22/2018 10:38,10:38,15,0,0,COLORADO BOULEVARD & 1100 BLOCK SOUTH,1,1,0,0,1,3,,0,35,0,0,0,0,0,2,2,13
,2018_33698,39.72944,-104.940605,5/11/2018 10:28,10:28,10,0,0,COLORADO BOULEVARD & 800 NORTH,1,1,0,0,1,2,,0,35,0,0,0,0,0,2,2,13
,2018_33699,39.738485,-104.940602,5/14/2018 12:46,12:46,12,0,0,14TH AVENUE 3900 BLOCK EAST & COLORADO BOULEVARD NORTH,2,1,0,1,1,1,,0,35,0,0,0,0,0,2,2,13
,2018_33700,39.738485,-104.940602,12/28/2018 13:45,13:45,15,0,0,COLORADO BOULEVARD NORTH & 14TH AVENUE EAST,1,1,0,0,1,3,,0,35,0,0,0,0,0,2,2,1
,2018_33701,39.74724,-104.940599,5/6/2018 9:38,9:38,1,0,1,COLORADO BOULEVARD NORTH & MONTVIEW BOULEVARD EAST,1,1,1,0,1,1,,0,35,0,0,0,0,1,2,2,13
,2018_33702,39.764092,-104.940502,6/21/2018 16:41,16:41,10,0,0,COLORADO BOULEVARD & 3375 BLOCK,1,1,0,0,1,4,,0,35,0,0,0,0,0,2,2,14
,2018_33703,39.764528,-104.940501,7/25/2018 15:09,15:09,15,0,0,COLORADO BOULEVARD NORTH & BRUCE RANDOLPH AVENUE EAST,1,1,0,0,1,1,,0,35,0,0,0,0,0,2,3,14
,2018_33704,39.764673,-104.9405,11/14/2018 14:11,14:11,15,0,1,COLORADO BOULEVARD NORTH & BRUCE RANDOLPH AVENUE EAST,1,1,0,0,1,3,,0,35,0,0,0,0,2,2,3,14
,2018_33705,39.769784,-104.940498,1/3/2018 14:54,14:54,5,0,0,COLORADO BOULEVARD NORTH & 38TH AVENUE EAST,1,1,1,0,3,4,,0,40,0,0,0,0,0,2,1,1
,2018_33706,39.772873,-104.94051,11/22/2018 5:24,5:24,5,0,0,COLORADO BOULEVARD 3900 BLOCK NORTH & 40TH AVENUE EAST,1,3,0,0,1,4,,0,10,0,0,0,0,0,2,1,5
,2018_33708,39.773167,-104.940512,1/13/2018 23:45,23:45,12,0,0,COLORADO BOULEVARD NORTH & 40TH AVENUE EAST,1,3,0,0,1,3,,0,,0,0,0,0,0,2,2,6
,2018_33709,39.77955,-104.940511,2/21/2018 8:45,8:45,15,0,0,COLORADO BOULEVARD & I70,5,1,0,0,1,4,,0,35,0,0,0,0,0,2,2,13
,2018_33710,39.780314,-104.940501,6/15/2018 17:55,17:55,12,0,1,COLORADO BOULEVARD D NORTH & I70,1,1,1,0,1,4,,0,40,0,0,0,0,1,2,2,1
,2018_33711,39.784135,-104.94045,9/26/2018 16:15,16:15,1,0,1,COLORADO BOULEVARD NORTH & 48TH AVENUE EAST,1,1,0,0,1,1,,0,40,0,0,0,0,2,2,2,13
,2018_33712,39.784135,-104.94045,12/20/2018 11:39,11:39,15,0,0,COLORADO BOULEVARD NORTH & 48TH AVENUE EAST,1,1,0,0,1,1,,0,40,0,0,0,0,0,2,2,8
,2018_33722,39.725447,-105.032085,10/3/2018 12:44,12:44,12,0,0,SIXTH AVENUE WEST & KNOX COURT NORTH,1,1,1,0,1,4,,0,,0,0,0,0,0,2,3,13
,2018_33724,39.725419,-105.027737,10/15/2018 18:41,18:41,5,0,1,SIXTH AVENUE EASTBOUND OFF RAMP & FEDERAL BOULEVARD EASTBOUND EXIT GORE POINT,1,3,0,0,2,8,,0,65,0,0,0,0,2,2,2,1
,2018_33725,39.725415,-105.025068,10/5/2018 9:00,9:00,15,0,0,SIXTH AVENUE WEST & FEDERAL BOULEVARD NORTH,1,1,1,0,1,4,,0,55,0,0,0,0,0,2,2,13
,2018_33726,39.725413,-105.023733,6/3/2018 15:24,15:24,12,0,0,SIXTH AVENUE WEST & FEDERAL BOULEVARD NORTH,1,1,0,0,1,4,,0,,0,0,0,0,0,2,2,13
,2018_33727,39.725336,-105.015894,1/1/2018 7:41,7:41,5,0,0,SIXTH AVENUE WEST WB COLLECTOR RAMP & I25 SOUTHBOUND,5,1,1,0,2,8,,1,55,0,0,0,0,0,2,1,2
,2018_33728,39.725533,-105.01288,7/9/2018 17:45,17:45,12,0,0,SIXTH AVENUE WEST & I25,1,1,0,0,1,4,,0,65,0,0,0,0,0,2,3,13
,2018_33806,39.62714,-104.903386,12/20/2018 13:44,13:44,12,0,0,I25 NORTHBOUND ON RAMP & BELLEVIEW AVENUE EAST,1,1,0,0,1,8,,0,65,0,0,0,0,0,1,2,13
,2018_33807,39.642665,-104.912278,4/25/2018 11:42,11:42,15,0,0,I25 & MM 200.8,1,1,0,0,1,4,,0,55,0,0,0,0,0,1,2,12
,2018_33808,39.652096,-104.917752,4/15/2018 13:45,13:45,15,0,0,I25 & HAMPDEN AVENUE EAST,1,1,0,0,1,4,,0,60,0,0,0,0,0,1,4,1
,2018_33809,39.652617,-104.918015,3/6/2018 16:05,16:05,12,0,0,I25 & HIGHWAY 285,1,1,0,0,1,4,,0,65,0,0,0,0,0,1,2,7
,2018_33810,39.653259,-104.918319,7/29/2018 18:10,18:10,12,0,0,I25 & HAMPDEN AVENUE EAST,1,1,0,0,1,4,,0,45,0,0,0,0,0,1,2,13
,2018_33811,39.658435,-104.920642,8/9/2018 11:11,11:11,12,0,0,I25 NORTHBOUND ENTRANCE GORE POINT & HAMPDEN AVENUE EAST,1,1,0,0,1,4,,0,65,0,0,0,0,0,1,5,13
,2018_33812,39.661071,-104.921837,3/15/2018 8:40,8:40,12,0,0,I25 & YALE AVENUE EAST,1,1,0,0,1,4,,0,60,0,0,0,0,0,1,2,13
,2018_33813,39.667623,-104.925611,5/31/2018 8:05,8:05,15,0,0,YALE AVENUE EAST & I25 SOUTHBOUND ON RAMP,1,1,0,0,1,1,,0,35,0,0,0,0,0,1,2,3
,2018_33814,39.678257,-104.933464,12/11/2018 12:41,12:41,12,0,1,I25 NORTHBOUND OFF RAMP & EVANS AVENUE EAST,1,1,1,0,1,8,,0,60,0,0,0,0,1,1,2,5
,2018_33815,39.678367,-104.933559,4/13/2018 1:52,1:52,5,0,1,EVANS AVENUE EAST & I25 SOUTHBOUND RAMPS,2,3,0,1,2,1,,0,25,0,0,0,0,2,1,1,1
,2018_33816,39.678367,-104.933559,8/12/2018 22:20,22:20,3,0,2,EVANS AVENUE EAST & I25 NORTHBOUND ON RAMP,1,3,2,0,1,1,,0,35,0,0,0,0,1,1,2,12
,2018_33817,39.679023,-104.93413,11/14/2018 7:41,7:41,12,0,0,I25 & EVANS AVENUE EAST,1,1,0,0,1,4,,0,60,0,0,0,0,0,1,2,3
,2018_33818,39.683129,-104.940605,7/18/2018 8:36,8:36,12,0,0,I25 SOUTHBOUND ON LOOP RAMP & COLORADO BOULEVARD SOUTH,1,1,1,0,1,8,,0,20,0,0,0,0,0,1,2,3
,2018_33819,39.6832,-104.94091,2/9/2018 16:31,16:31,15,0,0,I25 & COLORADO BOULEVARD SOUTH APPROXIMATELY,2,2,0,2,1,4,,0,60,0,0,0,0,0,1,2,13
,2018_33820,39.68492,-104.950436,12/13/2018 17:38,17:38,12,0,0,I25 & STEELE STREET SOUTH,1,1,1,0,1,4,,0,60,0,0,0,0,0,1,3,13
,2018_33821,39.684915,-104.957653,6/28/2018 6:43,6:43,12,0,0,I25 & UNIVERSITY BOULEVARD SOUTH,1,1,0,0,1,4,,0,60,0,0,0,0,0,1,2,3
,2018_33822,39.684921,-104.959322,6/18/2018 12:20,12:20,12,0,1,I25 NORTHBOUND OFF RAMP & UNIVERSITY BOULEVARD SOUTH,1,1,0,0,1,8,,0,30,0,0,0,0,1,1,2,13
,2018_33823,39.68492,-104.959509,6/13/2018 8:46,8:46,12,0,0,I25 & UNIVERSITY BOULEVARD SOUTH,1,1,0,0,1,4,,0,60,0,0,0,0,0,1,2,3
,2018_33824,39.68492,-104.959509,7/10/2018 14:57,14:57,12,0,0,I25 & UNIVERSITY BOULEVARD SOUTH,1,1,0,0,1,4,,0,60,0,0,0,0,0,1,2,13
,2018_33825,39.68492,-104.959509,8/15/2018 6:43,6:43,12,0,0,I25 & UNIVERSITY BOULEVARD SOUTH,1,1,0,0,1,4,,0,60,0,0,0,0,0,1,2,3
,2018_33826,39.68492,-104.959509,2/16/2018 7:39,7:39,3,0,0,UNIVERSITY BOULEVARD SOUTH & I25 NORTHBOUND OFF RAMP,9,1,0,0,1,1,,0,30,0,0,0,0,0,1,2,3
,2018_33827,39.684915,-104.959701,8/28/2018 7:14,7:14,15,0,0,I25 SOUTHBOUND OFF RAMP & UNIVERSITY BOULEVARD SOUTH,1,1,0,0,1,8,,0,55,0,0,0,0,0,1,2,13
,2018_33828,39.687709,-104.969751,4/4/2018 8:53,8:53,12,0,0,I25 SOUTHBOUND COLLECTOR RAMP & FRANKLIN STREET SOUTH,1,1,0,0,1,8,,0,60,0,0,0,0,0,1,3,3
,2018_33829,39.690195,-104.973722,9/8/2018 12:33,12:33,15,0,0,I25 & DOWNING STREET SOUTH,1,1,0,0,1,4,,0,50,0,0,0,0,0,1,3,13
,2018_33830,39.697504,-104.982761,12/19/2018 15:39,15:39,12,0,0,I25 & LOGAN STREET SOUTH INTCH,1,1,0,0,1,4,,0,55,0,0,0,0,0,1,3,3
,2018_33833,39.701047,-104.986946,3/1/2018 18:18,18:18,12,0,0,I25 & BROADWAY SOUTH,1,3,1,0,1,4,,0,55,0,0,0,0,0,1,4,13
,2018_33834,39.701047,-104.986946,10/29/2018 16:27,16:27,12,0,0,I25 & BROADWAY SOUTH,1,1,1,0,1,4,,0,60,0,0,0,0,0,1,2,13
,2018_33835,39.701466,-104.987451,7/17/2018 18:12,18:12,15,0,0,I25 & BROADWAY SOUTH,1,1,1,0,1,4,,0,55,0,0,0,0,0,1,2,13
,2018_33836,39.709613,-104.997988,1/3/2018 18:30,18:30,15,0,0,I25 & ALAMEDA AVENUE WEST,1,3,0,0,1,4,,0,55,0,0,0,0,0,1,2,13
,2018_33837,39.711387,-104.999011,7/9/2018 12:56,12:56,12,0,0,I25 & ALAMEDA AVENUE WEST,1,1,0,0,1,4,,0,65,0,0,0,0,0,1,3,1