id,drcog_id,latitude,longitude,crashtime,time,crashtype,numbkilled,numbinjurd,drcoglocat,rdconditin,lightngcon,roadcntgrd,weatherco,location,roaddescrp,schoolzone,constrzone,splimit,bikeinv,pedinv,sctrinv,motoinv,svrty,rdsystem,ttlvehcls,hcf
,2018_33838,39.711525,-104.999094,3/9/2018 16:24,16:24,12,0,0,I25 & ALAMEDA AVENUE WEST,1,1,0,0,1,4,,0,55,0,0,0,0,0,1,2,13
,2018_33839,39.711525,-104.999094,10/13/2018 19:00,19:00,12,0,0,I25 & ALAMEDA AVENUE WEST,1,3,0,0,1,4,,0,55,0,0,0,0,0,1,2,13
,2018_33840,39.711525,-104.999094,11/1/2018 17:11,17:11,12,0,0,I25 & ALAMEDA AVENUE WEST,1,1,0,0,1,4,,0,55,0,0,0,0,0,1,3,13
,2018_33841,39.743493,-105.016113,6/8/2018 18:00,18:00,12,0,0,I25 & 17TH AVENUE WEST  NOT IN CORIS,1,1,1,0,1,4,,0,65,0,0,0,0,0,1,2,7
,2018_33842,39.711663,-104.999176,3/9/2018 11:16,11:16,12,0,0,I25 & MM 208,1,1,1,0,1,4,,0,65,0,0,0,0,0,1,3,13
,2018_33843,39.719817,-105.006856,2/19/2018 13:09,13:09,12,0,0,I25 & ALAMEDA AVENUE WEST,9,1,0,2,1,4,,0,55,0,0,0,0,0,1,4,13
,2018_33844,39.725165,-105.012815,1/11/2018 13:57,13:57,15,0,0,I25 SOUTHBOUND ON RAMP & SIXTH AVENUE WEST,1,1,0,0,1,8,,0,45,0,0,0,0,0,1,3,3
,2018_33845,39.725165,-105.012815,8/7/2018 10:05,10:05,15,0,0,I25 SOUTHBOUND ON RAMP & SIXTH AVENUE WEST,1,1,0,0,1,8,,0,45,0,0,0,0,0,1,2,13
,2018_33846,39.725281,-105.012899,6/20/2018 5:58,5:58,15,0,1,I25 & SIXTH AVENUE WEST,1,2,0,0,1,4,,0,65,0,0,0,0,2,1,2,13
,2018_33847,39.725514,-105.013067,1/30/2018 17:21,17:21,12,0,0,I25 & EIGHTH AVENUE WEST,1,3,0,0,1,4,,0,55,0,0,0,0,0,1,3,2
,2018_33848,39.729265,-105.014796,10/24/2018 9:50,9:50,15,0,0,I25 & EIGHTH AVENUE WEST,1,1,0,0,1,4,,0,55,0,0,0,0,0,1,2,13
,2018_33849,39.729265,-105.014796,12/14/2018 12:32,12:32,12,0,0,I25 & EIGHTH AVENUE WEST,1,1,1,0,1,4,,0,65,0,0,0,0,0,1,2,13
,2018_33850,39.731542,-105.015521,5/1/2018 17:15,17:15,15,0,0,I25 NORTHBOUND ENTRANCE GORE POINT & MULBERRY PLACE WEST,1,1,1,0,1,4,,0,55,0,0,0,0,0,1,2,13
,2018_33851,39.740059,-105.013916,2/2/2018 14:55,14:55,15,0,0,I25 & COLFAX AVENUE WEST,1,1,1,0,1,4,,0,55,0,0,0,0,0,1,2,13
,2018_33852,39.740059,-105.013916,8/22/2018 20:51,20:51,15,0,0,I25 & AURARIA PARKWAY,1,3,0,0,1,4,,0,55,0,0,0,0,0,1,2,7
,2018_33853,39.740059,-105.013916,8/29/2018 16:03,16:03,12,0,1,I25 & COLFAX AVENUE WEST,1,1,1,0,1,4,,0,55,0,0,0,0,1,1,2,13
,2018_33854,39.742485,-105.015083,7/17/2018 16:56,16:56,12,0,2,I25 & COLFAX AVENUE WEST,1,1,1,0,1,4,,0,55,0,0,0,0,1,1,2,13
,2018_33855,39.745526,-105.017834,5/24/2018 14:59,14:59,12,0,0,I25 & MM 210.73,1,1,0,0,1,4,,0,60,0,0,0,0,0,1,3,13
,2018_33856,39.75115,-105.016647,2/9/2018 14:18,14:18,12,0,0,I25 & 23RD AVENUE,1,1,0,0,1,4,,0,55,0,0,0,0,0,1,3,13
,2018_33857,39.75115,-105.016647,11/5/2018 17:57,17:57,12,0,0,I25 & 23RD AVENUE WEST,1,2,0,0,1,4,,0,55,0,0,0,0,0,1,3,13
,2018_33858,39.755118,-105.012754,1/10/2018 5:53,5:53,15,0,0,I25 & SPEER BOULEVARD,1,1,0,0,1,4,,0,55,0,0,0,0,0,1,4,13
,2018_33859,39.755212,-105.012623,10/5/2018 22:50,22:50,15,0,0,I25 NORTHBOUND ON RAMP & SPEER BOULEVARD NORTH,2,3,0,1,1,8,,0,40,0,0,0,0,0,1,2,5
,2018_33860,39.757155,-105.0099,10/29/2018 16:11,16:11,12,0,1,I25 & 15TH STREET,1,1,1,0,1,4,,0,55,0,0,0,0,2,1,3,14
,2018_33861,39.760997,-105.004271,2/18/2018 12:13,12:13,12,0,0,I25 & 20TH STREET,1,1,0,0,1,4,,0,65,0,0,0,0,0,1,2,3
,2018_33862,39.768049,-104.994761,5/8/2018 8:01,8:01,12,0,0,I25 & 38TH AVENUE WEST,1,1,0,0,1,4,,0,65,0,0,0,0,0,1,3,3
,2018_33863,39.768049,-104.994761,12/1/2018 13:00,13:00,12,0,0,I25 & PARK AVENUE WEST,1,1,0,0,1,4,,0,55,0,0,0,0,0,1,2,13
,2018_33864,39.771367,-104.990468,7/1/2018 14:20,14:20,15,0,0,I25 SOUTHBOUND MERGE LANE & I70 EASTBOUND RAMP OFF,1,1,0,0,1,4,,0,55,0,0,0,0,0,1,2,13
,2018_33865,39.776439,-104.98921,1/9/2018 18:57,18:57,15,0,0,I25 & 44TH AVENUE WEST,1,3,1,0,1,4,,0,55,0,0,0,0,0,1,2,13
,2018_33866,39.777918,-104.989186,3/1/2018 7:25,7:25,15,0,0,I25 NORTHBOUND ON RAMP & I70 EASTBOUND ON RAMP BEGIN,1,1,0,0,1,8,,0,55,0,0,0,0,0,1,2,13
,2018_33867,39.777918,-104.989186,6/27/2018 7:45,7:45,12,0,0,I25 NORTHBOUND RAMP OFF END & I70 EASTBOUND ON RAMP BEGIN,1,1,0,0,1,4,,0,55,0,0,0,0,0,1,2,13
,2018_33868,39.777918,-104.989186,7/10/2018 6:26,6:26,12,0,0,I25 NORTHBOUND RAMP OFF END & I70 EASTBOUND ON RAMP BEGIN,1,1,0,0,1,8,,0,65,0,0,0,0,0,1,2,13
,2018_33869,39.775573,-104.865095,2/20/2018 16:19,16:19,5,0,0,I70 & HAVANA STREET NORTH,9,1,1,0,2,4,,0,55,0,0,0,0,0,1,1,7
,2018_33870,39.779391,-104.989164,5/2/2018 7:25,7:25,12,0,0,I25 & I70,1,1,0,0,1,4,,0,55,0,0,0,0,0,1,3,13
,2018_33871,39.782847,-104.989147,5/10/2018 7:33,7:33,15,0,1,I25 SOUTHBOUND OFF RAMP END & I70,1,1,0,0,1,8,,0,65,0,0,0,0,1,1,2,13
,2018_33873,39.739998,-104.966103,10/9/2018 6:45,6:45,5,0,0,COLFAX AVENUE EAST & WILLIAMS STREET NORTH,1,1,0,0,3,1,,0,30,0,0,0,0,0,2,1,13
,2018_33902,39.711094,-105.029925,9/16/2018 2:36,2:36,3,0,0,ALAMEDA AVENUE WEST & IRVING STREET SOUTH,1,3,0,0,1,1,,0,40,0,0,0,0,0,2,2,13
,2018_33916,39.711094,-105.029925,4/6/2018 15:46,15:46,3,0,0,ALAMEDA AVENUE WEST & IRVING STREET SOUTH,2,1,0,0,1,1,,0,35,0,0,0,0,0,2,3,4
,2018_33918,39.711094,-105.029925,10/31/2018 18:50,18:50,3,0,0,ALAMEDA AVENUE WEST & IRVING STREET SOUTH,1,3,0,0,1,3,,0,35,0,0,0,0,0,2,2,13
,2018_33919,39.711077,-105.025075,12/5/2018 12:11,12:11,12,0,0,FEDERAL BOULEVARD SOUTH & ALAMEDA AVENUE WEST,1,1,0,0,1,1,,0,40,0,0,0,0,0,2,3,7
,2018_33920,39.711208,-104.998391,4/18/2018 7:40,7:40,12,0,0,ALAMEDA AVENUE 1100 BLOCK WEST & KALAMATH STREET SOUTH,1,1,0,0,1,1,,0,35,0,0,0,0,0,2,2,13
,2018_33921,39.653022,-104.873477,9/4/2018 8:11,8:11,12,0,4,HAMPDEN AVENUE 9700 BLOCK EAST & FLORENCE STREET SOUTH,1,1,0,0,1,4,,0,45,0,0,0,0,1,2,3,1
,2018_33922,39.653344,-104.868931,5/28/2018 2:04,2:04,12,0,0,HAMPDEN AVENUE EAST & GALENA STREET SOUTH,1,4,0,0,1,4,,0,,0,0,0,0,0,2,2,13
,2018_33923,39.656988,-104.866396,10/2/2018 18:30,18:30,12,0,0,HAVANA STREET SOUTH & GIRARD AVENUE EAST,1,2,0,0,1,1,,0,45,0,0,0,0,0,2,2,13
,2018_33924,39.666072,-104.866172,10/4/2018 8:08,8:08,15,0,0,HAVANA STREET 2700 BLOCK SOUTH & YALE AVENUE EAST,1,1,0,0,1,4,,0,45,0,0,0,0,0,2,2,1
,2018_33937,39.778101,-104.903411,2/22/2018 21:16,21:16,15,0,0,QUEBEC STREET NORTH & I70 INTCH APPROXIMATELY,6,3,1,0,1,4,,0,45,0,0,0,0,0,2,2,13
,2018_33938,39.781946,-104.901631,12/12/2018 8:26,8:26,12,0,0,NORTHFIELD QUEBEC STREET & SAND CREEK ROAD,1,1,0,0,1,1,,0,40,0,0,0,0,0,2,3,14
,2018_33939,39.783366,-104.90035,5/25/2018 19:15,19:15,15,0,0,QUEBEC STREET NORTH & I270,1,1,1,0,1,4,,0,45,0,0,0,0,0,2,2,8
,2018_33940,39.785531,-104.899639,4/22/2018 0:35,0:35,5,0,3,QUEBEC STREET NORTH & NORTHFIELD BOULEVARD EAST,1,3,0,0,3,4,,0,35,0,0,0,0,2,2,1,2
,2018_33941,39.793504,-104.903381,6/11/2018 17:25,17:25,12,0,0,QUEBEC STREET NORTH & 53RD PLACE EAST,1,1,0,0,1,3,,0,40,0,0,0,0,0,2,2,13
,2018_33951,39.740338,-105.038544,4/16/2018 9:29,9:29,3,0,0,COLFAX AVENUE & 3900 BLOCK WEST,1,1,0,0,1,2,,0,,0,0,0,0,0,2,2,13
,2018_33964,39.740344,-105.029902,7/30/2018 18:00,18:00,12,0,0,COLFAX AVENUE WEST & IRVING STREET NORTH,1,1,1,0,1,1,,0,30,0,0,0,0,0,2,2,13
,2018_33986,39.740028,-105.002766,5/23/2018 9:20,9:20,1,0,2,COLFAX AVENUE WEST & MARIPOSA STREET NORTH,1,1,0,0,1,1,,0,30,0,0,0,0,2,2,2,13
,2018_33987,39.740028,-105.002766,10/26/2018 16:36,16:36,12,0,2,COLFAX AVENUE 1200 BLOCK WEST & MARIPOSA STREET NORTH,1,1,0,0,1,3,,0,35,0,0,0,0,1,2,2,13
,2018_33988,39.740035,-105.001823,5/14/2018 13:22,13:22,12,0,2,COLFAX AVENUE & 1100 BLOCK WEST,1,1,1,0,1,4,,0,30,0,0,0,0,1,2,3,13
,2018_33990,39.74,-104.990577,1/15/2018 6:16,6:16,15,0,0,COLFAX AVENUE 20 BLOCK WEST & BANNOCK STREET NORTH,5,1,0,2,1,4,,0,30,0,0,0,0,0,2,3,13
,2018_33991,39.74005,-104.984853,3/29/2018 17:40,17:40,1,0,0,COLFAX AVENUE EAST & SHERMAN STREET NORTH,2,1,1,2,1,1,,0,30,0,0,0,0,0,2,3,3
,2018_33992,39.740049,-104.984665,4/19/2018 15:27,15:27,12,0,1,COLFAX AVENUE EAST & SHERMAN STREET NORTH,1,1,1,0,1,3,,0,30,0,0,0,0,2,2,3,1
,2018_33993,39.740009,-104.968553,1/5/2018 15:03,15:03,10,0,0,COLFAX AVENUE EAST & PARK AVENUE WEST / FRANKLIN STREET NORTH,1,1,0,0,1,1,,0,35,0,0,0,0,0,2,2,8
,2018_33995,39.740009,-104.968553,2/11/2018 19:45,19:45,15,0,0,COLFAX AVENUE EAST & FRANKLIN STREET NORTH,1,3,0,0,1,3,,0,30,0,0,0,0,0,2,2,13
,2018_33996,39.740009,-104.968553,5/17/2018 16:52,16:52,3,0,0,COLFAX AVENUE EAST & FRANKLIN STREET NORTH,1,1,0,0,1,1,,0,30,0,0,0,0,0,2,2,8
,2018_33997,39.740007,-104.968176,7/30/2018 14:10,14:10,6,0,0,COLFAX AVENUE 1600 BLOCK EAST & FRANKLIN STREET NORTH,1,1,0,0,1,4,,0,30,0,0,0,0,0,2,2,13
,2018_33998,39.740002,-104.967045,12/1/2018 14:01,14:01,12,0,0,COLFAX AVENUE EAST & GILPIN STREET NORTH,1,1,0,0,1,3,,0,30,0,0,0,0,0,2,2,12
,2018_33999,39.739975,-104.961202,5/3/2018 14:44,14:44,15,0,0,COLFAX AVENUE EAST & GAYLORD STREET NORTH,2,1,0,0,1,4,,0,,0,0,0,0,0,2,2,13
,2018_34000,39.740144,-104.945037,6/10/2018 17:15,17:15,3,0,1,COLFAX AVENUE EAST & MONROE STREET NORTH,1,1,0,0,1,1,,0,25,0,0,0,0,1,2,2,1
,2018_34001,39.740141,-104.944097,2/14/2018 20:50,20:50,12,0,1,COLFAX AVENUE EAST & GARFIELD STREET NORTH,1,3,0,0,1,1,,0,30,0,0,0,0,2,2,2,4
,2018_34002,39.740057,-104.93377,3/29/2018 19:25,19:25,12,0,0,COLFAX AVENUE EAST & CHERRY STREET NORTH,2,3,0,0,1,3,,0,35,0,0,0,0,0,2,2,13
,2018_34003,39.740079,-104.923453,7/2/2018 15:03,15:03,12,0,1,COLFAX AVENUE EAST & HUDSON STREET NORTH,1,1,0,0,1,3,,0,35,0,0,0,0,1,2,2,3
,2018_34004,39.740079,-104.921574,2/19/2018 15:09,15:09,6,0,0,COLFAX AVENUE EAST & IVANHOE STREET NORTH,2,1,0,2,1,4,,0,30,0,0,0,0,0,2,2,1
,2018_34005,39.740082,-104.913871,11/21/2018 15:01,15:01,15,0,0,COLFAX AVENUE EAST & LOCUST STREET NORTH,1,1,0,0,1,3,,0,35,0,0,0,0,0,2,2,1
,2018_34057,39.783471,-105.039368,6/11/2018 6:30,6:30,12,0,0,I70 & LOWELL BOULEVARD NORTH,1,1,1,0,1,4,,0,55,0,0,0,0,0,1,2,13
,2018_34058,39.783971,-105.028324,8/29/2018 10:40,10:40,15,0,0,I70 & FEDERAL BOULEVARD NORTH,1,1,0,0,1,4,,0,,0,0,0,0,0,1,2,13
,2018_34059,39.784178,-105.025956,4/4/2018 8:40,8:40,15,0,0,I70 & FEDERAL BOULEVARD,1,1,0,0,1,4,,0,55,0,0,0,0,0,1,2,5
,2018_34060,39.784195,-105.025519,8/30/2018 17:37,17:37,12,0,0,I70 & FEDERAL BOULEVARD NORTH,1,1,1,0,1,4,,0,55,0,0,0,0,0,1,2,3
,2018_34061,39.783149,-105.006371,4/6/2018 13:00,13:00,12,0,0,PECOS STREET NORTH ROUNDABOUT & 48TH AVENUE WEST,2,1,0,2,1,6,,0,30,0,0,0,0,0,1,2,8
,2018_34062,39.783149,-105.006371,8/8/2018 8:31,8:31,3,0,1,I70 WB RAMPS & PECOS STREET NORTH,1,1,0,0,1,6,,0,35,0,0,0,0,2,1,2,14
,2018_34063,39.779937,-104.988665,1/11/2018 18:28,18:28,15,0,0,I70 WB OFF RAMP SPLIT & I25 SOUTHBOUND,1,3,0,0,1,8,,0,45,0,0,0,0,0,1,2,7
,2018_34064,39.779937,-104.988665,7/17/2018 16:23,16:23,12,0,0,I70 EASTBOUND OFF RAMP TO & I25 NORTHBOUND,1,1,1,0,1,8,,0,65,0,0,0,0,0,1,2,13
,2018_34065,39.779678,-104.982012,1/10/2018 16:07,16:07,12,0,0,I70 EASTBOUND RAMP OFF & WASHINGTON STREET NORTH EASTBOUND EXIT GORE,2,2,0,1,1,8,,0,45,0,0,0,0,0,1,2,1
,2018_34068,39.779455,-104.979206,1/9/2018 7:30,7:30,15,0,0,I70 & WASHINGTON STREET NORTH,1,1,0,0,1,4,,0,55,0,0,0,0,0,1,2,14
,2018_34069,39.779441,-104.979019,7/23/2018 17:50,17:50,3,0,0,WASHINGTON STREET NORTH & I70 WB RAMPS,1,1,0,0,1,1,,0,35,0,0,0,0,0,1,2,13
,2018_34070,39.780013,-104.959012,6/20/2018 17:55,17:55,10,0,0,46TH AVENUE EAST & JOSEPHINE STREET NORTH,1,1,0,0,1,1,,0,35,0,0,0,0,0,4,2,1
,2018_34071,39.779947,-104.941017,10/3/2018 0:00,0:00,12,0,0,I70 & COLORADO BOULEVARD NORTH,1,1,0,0,1,4,,0,55,0,0,0,0,0,1,2,13
,2018_34072,39.779954,-104.939842,7/17/2018 10:47,10:47,12,0,0,I70 & COLORADO BOULEVARD NORTH,1,1,0,0,1,4,,0,65,0,0,0,0,0,1,2,13
,2018_34073,39.778293,-104.906734,4/23/2018 6:50,6:50,12,0,0,I70 EASTBOUND & QUEBEC STREET EXIT GORE APPROXIMATELY,1,1,0,1,1,4,,0,55,0,0,0,0,0,1,2,13
,2018_34074,39.778295,-104.903272,1/4/2018 6:20,6:20,5,0,1,I70 & QUEBEC STREET NORTH,1,2,0,0,1,4,,0,55,0,0,0,0,1,1,2,13
,2018_34075,39.777575,-104.8878,12/18/2018 20:22,20:22,12,0,4,I70 & CENTRAL PARK BOULEVARD APPROXIMATELY,1,3,0,0,1,4,,0,55,0,0,0,0,1,1,3,13
,2018_34076,39.776897,-104.880312,7/11/2018 22:46,22:46,15,0,0,I70 & I270,1,3,0,0,1,4,,0,5,0,0,0,0,0,1,2,13
,2018_34077,39.775668,-104.866204,11/15/2018 5:40,5:40,12,0,0,I70 & HAVANA STREET NORTH,1,2,0,0,1,4,,0,55,0,0,0,0,0,1,5,13
,2018_34078,39.775605,-104.865465,6/17/2018 2:23,2:23,12,0,0,I70 & HAVANA STREET NORTH,1,3,0,0,1,4,,0,65,0,0,0,0,0,1,2,13
,2018_34080,39.775573,-104.865095,5/21/2018 9:15,9:15,12,0,0,I70 & HAVANA STREET NORTH,1,1,0,0,1,4,,0,55,0,0,0,0,0,1,4,12
,2018_34081,39.775573,-104.865095,6/9/2018 13:55,13:55,12,0,0,I70 & HAVANA STREET NORTH,1,1,0,0,1,4,,0,65,0,0,0,0,0,1,2,14
,2018_34082,39.775573,-104.865095,9/25/2018 7:36,7:36,15,0,0,I70 & HAVANA STREET NORTH,1,1,0,0,1,4,,0,,0,0,0,0,0,1,2,13
,2018_34083,39.775573,-104.865095,7/2/2018 9:16,9:16,12,0,0,HAVANA STREET NORTH & I70 EASTBOUND RAMPS,1,1,0,0,1,1,,0,35,0,0,0,0,0,1,2,3
,2018_34084,39.775557,-104.86491,8/6/2018 17:05,17:05,12,0,0,I70 & HAVANA STREET NORTH,1,1,0,0,1,4,,0,55,0,0,0,0,0,1,2,14
,2018_34085,39.775541,-104.864725,4/7/2018 14:31,14:31,12,0,0,I70 & HAVANA STREET NORTH,1,1,0,0,1,4,,0,55,0,0,0,0,0,1,3,3
,2018_34086,39.775335,-104.862322,7/13/2018 8:18,8:18,12,0,1,I70 & HAVANA STREET NORTH,1,1,0,0,1,4,,0,35,0,0,0,0,1,1,2,14
,2018_34087,39.774937,-104.8577,6/24/2018 2:55,2:55,12,0,0,I70 & HAVANA STREET NORTH,1,3,0,0,1,4,,0,55,0,0,0,0,0,1,2,1
,2018_34088,39.774731,-104.855297,12/2/2018 19:20,19:20,15,0,1,I70 & PEORIA STREET NORTH,1,3,1,0,1,4,,0,65,0,0,0,0,1,1,3,13
,2018_34089,39.774397,-104.851415,1/9/2018 15:50,15:50,12,0,0,I70 & PEORIA STREET NORTH,1,1,0,0,1,4,,0,55,0,0,0,0,0,1,2,13
,2018_34090,39.773999,-104.846793,6/12/2018 14:27,14:27,12,0,0,I70 & PEORIA STREET,1,1,0,0,1,4,,0,55,0,0,0,0,0,1,2,13
,2018_34091,39.773681,-104.843096,4/12/2018 7:30,7:30,12,0,0,I70 WB MERGE LANE & PEORIA STREET NORTH,1,1,0,0,1,4,,0,55,0,0,0,0,0,1,2,13
,2018_34108,39.698614,-104.903606,3/21/2018 17:00,17:00,9,0,1,LEETSDALE DRIVE & QUEBEC STREET SOUTH,1,1,0,0,1,1,,0,35,0,0,0,1,2,2,1,7
,2018_34146,39.698614,-104.903606,10/6/2018 19:51,19:51,8,0,2,QUEBEC STREET SOUTH & LEETSDALE DRIVE,1,4,0,0,1,1,,0,35,0,0,0,0,1,2,2,13
,2018_34147,39.698614,-104.903606,12/21/2018 16:01,16:01,15,0,0,LEETSDALE DRIVE & QUEBEC STREET SOUTH,1,1,0,0,1,3,,0,35,0,0,0,0,0,2,2,8
,2018_34148,39.7112,-104.936323,6/24/2018 21:00,21:00,15,0,0,LEETSDALE DRIVE & ALAMEDA AVENUE EAST,1,2,0,0,1,1,,0,35,0,0,0,0,0,2,2,13
,2018_34149,39.707328,-104.922192,11/30/2018 10:34,10:34,15,0,0,LEETSDALE DRIVE & HOLLY STREET SOUTH,1,1,0,0,1,1,,0,35,0,0,0,0,0,2,3,13
,2018_34150,39.707534,-104.923367,9/7/2018 14:33,14:33,1,0,0,HUDSON STREET SOUTH & LEETSDALE DRIVE,1,1,0,0,1,1,,0,30,0,0,0,0,0,2,2,16
,2018_34151,39.708648,-104.929586,8/26/2018 13:20,13:20,12,0,0,ELM STREET SOUTH & LEETSDALE DRIVE,1,1,1,0,1,1,,0,20,0,0,0,0,0,2,2,16
,2018_34169,39.674839,-104.994178,2/21/2018 18:27,18:27,12,0,1,SANTA FE DRIVE SOUTH & EVANS AVENUE WEST,1,3,0,0,1,4,,0,65,0,0,0,0,1,2,2,3
,2018_34170,39.678447,-104.993319,4/26/2018 10:08,10:08,12,0,0,SANTA FE DRIVE SOUTH & EVANS AVENUE WEST,1,1,0,0,1,4,,0,50,0,0,0,0,0,2,2,13
,2018_34171,39.694085,-104.99249,7/28/2018 20:02,20:02,15,0,0,SANTE FE DRIVE SOUTH & 1200 BLOCK SOUTH,1,2,0,0,1,4,,0,45,0,0,0,0,0,2,2,7
,2018_34172,39.694871,-104.992454,4/6/2018 17:59,17:59,5,0,1,PLATTE RIVER DRIVE SOUTH & SANTA FE DRIVE SOUTH,2,1,0,2,3,1,,0,45,0,0,0,0,1,2,1,5
,2018_34173,39.696483,-104.991947,3/2/2018 7:41,7:41,12,0,0,SANTA FE DRIVE SOUTH & MISSISSIPPI AVENUE WEST,1,1,0,0,1,4,,0,45,0,0,0,0,0,2,3,2
,2018_34174,39.696847,-104.991827,3/6/2018 14:44,14:44,12,0,0,PLATTE RIVER DRIVE SOUTH  & MISSISSIPPI AVENUE WEST,1,1,0,0,1,4,,0,35,0,0,0,0,0,2,2,13
,2018_34175,39.69887,-104.99188,9/21/2018 7:48,7:48,12,0,0,SANTA FE DRIVE SOUTH & TENNESSEE AVENUE SOUTH,1,1,0,0,1,4,,0,45,0,0,0,0,0,2,2,13
,2018_34190,39.735634,-105.025303,8/8/2018 15:50,15:50,12,0,0,FEDERAL BOULEVARD NORTH & HOLDEN PLACE WEST,1,1,0,0,1,3,,0,35,0,0,0,0,0,2,2,13
,2018_34191,39.729284,-105.025154,7/2/2018 16:58,16:58,3,0,0,EIGHTH AVENUE 2900 BLOCK WEST & FEDERAL BOULEVARD NORTH,1,1,1,0,1,2,,0,30,0,0,0,0,0,2,2,13
,2018_34192,39.728991,-105.025149,6/5/2018 11:15,11:15,12,0,0,FEDERAL BOULEVARD 700 BLOCK NORTH & EIGHTH AVENUE WEST,1,1,0,0,1,1,,0,35,0,0,0,0,0,2,3,3
,2018_34193,39.709212,-105.025079,4/4/2018 10:10,10:10,15,0,0,FEDERAL BOULEVARD SOUTH & DAKOTA AVENUE WEST,1,1,0,0,1,1,,0,35,0,0,0,0,0,2,2,13
,2018_34194,39.697013,-105.025072,9/21/2018 16:52,16:52,15,0,0,FEDERAL BOULEVARD & MISSISSIPPI AVENUE WEST,1,1,0,0,1,3,,0,35,0,0,0,0,0,2,2,13
,2018_34195,39.696718,-105.025071,8/11/2018 22:00,22:00,12,0,0,FEDERAL BOULEVARD SOUTH & MISSISSIPPI AVENUE WEST,1,3,0,0,1,3,,0,35,0,0,0,0,0,2,2,13
,2018_34196,39.693033,-105.025057,8/24/2018 16:30,16:30,15,0,0,LOUISIANA AVENUE WEST & FEDERAL BOULEVARD SOUTH,1,1,0,0,1,1,,0,30,0,0,0,0,0,2,2,1
,2018_34197,39.689495,-105.025043,5/11/2018 17:30,17:30,12,0,0,FLORIDA AVENUE 3100 BLOCK WEST & FEDERAL BOULEVARD SOUTH,1,1,0,0,1,3,,0,30,0,0,0,0,0,2,2,1
,2018_34198,39.685809,-105.025029,2/28/2018 15:12,15:12,12,0,1,FEDERAL BOULEVARD SOUTH & MEXICO AVENUE WEST,1,1,1,0,1,4,,0,40,0,0,0,0,1,2,2,3
,2018_34199,39.682275,-105.025016,10/28/2018 20:55,20:55,1,0,1,FEDERAL BOULEVARD SOUTH & JEWELL BOULEVARD WEST,1,3,1,0,1,1,,0,45,0,0,0,0,1,2,2,13
,2018_34200,39.67863,-105.025035,5/21/2018 12:01,12:01,3,0,0,FEDERAL BOULEVARD SOUTH & EVANS AVENUE WEST,1,1,0,0,1,1,,0,30,0,0,0,0,0,2,2,13
,2018_34201,39.67863,-105.025035,10/21/2018 22:14,22:14,3,0,0,FEDERAL BOULEVARD SOUTH & EVANS AVENUE WEST,1,3,0,0,1,1,,0,40,0,0,0,0,0,2,2,13
,2018_34218,39.727355,-105.05323,4/16/2018 15:30,15:30,12,0,0,SIXTH AVENUE WEST FRONTAGE ROAD NORTH & SHERIDAN BOULEVARD NORTH,1,1,1,0,1,1,,0,,0,0,0,0,0,2,2,13
,2018_34256,39.618006,-105.091112,7/24/2018 19:45,19:45,12,0,0,CRESTLINE AVENUE WEST & WADSWORTH BOULEVARD SOUTH,2,1,0,1,1,1,,0,25,0,0,0,0,0,2,2,3
,2018_34257,39.635142,-105.082348,1/6/2018 14:22,14:22,15,0,0,WADSWORTH BOULEVARD SOUTH & STANFORD AVENUE WEST,1,1,1,0,1,3,,0,40,0,0,0,0,0,2,2,14
,2018_34313,39.629871,-104.904931,2/28/2018 5:57,5:57,12,0,0,I225 NORTHBOUND OFF RAMP & I25,1,1,1,0,1,8,,0,65,0,0,0,0,0,1,2,13
,2018_34314,39.629971,-104.904921,4/5/2018 18:09,18:09,15,0,0,I225 SOUTHBOUND OFF RAMP & I25 NORTHBOUND,1,1,0,0,1,8,,0,65,0,0,0,0,0,1,2,13
,2018_34315,39.630725,-104.905081,8/21/2018 5:05,5:05,5,0,1,I225 NORTHBOUND ON RAMP & I25,1,3,0,0,2,8,,0,65,0,0,0,0,1,1,1,13
,2018_34316,39.630948,-104.905088,6/6/2018 6:12,6:12,12,0,0,I225 SOUTHBOUND OFF RAMP & I25 NORTHBOUND,1,1,0,0,1,8,,0,60,0,0,0,0,0,1,2,3
,2018_34317,39.632879,-104.904314,2/1/2018 18:00,18:00,12,0,2,I225 SOUTHBOUND OFF RAMP TO NORTHBOUND & I25,1,1,0,0,1,4,,0,50,0,0,0,0,1,1,2,1
,2018_34318,39.634429,-104.900514,2/22/2018 18:38,18:38,5,0,1,I225 & TAMARAC STREET SOUTH,9,3,1,2,3,4,,0,65,0,0,0,0,2,1,1,14
,2018_34319,39.636888,-104.88998,12/17/2018 6:35,6:35,15,0,0,I225 & TAMARAC PARKWAY SOUTH,1,1,0,0,1,4,,0,55,0,0,0,0,0,1,2,13
,2018_34341,39.779661,-104.967133,7/14/2018 20:08,20:08,1,0,0,BRIGHTON BOULEVARD NORTH & I70 EASTBOUND RAMPS,1,2,0,0,1,1,,0,30,0,0,0,0,0,2,2,5
,2018_34342,39.780781,-104.966774,6/10/2018 14:59,14:59,12,0,0,BRIGHTON BOULEVARD & I70 WB RAMPS,1,1,0,0,1,3,,0,35,0,0,0,0,0,2,2,13
,2018_34345,39.782923,-104.900838,9/11/2018 8:59,8:59,12,0,0,I270 & NORTHFIELD QUEBEC STREET NORTH,1,1,0,0,1,8,,0,45,0,0,0,0,0,1,2,13
,2018_34371,39.652979,-104.920184,1/13/2018 18:08,18:08,12,0,0,HAMPDEN AVENUE EAST & IVY WAY SOUTH,1,3,0,0,1,1,,0,35,0,0,0,0,0,2,3,3