id,drcog_id,latitude,longitude,crashtime,time,crashtype,numbkilled,numbinjurd,drcoglocat,rdconditin,lightngcon,roadcntgrd,weatherco,location,roaddescrp,schoolzone,constrzone,splimit,bikeinv,pedinv,sctrinv,motoinv,svrty,rdsystem,ttlvehcls,hcf
,2018_35360,39.72564,-105.050767,1/14/2018 15:18,15:18,12,0,5,SIXTH AVENUE WEST & SHERIDAN BOULEVARD NORTH,1,1,1,0,1,4,,0,45,0,0,0,0,2,2,4,1
,2018_35362,39.725541,-105.035083,3/19/2018 13:34,13:34,15,0,0,SIXTH AVENUE WEST & LOWELL BOULEVARD NORTH,1,1,1,0,1,4,,0,55,0,0,0,0,0,2,3,13
,2018_35363,39.725466,-105.032645,7/25/2018 12:15,12:15,15,0,0,SIXTH AVENUE WB MERGE LANE & KNOX COURT,1,1,0,0,1,4,,0,,0,0,0,0,0,2,3,14
,2018_35364,39.725447,-105.032085,11/4/2018 10:50,10:50,12,0,0,SIXTH AVENUE WEST & KNOX COURT NORTH,1,1,1,0,1,4,,0,45,0,0,0,0,0,2,2,7
,2018_35365,39.725421,-105.028881,3/10/2018 18:45,18:45,15,0,0,SIXTH AVENUE WEST & SIXTH AVENUE EASTBOUND OFF RAMP TO FEDERAL BOULEVARD,1,3,1,0,1,4,,0,55,0,0,0,0,0,2,2,7
,2018_35366,39.725419,-105.027356,7/30/2018 19:44,19:44,12,0,0,SIXTH AVENUE WEST & FEDERAL BOULEVARD NORTH,1,1,0,0,1,4,,0,65,0,0,0,0,0,2,3,3
,2018_35367,39.725415,-105.025068,6/15/2018 6:32,6:32,12,0,0,SIXTH AVENUE WEST & FEDERAL BOULEVARD NORTH,1,1,0,0,1,4,,0,,0,0,0,0,0,2,2,13
,2018_35368,39.725415,-105.025068,8/13/2018 15:41,15:41,12,0,1,SIXTH AVENUE WEST & FEDERAL BOULEVARD NORTH,1,1,1,0,1,8,,0,30,0,0,0,0,1,2,2,8
,2018_35369,39.725216,-105.017726,1/2/2018 17:42,17:42,15,0,0,SIXTH AVENUE EASTBOUND RAMP OFF GORE & I25 SOUTHBOUND / NORTHBOUND RAMP ENTRANCE,1,1,1,0,1,4,,0,40,0,0,0,0,0,2,2,1
,2018_35370,39.783752,-104.947831,1/9/2018 23:40,23:40,5,0,0,48TH AVENUE EAST & VASQUEZ BOULEVARD NORTH,1,3,0,0,3,1,,0,25,0,0,0,0,0,2,1,1
,2018_35371,39.783863,-104.947726,10/25/2018 15:06,15:06,12,0,0,VASQUEZ BOULEVARD NORTH & 48TH AVENUE EAST,1,1,0,0,1,4,,0,45,0,0,0,0,0,2,2,13
,2018_35455,39.629871,-104.904931,8/10/2018 12:25,12:25,12,0,0,I25 NORTHBOUND DIR CNNCT EXIT GORE POINT & I225,1,1,0,0,1,4,,0,65,0,0,0,0,0,1,2,14
,2018_35457,39.63159,-104.905708,6/13/2018 6:44,6:44,15,0,0,I25 & UNION AVENUE EAST,1,1,0,0,1,4,,0,55,0,0,0,0,0,1,2,3
,2018_35458,39.646572,-104.914546,12/31/2018 8:11,8:11,15,0,0,I25 & HAMPDEN AVENUE EAST,4,1,0,2,1,4,,0,65,0,0,0,0,0,1,2,13
,2018_35459,39.654542,-104.918927,10/4/2018 17:00,17:00,12,0,2,I25 & HAMPDEN AVENUE EAST,1,1,0,0,1,4,,0,55,0,0,0,0,1,1,2,12
,2018_35460,39.654671,-104.918988,9/20/2018 1:06,1:06,6,0,0,I25 & MM 201.7,1,3,0,0,1,4,,0,55,0,0,0,0,0,1,2,2
,2018_35461,39.656552,-104.919807,10/10/2018 18:37,18:37,15,0,0,I25 & HAMPDEN AVENUE EAST,1,2,0,0,1,4,,0,50,0,0,0,0,0,1,3,13
,2018_35462,39.656552,-104.919807,12/7/2018 8:03,8:03,12,0,0,I25 & HAMPDEN AVENUE EAST,1,1,0,0,1,4,,0,60,0,0,0,0,0,1,2,13
,2018_35463,39.657805,-104.920357,8/27/2018 18:37,18:37,5,0,0,I25 SOUTHBOUND EXIT GORE POINT & HAMPDEN AVENUE EAST,1,1,0,0,3,4,,0,65,0,0,0,0,0,1,1,5
,2018_35464,39.664683,-104.923563,10/14/2018 8:59,8:59,15,0,0,I25 & YALE AVENUE EAST,5,1,0,2,1,4,,0,65,0,0,0,0,0,1,2,13
,2018_35465,39.666579,-104.924848,7/17/2018 12:02,12:02,12,0,2,I25 & YALE AVENUE EAST,1,1,0,0,1,4,,0,60,0,0,0,0,1,1,3,13
,2018_35466,39.678367,-104.933559,2/25/2018 12:58,12:58,12,0,0,I25 & EVANS AVENUE EAST,1,1,0,0,1,4,,0,60,0,0,0,0,0,1,2,13
,2018_35467,39.678586,-104.933749,5/22/2018 22:38,22:38,5,0,1,I25 & EVANS AVENUE EAST,1,4,0,0,2,4,,0,55,0,0,0,0,1,1,1,5
,2018_35468,39.679023,-104.93413,1/24/2018 8:41,8:41,12,0,0,I25 & MM 203.6,1,1,1,0,1,4,,0,60,0,0,0,0,0,1,2,13
,2018_35469,39.683058,-104.940299,11/24/2018 13:00,13:00,12,0,0,I25 SOUTHBOUND OFF RAMP & COLORADO BOULEVARD SOUTH,1,3,0,0,1,8,,0,35,0,0,0,0,0,1,2,13
,2018_35470,39.683896,-104.943532,10/9/2018 14:10,14:10,12,0,0,I25 & COLORADO BOULEVARD SOUTH,1,1,0,0,1,4,,0,60,0,0,0,0,0,1,2,13
,2018_35471,39.684158,-104.944536,8/24/2018 15:00,15:00,15,0,0,I25 & COLORADO BOULEVARD SOUTH,1,1,0,0,1,4,,0,55,0,0,0,1,0,1,2,13
,2018_35472,39.684893,-104.949717,6/30/2018 8:49,8:49,15,0,0,I25 NORTHBOUND ENTRANCE GORE POINT & COLORADO BOULEVARD SOUTH,1,1,1,0,1,4,,0,35,0,0,0,0,0,1,2,13
,2018_35473,39.684921,-104.959322,8/29/2018 16:12,16:12,12,0,0,I25 & UNIVERSITY BOULEVARD SOUTH,1,1,0,0,1,4,,0,60,0,0,0,0,0,1,2,1
,2018_35474,39.684921,-104.959322,9/7/2018 13:37,13:37,15,0,0,I25 & UNIVERSITY BOULEVARD SOUTH,1,1,0,0,1,4,,0,60,0,0,0,0,0,1,2,1
,2018_35475,39.68492,-104.959509,2/12/2018 6:09,6:09,15,0,0,I25 & UNIVERSITY BOULEVARD SOUTH,1,2,0,0,1,4,,0,60,0,0,0,0,0,1,2,13
,2018_35476,39.68492,-104.959509,10/25/2018 8:55,8:55,12,0,0,I25 & UNIVERSITY BOULEVARD SOUTH,1,1,0,0,1,4,,0,60,0,0,0,0,0,1,2,13
,2018_35477,39.68492,-104.959509,12/27/2018 15:42,15:42,12,0,0,I25 & UNIVERSITY BOULEVARD SOUTH INTCH,1,1,1,0,1,4,,0,55,0,0,0,0,0,1,2,13
,2018_35478,39.689311,-104.971955,2/23/2018 17:33,17:33,12,0,0,I25 SOUTHBOUND ON RAMP & DOWNING STREET SOUTH,1,1,1,0,1,8,,0,35,0,0,0,0,0,1,2,13
,2018_35479,39.697396,-104.982637,11/20/2018 9:05,9:05,12,0,2,I25 NORTHBOUND ON RAMP ENTRANCE GORE POINT & WASHINGTON STREET / BUTCHEL BOULEVARD,1,1,0,0,1,8,,0,50,0,0,0,0,1,1,2,1
,2018_35480,39.701466,-104.987451,6/20/2018 14:26,14:26,15,0,0,BROADWAY SOUTH / 700 BLOCK SOUTH & I25 SOUTHBOUND RAMPS,1,1,0,0,1,1,,0,30,0,0,0,0,0,1,2,7
,2018_35481,39.701466,-104.987451,9/13/2018 17:59,17:59,3,0,0,BROADWAY SOUTH & I25 SOUTHBOUND RAMPS,1,1,0,0,1,1,,0,35,0,0,0,0,0,1,2,13
,2018_35482,39.707118,-104.996779,1/3/2018 7:40,7:40,12,0,0,I25 & SANTA FE DRIVE SOUTH INTCH NEW CONFIG,1,1,0,0,1,4,,0,55,0,0,0,0,0,1,2,3
,2018_35484,39.711525,-104.999094,4/6/2018 10:23,10:23,12,0,0,I25 & ALAMEDA AVENUE WEST,2,1,0,2,1,4,,0,55,0,0,0,0,0,1,2,3
,2018_35485,39.711525,-104.999094,6/18/2018 13:47,13:47,12,0,0,I25 & ALAMEDA AVENUE WEST,1,1,0,0,1,4,,0,55,0,0,0,0,0,1,3,13
,2018_35486,39.712903,-104.999918,12/16/2018 18:00,18:00,15,0,0,I25 & ALAMEDA AVENUE WEST,1,3,0,0,1,4,,0,50,0,0,0,0,0,1,2,1
,2018_35487,39.717712,-105.004262,1/5/2018 18:38,18:38,12,0,0,I25 & BAYAUD AVENUE WEST,1,3,1,0,1,4,,0,55,0,0,0,0,0,1,2,3
,2018_35489,39.720036,-105.007094,3/13/2018 6:08,6:08,15,0,0,I25 & SIXTH AVENUE WEST,1,3,0,0,1,4,,0,55,0,0,0,0,0,1,4,13
,2018_35490,39.72244,-105.009858,3/1/2018 8:06,8:06,5,0,0,I25 & SIXTH AVENUE WEST,1,1,0,0,2,4,,0,55,0,0,0,0,0,1,1,1
,2018_35491,39.722955,-105.010584,5/16/2018 12:16,12:16,12,0,0,I25 NORTHBOUND EXIT GORE POINT & SIXTH AVENUE WEST,1,1,1,0,1,4,,0,65,0,0,0,0,0,1,2,4
,2018_35492,39.724815,-105.012562,1/9/2018 13:34,13:34,12,0,0,I25 & SIXTH AVENUE WEST,1,1,0,0,1,4,,0,65,0,0,0,0,0,1,3,13
,2018_35493,39.725048,-105.01273,12/29/2018 12:24,12:24,12,0,0,I25 & SIXTH AVENUE WEST,1,1,0,0,1,4,,0,55,0,0,0,0,0,1,2,13
,2018_35494,39.725165,-105.012815,3/10/2018 10:30,10:30,12,0,1,I25 NORTHBOUND OFF RAMP & SIXTH AVENUE WEST,1,1,1,0,1,8,,0,25,0,0,0,0,1,1,2,13
,2018_35495,39.725281,-105.012899,7/5/2018 11:16,11:16,12,0,2,I25 & SIXTH AVENUE WEST,1,1,0,0,1,4,,0,55,0,0,0,0,1,1,2,13
,2018_35496,39.725281,-105.012899,8/22/2018 14:38,14:38,12,0,0,I25 & SIXTH AVENUE WEST,1,1,0,0,1,4,,0,65,0,0,0,0,0,1,2,13
,2018_35498,39.725514,-105.013067,12/5/2018 17:43,17:43,15,0,0,I25 SOUTHBOUND OFF RAMP & SIXTH AVENUE WEST,1,3,1,0,1,8,,0,55,0,0,0,0,0,1,2,13
,2018_35499,39.729265,-105.014796,1/19/2018 11:49,11:49,12,0,0,I25 & EIGHTH AVENUE WEST,1,1,0,0,1,4,,0,55,0,0,0,0,0,1,2,13
,2018_35500,39.729265,-105.014796,9/6/2018 7:11,7:11,12,0,0,I25 & EIGHTH AVENUE WEST,1,1,0,0,1,4,,0,65,0,0,0,0,0,1,2,13
,2018_35501,39.732693,-105.01558,10/1/2018 7:55,7:55,15,0,0,I25 & EIGHTH AVENUE WEST,1,1,0,0,1,4,,0,55,0,0,0,0,0,1,2,13
,2018_35502,39.739886,-105.0139,7/8/2018 21:00,21:00,15,0,0,I25 & COLFAX AVENUE WEST,1,3,0,0,1,4,,0,55,0,0,0,0,0,1,3,13
,2018_35503,39.75115,-105.016647,3/26/2018 22:55,22:55,5,0,0,I25 & 23RD AVENUE WEST,12,3,0,2,2,4,,0,55,0,0,0,0,0,1,1,13
,2018_35504,39.751295,-105.016566,7/28/2018 22:25,22:25,12,0,0,I25 & 23RD AVENUE WEST,1,3,0,0,1,4,,0,55,0,0,0,0,0,1,2,13
,2018_35505,39.751814,-105.016278,10/6/2018 19:42,19:42,12,0,0,I25 & 23RD AVENUE WEST,1,3,0,0,1,4,,0,55,0,0,0,0,0,1,3,13
,2018_35506,39.752558,-105.015774,5/24/2018 8:05,8:05,15,0,0,I25 & SPEER BOULEVARD,1,1,0,0,1,4,,0,55,0,0,0,0,0,1,2,13
,2018_35507,39.755118,-105.012754,3/29/2018 17:11,17:11,12,0,0,I25 & SPEER BOULEVARD NORTH,2,1,1,2,1,4,,0,55,0,0,0,0,0,1,2,14
,2018_35508,39.755118,-105.012754,9/24/2018 16:04,16:04,12,0,0,I25 & SPEER BOULEVARD NORTH,1,1,1,0,1,4,,0,55,0,0,0,0,0,1,3,13
,2018_35509,39.755118,-105.012754,4/16/2018 9:44,9:44,15,0,1,SPEER BOULEVARD & I25 OVER PASS,1,1,0,0,1,4,,0,35,0,0,0,0,1,1,3,14
,2018_35510,39.755401,-105.012361,1/9/2018 7:00,7:00,12,0,0,I25 & SPEER BOULEVARD,1,2,0,0,1,4,,0,55,0,0,0,0,0,1,2,13
,2018_35511,39.779391,-104.989164,5/7/2018 16:00,16:00,15,0,0,I70 & I25,1,1,0,0,1,4,,0,55,0,0,0,0,0,1,2,13
,2018_35512,39.756533,-105.010789,9/28/2018 16:18,16:18,12,0,0,I25 SOUTHBOUND OFF RAMP & SPEER BOULEVARD NORTH EXIT GORE POINT,1,1,1,0,1,4,,0,55,0,0,0,0,0,1,2,13
,2018_35513,39.757392,-105.009617,7/25/2018 15:46,15:46,12,0,0,I25 NORTHBOUND ON RAMP & SPEER BOULEVARD NORTH,1,1,0,0,1,8,,0,35,0,0,0,0,0,1,2,3
,2018_35514,39.759182,-105.007117,3/21/2018 6:25,6:25,15,0,0,I25 & 20TH STREET,1,1,0,0,1,4,,0,55,0,0,0,0,0,1,2,1
,2018_35515,39.760824,-105.004537,2/11/2018 15:52,15:52,12,0,0,I25 & 20TH STREET,1,1,0,0,1,4,,0,65,0,0,0,0,0,1,4,3
,2018_35516,39.760824,-105.004537,10/26/2018 20:30,20:30,15,0,0,I25 & 20TH STREET,1,3,0,0,1,4,,0,,0,0,0,0,0,1,2,13
,2018_35517,39.760997,-105.004271,3/16/2018 13:59,13:59,12,0,0,I25 & 20TH STREET,1,1,1,0,1,4,,0,55,0,0,0,0,0,1,2,13
,2018_35518,39.760997,-105.004271,9/21/2018 20:16,20:16,12,0,0,20TH STREET & I25 NORTHBOUND,1,3,0,0,1,4,,0,35,0,0,0,0,0,1,3,12
,2018_35519,39.763209,-105.002002,1/20/2018 12:10,12:10,12,0,0,I25 & 20TH STREET,1,1,0,0,1,4,,0,55,0,0,0,0,0,1,2,3
,2018_35521,39.768049,-104.994761,9/6/2018 12:04,12:04,12,0,0,I25 & PARK AVENUE WEST,1,1,0,0,1,4,,0,65,0,0,0,0,0,1,4,13
,2018_35522,39.768049,-104.994761,7/9/2018 9:37,9:37,3,0,1,38TH AVENUE WEST & FOX STREET NORTH,1,1,0,0,1,1,,0,30,0,0,0,0,1,1,2,4
,2018_35523,39.768762,-104.993289,11/16/2018 16:05,16:05,15,0,0,I25 & PARK AVENUE WEST,1,1,0,0,1,4,,0,55,0,0,0,0,0,1,2,3
,2018_35524,39.770112,-104.991502,11/5/2018 9:09,9:09,12,0,1,I25 SOUTHBOUND HOV & MM 213,1,1,0,0,1,4,,0,55,0,0,0,0,1,1,2,13
,2018_35525,39.780975,-104.989156,8/12/2018 16:40,16:40,12,0,0,I25 & PARK AVENUE WEST,1,1,0,0,1,4,,0,55,0,0,0,0,0,1,2,14
,2018_35526,39.783855,-104.989142,2/6/2018 16:56,16:56,12,0,1,I25 NORTHBOUND ON RAMP & 48TH AVENUE WEST,1,1,0,0,1,8,,0,65,0,0,0,0,1,1,3,8
,2018_35568,39.711078,-105.02488,6/28/2018 19:05,19:05,12,0,0,ALAMEDA AVENUE EAST & FEDERAL BOULEVARD SOUTH,1,1,1,0,1,3,,0,30,0,0,0,0,0,2,2,14
,2018_35569,39.711079,-105.024689,4/22/2018 20:10,20:10,12,0,0,ALAMEDA AVENUE WEST & FEDERAL BOULEVARD SOUTH,1,1,1,0,1,3,,0,35,0,0,0,0,0,2,2,3
,2018_35570,39.711184,-105.003965,1/20/2018 13:28,13:28,3,0,0,ALAMEDA AVENUE WEST & NAVAJO STREET SOUTH,1,1,0,0,1,1,,0,35,0,0,0,0,0,2,2,1
,2018_35571,39.711184,-105.00062,9/13/2018 11:05,11:05,15,0,0,ALAMEDA AVENUE WEST & PLATTE RIVER DRIVE SOUTH,1,1,0,0,1,1,,0,30,0,0,0,0,0,2,2,13
,2018_35572,39.711192,-104.99993,2/5/2018 9:17,9:17,15,0,0,I25 SOUTHBOUND OFF RAMP & ALAMEDA AVENUE WEST,1,5,0,0,1,1,,0,30,0,0,0,0,0,2,2,13
,2018_35573,39.711208,-104.998391,1/15/2018 6:00,6:00,10,0,0,ALAMEDA AVENUE WEST & KALAMATH STREET SOUTH,5,4,0,2,1,1,,0,30,0,0,0,0,0,2,2,8
,2018_35574,39.653131,-104.898763,2/24/2018 15:31,15:31,1,0,0,HAMPDEN AVENUE EAST & TAMARAC DRIVE SOUTH APPROXIMATELY,1,1,0,0,1,2,,0,45,0,0,0,0,0,2,3,8
,2018_35575,39.653077,-104.898619,2/16/2018 8:25,8:25,3,0,0,HAMPDEN AVENUE EAST & TAMARAC DRIVE SOUTH,5,1,0,2,1,1,,0,40,0,0,0,0,0,2,2,13
,2018_35576,39.779503,-104.903348,12/14/2018 14:50,14:50,15,0,0,QUEBEC STREET 4600 BLOCK NORTH & I70,1,1,1,0,1,4,,0,40,0,0,0,0,0,2,2,13
,2018_35577,39.653079,-104.893804,5/5/2018 19:20,19:20,12,0,2,HAMPDEN AVENUE EAST & ULSTER STREET SOUTH,1,1,1,0,1,3,,0,45,0,0,0,0,1,2,2,5
,2018_35578,39.65305,-104.884342,1/8/2018 21:20,21:20,12,0,0,HAMPDEN AVENUE 8900 BLOCK EAST & YOSEMITE STREET SOUTH,1,3,0,0,1,3,,0,35,0,0,0,0,0,2,2,13
,2018_35579,39.653049,-104.884165,8/22/2018 17:53,17:53,3,0,0,HAMPDEN AVENUE 8900 EAST & YOSEMITE STREET SOUTH,2,1,0,1,1,2,,0,45,0,0,0,0,0,2,2,7
,2018_35580,39.653052,-104.871456,5/10/2018 12:53,12:53,12,0,0,HAMPDEN AVENUE 10000 BLOCK EAST & FLORENCE STREET SOUTH,1,1,0,0,1,3,,0,45,0,0,0,0,0,2,2,1
,2018_35581,39.653541,-104.868354,4/19/2018 16:19,16:19,1,0,0,HAMPDEN AVENUE EAST & GALENA STREET SOUTH,1,1,0,0,1,1,,0,,0,0,0,0,0,2,2,13
,2018_35590,39.705872,-104.865974,3/20/2018 3:20,3:20,12,0,0,HAVANA STREET SOUTH & GALENA WAY SOUTH,1,1,1,0,1,1,,0,30,0,0,0,0,0,2,2,13
,2018_35600,39.781946,-104.901631,12/21/2018 8:32,8:32,15,0,0,NORTHFIELD QUEBEC STREET & SAND CREEK ROAD,1,1,1,0,1,4,,0,40,0,0,0,0,0,2,2,13
,2018_35601,39.785531,-104.899639,2/9/2018 19:28,19:28,3,0,0,NORTHFIELD BOULEVARD EAST & QUEBEC STREET NORTH SOUTHBOUND ON RAMP,1,3,1,0,1,3,,0,35,0,0,0,0,0,2,2,13
,2018_35631,39.740156,-104.948613,1/22/2018 22:55,22:55,6,0,0,COLFAX AVENUE 3300 BLOCK EAST & ADAMS STREET NORTH,1,3,0,0,1,4,,0,35,0,0,0,0,0,2,2,5
,2018_35640,39.740335,-105.041926,10/12/2018 15:36,15:36,12,0,0,COLFAX AVENUE WEST & RALEIGH STREET NORTH,1,1,0,0,1,4,,0,30,0,0,0,0,0,2,2,13
,2018_35641,39.740339,-105.037041,10/11/2018 13:56,13:56,12,0,0,COLFAX AVENUE WEST & NEWTON STREET NORTH,1,1,0,0,1,3,,0,30,0,0,0,0,0,2,2,13
,2018_35642,39.740345,-105.015536,10/29/2018 21:13,21:13,3,0,0,COLFAX AVENUE WEST & I25 SOUTHBOUND OFF RAMP,1,3,0,0,1,1,,0,40,0,0,0,0,0,2,2,8
,2018_35643,39.740048,-104.999933,3/7/2018 17:05,17:05,3,0,1,COLFAX AVENUE WEST & KALAMATH STREET NORTH,1,1,0,0,1,1,,0,35,0,0,0,0,1,2,2,13
,2018_35644,39.740064,-104.941709,10/27/2018 9:16,9:16,12,0,0,COLFAX AVENUE 3900 BLOCK EAST & HARRISON STREET,1,1,0,0,1,4,,0,,0,0,0,0,0,2,2,13
,2018_35645,39.740032,-104.996815,12/28/2018 22:10,22:10,12,0,1,COLFAX AVENUE WEST & GALAPAGO STREET NORTH,1,3,0,6,1,3,,0,30,0,0,0,0,1,2,3,8
,2018_35646,39.740049,-104.986167,5/10/2018 0:45,0:45,15,0,0,COLFAX AVENUE EAST & LINCOLN STREET NORTH,1,3,0,0,1,1,,0,30,0,0,0,0,0,2,2,8
,2018_35647,39.740041,-104.983728,8/17/2018 20:40,20:40,1,0,0,COLFAX AVENUE EAST & GRANT AVENUE NORTH,1,3,0,0,1,1,,0,35,0,0,0,0,0,2,2,3
,2018_35648,39.740018,-104.981104,10/24/2018 18:45,18:45,12,0,1,COLFAX AVENUE EAST & LOGAN STREET NORTH,1,3,0,0,1,1,,0,30,0,0,0,0,1,2,2,8
,2018_35649,39.739998,-104.97848,11/9/2018 21:41,21:41,14,0,0,COLFAX AVENUE 700 BLOCK EAST & WASHINGTON STREET NORTH,1,3,0,0,1,4,,0,30,0,0,0,0,0,2,2,13
,2018_35650,39.740002,-104.976421,7/27/2018 15:40,15:40,1,0,0,COLFAX AVENUE EAST & EMERSON STREET NORTH,1,1,0,0,1,1,,0,30,0,0,0,0,0,2,2,14
,2018_35651,39.740004,-104.975298,6/10/2018 8:38,8:38,12,0,1,COLFAX AVENUE EAST & ODGEN STREET NORTH,1,1,0,0,1,1,,0,30,0,0,0,1,1,2,2,13
,2018_35652,39.740008,-104.973052,10/23/2018 18:34,18:34,15,0,0,COLFAX AVENUE EAST & DOWNING STREET NORTH,1,3,0,0,1,1,,0,25,0,0,0,0,0,2,2,13
,2018_35653,39.740011,-104.97118,2/3/2018 23:00,23:00,15,0,0,COLFAX AVENUE EAST & LAFAYETTE STREET,1,3,0,0,1,4,,0,35,0,0,0,1,0,2,2,5
,2018_35654,39.740012,-104.970806,1/11/2018 17:00,17:00,6,0,0,COLFAX AVENUE 1300 BLOCK EAST & LAFAYETTE STREET NORTH,1,1,0,0,1,4,,0,35,0,0,0,0,0,2,2,14
,2018_35655,39.74001,-104.968741,6/15/2018 16:30,16:30,6,0,0,COLFAX AVENUE EAST & FRANKLIN STREET NORTH,1,1,0,0,1,4,,0,30,0,0,0,0,0,2,2,14
,2018_35656,39.739983,-104.959859,7/18/2018 1:41,1:41,5,0,0,COLFA AVENUE 2200 BLOCK EAST & YORK STREET NORTH,1,3,0,0,3,4,,0,40,0,0,0,0,0,2,1,13
,2018_35657,39.740185,-104.957457,1/9/2018 17:04,17:04,12,0,0,COLFAX AVENUE EAST & COLUMBINE STREET,1,3,0,0,1,4,,0,30,0,0,0,0,0,2,3,3
,2018_35658,39.740058,-104.934525,1/5/2018 18:17,18:17,15,0,0,COLFAX AVENUE & 4500 BLOCK EAST,1,3,0,0,1,4,,0,,0,0,0,0,0,2,2,13
,2018_35659,39.740077,-104.928527,11/28/2018 10:12,10:12,1,0,0,COLFAX AVENUE 5100 BLOCK EAST & FAIRFAX STREET NORTH,1,1,0,0,1,2,,0,35,0,0,0,0,0,2,2,3
,2018_35660,39.74008,-104.920635,2/20/2018 15:19,15:19,9,0,0,COLFAX AVENUE EAST & IVY STREET NORTH,2,1,0,0,1,1,,0,35,0,0,0,0,0,2,2,1
,2018_35661,39.74008,-104.919696,6/28/2018 2:24,2:24,6,0,0,COLFAX AVENUE EAST & JERSEY STREET NORTH,1,3,1,0,1,4,,0,35,0,0,0,0,0,2,2,5
,2018_35663,39.740082,-104.912367,2/21/2018 9:40,9:40,3,0,1,MONACO PARKWAY NORTHBOUND  & COLFAX AVENUE EAST,1,1,0,0,1,3,,0,30,0,0,0,0,1,2,2,13
,2018_35664,39.740084,-104.903536,8/6/2018 23:18,23:18,3,0,0,COLFAX AVENUE EAST & QUEBEC STREET NORTH,1,3,0,0,1,1,,0,30,0,0,0,0,0,2,2,13
,2018_35710,39.783618,-105.053062,10/22/2018 17:07,17:07,5,0,0,I70 & SHERIDAN BOULEVARD NORTH,1,1,1,0,1,4,,0,55,0,0,0,0,0,1,3,13
,2018_35711,39.783347,-105.034472,9/12/2018 8:32,8:32,12,0,0,I70 WB OFF RAMP & LOWELL BOULEVARD NORTH,1,1,0,0,1,8,,0,35,0,0,0,0,0,1,2,12
,2018_35712,39.783472,-105.010967,3/15/2018 6:46,6:46,12,0,0,I70 & PECOS STREET NORTH,1,1,0,0,1,4,,0,65,0,0,0,0,0,1,2,13
,2018_35713,39.783149,-105.006371,10/5/2018 8:32,8:32,12,0,0,I70 & PECOS STREET NORTH,1,1,0,0,1,4,,0,55,0,0,0,0,0,1,2,13
,2018_35714,39.783149,-105.006371,10/18/2018 18:01,18:01,12,0,0,I70 & PECOS STREET NORTH,1,2,1,0,1,4,,0,65,0,0,0,0,0,1,2,13
,2018_35715,39.783149,-105.006371,12/20/2018 17:20,17:20,12,0,0,I70 & PECOS STREET NORTH,1,3,0,0,1,4,,0,55,0,0,0,0,0,1,2,13
,2018_35716,39.781175,-104.994041,9/14/2018 19:16,19:16,12,0,0,I70 & I25 SOUTHBOUND ON RAMP,1,2,0,0,1,4,,0,45,0,0,0,0,0,1,2,3
,2018_35717,39.781132,-104.99389,3/19/2018 7:10,7:10,15,0,0,I70 EASTBOUND SPLIT RAMP & I25,2,1,1,0,1,8,,0,,0,0,0,0,0,1,2,13
,2018_35718,39.780091,-104.989581,4/7/2018 17:36,17:36,12,0,0,I70 & I25 INTCH,1,1,0,0,1,4,,0,55,0,0,0,0,0,1,2,7
,2018_35719,39.779937,-104.988665,1/13/2018 18:31,18:31,15,0,0,I70 WB RAMP SPLIT & I25 SOUTHBOUND RAMP,1,3,0,0,1,8,,0,45,0,0,0,0,0,1,2,13
,2018_35720,39.779937,-104.988665,3/1/2018 6:33,6:33,12,0,0,I70 WB OFF RAMP & I25 SOUTHBOUND RAMP MERGE,1,1,0,0,1,8,,0,55,0,0,0,0,0,1,2,13
,2018_35721,39.779914,-104.988476,12/14/2018 17:18,17:18,12,0,0,I70 EASTBOUND RAMP BEGIN & I25 NORTHBOUND OFF RAMP END,1,3,1,0,1,8,,0,55,0,0,0,0,0,1,3,13
,2018_35722,39.779752,-104.986176,5/9/2018 10:41,10:41,12,0,0,I70 EASTBOUND ON RAMP & I25 NORTHBOUND RAMP END,1,1,1,0,1,8,,0,55,0,0,0,0,0,1,2,13
,2018_35723,39.779441,-104.979019,2/6/2018 6:44,6:44,15,0,0,I70 & WASHINGTON STREET NORTH,1,1,0,0,1,4,,0,65,0,0,0,0,0,1,2,13
,2018_35724,39.779441,-104.979019,11/2/2018 12:08,12:08,15,0,0,WASHINGTON STREET 4600 BLOCK NORTH & I70 EASTBOUND ON RAMP,1,1,0,0,1,1,,0,35,0,0,0,0,0,1,2,14
,2018_35725,39.77963,-104.973082,10/31/2018 7:25,7:25,12,0,0,I70 & WASHINGTON STREET WB ON RAMP,2,2,0,1,1,4,,0,45,0,0,0,0,0,1,2,14
,2018_35726,39.780016,-104.953383,8/28/2018 8:02,8:02,12,0,0,I70 & VAZQUEZ BOULEVARD NORTH,1,1,0,0,1,4,,0,55,0,0,0,0,0,1,3,13
,2018_35727,39.78,-104.950141,10/10/2018 10:05,10:05,12,0,0,I70 WB OFF RAMP & STEELE STREET NORTH,1,1,0,0,1,8,,0,30,0,0,0,0,0,1,2,7
,2018_35728,39.779999,-104.949951,7/10/2018 9:28,9:28,12,0,0,I70 & STEELE STREET NORTH,1,1,0,0,1,4,,0,55,0,0,0,0,0,1,2,13
,2018_35729,39.779944,-104.940603,6/15/2018 7:02,7:02,12,0,0,I70 & COLORADO BOULEVARD NORTH,1,1,0,0,1,4,,0,65,0,0,0,0,0,1,2,13
,2018_35730,39.779949,-104.94024,6/8/2018 13:30,13:30,15,0,0,I70 & COLORADO BOULEVARD NORTH,1,1,0,0,1,4,,0,55,0,0,0,0,0,1,2,13