id,drcog_id,latitude,longitude,crashtime,time,crashtype,numbkilled,numbinjurd,drcoglocat,rdconditin,lightngcon,roadcntgrd,weatherco,location,roaddescrp,schoolzone,constrzone,splimit,bikeinv,pedinv,sctrinv,motoinv,svrty,rdsystem,ttlvehcls,hcf
,2018_35731,39.779951,-104.940041,6/24/2018 13:42,13:42,12,0,0,I70 & COLORADO BOULEVARD NORTH,2,1,0,1,1,4,,0,55,0,0,0,0,0,1,2,13
,2018_35732,39.780062,-104.936703,12/22/2018 12:45,12:45,5,0,2,I70 & COLORADO BOULEVARD NORTH APPROXIMATELY,1,1,0,0,3,4,,0,55,0,0,0,0,2,1,2,1
,2018_35733,39.780032,-104.931784,10/26/2018 22:30,22:30,12,0,3,I70 & DAHLIA STREET NORTH,1,3,2,0,1,4,,0,,0,0,0,0,1,1,2,13
,2018_35734,39.778444,-104.923153,10/11/2018 20:12,20:12,12,0,0,I70 & HOLLY STREET NORTH,1,3,0,0,1,4,,0,55,0,0,0,0,0,1,2,3
,2018_35735,39.778282,-104.921314,9/18/2018 7:13,7:13,12,0,0,I70 & COLORADO BOULEVARD NORTH,1,1,0,0,1,4,,0,65,0,0,0,0,0,1,2,13
,2018_35736,39.778283,-104.920585,5/23/2018 17:35,17:35,12,0,0,I70 & HOLLY STREET NORTH,1,1,0,0,1,4,,0,55,0,0,0,0,0,1,2,7
,2018_35737,39.778285,-104.917487,6/17/2018 17:00,17:00,12,0,0,I70 & KEARNEY STREET NORTH,2,1,0,1,1,4,,0,65,0,0,0,0,0,1,3,13
,2018_35738,39.775557,-104.86491,11/8/2018 17:46,17:46,15,0,0,I70 & HAVANA STREET NORTH,1,2,0,0,1,4,,0,55,0,0,0,0,0,1,2,13
,2018_35739,39.778288,-104.914389,3/6/2018 17:12,17:12,15,0,1,I70 WB EXIT LANE & FEDERAL BOULEVARD NORTH WB EXIT GORE,1,1,1,0,1,4,,0,55,0,0,0,0,1,1,3,5
,2018_35740,39.778288,-104.913295,8/18/2018 2:40,2:40,5,0,1,I70 & HOLLY STREET NORTH,1,4,0,0,3,4,,0,65,0,0,0,0,1,1,1,5
,2018_35741,39.778289,-104.912566,6/21/2018 9:40,9:40,12,0,0,I70 & MONACO STREET NORTH,1,1,0,0,1,4,,0,55,0,0,0,0,0,1,2,14
,2018_35742,39.77829,-104.911108,10/11/2018 18:35,18:35,12,0,0,I70 & LEYDEN STREET NORTH,1,2,0,0,1,4,,0,55,0,0,0,0,0,1,2,13
,2018_35743,39.778295,-104.903454,3/3/2018 20:15,20:15,15,0,0,I70 & QUEBEC STREET NORTH,1,3,0,0,1,4,,0,55,0,0,0,0,0,1,2,13
,2018_35744,39.778295,-104.903454,6/1/2018 16:00,16:00,12,0,0,I70 & QUEBEC STREET NORTH INTCH,1,1,0,0,1,4,,0,55,0,0,0,0,0,1,2,14
,2018_35745,39.777646,-104.888658,8/10/2018 17:07,17:07,12,0,0,I70 & CENTRAL PARK BOULEVARD NORTH,1,1,1,0,1,4,,0,65,0,0,0,0,0,1,2,13
,2018_35748,39.777139,-104.882953,1/4/2018 6:05,6:05,12,0,0,I70 & CENTRAL PARK BOULEVARD NORTH,1,3,0,0,1,4,,0,55,0,0,0,0,0,1,3,13
,2018_35749,39.777139,-104.882953,6/18/2018 0:29,0:29,5,0,0,I70 & CENTRAL PARK BOULEVARD NORTH,2,3,0,1,2,4,,0,65,0,0,0,0,0,1,1,7
,2018_35750,39.777139,-104.882953,6/20/2018 16:01,16:01,12,0,1,I70 & CENTRAL PARK BOULEVARD,1,1,1,0,1,4,,0,65,0,0,0,0,1,1,3,13
,2018_35751,39.776983,-104.881255,2/28/2018 8:49,8:49,15,0,0,I70 & I270 WB DIRECT CONNECT,1,1,0,0,1,4,,0,55,0,0,0,0,0,1,2,1
,2018_35752,39.775573,-104.865095,7/14/2018 16:51,16:51,15,0,3,I70 & HAVANA STREET NORTH,1,1,0,0,1,4,,0,55,0,0,0,0,2,1,2,13
,2018_35753,39.774397,-104.851415,4/14/2018 20:46,20:46,5,0,0,I70 & PEORIA STREET NORTH,1,3,0,0,3,4,,0,55,0,0,0,0,0,1,1,13
,2018_35754,39.774397,-104.851415,5/26/2018 18:20,18:20,15,0,0,I70 & PEORIA STREET NORTH,1,1,0,0,1,4,,0,55,0,0,0,0,0,1,2,13
,2018_35755,39.774015,-104.846978,1/1/2018 3:40,3:40,12,0,0,I70 & PEORIA STREET NORTH,1,3,0,0,1,4,,0,55,0,0,0,0,0,1,2,13
,2018_35756,39.774015,-104.846978,12/14/2018 7:45,7:45,12,0,0,I70 & PEORIA STREET NORTH,1,1,0,0,1,4,,0,55,0,0,0,0,0,1,2,13
,2018_35758,39.773999,-104.846793,5/25/2018 6:57,6:57,12,0,0,I70 & PEORIA STREET NORTH,1,1,0,0,1,4,,0,55,0,0,0,0,0,1,3,13
,2018_35759,39.773808,-104.844575,7/4/2018 17:04,17:04,15,0,3,I70 & PEORIA STREET NORTH,1,1,0,0,1,4,,0,55,0,0,0,0,1,1,4,13
,2018_35760,39.773251,-104.838105,2/7/2018 14:40,14:40,12,0,0,I70 & I225 SOUTHBOUND ON RAMP GORE POINT,1,1,0,0,1,4,,0,55,0,0,0,0,0,1,2,13
,2018_35761,39.773203,-104.83755,11/22/2018 19:04,19:04,12,0,0,I70 WB ON RAMP FROM I225 & PEORIA STREET NORTH,1,1,1,0,1,8,,0,55,0,0,0,0,0,1,2,13
,2018_35762,39.772582,-104.830341,12/1/2018 18:25,18:25,12,0,2,I70 WB ON RAMP FROM I225 & I70 WB ON RAMP FROM I225 FLYOVER,1,3,0,0,1,8,,0,45,0,0,0,0,1,1,4,1
,2018_35828,39.698097,-104.902133,11/30/2018 15:39,15:39,3,0,0,PARKER ROAD SOUTH & 1000 BLOCK SOUTH,1,1,0,0,1,2,,0,40,0,0,0,0,0,2,2,1
,2018_35829,39.701082,-104.910423,12/7/2018 8:05,8:05,15,0,0,NIAGRA STREET SOUTH & LEETSDALE DRIVE,1,1,1,0,1,1,,0,35,0,0,0,0,0,2,2,13
,2018_35830,39.707999,-104.926091,4/16/2018 7:45,7:45,3,0,0,LEETSDALE DRIVE & FOREST STREET SOUTH / 5300 BLOCK,1,1,0,0,1,2,,0,35,0,0,0,0,0,2,2,14
,2018_35852,39.677305,-104.993607,6/2/2018 10:25,10:25,5,0,0,SANTA FE DRIVE SOUTH & EVANS AVENUE WEST,1,1,0,0,3,4,,0,55,0,0,0,0,0,2,2,13
,2018_35853,39.687439,-104.991942,5/24/2018 13:05,13:05,12,0,0,SANTA FE DRIVE SOUTH & IOWA AVENUE WEST,1,1,0,0,1,1,,0,65,0,0,0,0,0,2,2,5
,2018_35854,39.696679,-104.991877,5/18/2018 7:30,7:30,3,0,0,MISSISSIPPI AVENUE WEST & SANTA FE DRIVE SOUTH,1,1,0,0,1,1,,0,30,0,0,0,0,0,2,2,13
,2018_35855,39.696763,-104.991852,5/22/2018 11:14,11:14,12,0,0,PLATTE RIVER DRIVE SOUTH  & MISSISSIPPI AVENUE WEST,1,1,0,0,1,4,,0,45,0,0,0,0,0,2,2,3
,2018_35856,39.706901,-104.996487,7/17/2018 10:52,10:52,12,0,4,SANTA FE DRIVE SOUTH & I25,1,1,0,0,1,3,,0,45,0,0,0,0,1,2,2,3
,2018_35860,39.737249,-105.025313,1/11/2018 17:20,17:20,12,0,0,FEDERAL BOULEVARD 1300 BLOCK NORTH & HOWARD PLACE WEST,1,2,1,0,1,4,,0,35,0,0,0,0,0,2,2,13
,2018_35861,39.731332,-105.025181,2/8/2018 11:22,11:22,12,0,0,FEDERAL BOULEVARD NORTH & NINTH AVENUE WEST,1,1,0,0,1,4,,0,35,0,0,0,0,0,2,2,14
,2018_35862,39.696718,-105.025071,9/9/2018 18:12,18:12,12,0,0,FEDERAL BOULEVARD NORTH & COLFAX AVENUE WEST,1,1,0,0,1,4,,0,35,0,0,0,0,0,2,3,13
,2018_35863,39.690969,-105.025049,5/14/2018 9:28,9:28,12,0,1,FEDERAL BOULEVARD 1400 BLOCK SOUTH & ARKANSAS AVENUE WEST,1,1,0,0,1,4,,0,,0,0,0,0,1,2,2,13
,2018_35864,39.689495,-105.025043,2/23/2018 16:51,16:51,15,0,0,FEDERAL BOULEVARD SOUTH & FLORIDA AVENUE WEST,1,1,0,0,1,3,,0,40,0,0,0,0,0,2,2,1
,2018_35865,39.682566,-105.025017,10/2/2018 14:21,14:21,15,0,0,FEDERAL BOULEVARD SOUTH & JEWELL AVENUE WEST,1,1,0,0,1,4,,0,40,0,0,0,0,0,2,2,3
,2018_35866,39.680523,-105.025025,11/18/2018 11:40,11:40,12,0,0,ASBURY AVENUE WEST & FEDERAL BOULEVARD SOUTH,1,1,0,0,1,1,,0,45,0,0,0,0,0,2,2,13
,2018_35900,39.655305,-105.05321,1/14/2018 20:55,20:55,15,0,0,SHERIDAN BOULEVARD SOUTH & DARTMOUTH AVENUE WEST,1,3,3,0,1,4,,0,35,0,0,0,0,0,2,2,13
,2018_35901,39.682251,-105.053195,12/13/2018 18:31,18:31,1,0,1,JEWELL AVENUE WEST & SHERIDAN BOULEVARD SOUTH,1,3,0,0,1,1,,0,40,0,0,0,0,1,2,2,7
,2018_35943,39.665707,-105.081432,9/10/2018 21:27,21:27,12,0,0,WADSWORTH BOULEVARD SOUTH & AMHERST AVENUE WEST,1,3,0,0,1,4,,0,35,0,0,0,0,0,2,2,8
,2018_36005,39.629871,-104.904931,9/4/2018 9:12,9:12,12,0,0,I225 SOUTHBOUND OFF RAMP & I25 NORTHBOUND,1,1,1,0,1,8,,0,55,0,0,0,0,0,1,3,13
,2018_36006,39.629971,-104.904921,3/9/2018 20:03,20:03,12,0,0,I225 SOUTHBOUND OFF RAMP & I25 NORTHBOUND,1,3,0,0,1,8,,0,50,0,0,0,0,0,1,3,13
,2018_36010,39.630725,-104.905081,5/17/2018 17:28,17:28,12,0,1,I225 SOUTHBOUND OFF RAMP & I25 NORTHBOUND,1,1,0,0,1,8,,0,55,0,0,0,0,1,1,3,3
,2018_36011,39.630725,-104.905081,4/18/2018 14:49,14:49,12,0,0,I225 SOUTHBOUND OFF RAMP & I25,1,1,0,0,1,8,,0,55,0,0,0,0,0,1,3,13
,2018_36012,39.632057,-104.904891,9/25/2018 15:00,15:00,12,0,1,I225 SOUTHBOUND OFF RAMP TO NORTHBOUND & I25,1,1,0,0,1,8,,0,60,0,0,0,0,1,1,4,7
,2018_36013,39.634114,-104.902134,9/18/2018 7:32,7:32,12,0,0,I225 & I25 OFF RAMP SPLIT,1,1,1,0,1,4,,0,45,0,0,0,0,0,1,3,13
,2018_36014,39.634127,-104.902067,10/17/2018 17:24,17:24,12,0,0,I225 SOUTHBOUND OFF RAMP SPLIT & I25,1,1,0,0,1,4,,0,55,0,0,0,0,0,1,2,12
,2018_36015,39.634376,-104.900784,5/17/2018 10:31,10:31,12,0,0,I225 & I25,1,1,0,0,1,4,,0,55,0,0,0,0,0,1,3,3
,2018_36016,39.635522,-104.893462,9/24/2018 6:15,6:15,12,0,0,I225 & TAMARAC STREET SOUTH,1,1,0,0,1,4,,0,65,0,0,0,0,0,1,2,13
,2018_36017,39.635522,-104.893462,5/19/2018 9:56,9:56,3,0,0,TAMARAC STREET SOUTH & I225,2,1,0,1,1,1,,0,35,0,0,0,0,0,1,2,13
,2018_36038,39.780781,-104.966774,6/7/2018 7:16,7:16,1,0,0,BRIGHTON BOULEVARD & 46TH AVENUE EAST,1,1,0,0,1,1,,0,35,0,0,0,0,0,2,2,8
,2018_36056,39.782923,-104.900838,5/22/2018 10:58,10:58,9,0,0,SAND CREEK DRIVE SOUTH SLIP RAMP & NORTHFIELD QUEBEC,1,1,0,0,1,1,,0,30,0,0,0,0,0,4,1,13
,2018_36057,39.782797,-104.900751,6/12/2018 9:53,9:53,12,0,0,I270 EASTBOUND & NORTHFIELD QUEBE NORTH,1,1,0,0,1,4,,0,55,0,0,0,0,0,1,2,7
,2018_36080,39.783848,-105.025224,5/26/2018 14:50,14:50,3,0,0,FEDERAL BOULEVARD NORTH & I70 EASTBOUND RAMPS,1,1,0,0,1,1,,0,30,0,0,0,0,0,2,2,7
,2018_36086,39.652978,-104.917698,3/27/2018 15:47,15:47,15,0,0,HAMPDEN AVENUE EAST & I25 NORTHBOUND RAMPS,1,1,0,0,1,1,,0,35,0,0,0,0,0,2,2,13
,2018_36087,39.743725,-105.025219,10/5/2018 8:59,8:59,12,0,0,FEDERAL BOULEVARD NORTH & 17TH AVENUE WEST,1,1,0,0,1,4,,0,35,0,0,0,0,0,2,2,13
,2018_36088,39.743865,-105.02522,6/22/2018 16:49,16:49,1,0,1,FEDERAL BOULEVARD NORTH & 17TH AVENUE WEST,1,1,0,0,1,1,,0,35,0,0,0,0,2,2,2,13
,2018_36089,39.762103,-105.025155,11/13/2018 18:02,18:02,12,0,0,FEDERAL BOULEVARD NORTH 3200 BLOCK & 32ND AVENUE WEST,1,1,1,0,1,4,,0,,0,0,0,0,0,2,2,13
,2018_36090,39.762246,-105.025156,9/11/2018 10:00,10:00,15,0,0,FEDERAL BOULEVARD 3200 BLOCK NORTH & 32ND AVENUE WEST,1,1,0,0,1,4,,0,35,0,0,0,0,0,2,2,13
,2018_36091,39.769238,-105.025232,12/10/2018 18:02,18:02,12,0,0,38TH AVENUE WEST & FEDERAL BOULEVARD NORTH,1,3,0,0,1,1,,0,35,0,0,0,0,0,2,2,7
,2018_36093,39.771243,-105.025231,1/16/2018 8:15,8:15,12,0,1,FEDERAL BOULEVARD SOUTH & 39TH AVENUE WEST,1,1,0,0,1,3,,0,35,0,0,0,0,1,2,3,14
,2018_36094,39.784707,-105.025224,4/21/2018 7:00,7:00,10,0,0,FEDERAL BOULEVARD NORTH & I70 WB RAMPS,2,1,0,2,1,1,,0,30,0,0,0,0,0,2,2,13
,2018_36095,39.78571,-105.025223,5/21/2018 7:04,7:04,1,0,0,FEDERAL BOULEVARD NORTH & 49TH AVENUE WEST,1,1,0,0,1,1,,0,40,0,0,0,0,0,2,2,13
,2018_36096,39.787424,-105.025217,5/21/2018 8:46,8:46,12,0,0,FEDERAL BOULEVARD NORTH & 50TH AVENUE,1,1,0,0,1,3,,0,40,0,0,0,0,0,2,2,3
,2018_36175,39.668673,-104.940609,8/14/2018 15:15,15:15,12,0,0,YALE AVENUE EAST & COLORADO BOULEVARD SOUTH,1,1,0,0,1,1,,0,25,0,0,0,0,0,2,2,3
,2018_36176,39.67843,-104.940638,1/15/2018 17:10,17:10,14,0,0,EVANS AVENUE EAST & COLORADO BOULEVARD SOUTH,1,3,0,0,1,1,,0,35,0,0,0,0,0,2,2,13
,2018_36177,39.67843,-104.940638,2/8/2018 19:30,19:30,1,0,1,COLORADO BOULEVARD SOUTH & EVANS AVENUE EAST,1,3,0,0,1,1,,0,40,0,0,0,0,1,2,2,13
,2018_36178,39.67843,-104.940638,7/15/2018 20:28,20:28,1,0,0,EVANS AVENUE 3900 EAST & COLORADO BOULEVARD SOUTH,2,1,0,1,1,2,,0,35,0,0,0,0,0,2,2,16
,2018_36179,39.679703,-104.940642,4/18/2018 12:34,12:34,12,0,0,COLORADO BOULEVARD 2000 BLOCK SOUTH & COLORADO CENTER DRIVE EAST,1,1,0,0,1,3,,0,35,0,0,0,0,0,2,3,1
,2018_36180,39.692854,-104.940549,11/21/2018 12:45,12:45,15,0,0,COLORADO BOULEVARD SOUTH & LOUISIANA AVENUE EAST,1,1,0,0,1,1,,0,30,0,0,0,0,0,2,2,13
,2018_36183,39.716454,-104.94061,6/3/2018 13:54,13:54,1,0,0,BAYAUD AVENUE EAST & COLORADO BOULEVARD SOUTH,1,1,1,0,1,1,,0,35,0,0,0,0,0,2,2,13
,2018_36184,39.719664,-104.940609,1/17/2018 18:09,18:09,12,0,0,COLORADO BOULEVARD & FIRST AVENUE EAST,1,3,0,0,1,1,,0,35,0,0,0,0,0,2,3,13
,2018_36185,39.719664,-104.940609,2/23/2018 17:44,17:44,1,0,0,COLORADO BOULEVARD NORTH & FIRST AVENUE EAST,1,1,0,0,1,1,,0,35,0,0,0,0,0,2,2,13
,2018_36187,39.724187,-104.940607,8/17/2018 14:39,14:39,12,0,2,COLORADO BOULEVARD 300 BLOCK NORTH & FOURTH AVENUE EAST,1,1,1,0,1,4,,0,40,0,0,0,0,1,2,3,3
,2018_36188,39.726813,-104.940606,1/26/2018 9:30,9:30,15,0,0,COLORADO BOULEVARD NORTH & SEVENTH AVENUE EAST,1,1,0,0,1,4,,0,35,0,0,0,0,0,2,2,13
,2018_36189,39.726959,-104.940606,9/6/2018 14:29,14:29,1,0,0,COLORADO BOULEVARD NORTH & SEVENTH AVENUE EAST,1,1,0,0,1,1,,0,35,0,0,0,0,0,2,3,7
,2018_36190,39.72871,-104.940605,1/16/2018 13:39,13:39,3,0,0,COLORADO BOULEVARD NORTH & EIGHTH AVENUE EAST,1,1,0,0,1,1,,0,35,0,0,0,0,0,2,2,13
,2018_36191,39.736881,-104.940602,8/15/2018 8:23,8:23,1,0,1,13TH AVENUE EAST & COLORADO BOULEVARD NORTH,1,1,0,0,1,1,,0,35,0,0,0,0,1,2,2,13
,2018_36192,39.736881,-104.940602,8/26/2018 12:32,12:32,12,0,0,13TH AVENUE EAST & COLORADO BOULEVARD NORTH,1,1,0,0,1,1,,0,45,0,0,0,0,0,2,2,5
,2018_36193,39.740236,-104.940601,5/12/2018 11:18,11:18,3,0,0,COLFAX AVENUE EAST & COLORADO BOULEVARD NORTH,1,1,1,0,1,2,,0,35,0,0,0,0,0,2,2,13
,2018_36194,39.740236,-104.940601,7/16/2018 17:23,17:23,1,0,0,COLFAX AVENUE EAST & COLORADO BOULEVARD NORTH,1,1,0,0,1,1,,0,30,0,0,0,0,0,2,2,1
,2018_36196,39.740236,-104.940601,8/29/2018 21:08,21:08,15,0,1,COLORADO BOULEVARD NORTH & COLFAX AVENUE EAST,1,3,0,0,1,3,,0,30,0,0,0,0,1,2,2,5
,2018_36197,39.743592,-104.9406,12/10/2018 17:14,17:14,1,0,0,COLORADO BOULEVARD NORTH & 17TH AVENUE EAST,1,3,0,0,1,1,,0,35,0,0,0,0,0,2,2,1
,2018_36198,39.747677,-104.940599,2/17/2018 19:33,19:33,5,0,0,COLORADO BOULEVARD NORTH & MONTVIEW BOULEVARD,1,3,0,0,3,4,,0,30,0,0,0,0,0,2,1,13
,2018_36199,39.761914,-104.940511,1/9/2018 11:02,11:02,12,0,0,MLK BOULEVARD EAST & COLORADO BOULEVARD NORTH,1,1,0,0,1,1,,0,30,0,0,0,0,0,2,2,13
,2018_36200,39.762786,-104.940507,11/6/2018 7:40,7:40,15,0,0,COLORADO BOULEVARD NORTH & MLK BOULEVARD EAST,1,1,0,0,1,4,,0,35,0,0,0,0,0,2,2,13
,2018_36201,39.773167,-104.940512,8/18/2018 10:30,10:30,15,0,0,COLORADO BOULEVARD NORTH & 40TH AVENUE EAST,1,1,0,0,1,3,,0,35,0,0,0,0,0,2,2,1
,2018_36202,39.783677,-104.940457,8/21/2018 16:10,16:10,5,0,0,COLORADO BOULEVARD & 4700 BLOCK NORTH,2,1,0,0,3,4,,0,,0,0,0,0,0,2,1,13
,2018_36203,39.783983,-104.940452,12/10/2018 7:35,7:35,15,0,0,COLORADO BOULEVARD NORTH & 48TH AVENUE EAST,1,1,0,0,1,3,,0,35,0,0,0,0,0,2,2,13
,2018_36211,39.692017,-104.976559,11/15/2018 16:40,16:40,15,0,0,I25 & EMERSON STREET SOUTH,1,2,0,0,1,4,,0,55,0,0,0,0,0,1,2,14
,2018_36230,39.725631,-105.04889,1/2/2018 6:08,6:08,5,0,0,SIXTH AVENUE WEST & SHERIDAN BOULEVARD NORTH,5,3,0,0,3,4,,0,65,0,0,0,0,0,2,1,13
,2018_36231,39.72544,-105.031713,11/6/2018 5:57,5:57,15,0,0,SIXTH AVENUE WEST & KNOX COURT NORTH,1,1,0,0,1,4,,0,65,0,0,0,0,0,2,2,13
,2018_36232,39.725423,-105.029834,5/22/2018 15:32,15:32,5,0,0,SIXTH AVENUE WEST & FEDERAL BOULEVARD NORTH,1,1,1,0,1,4,,0,55,0,0,0,0,0,2,2,14
,2018_36233,39.725415,-105.025068,8/7/2018 10:05,10:05,12,0,0,SIXTH AVENUE WEST & FEDERAL BOULEVARD NORTH,1,1,0,0,1,4,,0,55,0,0,0,0,0,2,2,3
,2018_36234,39.725415,-105.025068,7/5/2018 16:51,16:51,12,0,0,SIXTH AVENUE WEST & FEDERAL BOULEVARD NORTH,1,1,1,0,1,8,,0,45,0,0,0,0,0,2,2,13
,2018_36235,39.725415,-105.024877,10/1/2018 9:39,9:39,12,0,1,SIXTH AVENUE WB OFF RAMP & FEDERAL BOULEVARD NORTH,1,1,1,0,1,8,,0,45,0,0,0,0,1,2,3,12
,2018_36236,39.725211,-105.017885,8/25/2018 21:58,21:58,15,0,0,SIXTH AVENUE WEST & I25,1,3,1,0,1,4,,0,55,0,0,0,0,0,2,2,3
,2018_36237,39.725283,-105.016697,8/11/2018 23:19,23:19,12,0,0,SIXTH AVENUE WEST & I25,1,3,0,0,1,4,,0,65,0,0,0,0,0,2,2,4
,2018_36238,39.725533,-105.01288,7/18/2018 13:40,13:40,12,0,0,SIXTH AVENUE WEST & I25,1,1,0,0,1,4,,0,35,0,0,0,0,0,2,2,7
,2018_36239,39.725533,-105.01288,10/11/2018 16:59,16:59,12,0,1,SIXTH AVENUE WEST & I25,2,1,1,0,1,4,,0,55,0,0,0,0,2,2,3,14
,2018_36244,39.791848,-104.94056,6/18/2018 7:27,7:27,15,0,0,HIGHWAY 6 & 85 & 5500 BLOCK NORTH APPROXIMATELY,1,1,1,0,1,4,,0,,0,0,0,0,0,2,2,1
,2018_36283,39.677929,-104.933178,11/28/2018 6:15,6:15,15,0,0,I25 & EVANS AVENUE EAST,1,1,0,0,1,4,,0,55,0,0,0,0,0,1,2,13
,2018_36309,39.713041,-105.000001,8/13/2018 21:50,21:50,3,0,0,CEDAR AVENUE WEST & KALAMATH STREET SOUTH,1,3,0,0,1,1,,0,25,0,0,0,0,0,1,2,13
,2018_36313,39.624403,-104.901751,5/11/2018 15:20,15:20,12,0,0,I25 & BELLEVIEW AVENUE EAST,1,1,0,0,1,4,,0,60,0,0,0,0,0,1,2,13
,2018_36314,39.630012,-104.904995,3/16/2018 15:36,15:36,12,0,0,I25 NORTHBOUND DIR CNNCT EXIT GORE POINT & I225,1,1,0,0,1,4,,0,55,0,0,0,0,0,1,3,3
,2018_36315,39.630184,-104.905073,1/27/2018 21:00,21:00,5,0,1,I25 NORTHBOUND DIR CNNCT EXIT GORE POINT & I225,1,3,0,0,3,4,,0,50,0,0,0,0,2,1,1,5
,2018_36316,39.630184,-104.905073,3/18/2018 3:21,3:21,12,0,0,I25 NORTHBOUND DIR CNNCT EXIT GORE POINT & I225,1,3,0,0,1,4,,0,55,0,0,0,0,0,1,2,13
,2018_36317,39.648727,-104.915797,6/17/2018 7:48,7:48,15,0,0,I25 & MM 201.25,1,1,0,0,1,4,,0,65,0,0,0,0,0,1,2,13
,2018_36318,39.65313,-104.918259,6/21/2018 13:01,13:01,12,0,0,I25 SOUTHBOUND ON RAMP SLIP & HAMPDEN AVENUE EAST,1,1,1,0,1,8,,0,35,0,0,0,0,0,1,2,13
,2018_36319,39.653259,-104.918319,5/11/2018 7:38,7:38,12,0,0,I25 & HAMPDEN AVENUE EAST,1,1,0,0,1,4,,0,55,0,0,0,0,0,1,2,3
,2018_36320,39.657805,-104.920357,4/1/2018 2:52,2:52,5,0,2,I25 SOUTHBOUND EXIT GORE POINT & HAMPDEN AVENUE EAST,1,3,0,0,3,4,,0,50,0,0,0,0,2,1,1,5
,2018_36321,39.666695,-104.924933,11/7/2018 18:43,18:43,9,0,0,I25 & YALE AVENUE EAST,1,3,0,0,1,4,,0,65,0,0,0,0,0,1,2,13
,2018_36322,39.66716,-104.925273,11/3/2018 13:30,13:30,12,0,0,I25 SOUTHBOUND ON RAMP & YALE AVENUE EAST,1,1,1,0,1,8,,0,65,0,0,0,0,0,1,2,4
,2018_36323,39.669063,-104.926579,11/25/2018 1:10,1:10,15,0,0,I25 & YALE AVENUE EAST,5,3,1,0,1,4,,0,65,0,0,0,0,0,1,3,5
,2018_36324,39.675629,-104.931187,3/3/2018 20:57,20:57,15,0,0,I25 & EVANS AVENUE EAST,1,3,0,0,1,4,,0,65,0,0,0,0,0,1,2,13
,2018_36325,39.678367,-104.933559,3/6/2018 14:13,14:13,12,0,0,I25 & EVANS AVENUE EAST,1,1,0,0,1,4,,0,50,0,0,0,0,0,1,2,7
,2018_36326,39.679023,-104.93413,5/22/2018 7:02,7:02,12,0,1,I25 & MM 203.6,1,1,0,0,1,4,,0,60,0,0,0,0,1,1,3,13
,2018_36327,39.683094,-104.940452,10/15/2018 15:58,15:58,12,0,0,I25 & COLORADO BOULEVARD SOUTH,1,1,1,0,1,4,,0,50,0,0,0,0,0,1,2,13
,2018_36329,39.684158,-104.944536,3/17/2018 16:15,16:15,15,0,0,I25 & COLORADO BOULEVARD SOUTH,1,1,0,0,1,4,,0,,0,0,0,0,0,1,2,13
,2018_36330,39.68492,-104.950436,6/18/2018 8:31,8:31,15,0,0,I25 & STEELE STREET SOUTH,2,1,0,1,1,4,,0,60,0,0,0,0,0,1,2,1
,2018_36331,39.684905,-104.954686,4/16/2018 7:17,7:17,12,0,0,I25 & MM 204.8,1,1,0,0,1,4,,0,55,0,0,0,0,0,1,3,13
,2018_36332,39.684921,-104.959322,6/5/2018 16:30,16:30,15,0,0,I25 SOUTHBOUND ON RAMP & UNIVERSITY BOULEVARD SOUTH,1,1,0,0,1,8,,0,60,0,0,0,0,0,1,2,13
,2018_36333,39.68492,-104.959509,2/20/2018 14:32,14:32,12,0,0,UNIVERSITY BOULEVARD SOUTH & I25 SOUTHBOUND OFF RAMP,5,1,0,0,1,4,,0,45,0,0,0,0,0,1,2,1
,2018_36334,39.687674,-104.969306,4/21/2018 0:27,0:27,5,0,0,I25 & FRANKLIN STREET SOUTH BRIDGE,4,3,0,2,3,4,,0,55,0,0,0,0,0,1,1,5
,2018_36335,39.68923,-104.971794,8/27/2018 8:37,8:37,12,0,0,I25 & DOWNING STREET SOUTH,1,1,0,0,1,4,,0,50,0,0,0,0,0,1,2,7
,2018_36337,39.711663,-104.999176,8/26/2018 10:06,10:06,15,0,0,I25 & ALAMEDA AVENUE WEST,1,1,0,0,1,4,,0,60,0,0,0,0,0,1,2,1
,2018_36338,39.693324,-104.978013,1/14/2018 15:20,15:20,9,0,0,I25 & LOUISIANA AVENUE EAST,1,1,0,0,1,4,,0,60,0,0,0,0,0,1,3,1
,2018_36339,39.693988,-104.97875,9/21/2018 21:58,21:58,12,0,0,I25 & DOWNING STREET SOUTH,1,3,0,0,1,4,,0,55,0,0,0,0,0,1,3,12
,2018_36340,39.694456,-104.979276,1/21/2018 17:00,17:00,12,0,0,I25 & WASHINGTON STREET SOUTH,12,1,0,2,1,4,,0,60,0,0,0,0,0,1,2,14
,2018_36341,39.694456,-104.979276,1/21/2018 17:03,17:03,15,0,0,I25 & WASHINGTON STREET SOUTH,10,2,0,2,1,4,,0,55,0,0,0,0,0,1,2,13
,2018_36342,39.694569,-104.979405,11/29/2018 8:18,8:18,12,0,0,I25 & WASHINGTON STREET SOUTH,1,1,0,0,1,4,,0,50,0,0,0,0,0,1,2,8
,2018_36343,39.697504,-104.982761,4/13/2018 15:04,15:04,15,0,0,I25 & LOGAN STREET SOUTH,1,1,0,0,1,4,,0,55,0,0,0,0,0,1,2,1
,2018_36344,39.697504,-104.982761,4/19/2018 8:44,8:44,15,0,0,I25 & LOGAN STREET SOUTH,1,1,0,0,1,4,,0,60,0,0,0,0,0,1,2,1
,2018_36345,39.706356,-104.996333,12/29/2018 18:18,18:18,15,0,3,I25 & SANTA FE DRIVE SOUTH INTCH,1,3,2,0,1,4,,0,55,0,0,0,0,1,1,3,13