id,drcog_id,latitude,longitude,crashtime,time,crashtype,numbkilled,numbinjurd,drcoglocat,rdconditin,lightngcon,roadcntgrd,weatherco,location,roaddescrp,schoolzone,constrzone,splimit,bikeinv,pedinv,sctrinv,motoinv,svrty,rdsystem,ttlvehcls,hcf
,2018_36346,39.70738,-104.996907,12/1/2018 17:07,17:07,15,0,0,I25 & SANTA FE DRIVE SOUTH,1,2,1,0,1,4,,0,65,0,0,0,0,0,1,2,13
,2018_36347,39.710147,-104.998269,8/16/2018 6:06,6:06,15,0,0,I25 NORTHBOUND ON RAMP ENTRANCE GORE POINT & SANTA FE DRIVE,1,1,0,0,1,8,,0,55,0,0,0,0,0,1,2,13
,2018_36348,39.710423,-104.998434,12/29/2018 18:45,18:45,12,0,1,I25 & BROADWAY SOUTH,1,2,1,0,1,4,,0,50,0,0,0,0,1,1,4,3
,2018_36349,39.711525,-104.999094,6/29/2018 15:21,15:21,12,0,2,I25 & ALAMEDA AVENUE WEST,1,1,0,0,1,4,,0,55,0,0,0,0,1,1,3,3
,2018_36350,39.713179,-105.000083,10/22/2018 20:23,20:23,15,0,0,I25 NORTHBOUND ON RAMP & CEDAR AVENUE WEST,1,3,0,0,1,8,,0,30,0,0,0,0,0,1,2,13
,2018_36351,39.723662,-105.011457,8/6/2018 8:04,8:04,12,0,0,I25 & SIXTH AVENUE WEST,1,1,0,0,1,4,,0,65,0,0,0,0,0,1,5,3
,2018_36352,39.724815,-105.012562,12/11/2018 18:40,18:40,12,0,0,I25 NORTHBOUND ON RAMP LOOP & SIXTH AVENUE WEST,1,2,1,0,1,8,,0,30,0,0,0,0,0,1,2,14
,2018_36354,39.725048,-105.01273,12/14/2018 16:21,16:21,12,0,0,I25 NORTHBOUND OFF RAMP & SIXTH AVENUE WEST,1,1,0,0,1,8,,0,65,0,0,0,0,0,1,2,3
,2018_36355,39.725165,-105.012815,7/14/2018 15:28,15:28,12,0,0,I25 & SIXTH AVENUE WEST,1,1,0,0,1,4,,0,55,0,0,0,0,0,1,3,3
,2018_36356,39.725281,-105.012899,3/16/2018 12:16,12:16,12,0,0,I25 & SIXTH AVENUE WEST,1,1,0,0,1,4,,0,55,0,0,0,0,0,1,3,3
,2018_36357,39.725281,-105.012899,5/6/2018 11:49,11:49,12,0,0,I25 & SIXTH AVENUE WEST,1,1,0,0,1,4,,0,55,0,0,0,0,0,1,3,13
,2018_36358,39.725398,-105.012983,8/21/2018 14:55,14:55,12,0,0,I25 NORTHBOUND ON RAMP & SIXTH AVENUE WEST,2,1,1,1,1,8,,0,65,0,0,0,0,0,1,2,13
,2018_36359,39.725398,-105.012983,12/16/2018 23:10,23:10,5,0,0,I25 NORTHBOUND OFF RAMP LOOP & SIXTH AVENUE WEST,1,3,0,0,1,8,,0,,0,0,0,0,0,1,1,5
,2018_36360,39.725631,-105.013152,8/13/2018 18:30,18:30,12,0,0,I25 & SIXTH AVENUE WEST,1,1,0,0,1,4,,0,65,0,0,0,0,0,1,2,13
,2018_36361,39.729265,-105.014796,4/10/2018 7:30,7:30,12,0,0,I25 & EIGHTH AVENUE WEST,1,1,0,0,1,4,,0,50,0,0,0,0,0,1,2,13
,2018_36362,39.731542,-105.015521,2/12/2018 14:59,14:59,15,0,0,I25 & MULBERRY PLACE WEST,1,1,0,0,1,3,,0,65,0,0,0,0,0,1,2,14
,2018_36363,39.732693,-105.01558,12/6/2018 10:40,10:40,12,0,0,I25 & EIGHTH AVENUE WEST,1,1,0,0,1,4,,0,55,0,0,0,0,0,1,2,13
,2018_36365,39.73493,-105.014905,6/4/2018 18:52,18:52,5,0,0,I25 NORTHBOUND OFF RAMP GORE POINT & COLFAX AVENUE WEST,1,1,0,0,3,8,,0,55,0,0,0,0,0,1,1,1
,2018_36366,39.740257,-105.013939,10/19/2018 6:36,6:36,12,0,0,I25 & COLFAX AVENUE WEST,1,1,0,0,1,4,,0,55,0,0,0,0,0,1,2,7
,2018_36367,39.742179,-105.014799,5/5/2018 14:06,14:06,12,0,2,I25 & AURARIA PARKWAY,1,1,0,0,1,4,,0,55,0,0,0,0,1,1,4,13
,2018_36368,39.743012,-105.015609,6/24/2018 2:15,2:15,5,0,1,I25 NORTHBOUND ON RAMP GORE & WALNUT STREET,1,3,0,0,1,8,,0,55,0,0,0,0,2,1,2,14
,2018_36370,39.749408,-105.01738,1/11/2018 9:10,9:10,12,0,0,I25 & 23RD AVENUE WEST,1,1,0,0,1,4,,0,55,0,0,0,0,0,1,2,7
,2018_36371,39.749701,-105.017257,1/19/2018 18:05,18:05,12,0,2,I25 & 23RD AVENUE WEST EXIT GORE,1,3,0,0,1,4,,0,55,0,0,0,0,2,1,3,1
,2018_36372,39.750141,-105.017071,11/27/2018 16:12,16:12,12,0,1,I25 & 23RD AVENUE WEST,1,1,0,0,1,4,,0,55,0,0,0,0,1,1,5,7
,2018_36373,39.750728,-105.016824,9/7/2018 16:16,16:16,12,0,0,I25 & 23RD AVENUE,1,1,0,0,1,4,,0,55,0,0,0,0,0,1,2,13
,2018_36374,39.75115,-105.016647,5/23/2018 13:04,13:04,12,0,0,I25 & 23RD AVENUE WEST,1,1,1,0,1,4,,0,55,0,0,0,0,0,1,2,13
,2018_36375,39.75115,-105.016647,10/27/2018 18:22,18:22,12,0,0,I25 & 23RD AVENUE WEST,1,3,0,0,1,4,,0,55,0,0,0,0,0,1,2,13
,2018_36376,39.751295,-105.016566,7/26/2018 16:40,16:40,15,0,0,I25 & 23RD AVENUE WEST,1,1,0,0,1,4,,0,65,0,0,0,0,0,1,2,13
,2018_36377,39.755118,-105.012754,7/24/2018 13:52,13:52,12,0,0,I25 & SPEER BOULEVARD,1,1,0,0,1,4,,0,55,0,0,0,0,0,1,2,13
,2018_36378,39.755118,-105.012754,12/4/2018 10:34,10:34,12,0,0,I25 & SPEER BOULEVARD,1,1,0,0,1,4,,0,35,0,0,0,0,0,1,2,1
,2018_36379,39.756344,-105.011051,6/28/2018 17:11,17:11,15,0,0,I25 SOUTHBOUND MERGE LANE & SPEER BOULEVARD SOUTHBOUND EXIT GORE APPROXIMATELY,1,1,1,0,1,4,,0,55,0,0,0,0,0,1,2,1
,2018_36380,39.757796,-105.00908,1/25/2018 9:54,9:54,12,0,1,I25 & SPEER BOULEVARD NORTH,1,1,1,0,1,4,,0,45,0,0,0,0,2,1,2,13
,2018_36381,39.758322,-105.008338,11/21/2018 18:15,18:15,12,0,0,I25 & 15TH STREET,1,3,0,0,1,4,,0,55,0,0,0,0,0,1,2,13
,2018_36382,39.760997,-105.004271,6/19/2018 22:34,22:34,15,0,0,I25 & 20TH STREET,2,3,0,1,1,4,,0,65,0,0,0,0,0,1,2,13
,2018_36383,39.760997,-105.004271,9/28/2018 11:12,11:12,12,0,0,20TH STREET WEST & I25 NORTHBOUND ON RAMP,1,1,0,0,1,3,,0,30,0,0,0,0,0,1,2,3
,2018_36385,39.76111,-105.004124,12/21/2018 2:25,2:25,12,0,0,I25 SOUTHBOUND EXIT RAMP & 20TH STREET,1,3,1,0,1,1,,0,25,0,0,0,0,0,1,2,5
,2018_36386,39.768049,-104.994761,1/4/2018 13:50,13:50,12,0,0,I25 & 38TH AVENUE WEST,1,1,1,0,1,4,,0,55,0,0,0,0,0,1,2,1
,2018_36387,39.768049,-104.994761,2/28/2018 13:35,13:35,15,0,0,PARK AVENUE WEST & I25 RAMP NORTHBOUND RAMPS,1,1,1,0,1,1,,0,30,0,0,0,0,0,1,2,13
,2018_36388,39.783855,-104.989142,3/3/2018 16:01,16:01,12,0,1,I25 & 48TH AVENUE WEST,1,1,1,0,1,4,,0,55,0,0,0,0,1,1,2,3
,2018_36389,39.783999,-104.989141,4/22/2018 13:25,13:25,12,0,0,I25 & 48TH AVENUE,1,1,0,0,1,4,,0,55,0,0,0,0,0,1,2,13
,2018_36390,39.78544,-104.989134,7/23/2018 13:37,13:37,5,0,0,I25 NORTHBOUND ON RAMP  & I70,1,1,0,0,1,8,,0,65,0,0,0,0,0,1,2,13
,2018_36424,39.784663,-105.050735,1/28/2018 1:40,1:40,5,0,0,I70 & SHERIDAN BOULEVARD NORTH,1,3,0,0,3,4,,0,55,0,0,0,0,0,1,1,5
,2018_36432,39.711193,-105.042148,4/19/2018 19:32,19:32,12,0,0,RALEIGH STREET SOUTH & ALAMEDA AVENUE WEST,1,1,0,0,1,1,,0,25,0,0,0,0,0,2,2,5
,2018_36433,39.711085,-105.02739,6/20/2018 7:55,7:55,12,0,1,ALAMEDA AVENUE WEST & HAZEL COURT SOUTH / 3100 BLOCK WEST,1,1,0,0,1,3,,0,35,0,0,0,0,1,2,2,3
,2018_36434,39.711077,-105.025265,7/8/2018 16:11,16:11,15,0,0,ALAMEDA AVENUE WEST & FEDERAL BOULEVARD SOUTH,1,1,0,0,1,4,,0,25,0,0,0,0,0,2,2,13
,2018_36435,39.711086,-105.023735,1/19/2018 13:20,13:20,12,0,0,ALAMEDA AVENUE WEST & ELIOT STREET SOUTH,1,1,1,1,1,3,,0,30,0,0,0,0,0,2,2,13
,2018_36436,39.711141,-105.014408,1/1/2018 2:40,2:40,3,0,0,ALAMEDA AVENUE WEST & YUMA STREET SOUTH,1,3,0,0,1,2,,0,35,0,0,0,0,0,2,2,7
,2018_36437,39.653084,-104.908306,7/17/2018 17:11,17:11,12,0,1,HAMPDEN AVENUE EAST & ONEIDA WAY SOUTH,1,1,1,0,1,4,,0,40,0,0,0,0,1,2,2,12
,2018_36438,39.653067,-104.886106,3/15/2018 17:59,17:59,1,0,0,HAMPDEN AVENUE EAST & YOSEMITE STREET SOUTH,1,2,0,0,1,2,,0,45,0,0,0,0,0,2,2,13
,2018_36439,39.65306,-104.8854,12/14/2018 17:18,17:18,15,0,0,HAMPDEN AVENUE & 8800 BLOCK EAST,1,3,0,0,1,4,,0,35,0,0,0,0,0,2,2,1
,2018_36440,39.653036,-104.882754,5/24/2018 19:37,19:37,3,0,0,HAMPDEN AVENUE 8900 BLOCK EAST & YOSEMITE STREET SOUTH,1,2,0,0,1,2,,0,45,0,0,0,0,0,2,2,13
,2018_36441,39.653049,-104.871681,4/24/2018 8:46,8:46,12,0,0,HAMPDEN AVENUE EAST & FLORENCE STREET SOUTH,2,1,0,0,1,1,,0,35,0,0,0,0,0,2,2,13
,2018_36442,39.658126,-104.866368,12/3/2018 15:45,15:45,12,0,2,HAVANA STREET 3300 BLOCK SOUTH & GIRARD AVENUE EAST,1,1,0,0,1,3,,0,45,0,0,0,0,1,2,3,7
,2018_36443,39.660144,-104.866318,4/28/2018 14:54,14:54,14,0,0,HAVANA STREET 2900 BLOCK SOUTH & YALE AVENUE EAST,1,1,0,0,1,4,,0,45,0,0,0,0,0,2,4,12
,2018_36444,39.783347,-105.034472,10/4/2018 17:02,17:02,5,0,0,I70 & TENNYSON STREET NORTH,1,1,1,0,1,4,,0,,0,0,0,0,0,1,2,13
,2018_36499,39.740007,-104.991824,5/22/2018 14:45,14:45,15,0,0,14TH STREET & COLFAX AVENUE EAST,1,1,0,0,1,1,,0,30,0,0,0,0,0,2,2,13
,2018_36501,39.740334,-105.043053,11/22/2018 15:17,15:17,12,0,0,COLFAX AVENUE 4300 BLOCK WEST & STUART STREET NORTH,1,1,1,0,1,4,,0,30,0,0,0,0,0,2,3,13
,2018_36503,39.740335,-105.041738,10/31/2018 18:37,18:37,12,0,0,COLFAX AVENUE WEST & RALEIGH STREET NORTH,1,1,0,0,1,4,,0,35,0,0,0,0,0,2,4,13
,2018_36504,39.740341,-105.033472,10/10/2018 7:45,7:45,12,0,0,COLFAX AVENUE WEST & KING STREET NORTH,2,1,0,0,1,4,,0,35,0,0,0,0,0,2,2,13
,2018_36505,39.740343,-105.031405,5/18/2018 22:37,22:37,5,0,0,COLFAX AVENUE 3400 BLOCK WEST & JULIAN STREET NORTH,1,3,0,0,3,4,,0,30,0,0,0,0,0,2,1,13
,2018_36506,39.740319,-105.025508,12/7/2018 13:50,13:50,12,0,0,COLFAX AVENUE WEST & FEDERAL BOULEVARD NORTH,1,1,0,0,1,4,,0,30,0,0,0,0,0,2,2,8
,2018_36507,39.740433,-105.021166,10/31/2018 12:36,12:36,12,0,0,COLFAX AVENUE WEST & ELIOT STREET NORTH,1,1,0,0,1,1,,0,35,0,0,0,0,0,2,2,14
,2018_36508,39.740076,-105.005215,1/23/2018 15:05,15:05,5,0,0,OSAGE STREET NORTH & COLFAX AVENUE WEST,2,1,1,0,2,1,,0,30,0,0,0,0,0,2,1,13
,2018_36509,39.740076,-105.005215,2/9/2018 18:52,18:52,1,0,0,COLFAX AVENUE WEST & SEVENTH STREET,4,3,0,0,1,3,,0,,0,0,0,0,0,2,2,13
,2018_36510,39.740076,-105.005215,2/26/2018 10:01,10:01,12,0,0,COLFAX AVENUE WEST & SEVENTH STREET,1,1,0,0,1,1,,0,25,0,0,0,1,0,2,2,14
,2018_36511,39.740036,-105.001635,9/5/2018 13:36,13:36,15,0,0,COLFAX AVENUE 1100 BLOCK WEST & LIPAN STREET NORTH,1,1,1,0,1,4,,0,30,0,0,0,0,0,2,2,13
,2018_36512,39.740038,-104.997854,2/21/2018 16:35,16:35,3,0,1,SPEER BOULEVARD NORTHBOUND  & COLFAX AVENUE WEST,1,1,0,0,1,1,,0,35,0,0,0,0,1,2,2,1
,2018_36513,39.740038,-104.997854,6/27/2018 22:49,22:49,3,0,0,COLFAX AVENUE WEST & SPEER BOULEVARD NORTHBOUND,1,3,0,0,1,1,,0,35,0,0,0,0,0,2,2,8
,2018_36514,39.740031,-104.996607,8/8/2018 10:35,10:35,15,0,0,COLFAX AVENUE WEST & WELTON STREET,1,1,0,0,1,1,,0,30,0,0,0,0,0,2,2,13
,2018_36515,39.740005,-104.987329,3/24/2018 1:05,1:05,12,0,3,COLFAX AVENUE 100 BLOCK WEST & BROADWAY STREET NORTH,1,3,0,0,1,1,,0,30,0,0,0,0,2,2,4,5
,2018_36516,39.740049,-104.986167,12/26/2018 0:00,0:00,10,0,0,COLFAX AVENUE EAST & LINCOLN STREET NORTH,1,3,0,0,1,1,,0,30,0,0,0,0,0,2,2,14
,2018_36517,39.740011,-104.96893,6/9/2018 17:46,17:46,6,0,1,COLFAX AVENUE 1500 BLOCK EAST & HUMBOLDT STREET,1,1,0,0,1,4,,0,35,0,0,0,0,1,2,2,13
,2018_36518,39.73998,-104.962333,3/28/2018 18:00,18:00,3,0,0,COLFAX AVENUE EAST & VINE STREET NORTH,1,2,0,0,1,1,,0,35,0,0,0,0,0,2,2,1
,2018_36519,39.739974,-104.961014,9/20/2018 12:19,12:19,12,0,0,GAYLORD STREET 1400 BLOCK NORTH & COLFAX AVENUE EAST,1,1,0,0,1,3,,0,25,0,0,0,0,0,2,2,14
,2018_36520,39.739983,-104.959859,5/14/2018 13:55,13:55,12,0,0,YORK STREET NORTH & COLFAX AVENUE EAST,2,1,0,0,1,1,,0,30,0,0,0,0,0,2,2,13
,2018_36521,39.740158,-104.949366,6/13/2018 16:36,16:36,6,0,0,COLFAX AVENUE EAST & STEELE STREET NORTH,1,1,0,0,1,4,,0,30,0,0,0,0,0,2,2,13
,2018_36523,39.740136,-104.942591,2/27/2018 7:05,7:05,12,0,0,COLFAX AVENUE 3800 BLOCK EAST & JACKSON STREET NORTH,1,1,0,0,1,4,,0,30,0,0,0,0,0,2,2,7
,2018_36524,39.74006,-104.938303,9/15/2018 9:27,9:27,12,0,0,COLFAX AVENUE EAST & ASH STREET NORTH,1,1,0,0,1,4,,0,30,0,0,0,0,0,2,2,13
,2018_36525,39.740084,-104.903536,9/16/2018 17:26,17:26,12,0,0,QUEBEC STREET NORTH & COLFAX AVENUE EAST,1,1,0,0,1,3,,0,,0,0,0,0,0,2,2,13
,2018_36526,39.740085,-104.899778,2/13/2018 5:23,5:23,12,0,1,COLFAX AVENUE & 7600 EAST,5,2,0,0,1,2,,0,,0,0,0,0,1,2,2,13
,2018_36527,39.740086,-104.894704,3/25/2018 16:45,16:45,12,0,1,COLFAX AVENUE EAST & TAMARAC STREET NORTH,1,1,0,0,1,4,,0,35,0,0,0,0,1,2,3,13
,2018_36529,39.740087,-104.885873,1/31/2018 15:50,15:50,1,0,0,COLFAX AVENUE EAST & XENIA STREET NORTH,1,1,0,0,1,1,,0,35,0,0,0,0,0,2,2,1
,2018_36530,39.740087,-104.885122,11/17/2018 10:53,10:53,15,0,1,COLFAX AVENUE 3200 BLOCK EAST & ADAMS STREET NORTH,2,1,0,1,1,4,,0,35,0,0,0,0,1,2,2,13
,2018_36564,39.784171,-105.051805,11/15/2018 16:45,16:45,15,0,0,I70 MERGE LANE & SHERIDAN BOULEVARD NORTH,1,1,0,0,1,4,,0,55,0,0,0,0,0,1,2,13
,2018_36565,39.783149,-105.006371,10/9/2018 13:21,13:21,12,0,4,I70 & PECOS STREET NORTH,2,1,1,1,1,4,,0,55,0,0,0,0,1,1,6,13
,2018_36566,39.779959,-104.939443,12/12/2018 2:50,2:50,15,0,1,I70 & COLORADO BOULEVARD NORTH,1,3,0,0,1,4,,0,35,0,0,0,0,1,1,2,13
,2018_36567,39.783149,-105.006371,11/9/2018 8:17,8:17,12,0,0,I70 & PECOS STREET NORTH,1,1,0,0,1,4,,0,55,0,0,0,0,0,1,2,14
,2018_36568,39.783157,-105.006163,11/6/2018 17:17,17:17,12,0,0,I70 & PECOS STREET NORTH,1,3,1,0,1,4,,0,55,0,0,0,0,0,1,2,13
,2018_36569,39.780475,-104.991475,3/7/2018 16:18,16:18,15,0,0,I70 & I25,1,1,1,0,1,4,,0,55,0,0,0,0,0,1,2,13
,2018_36570,39.780257,-104.990486,5/25/2018 16:12,16:12,12,0,1,I70 & I25,1,1,0,0,1,4,,0,55,0,0,0,0,1,1,2,8
,2018_36571,39.779437,-104.981256,4/22/2018 2:46,2:46,5,0,0,I70 EASTBOUND OFF RAMP GORE POINT TO & WASHINGTON STREET,1,3,1,0,3,8,,0,55,0,0,0,0,0,1,1,5
,2018_36572,39.779441,-104.979019,9/9/2018 9:38,9:38,3,0,0,WASHINGTON STREET NORTH & I70 WB OFF RAMP,1,1,1,0,1,1,,0,25,0,0,0,0,0,1,2,13
,2018_36573,39.779942,-104.966087,4/18/2018 9:00,9:00,12,0,0,I70 & BRIGHTON BOULEVARD,1,1,0,0,1,4,,0,55,0,0,0,0,0,1,2,2
,2018_36574,39.78001,-104.963866,1/17/2018 1:34,1:34,5,0,0,I70 & BRIGHTON BOULEVARD NORTH EASTBOUND RAMP ENTRANCE,1,3,0,0,2,4,,0,65,0,0,0,0,0,1,1,5
,2018_36575,39.780011,-104.9627,3/8/2018 14:19,14:19,15,0,0,I70 & YORK STREET WB ON RAMP GORE POINT,1,1,1,0,1,4,,0,55,0,0,0,0,0,1,2,13
,2018_36576,39.780012,-104.959789,8/2/2018 15:00,15:00,12,0,0,46TH AVENUE 2200 BLOCK EAST & YORK STREET NORTH,1,1,0,0,1,4,,0,30,0,0,0,0,0,1,2,13
,2018_36577,39.779999,-104.949951,5/1/2018 12:34,12:34,12,0,0,I70 & STEELE STREET NORTH,1,1,0,0,1,4,,0,55,0,0,0,0,0,1,2,13
,2018_36578,39.779965,-104.944058,11/9/2018 18:40,18:40,12,0,0,I70 & GARFIELD STREET NORTH,1,3,0,0,1,4,,0,55,0,0,0,0,0,1,2,14
,2018_36579,39.779951,-104.941777,10/9/2018 10:59,10:59,12,0,0,I70 & COLORADO BOULEVARD NORTH,1,1,0,0,1,4,,0,55,0,0,0,0,0,1,2,13
,2018_36580,39.779944,-104.940603,9/20/2018 14:50,14:50,12,0,0,I70 & COLORADO BOULEVARD NORTH,1,1,0,0,1,4,,0,55,0,0,0,0,0,1,2,13
,2018_36581,39.779944,-104.940603,10/10/2018 6:06,6:06,15,0,0,I70 & COLORADO BOULEVARD NORTH,2,2,0,1,1,4,,0,55,0,0,0,0,0,1,2,13
,2018_36582,39.778729,-104.924682,5/12/2018 3:43,3:43,12,0,0,I70 & GRAPE STREET NORTH,2,3,0,1,1,4,,0,55,0,0,0,0,0,1,3,13
,2018_36583,39.778341,-104.92238,12/11/2018 6:52,6:52,12,0,0,I70 & HOLLY STREET NORTH,1,1,0,0,1,4,,0,55,0,0,0,0,0,1,3,13
,2018_36584,39.778295,-104.903636,12/20/2018 4:45,4:45,15,0,0,I70 & QUEBEC STREET,1,2,0,0,1,4,,1,55,0,0,0,0,0,1,2,1
,2018_36585,39.778295,-104.903454,6/26/2018 7:27,7:27,15,0,0,I70 & QUEBEC STREET NORTH INTCH,1,1,0,0,1,4,,0,55,0,0,0,0,0,1,2,13
,2018_36586,39.778295,-104.903454,11/5/2018 15:34,15:34,12,0,0,I70 & NORTHFIELD NORTH QUEBEC STREET,1,1,0,0,1,4,,0,65,0,0,0,0,0,1,2,13
,2018_36587,39.777087,-104.882387,9/19/2018 12:15,12:15,15,0,0,I70 & CENTRAL PARK BOULEVARD,1,1,0,0,1,4,,0,55,0,0,0,0,0,1,2,13
,2018_36588,39.777035,-104.881821,7/27/2018 17:22,17:22,15,0,0,I70 & CENTRAL PARK BOULEVARD NORTH,1,5,1,0,1,4,,0,25,0,0,0,0,0,1,2,13
,2018_36589,39.776367,-104.874338,6/12/2018 15:20,15:20,15,0,0,I70 & HAVANA STREET NORTH,1,1,0,0,1,4,,0,55,0,0,0,0,0,1,2,13
,2018_36590,39.77597,-104.869716,6/22/2018 10:59,10:59,12,0,1,I70 & HAVANA STREET NORTH,1,1,0,0,1,4,,0,65,0,0,0,0,2,1,2,13
,2018_36591,39.7757,-104.866574,6/15/2018 18:20,18:20,12,0,0,I70 & HAVANA STREET NORTH,1,1,1,0,1,4,,0,55,0,0,0,0,0,1,2,13
,2018_36592,39.775652,-104.866019,10/26/2018 20:06,20:06,12,0,0,I70 & HAVANA STREET NORTH,1,3,0,0,1,4,,0,65,0,0,0,0,0,1,2,13
,2018_36593,39.775573,-104.865095,12/12/2018 17:07,17:07,12,0,0,I70 & HAVANA STREET NORTH,1,2,1,0,1,4,,0,55,0,0,0,0,0,1,2,13
,2018_36594,39.775509,-104.864356,1/31/2018 14:25,14:25,12,0,0,I70 & HAVANA STREET NORTH EASTBOUND OFF LOOP RAMP GORE,1,1,1,0,1,4,,0,55,0,0,0,0,0,1,2,13
,2018_36595,39.775509,-104.864356,10/7/2018 23:24,23:24,9,0,0,I70 WB OFF RAMP & HAVANA STREET NORTH,2,3,2,1,2,8,,0,45,0,0,0,0,0,1,1,5
,2018_36596,39.774349,-104.85086,5/6/2018 8:39,8:39,12,0,0,I70 WB ON RAMP METER & PEORIA STREET NORTH,1,1,1,0,1,8,,0,55,0,0,0,0,0,1,3,2
,2018_36597,39.774238,-104.849566,11/18/2018 14:47,14:47,12,0,0,I70 & PEORIA STREET NORTH,1,1,1,0,1,4,,0,55,0,0,0,0,0,1,2,13
,2018_36598,39.774063,-104.847533,9/27/2018 14:36,14:36,12,0,0,I70 WB ON RAMP & PEORIA STREET NORTH,1,1,0,0,1,8,,0,45,0,0,0,0,0,1,2,1
,2018_36599,39.773999,-104.846793,4/3/2018 12:31,12:31,5,0,1,I70 & PEORIA STREET NORTH APPROXIMATELY,1,1,0,0,2,4,,0,55,0,0,0,0,2,1,2,14
,2018_36600,39.773999,-104.846793,5/5/2018 9:40,9:40,3,0,0,PEORIA STREET & I70 WB RAMP OFF,1,1,0,0,1,1,,0,35,0,0,0,0,0,1,2,13
,2018_36601,39.773999,-104.846793,7/16/2018 8:00,8:00,12,0,0,I70 EASTBOUND OFF RAMP & PEORIA STREET NORTH,1,1,0,0,1,1,,0,35,0,0,0,0,0,1,2,13
,2018_36603,39.773999,-104.846793,10/19/2018 18:40,18:40,12,0,0,PEORIA STREET NORTH & I70 EASTBOUND RAMPS,1,1,0,0,1,3,,0,45,0,0,0,0,0,1,3,12
,2018_36604,39.773617,-104.842357,9/29/2018 17:53,17:53,12,0,0,I70 EASTBOUND ON RAMP ENTRANCE GORE POINT & PEORIA STREET NORTH,1,2,0,0,1,8,,0,45,0,0,0,0,0,1,2,13
,2018_36605,39.773601,-104.842172,12/5/2018 17:05,17:05,12,0,0,I70 & PEORIA STREET NORTH EASTBOUND ENTRANCE GORE POINT,1,3,0,0,1,4,,0,55,0,0,0,0,0,1,2,7
,2018_36606,39.772662,-104.831265,10/29/2018 5:15,5:15,15,0,0,I70 WB ON RAMP FROM I225 & I225,1,3,0,0,1,8,,1,,0,0,0,0,0,1,2,13
,2018_36644,39.656087,-105.053224,9/26/2018 15:39,15:39,1,0,0,SHERIDAN BOULEVARD SOUTH & DARTMOUTH AVENUE WEST,1,1,0,0,1,2,,0,40,0,0,0,0,0,2,2,3
,2018_36684,39.67476,-104.870723,1/14/2018 13:45,13:45,3,0,0,PARKER ROAD SOUTH & ILIFF AVENUE EAST,1,1,0,0,1,1,,0,,0,0,0,0,0,2,2,13
,2018_36685,39.698488,-104.90328,7/7/2018 10:16,10:16,12,0,1,PARKER ROAD SOUTH & QUEBEC STREET SOUTH,1,1,0,0,1,4,,0,40,0,0,0,0,1,2,3,13
,2018_36686,39.698614,-104.903606,2/12/2018 7:10,7:10,12,0,0,PARKER ROAD SOUTH & QUEBEC STREET SOUTH,5,1,0,0,1,1,,0,35,0,0,0,0,0,2,2,13
,2018_36687,39.700261,-104.908227,1/8/2018 18:55,18:55,12,0,0,LEETSDALE DRIVE & ONEIDA STREET SOUTH,1,3,0,0,1,1,,0,45,0,0,0,0,0,2,2,7
,2018_36688,39.70385,-104.914592,3/7/2018 14:41,14:41,12,0,0,LEETSDALE DRIVE & EXPOSITION AVENUE EAST,1,1,1,0,1,1,,0,30,0,0,0,0,0,2,2,13
,2018_36689,39.708306,-104.927746,3/31/2018 13:37,13:37,12,0,0,LEETSDALE DRIVE & FOREST STREET SOUTH / 5000 BLOCK,1,1,0,0,1,4,,0,35,0,0,0,0,0,2,3,14
,2018_36714,39.696763,-104.991852,3/16/2018 18:48,18:48,12,0,0,PLATTE RIVER DRIVE SOUTH  & MISSISSIPPI AVENUE WEST,1,1,0,0,1,4,,0,45,0,0,0,0,0,2,2,5
,2018_36715,39.698766,-104.991856,4/20/2018 12:21,12:21,12,0,0,PLATTE RIVER DRIVE SOUTH  & TENNESSEE AVENUE WEST,1,1,0,0,1,4,,0,45,0,0,0,0,0,2,2,13
,2018_36724,39.73277,-105.025177,1/10/2018 15:15,15:15,12,0,0,FEDERAL BOULEVARD 1000 BLOCK NORTH & 10TH AVENUE WEST,1,1,1,0,1,4,,0,35,0,0,0,0,0,2,2,13
,2018_36725,39.693033,-105.025057,7/27/2018 16:13,16:13,12,0,0,FEDERAL BOULEVARD SOUTH & LOUISIANA AVENUE WEST,1,1,0,0,1,1,,0,40,0,0,0,0,0,2,2,3
,2018_36726,39.725357,-105.025125,1/23/2018 21:37,21:37,10,0,0,SIXTH AVENUE WEST WB OFF RAMP & FEDERAL BOULEVARD NORTH,1,3,0,0,1,1,,0,35,0,0,0,0,0,2,2,5
,2018_36727,39.733188,-105.053221,5/26/2018 9:20,9:20,15,0,0,10TH AVENUE WEST & SHERIDAN BOULEVARD,1,1,1,0,1,4,,0,,0,0,0,0,0,2,2,13
,2018_36728,39.725357,-105.025125,8/5/2018 16:14,16:14,3,0,0,SIXTH AVENUE WB OFF RAMP & FEDERAL BOULEVARD NORTH,1,1,0,0,1,1,,0,30,0,0,0,0,0,2,2,8
,2018_36730,39.724427,-105.025133,6/1/2018 18:58,18:58,12,0,0,FEDERAL BOULEVARD NORTH & FIFTH AVENUE WEST,1,1,0,0,1,3,,0,35,0,0,0,0,0,2,3,3
,2018_36731,39.718398,-105.025153,6/13/2018 17:31,17:31,3,0,1,FEDERAL BOULEVARD NORTH & FIRST AVENUE WEST,1,1,1,0,1,1,,0,35,0,0,0,0,2,2,2,1