id,drcog_id,latitude,longitude,crashtime,time,crashtype,numbkilled,numbinjurd,drcoglocat,rdconditin,lightngcon,roadcntgrd,weatherco,location,roaddescrp,schoolzone,constrzone,splimit,bikeinv,pedinv,sctrinv,motoinv,svrty,rdsystem,ttlvehcls,hcf
,2018_36732,39.634029,-104.902385,1/19/2018 18:10,18:10,12,0,1,I225 & I25 OFF RAMP SPLIT,1,3,3,0,1,8,,0,55,0,0,0,0,1,1,2,13
,2018_36733,39.717954,-105.025147,11/4/2018 17:10,17:10,15,0,0,FEDERAL BOULEVARD & FIRST AVENUE WEST,1,2,0,0,1,4,,0,35,0,0,0,0,0,2,2,13
,2018_36734,39.707913,-105.025082,9/16/2018 12:00,12:00,12,0,0,FEDERAL BOULEVARD 400 BLOCK SOUTH & VIRGINIA AVENUE WEST,1,1,0,0,1,4,,0,35,0,0,0,0,0,2,2,3
,2018_36735,39.706902,-105.025084,3/19/2018 12:28,12:28,15,0,0,FEDERAL BOULEVARD 500 BLOCK SOUTH & VIRGINIA AVENUE WEST,1,1,0,0,1,4,,0,35,0,0,0,0,0,2,2,13
,2018_36736,39.704019,-105.02509,6/14/2018 19:57,19:57,12,0,0,FEDERAL BOULEVARD 700 SOUTH & EXPOSITION AVENUE WEST,1,1,0,0,1,4,,0,30,0,0,0,0,0,2,2,5
,2018_36737,39.696718,-105.025071,11/24/2018 14:36,14:36,3,0,0,FEDERAL BOULEVARD SOUTH & MISSISSIPPI AVENUE WEST,2,1,0,1,1,1,,0,40,0,0,0,0,0,2,2,7
,2018_36738,39.695244,-105.025065,9/18/2018 16:19,16:19,10,0,0,FEDERAL BOULEVARD 1100 BLOCK SOUTH & WEST ARIZONA AVENUE WEST,1,1,0,0,1,2,,0,40,0,0,0,0,0,2,2,13
,2018_36739,39.690674,-105.025048,9/18/2018 14:40,14:40,12,0,0,FEDERAL BOULEVARD 1300 SOUTH & ARKANSAS AVENUE WEST,1,1,0,0,1,1,,0,5,0,0,0,0,0,2,2,13
,2018_36740,39.673239,-105.025064,9/28/2018 16:54,16:54,12,0,1,FEDERAL BOULEVARD SOUTH & HARVARD AVENUE WEST,1,1,1,0,1,3,,0,40,0,0,0,0,1,2,2,3
,2018_36741,39.660488,-105.025192,11/2/2018 0:00,0:00,1,0,0,FEDERAL BOULEVARD SOUTH & DARTMOUTH AVENUE WEST,1,1,0,0,1,1,,0,,0,0,0,0,0,2,2,13
,2018_36753,39.78401,-105.053277,5/14/2018 9:18,9:18,12,0,0,SHERIDAN BOULEVARD 4800 BLOCK NORTH & 48TH AVENUE WEST,1,1,0,0,1,1,,0,35,0,0,0,0,0,2,2,14
,2018_36761,39.790899,-105.053234,7/20/2018 17:00,17:00,1,0,0,HIGHWAY 95 & 52ND AVENUE WEST,1,1,0,0,1,1,,0,35,0,0,0,0,0,2,2,1
,2018_36775,39.616871,-105.091123,7/14/2018 18:21,18:21,15,0,0,WADSWORTH BOULEVARD 5400 BLOCK SOUTH & CRESTLINE AVENUE WEST,1,1,0,0,1,3,,0,45,0,0,0,0,0,2,2,3
,2018_36845,39.629871,-104.904931,8/1/2018 12:04,12:04,15,0,0,I225 NORTHBOUND ON RAMP & I25,1,1,0,0,1,8,,0,45,0,0,0,0,0,1,2,13
,2018_36846,39.629871,-104.904931,7/7/2018 0:30,0:30,15,0,0,I225 NORTHBOUND / EASTBOUND FLYOVER RAMP & I25 SOUTHBOUND,1,3,1,0,1,8,,0,45,0,0,0,0,0,1,2,5
,2018_36847,39.630391,-104.90506,5/1/2018 14:35,14:35,15,0,0,I225 NORTHBOUND ON RAMP & I25,1,1,0,0,1,8,,0,55,0,0,0,0,0,1,2,13
,2018_36848,39.630948,-104.905088,5/30/2018 10:36,10:36,12,0,1,I225 SOUTHBOUND OFF RAMP & I25 NORTHBOUND,1,1,0,0,1,8,,0,60,0,0,0,0,1,1,2,3
,2018_36849,39.631946,-104.904918,7/7/2018 10:41,10:41,15,0,0,I225 NORTHBOUND DIRECT CONNECT & I25,1,1,0,0,1,4,,0,55,0,0,0,0,0,1,3,13
,2018_36850,39.633279,-104.903931,3/10/2018 12:53,12:53,12,0,2,I225 SOUTHBOUND OFF RAMP & I25 NORTHBOUND,1,1,0,0,1,8,,0,55,0,0,0,0,1,1,6,7
,2018_36851,39.633279,-104.903931,5/12/2018 8:25,8:25,12,0,0,I225 SOUTHBOUND OFF RAMP & I25 NORTHBOUND,1,1,0,0,1,8,,0,55,0,0,0,0,0,1,3,13
,2018_36852,39.634127,-104.902067,4/18/2018 7:28,7:28,12,0,0,I225 OFF RAMP SPLIT & I25,1,1,0,0,1,4,,0,55,0,0,0,0,0,1,3,13
,2018_36853,39.634127,-104.902067,12/1/2018 17:49,17:49,12,0,1,I225 SOUTHBOUND OFF RAMP SPLIT & I25,1,3,0,0,1,4,,0,55,0,0,0,0,1,1,5,13
,2018_36854,39.635522,-104.893462,1/9/2018 17:44,17:44,15,0,0,I225 & TAMARAC STREET SOUTH,1,2,0,0,1,4,,0,55,0,0,0,0,0,1,2,13
,2018_36855,39.639143,-104.885372,3/23/2018 8:09,8:09,12,0,0,I225 SOUTHBOUND COLLECTOR & YOSEMITE STREET,1,1,1,0,1,8,,0,45,0,0,0,0,0,1,2,13
,2018_36856,39.639143,-104.885372,11/29/2018 7:29,7:29,12,0,0,I225 SOUTHBOUND ON RAMP SPLIT & YOSEMITE STREET SOUTH,1,1,1,0,1,8,,0,35,0,0,0,0,0,1,2,1
,2018_36857,39.639223,-104.885207,9/29/2018 8:00,8:00,12,0,0,I225 WB OFF RAMP & YOSEMITE STREET SOUTH,1,1,0,0,1,1,,0,35,0,0,0,0,0,1,2,13
,2018_36858,39.639223,-104.885207,11/16/2018 10:04,10:04,3,0,0,TAMARAC DRIVE SOUTH & I225 NORTHBOUND RAMPS,1,1,0,0,1,1,,0,30,0,0,0,0,0,1,2,13
,2018_36859,39.639385,-104.884877,6/20/2018 9:11,9:11,15,0,0,I225 & TAMARAC DRIVE SOUTHBOUND EXIT GORE,1,1,0,0,1,4,,0,60,0,0,0,0,0,1,2,1
,2018_36860,39.640031,-104.883557,10/9/2018 9:27,9:27,12,0,0,I225 & YOSEMITE STREET SOUTH,1,1,0,0,1,4,,0,65,0,0,0,0,0,1,2,3
,2018_36884,39.782797,-104.900751,3/15/2018 6:40,6:40,15,0,0,I270 & NORTHFIELD QUEBEC NORTH,1,1,0,0,1,4,,0,35,0,0,0,0,0,1,2,13
,2018_36885,39.777695,-104.895124,5/24/2018 11:00,11:00,15,0,0,I270 & I70,1,1,0,0,1,4,,0,40,0,0,0,0,0,1,3,13
,2018_36886,39.776986,-104.884637,6/5/2018 17:16,17:16,12,0,0,I270 & CENTRAL PARK BOULEVARD NORTH,1,1,0,0,1,4,,0,55,0,0,0,0,0,1,2,14
,2018_36912,39.65298,-104.928674,12/14/2018 17:20,17:20,12,0,0,HAMPDEN AVENUE 4900 BLOCK EAST & DAHLIA STREET SOUTH,1,3,0,0,1,4,,0,40,0,0,0,0,0,2,2,1
,2018_36913,39.65298,-104.924523,10/29/2018 12:55,12:55,15,0,0,HAMPDEN AVENUE EAST & HOLLY STREET SOUTH,1,1,0,0,1,4,,0,40,0,0,0,0,0,2,2,1
,2018_36914,39.652979,-104.923957,4/20/2018 16:55,16:55,12,0,0,HAMPDEN AVENUE 5500 BLOCK EAST & HUDSON STREET SOUTH,2,1,0,1,1,4,,0,35,0,0,0,0,0,2,2,7
,2018_36915,39.652979,-104.922637,12/27/2018 16:07,16:07,1,0,0,HAMPDEN AVENUE EAST & HOLLY STREET SOUTH,1,1,1,0,1,1,,0,35,0,0,0,0,0,2,2,13
,2018_36916,39.742742,-105.025209,10/19/2018 7:45,7:45,3,0,1,FEDERAL BOULEVARD NORTH & 16TH AVENUE WEST,1,1,0,0,1,1,,0,35,0,0,0,0,2,2,2,13
,2018_36917,39.753551,-105.025127,2/24/2018 18:40,18:40,15,0,0,FEDERAL BOULEVARD NORTH & 25TH AVENUE WEST,1,3,0,0,1,4,,0,35,0,0,0,0,0,2,2,13
,2018_36918,39.75854,-105.025143,8/7/2018 15:55,15:55,12,0,0,FEDERAL BOULEVARD NORTH & 29TH AVENUE WEST,1,1,0,0,1,3,,0,35,0,0,0,0,0,2,2,13
,2018_36919,39.76025,-105.025149,9/3/2018 8:28,8:28,3,0,0,SPEER BOULEVARD & FEDERAL BOULEVARD NORTH,1,1,0,0,1,1,,0,35,0,0,0,0,0,2,2,8
,2018_36920,39.76196,-105.025155,12/5/2018 16:35,16:35,1,0,0,FEDERAL BOULEVARD NORTH & 32ND AVENUE WEST,1,3,0,0,1,1,,0,35,0,0,0,0,0,2,2,13
,2018_36921,39.764098,-105.025162,8/15/2018 14:10,14:10,6,0,0,34TH AVENUE 3000 BLOCK WEST & FEDERAL BOULEVARD NORTH,1,1,0,0,1,5,,0,15,0,0,0,0,0,2,2,13
,2018_36922,39.767234,-105.025173,3/1/2018 9:31,9:31,12,0,0,FEDERAL BOULEVARD NORTH 3600 BLOCK & 37TH AVENUE WEST,1,1,0,0,1,4,,0,35,0,0,0,0,0,2,2,14
,2018_36923,39.76809,-105.025186,8/19/2018 9:08,9:08,3,0,0,CLYDE PLACE 3000 BLOCK WEST & FEDERAL BOULEVARD NORTH,1,1,0,0,1,2,,0,25,0,0,0,0,0,2,2,13
,2018_36924,39.791145,-105.02518,8/16/2018 15:10,15:10,1,0,0,52ND AVENUE WEST & FEDERAL BOULEVARD NORTH,1,1,0,0,1,1,,0,25,0,0,0,0,0,2,2,7
,2018_37002,39.789755,-105.007976,12/4/2018 9:00,9:00,12,0,0,BURLINGTON PLACE 1720 BLOCK WEST & PECOS STREET NORTH APPROXIMATELY,1,1,0,0,1,5,,0,25,0,0,0,0,0,4,2,14
,2018_37003,39.665987,-104.9406,2/20/2018 6:25,6:25,1,0,0,COLORADO BOULEVARD SOUTH & AMHERST AVENUE EAST,4,1,0,0,1,1,,0,40,0,0,0,0,0,2,2,13
,2018_37004,39.67843,-104.940638,4/25/2018 14:06,14:06,3,0,0,COLORADO BOULEVARD SOUTH & EVANS AVENUE EAST,1,1,0,0,1,1,,0,35,0,0,0,0,0,2,2,13
,2018_37005,39.685384,-104.940543,6/29/2018 13:00,13:00,12,0,0,COLORADO BOULEVARD & 1700 BLOCK SOUTH,1,1,0,0,1,4,,0,30,0,0,0,0,0,2,2,7
,2018_37006,39.687027,-104.940544,5/2/2018 15:00,15:00,15,0,0,COLORADO BOULEVARD 1500 BLOCK SOUTH & IOWA AVENUE EAST,1,1,1,0,1,4,,0,45,0,0,0,0,0,2,2,13
,2018_37007,39.687326,-104.940544,6/27/2018 9:58,9:58,3,0,1,COLORADO BOULEVARD SOUTH & IOWA AVENUE EAST,1,1,0,0,1,1,,0,40,0,0,0,0,1,2,3,12
,2018_37008,39.69659,-104.940565,1/17/2018 14:03,14:03,3,0,0,MISSISSIPPI AVENUE EAST & COLORADO BOULEVARD SOUTH,1,1,0,0,1,1,,0,25,0,0,0,0,0,2,2,14
,2018_37011,39.713244,-104.940611,9/16/2018 13:39,13:39,12,0,0,ALAMEDA AVENUE EAST & COLORADO BOULEVARD SOUTH,1,1,0,0,1,1,,0,30,0,0,0,0,0,2,2,5
,2018_37012,39.716454,-104.94061,3/27/2018 8:22,8:22,12,0,0,COLORADO BOULEVARD SOUTH & BAYAUD AVENUE EAST,1,1,0,0,1,1,,0,40,0,0,0,0,0,2,2,8
,2018_37013,39.716746,-104.94061,7/3/2018 6:15,6:15,12,0,0,LEETSDALE DRIVE 4000 EAST & COLORADO BOULEVARD SOUTH,1,1,1,0,1,3,,0,30,0,0,0,0,0,2,2,3
,2018_37014,39.719518,-104.940609,11/28/2018 13:44,13:44,12,0,0,COLORADO BOULEVARD NORTH & FIRST AVENUE EAST,1,1,1,0,1,3,,0,35,0,0,0,0,0,2,2,3
,2018_37015,39.725354,-104.940607,8/20/2018 13:45,13:45,12,0,0,SIXTH AVENUE EAST & COLORADO BOULEVARD NORTH,1,2,1,0,1,3,,0,30,0,0,0,0,0,2,2,13
,2018_37016,39.726959,-104.940606,8/6/2018 20:10,20:10,3,0,0,SEVENTH AVENUE EAST  & COLORADO BOULEVARD NORTH,1,3,0,0,1,1,,0,35,0,0,0,0,0,2,2,4
,2018_37017,39.733087,-104.940604,6/26/2018 10:39,10:39,12,0,1,COLORADO BOULEVARD 1100 BLOCK NORTH & 11TH AVENUE EAST,1,1,0,0,1,4,,0,35,0,0,0,1,2,2,2,1
,2018_37018,39.736881,-104.940602,12/7/2018 15:24,15:24,3,0,0,13TH AVENUE EAST & COLORADO BOULEVARD NORTH,1,1,0,0,1,1,,0,30,0,0,0,0,0,2,2,1
,2018_37019,39.73834,-104.940602,11/27/2018 14:58,14:58,12,0,0,COLORADO BOULEVARD NORTH & 14TH AVENUE EAST,1,1,0,0,1,3,,0,35,0,0,0,0,0,2,2,1
,2018_37020,39.725415,-105.024686,5/6/2018 9:48,9:48,5,0,0,SIXTH AVENUE WEST & FEDERAL BOULEVARD NORTH,1,1,0,0,3,4,,0,55,0,0,0,0,0,2,1,8
,2018_37021,39.738485,-104.940602,5/19/2018 22:17,22:17,3,0,2,COLORADO BOULEVARD NORTH & 14TH AVENUE EAST,1,3,0,0,1,1,,0,30,0,0,0,0,1,2,3,13
,2018_37022,39.740236,-104.940601,12/21/2018 2:56,2:56,12,0,1,COLORADO BOULEVARD NORTH & COLFAX AVENUE EAST,1,3,0,0,1,3,,0,35,0,0,0,0,2,2,2,14
,2018_37023,39.750887,-104.940597,8/29/2018 9:10,9:10,3,0,0,COLORADO BOULEVARD NORTH & 23RD AVENUE EAST,1,1,0,0,1,1,,0,35,0,0,0,0,0,2,2,13
,2018_37024,39.750887,-104.940597,11/19/2018 10:44,10:44,3,0,0,23RD AVENUE EAST & COLORADO BOULEVARD NORTH,1,1,0,0,1,1,,0,35,0,0,0,0,0,2,2,13
,2018_37025,39.756397,-104.940533,11/20/2018 16:24,16:24,1,0,0,COLORADO BOULEVARD NORTH & 28TH AVENUE EAST,1,2,0,0,1,1,,0,35,0,0,0,0,0,2,2,1
,2018_37026,39.757123,-104.94053,1/25/2018 14:05,14:05,15,0,0,COLORADO BOULEVARD NORTH & 2800 BLOCK,1,1,0,0,1,2,,0,35,0,0,0,0,0,2,2,1
,2018_37027,39.758284,-104.940525,5/12/2018 12:04,12:04,3,0,1,COLORADO BOULEVARD NORTH & 29TH AVENUE EAST,1,1,0,0,1,1,,0,30,0,0,0,0,1,2,2,13
,2018_37028,39.77302,-104.940511,2/19/2018 12:37,12:37,15,0,0,COLORADO BOULEVARD NORTH & 40TH AVENUE EAST,1,1,0,0,1,1,,0,35,0,0,0,0,0,2,2,13
,2018_37041,39.725638,-105.050204,6/25/2018 8:01,8:01,12,0,0,SIXTH AVENUE EASTBOUND ON RAMP ENTRANCE GORE POINT & SHERIDAN BOULEVARD NORTH,1,1,0,0,1,8,,0,35,0,0,0,0,0,2,2,13
,2018_37042,39.725419,-105.027737,5/24/2018 7:21,7:21,15,0,0,SIXTH AVENUE WEST & FEDERAL BOULEVARD NORTH,1,1,0,0,1,8,,0,55,0,0,0,0,0,2,2,1
,2018_37043,39.725416,-105.02583,6/15/2018 6:47,6:47,12,0,0,SIXTH AVENUE WEST & FEDERAL BOULEVARD NORTH,1,1,0,0,1,4,,0,65,0,0,0,0,0,2,2,7
,2018_37044,39.725416,-105.025449,2/23/2018 16:06,16:06,15,0,0,SIXTH AVENUE EASTBOUND OFF RAMP & FEDERAL BOULEVARD NORTH,1,1,0,0,1,8,,0,35,0,0,0,0,0,2,2,8
,2018_37045,39.725415,-105.025068,2/24/2018 8:40,8:40,15,0,0,SIXTH AVENUE WEST & FEDERAL BOULEVARD NORTH,1,1,1,0,1,4,,0,65,0,0,0,0,0,2,2,1
,2018_37047,39.725413,-105.023923,11/10/2018 17:23,17:23,12,0,1,SIXTH AVENUE WEST & FEDERAL BOULEVARD NORTH,1,3,0,0,1,4,,0,55,0,0,0,0,2,2,2,3
,2018_37048,39.725389,-105.022381,5/23/2018 20:54,20:54,15,0,1,SIXTH AVENUE WEST & FEDERAL BOULEVARD NORTH,1,3,0,0,1,4,,0,55,0,0,0,0,1,2,2,1
,2018_37049,39.725533,-105.01288,1/9/2018 17:38,17:38,12,0,1,SIXTH AVENUE WEST & I25,1,3,0,0,1,4,,0,45,0,0,0,0,1,2,3,13
,2018_37051,39.782865,-104.948669,2/9/2018 13:40,13:40,15,0,0,VASQUEZ BOULEVARD & 4700 BLOCK NORTH,1,1,0,0,1,4,,0,35,0,0,0,0,0,2,2,1
,2018_37124,39.683165,-104.940757,11/5/2018 8:19,8:19,12,0,0,I25 & COLORADO BOULEVARD SOUTH,1,1,0,0,1,4,,0,65,0,0,0,0,0,1,2,13
,2018_37138,39.624135,-104.901597,3/19/2018 6:53,6:53,12,0,0,I25 SOUTHBOUND OFF RAMP & BELLEVIEW AVENUE EAST,5,1,1,0,1,8,,0,45,0,0,0,0,0,1,2,13
,2018_37139,39.632192,-104.905941,12/19/2018 6:53,6:53,15,0,0,I25 & MM 200 / I225,1,2,0,0,1,4,,0,55,0,0,0,0,0,1,2,13
,2018_37140,39.637776,-104.909302,5/23/2018 8:41,8:41,12,0,0,I25 NORTHBOUND ENTRANCE GORE POINT & I225 SOUTHBOUND / WB OFF RAMP,1,1,0,0,1,4,,0,55,0,0,0,0,0,1,2,13
,2018_37141,39.755118,-105.012754,11/22/2018 10:30,10:30,12,0,1,I25 & SPEER BOULEVARD NORTH,1,1,0,0,1,4,,0,55,0,0,0,0,1,1,2,13
,2018_37142,39.639186,-104.910225,11/12/2018 6:00,6:00,12,0,0,I25 SOUTHBOUND EXIT GORE POINT & I225,5,1,0,2,1,4,,0,65,0,0,0,0,0,1,3,13
,2018_37143,39.64994,-104.9165,3/5/2018 7:24,7:24,15,0,0,I25 & HAMPDEN AVENUE EAST,1,1,0,0,1,4,,0,60,0,0,0,0,0,1,2,13
,2018_37144,39.650614,-104.916891,5/19/2018 22:31,22:31,15,0,2,I25 & HAMPDEN AVENUE EAST,1,4,0,0,1,4,,0,65,0,0,0,0,2,1,3,1
,2018_37145,39.65236,-104.917894,8/23/2018 0:06,0:06,15,0,3,I25 SOUTHBOUND OFF RAMP & HAMPDEN AVENUE EAST,1,3,0,0,1,8,,0,0,0,0,0,0,1,1,2,13
,2018_37146,39.65313,-104.918259,8/2/2018 10:57,10:57,12,0,0,I25 & HAMPDEN AVENUE EAST,1,1,0,0,1,4,,0,60,0,0,0,0,0,1,2,7
,2018_37147,39.653259,-104.918319,6/14/2018 7:15,7:15,15,0,0,I25 & HAMPDEN AVENUE EAST INTCH,1,1,0,0,1,4,,0,60,0,0,0,0,0,1,2,7
,2018_37148,39.654414,-104.918866,7/18/2018 11:04,11:04,12,0,0,I25 NORTHBOUND ON RAMP & HAMPDEN AVENUE EAST APPROXIMATELY,1,1,1,0,1,8,,0,45,0,0,0,0,0,1,2,13
,2018_37149,39.660331,-104.92047,11/9/2018 7:15,7:15,15,0,0,I25 & DARTMOUTH AVENUE EAST,1,1,0,0,1,4,,0,55,0,0,0,0,0,1,2,13
,2018_37150,39.678367,-104.933559,11/5/2018 18:58,18:58,12,0,2,EVANS AVENUE EAST & I25,1,3,0,0,1,4,,0,35,0,0,0,0,2,1,2,1
,2018_37151,39.680448,-104.935439,11/14/2018 8:24,8:24,12,0,0,I25 & EVANS AVENUE EAST,1,1,0,0,1,4,,0,60,0,0,0,0,0,1,2,3
,2018_37152,39.683094,-104.940452,2/27/2018 16:08,16:08,12,0,0,I25 & COLORADO BOULEVARD SOUTH,1,1,0,0,1,4,,0,50,0,0,0,0,0,1,2,13
,2018_37153,39.740009,-104.968553,9/20/2018 12:28,12:28,6,0,0,COLFAX AVENUE EAST & FRANKLIN STREET NORTH,1,1,0,0,1,1,,0,,0,0,0,0,0,2,2,13
,2018_37154,39.683309,-104.94138,10/26/2018 10:02,10:02,12,0,0,I25 SOUTHBOUND ON LOOP RAMP & COLORADO BOULEVARD SOUTH,1,1,0,0,1,8,,0,60,0,0,0,0,0,1,3,3
,2018_37155,39.684158,-104.944536,6/25/2018 8:22,8:22,12,0,0,I25 & COLORADO BOULEVARD SOUTH,1,1,0,0,1,4,,0,50,0,0,0,0,0,1,2,2
,2018_37156,39.684641,-104.947179,11/2/2018 19:23,19:23,12,0,1,I25 NORTHBOUND ON RAMP ENTRANCE GORE POINT & COLORADO BOULEVARD SOUTH,1,3,0,0,1,8,,0,65,0,0,0,0,1,1,2,5
,2018_37157,39.68492,-104.950436,7/17/2018 12:45,12:45,15,0,1,I25 & STEELE STREET SOUTH,1,1,1,0,1,4,,0,60,0,0,0,0,2,1,4,8
,2018_37158,39.687566,-104.968441,11/29/2018 8:00,8:00,15,0,0,I25 & FRANKLIN STREET SOUTH,1,1,0,0,1,4,,0,65,0,0,0,0,0,1,2,13
,2018_37159,39.74163,-105.014388,11/28/2018 17:40,17:40,12,0,0,I25 & COLFAX AVENUE WEST,1,3,0,0,1,4,,0,55,0,0,0,0,0,1,2,13
,2018_37160,39.759539,-105.006582,7/21/2018 21:30,21:30,12,0,0,I25 & 20TH STREET,1,3,0,0,1,4,,0,55,0,0,0,0,0,1,2,13
,2018_37161,39.690115,-104.973561,3/8/2018 16:52,16:52,12,0,0,I25 & DOWNING STREET SOUTH,1,1,0,0,1,4,,0,55,0,0,0,0,0,1,3,13
,2018_37162,39.697613,-104.982886,11/8/2018 8:43,8:43,12,0,0,I25 & LOGAN STREET SOUTH,1,1,0,0,1,4,,0,50,0,0,0,0,0,1,2,3
,2018_37163,39.707118,-104.996779,1/19/2018 16:19,16:19,12,0,0,I25 & SANTA FE DRIVE SOUTH,1,1,0,0,1,4,,0,55,0,0,0,0,0,1,2,13
,2018_37164,39.710836,-104.998682,8/10/2018 12:15,12:15,12,0,0,I25 & ALAMEDA AVENUE WEST,1,1,1,0,1,4,,0,60,0,0,0,0,0,1,3,13
,2018_37165,39.711525,-104.999094,8/7/2018 17:22,17:22,12,0,0,I25 & ALAMEDA AVENUE WEST,1,1,0,0,1,4,,0,55,0,0,0,0,0,1,2,13
,2018_37166,39.717712,-105.004262,6/14/2018 13:35,13:35,15,0,0,I25 & ALAMEDA AVENUE WEST,1,1,3,0,1,8,,0,55,0,0,0,0,0,1,2,13
,2018_37167,39.72244,-105.009858,3/26/2018 13:50,13:50,15,0,0,I25 & SIXTH AVENUE WEST,1,1,0,0,1,4,,0,65,0,0,0,0,0,1,3,1
,2018_37168,39.722612,-105.0101,5/11/2018 21:18,21:18,15,0,1,I25 & ALAMEDA AVENUE WEST,1,4,0,1,1,4,,0,55,0,0,0,0,1,1,2,13
,2018_37169,39.722726,-105.010261,2/1/2018 9:55,9:55,12,0,0,I25 & SIXTH AVENUE WEST,1,1,0,0,1,4,,0,55,0,0,0,0,0,1,2,3
,2018_37170,39.722955,-105.010584,2/27/2018 12:38,12:38,12,0,0,I25 NORTHBOUND EXIT GORE POINT & SIXTH AVENUE WEST,1,1,0,0,1,4,,0,55,0,0,0,0,0,1,2,13
,2018_37171,39.722955,-105.010584,4/3/2018 12:46,12:46,12,0,0,I25 NORTHBOUND EXIT GORE POINT & SIXTH AVENUE WEST,1,1,1,0,1,4,,0,45,0,0,0,0,0,1,3,13
,2018_37172,39.722955,-105.010584,10/3/2018 11:46,11:46,12,0,1,I25 NORTHBOUND EXIT GORE POINT & SIXTH AVENUE WEST,1,1,0,0,1,4,,0,65,0,0,0,1,1,1,2,7
,2018_37173,39.723012,-105.010664,2/17/2018 6:47,6:47,15,0,3,I25 & SIXTH AVENUE WEST,1,1,1,0,1,4,,0,60,0,0,0,0,2,1,2,2
,2018_37174,39.723012,-105.010664,11/20/2018 11:08,11:08,12,0,0,I25 NORTHBOUND OFF RAMP EXIT GORE POINT & SIXTH AVENUE WEST,1,1,0,0,1,8,,0,55,0,0,0,0,0,1,3,3
,2018_37175,39.723662,-105.011457,8/8/2018 12:13,12:13,12,0,0,I25 & SIXTH AVENUE WEST,1,1,0,0,1,4,,0,65,0,0,0,0,0,1,2,7
,2018_37176,39.724477,-105.012282,3/28/2018 12:38,12:38,12,0,0,I25 & SIXTH AVENUE WEST,1,1,0,0,1,4,,0,55,0,0,0,0,0,1,3,1
,2018_37177,39.724815,-105.012562,11/30/2018 12:46,12:46,12,0,0,SIXTH AVENUE WEST EASTBOUND EXIT GORE POINT & I25 NB/SB SPLIT,1,1,0,0,1,4,,0,65,0,0,0,0,0,1,2,14
,2018_37178,39.725165,-105.012815,8/27/2018 16:18,16:18,12,0,0,I25 & SIXTH AVENUE WEST,1,1,1,0,1,4,,0,55,0,0,0,0,0,1,3,13
,2018_37179,39.725165,-105.012815,9/23/2018 13:18,13:18,12,0,0,I25 NORTHBOUND OFF RAMP & SIXTH AVENUE WEST,1,1,0,0,1,8,,0,55,0,0,0,0,0,1,2,13
,2018_37180,39.725281,-105.012899,3/26/2018 7:55,7:55,12,0,0,I25 & SIXTH AVENUE WEST,1,1,0,0,1,4,,0,55,0,0,0,0,0,1,2,3
,2018_37181,39.725631,-105.013152,7/26/2018 15:39,15:39,15,0,0,I25 & SIXTH AVENUE WEST,1,1,1,0,1,4,,0,55,0,0,0,0,0,1,2,13
,2018_37182,39.731155,-105.015429,2/1/2018 17:03,17:03,12,0,0,I25 SOUTHBOUND EXIT GORE POINT & ZUNI STREET / EIGHTH AVENUE WEST,1,1,1,0,1,4,,0,55,0,0,0,0,0,1,2,13
,2018_37183,39.732693,-105.01558,10/18/2018 19:10,19:10,12,0,0,I25 & EIGHTH AVENUE WEST,1,1,0,0,1,4,,0,75,0,0,0,0,0,1,3,1
,2018_37184,39.740455,-105.013961,7/8/2018 6:06,6:06,15,0,0,I25 NORTHBOUND & COLFAX AVENUE WEST,1,1,0,0,1,4,,0,55,0,0,0,0,0,1,2,13
,2018_37185,39.742771,-105.015357,2/24/2018 2:18,2:18,5,0,2,I25 SOUTHBOUND OFF RAMP & COLFAX AVENUE WEST EXIT GORE POINT,1,3,1,0,3,8,,0,55,0,0,0,0,1,1,1,5
,2018_37186,39.743733,-105.016365,3/15/2018 15:31,15:31,12,0,0,I25 & 17TH AVENUE WEST  NOT IN CORIS,1,1,1,0,1,4,,0,55,0,0,0,0,0,1,2,2
,2018_37187,39.743733,-105.016365,6/23/2018 17:05,17:05,15,0,0,I25 & 17TH AVENUE WEST  NOT IN CORIS,1,1,0,0,1,4,,0,55,0,0,0,0,0,1,2,13
,2018_37188,39.749848,-105.017195,1/8/2018 6:30,6:30,12,0,0,I25 & 23RD AVENUE WEST,1,2,0,0,1,4,,0,55,0,0,0,0,0,1,2,3
,2018_37190,39.751295,-105.016566,6/27/2018 13:13,13:13,12,0,1,I25 & 23RD AVENUE WEST,1,1,1,0,1,4,,0,55,0,0,0,0,1,1,3,13
,2018_37191,39.751295,-105.016566,7/10/2018 16:19,16:19,12,0,0,I25 & 23RD AVENUE WEST,1,1,1,0,1,4,,0,65,0,0,0,0,0,1,2,3
,2018_37192,39.755024,-105.012885,10/15/2018 11:13,11:13,15,0,0,I25 & SPEER BOULEVARD NORTH,1,1,0,0,1,4,,0,55,0,0,0,0,0,1,2,1
,2018_37193,39.755024,-105.012885,12/10/2018 15:03,15:03,12,0,0,I25 & SPEER BOULEVARD NORTH,1,1,1,0,1,4,,0,65,0,0,0,0,0,1,3,13
,2018_37194,39.755118,-105.012754,7/27/2018 14:51,14:51,15,0,0,I25 & SPEER BOULEVARD NORTH,1,1,0,0,1,4,,0,55,0,0,0,0,0,1,2,13
,2018_37195,39.755118,-105.012754,12/28/2018 14:02,14:02,12,0,0,I25 & SPEER BOULEVARD,1,1,0,0,1,4,,0,55,0,0,0,0,0,1,2,13
,2018_37196,39.755118,-105.012754,6/27/2018 17:01,17:01,12,0,0,SPEER BOULEVARD & I25 NORTHBOUND RAMPS,1,1,1,0,1,4,,0,35,0,0,0,0,0,1,2,13