id,drcog_id,latitude,longitude,crashtime,time,crashtype,numbkilled,numbinjurd,drcoglocat,rdconditin,lightngcon,roadcntgrd,weatherco,location,roaddescrp,schoolzone,constrzone,splimit,bikeinv,pedinv,sctrinv,motoinv,svrty,rdsystem,ttlvehcls,hcf
,2018_38254,39.773904,-104.845684,8/20/2018 12:00,12:00,12,0,0,I70 EASTBOUND ON RAMP MERGE POINT & PEORIA STREET NORTH,1,1,0,0,1,8,,0,35,0,0,0,0,0,1,2,13
,2018_38255,39.773538,-104.841432,4/22/2018 11:44,11:44,12,0,0,I70 WB ON RAMP FROM I225 & I225,1,1,0,0,1,8,,0,65,0,0,0,0,0,1,4,7
,2018_38256,39.773522,-104.841248,12/1/2018 20:52,20:52,12,0,2,I70 & PEORIA STREET NORTH,1,3,1,0,1,4,,0,55,0,0,0,0,1,1,2,13
,2018_38326,39.674988,-105.025055,4/11/2018 9:03,9:03,5,0,0,FEDERAL BOULEVARD & ILIFF AVENUE WEST,1,1,0,0,3,1,,0,40,0,0,0,0,0,2,1,1
,2018_38336,39.698361,-104.902954,3/14/2018 17:45,17:45,12,0,1,PARKER ROAD SOUTH & QUEBEC STREET SOUTH,1,1,0,0,1,4,,0,35,0,0,0,0,1,2,3,13
,2018_38337,39.698551,-104.903443,7/7/2018 10:33,10:33,12,0,0,PARKER ROAD & QUEBEC STREET SOUTH,1,1,0,0,1,3,,0,35,0,0,0,0,0,2,2,13
,2018_38338,39.698742,-104.903946,12/7/2018 12:57,12:57,12,0,0,LEETSDALE DRIVE & QUEBEC STREET SOUTH,1,1,0,0,1,4,,0,35,0,0,0,0,0,2,3,13
,2018_38339,39.702079,-104.911706,4/28/2018 18:05,18:05,3,0,0,LEETSDALE DRIVE & MONACO PARKWAY / 6600 BLOCK,1,1,0,0,1,2,,0,35,0,0,0,0,0,2,2,13
,2018_38340,39.702873,-104.912747,4/20/2018 8:47,8:47,12,0,0,LEETSDALE DRIVE & MONACO PARKWAY,1,1,0,0,1,3,,0,35,0,0,0,0,0,2,2,13
,2018_38341,39.702954,-104.912867,1/26/2018 12:17,12:17,12,0,0,MONACO PARKWAY & LEETSDALE DRIVE,1,1,1,0,1,1,,0,30,0,0,0,0,0,2,2,8
,2018_38342,39.7112,-104.936323,7/22/2018 13:45,13:45,12,0,0,ALAMEDA AVENUE EAST & LEETSDALE DRIVE,1,1,1,0,1,1,,0,35,0,0,0,0,0,2,2,16
,2018_38350,39.705071,-104.996942,3/30/2018 21:32,21:32,5,0,1,KALAMATH STREET SOUTH  & 700 BLOCK SOUTH,1,3,0,0,2,4,,0,35,0,0,0,0,1,2,1,5
,2018_38356,39.687439,-104.991942,11/17/2018 19:06,19:06,10,0,0,SANTA FE DRIVE SOUTH & IOWA AVENUE WEST,11,3,0,0,1,1,,0,45,0,0,0,0,0,2,3,8
,2018_38357,39.689927,-104.992163,4/30/2018 7:00,7:00,15,0,0,SANTA FE DRIVE SOUTH & FLORIDA AVENUE WEST / 1400 BLOCK SOUTH,1,1,0,0,1,4,,0,45,0,0,0,0,0,2,2,13
,2018_38358,39.689927,-104.992163,6/28/2018 18:27,18:27,12,0,0,SANTA FE DRIVE SOUTH & FLORIDA AVENUE WEST,1,1,0,0,1,3,,0,45,0,0,0,0,0,2,2,6
,2018_38359,39.69082,-104.992261,3/4/2018 14:31,14:31,12,0,0,SANTA FE DRIVE SOUTH & ARKANSAS AVENUE WEST,1,1,0,0,1,4,,0,45,0,0,0,0,0,2,2,13
,2018_38360,39.696679,-104.991877,4/9/2018 17:16,17:16,15,0,0,SANTA FE DRIVE SOUTH & MISSISSIPPI AVENUE WEST,1,1,0,0,1,1,,0,30,0,0,0,0,0,2,2,13
,2018_38361,39.696679,-104.991877,6/12/2018 11:21,11:21,3,0,0,MISSISSIPPI AVENUE WEST & PLATTE RIVER DRIVE SOUTH,1,1,0,0,1,1,,0,45,0,0,0,0,0,2,2,13
,2018_38362,39.69847,-104.991796,9/13/2018 17:26,17:26,12,0,0,PLATTE RIVER DRIVE SOUTH  & TENNESSEE AVENUE WEST,1,1,0,0,1,1,,0,,0,0,0,0,0,2,2,13
,2018_38385,39.724996,-105.025125,10/16/2018 10:50,10:50,15,0,0,FEDERAL BOULEVARD 500 BLOCK NORTH & SIXTH AVENUE WEST,1,1,0,0,1,4,,0,35,0,0,0,0,0,2,2,7
,2018_38387,39.724876,-105.025125,12/21/2018 13:07,13:07,10,0,0,FEDERAL BOULEVARD NORTH & SIXTH AVENUE WEST,1,1,1,0,1,1,,0,30,0,0,0,0,0,2,2,13
,2018_38388,39.723656,-105.025158,4/18/2018 15:59,15:59,3,0,0,FEDERAL BOULEVARD NORTH & FIFTH AVENUE WEST,1,1,0,0,1,1,,0,30,0,0,0,0,0,2,2,1
,2018_38389,39.721361,-105.025199,12/6/2018 10:56,10:56,1,0,0,FEDERAL BOULEVARD NORTH & THIRD AVENUE WEST,1,1,0,0,1,1,,0,35,0,0,0,0,0,2,2,1
,2018_38390,39.707624,-105.025082,1/16/2018 0:51,0:51,1,0,0,FEDERAL BOULEVARD SOUTH & VIRGINIA AVENUE WEST,1,3,0,0,1,1,,0,40,0,0,0,0,0,2,2,13
,2018_38391,39.700108,-105.025084,7/11/2018 21:45,21:45,14,0,0,FEDERAL BOULEVARD 900 BLOCK SOUTH & KENTUCKY AVENUE WEST,1,3,0,0,1,4,,0,,0,0,0,0,0,2,2,13
,2018_38393,39.740084,-104.905415,5/21/2018 2:00,2:00,6,0,0,COLFAX AVENUE & 7171 EAST,1,3,0,0,3,4,,0,35,0,0,0,0,0,2,4,5
,2018_38394,39.696865,-105.025071,3/2/2018 15:44,15:44,15,0,0,FEDERAL BOULEVARD SOUTH & MISSISSIPPI AVENUE WEST,1,1,1,0,1,3,,0,,0,0,0,0,0,2,2,13
,2018_38395,39.690674,-105.025048,7/4/2018 20:36,20:36,12,0,0,FEDERAL BOULEVARD SOUTH & ARKANSAS AVENUE WEST,1,3,0,0,1,3,,0,45,0,0,0,0,0,2,2,3
,2018_38396,39.689495,-105.025043,11/29/2018 17:10,17:10,10,0,0,FEDERAL BOULEVARD SOUTH & FLORIDA AVENUE WEST,1,2,0,0,1,1,,0,35,0,0,0,0,0,2,2,1
,2018_38397,39.682714,-105.025017,1/5/2018 17:37,17:37,3,0,0,FEDERAL BOULEVARD SOUTH & JEWELL AVENUE WEST,1,3,1,0,1,2,,0,40,0,0,0,0,0,2,2,3
,2018_38398,39.682714,-105.025017,5/15/2018 18:05,18:05,12,0,0,FEDERAL BOULEVARD 1900 BLOCK SOUTH & JEWELL AVENUE WEST,1,1,0,0,1,4,,0,40,0,0,0,0,0,2,2,14
,2018_38399,39.682566,-105.025017,7/24/2018 17:24,17:24,12,0,0,FEDERAL BOULEVARD SOUTH & JEWELL AVENUE WEST,1,1,0,0,1,4,,0,40,0,0,0,0,0,2,2,3
,2018_38400,39.680523,-105.025025,8/21/2018 7:45,7:45,3,0,0,ASBURY AVENUE WEST & FEDERAL BOULEVARD SOUTH,1,1,0,0,1,1,,0,35,0,0,0,0,0,2,2,7
,2018_38401,39.679212,-105.025032,9/9/2018 18:47,18:47,12,0,0,FEDERAL BOULEVARD SOUTH & EVANS AVENUE WEST,1,1,0,0,1,4,,0,40,0,0,0,0,0,2,2,10
,2018_38402,39.660383,-105.025242,7/23/2018 16:55,16:55,12,0,1,FEDERAL BOULEVARD SOUTH & DARTMOUTH AVENUE WEST,2,1,0,0,1,4,,0,45,0,0,0,0,1,2,3,3
,2018_38419,39.683581,-105.053188,2/12/2018 17:37,17:37,12,0,1,SHERIDAN BOULEVARD SOUTH & 1700 BLOCK SOUTH,1,3,0,0,1,4,,0,40,0,0,0,0,1,2,2,13
,2018_38420,39.694058,-105.053181,9/10/2018 10:01,10:01,15,0,0,SHERIDAN BOULEVARD SOUTH & 1233 SOUTH SHERIDAN BOULEVARD,1,1,0,0,1,4,,0,45,0,0,0,0,0,2,2,7
,2018_38424,39.726278,-105.053133,4/21/2018 22:24,22:24,12,0,0,SIXTH AVENUE WB OFF RAMP & SHERIDAN BOULEVARD NORTH,1,3,0,0,1,1,,0,25,0,0,0,0,0,2,2,13
,2018_38513,39.725824,-105.014943,7/15/2018 16:59,16:59,9,0,0,I25 SOUTHBOUND OFF RAMP & SIXTH AVENUE WEST,2,1,1,1,1,8,,0,55,0,0,0,0,0,1,1,13
,2018_38517,39.630948,-104.905088,7/27/2018 12:02,12:02,12,0,0,I225 SOUTHBOUND OFF RAMP & I25 NORTHBOUND,1,1,0,0,1,8,,0,60,0,0,0,0,0,1,2,3
,2018_38518,39.633279,-104.903931,8/15/2018 13:20,13:20,12,0,0,I225 SOUTHBOUND OFF RAMP & I25 NORTHBOUND,1,1,1,0,1,8,,0,55,0,0,0,0,0,1,6,13
,2018_38519,39.634114,-104.902134,3/15/2018 9:41,9:41,15,0,0,I225 SOUTHBOUND OFF RAMP SPLIT & I25,1,1,0,0,1,4,,0,65,0,0,0,0,0,1,2,1
,2018_38520,39.634127,-104.902067,2/5/2018 18:30,18:30,12,0,0,I225 SOUTHBOUND OFF RAMP & I25 OFF RAMP SPLIT,1,3,0,0,1,4,,0,55,0,0,0,0,0,1,2,13
,2018_38521,39.634127,-104.902067,10/16/2018 16:22,16:22,12,0,3,I225 SOUTHBOUND OFF RAMP SPLIT & I25,1,1,0,0,1,4,,0,60,0,0,0,0,1,1,4,7
,2018_38522,39.634704,-104.899097,5/24/2018 11:43,11:43,12,0,0,I225 & MM .75,1,1,0,0,1,4,,0,55,0,0,0,0,0,1,4,13
,2018_38523,39.635522,-104.893462,4/30/2018 10:40,10:40,1,0,0,TAMARAC STREET SOUTH & I225 SOUTHBOUND RAMPS,1,1,0,0,1,1,,0,40,0,0,0,0,0,1,2,13
,2018_38524,39.635522,-104.893462,8/27/2018 21:50,21:50,1,0,0,TAMARAC STREET SOUTH NORTHBOUND RAMPS & DENVER TECH CENTER BOULEVARD SOUTH,1,3,0,0,1,1,,0,,0,0,0,0,0,1,2,13
,2018_38525,39.635672,-104.892896,3/15/2018 13:52,13:52,15,0,0,I225 & YOSEMITE STREET SOUTH,1,1,0,0,1,4,,0,55,0,0,0,0,0,1,2,13
,2018_38526,39.639062,-104.885537,6/19/2018 9:27,9:27,12,0,0,I225 & TAMARAC STREET SOUTH,1,1,0,0,1,4,,0,60,0,0,0,0,0,1,4,3
,2018_38527,39.639223,-104.885207,3/26/2018 10:48,10:48,3,0,0,YOSEMITE STREET SOUTH & I225 SOUTHBOUND RAMPS,1,1,0,0,1,1,,0,25,0,0,0,0,0,1,2,13
,2018_38568,39.782797,-104.900751,1/17/2018 11:05,11:05,15,0,0,I270 OFF SLIP RAMP & NORTHFIELD QUEBEC NORTH,1,1,1,0,1,8,,0,45,0,0,0,0,0,1,2,13
,2018_38592,39.65298,-104.926787,4/30/2018 17:21,17:21,12,0,0,HAMPDEN AVENUE EAST & FOREST STREET SOUTH,1,1,0,0,1,4,,0,30,0,0,0,0,0,2,2,13
,2018_38593,39.751253,-105.025137,5/8/2018 11:13,11:13,3,0,0,23RD AVENUE WEST & FEDERAL BOULEVARD NORTH,1,1,0,0,1,1,,0,35,0,0,0,0,0,2,2,13
,2018_38594,39.754834,-105.025131,10/17/2018 13:40,13:40,3,0,0,26TH AVENUE WEST & FEDERAL BOULEVARD NORTH,1,1,1,0,1,1,,0,30,0,0,0,0,0,2,2,13
,2018_38595,39.760108,-105.025148,7/30/2018 18:39,18:39,12,0,0,FEDERAL BOULEVARD 2900 BLOCK NORTH & SPEER BOULEVARD NORTH,1,1,0,0,1,4,,0,35,0,0,0,0,0,2,2,13
,2018_38596,39.76196,-105.025155,11/13/2018 6:36,6:36,3,0,0,32ND AVENUE WEST & FEDERAL BOULEVARD NORTH,1,1,0,0,1,1,,0,35,0,0,0,0,0,2,2,1
,2018_38597,39.764526,-105.025163,5/30/2018 17:28,17:28,12,0,0,FEDERAL BOULEVARD 3300 BLOCK NORTH & 34TH AVENUE WEST,1,1,1,0,1,4,,0,35,0,0,0,0,0,2,2,13
,2018_38598,39.765524,-105.025167,8/5/2018 9:22,9:22,1,0,2,FEDERAL BOULEVARD NORTH & 35TH AVENUE WEST,1,1,0,0,1,1,,0,10,0,0,0,0,1,2,2,1
,2018_38599,39.785853,-105.025223,12/15/2018 17:50,17:50,12,0,0,FEDERAL BOULEVARD NORTH & 49TH AVENUE WEST,1,3,0,0,1,4,,0,35,0,0,0,0,0,2,2,13
,2018_38600,39.787424,-105.025217,11/16/2018 16:56,16:56,1,0,0,50TH AVENUE WEST & FEDERAL BOULEVARD NORTH,1,3,0,0,1,1,,0,35,0,0,0,0,0,2,2,13
,2018_38670,39.834134,-104.746852,12/4/2018 5:25,5:25,15,0,0,PENA BOULEVARD & E470,1,3,0,0,1,4,,0,65,0,0,0,0,0,2,2,13
,2018_38676,39.685384,-104.940543,6/11/2018 9:51,9:51,12,0,0,COLORADO BOULEVARD 1700 BLOCK SOUTH & MEXICO AVENUE EAST,1,1,0,0,1,4,,0,35,0,0,0,0,0,2,3,13
,2018_38677,39.687176,-104.940544,4/27/2018 10:03,10:03,12,0,0,COLORADO BOULEVARD 1600 BLOCK SOUTH & IOWA AVENUE EAST,1,1,0,0,1,4,,0,35,0,0,0,0,0,2,2,13
,2018_38678,39.689119,-104.940546,10/27/2018 20:32,20:32,1,0,0,COLORADO BOULEVARD SOUTH & FLORIDA AVENUE EAST,1,3,0,0,1,1,,0,40,0,0,0,0,0,2,2,3
,2018_38679,39.69659,-104.940565,6/15/2018 11:25,11:25,1,0,2,COLORADO BOULEVARD SOUTH & MISSISSIPPI AVENUE EAST,1,1,0,0,1,1,,0,35,0,0,0,0,1,2,2,13
,2018_38681,39.725281,-105.012899,7/2/2018 12:19,12:19,15,0,0,I25 & SIXTH AVENUE WEST,1,1,0,0,1,4,,0,55,0,0,0,0,0,1,2,13
,2018_38682,39.71981,-104.940609,4/10/2018 15:30,15:30,15,0,0,COLORADO BOULEVARD NORTH & FIRST AVENUE EAST,1,1,0,0,1,4,,0,35,0,0,0,0,0,2,2,13
,2018_38683,39.733087,-104.940604,7/20/2018 20:33,20:33,15,0,1,11TH AVENUE EAST  & COLORADO BOULEVARD NORTH,1,3,0,0,1,3,,0,30,0,0,0,0,1,2,2,14
,2018_38684,39.738048,-104.940602,1/9/2018 16:38,16:38,12,0,0,COLORADO BOULEVARD NORTH & 14TH AVENUE EAST,2,2,0,0,1,3,,0,35,0,0,0,0,0,2,2,8
,2018_38685,39.761914,-104.940511,8/24/2018 21:52,21:52,12,0,1,MLK BOULEVARD 4000 EAST & COLORADO BOULEVARD NORTH,1,3,0,0,1,3,,0,35,0,0,0,0,1,2,2,13
,2018_38686,39.761914,-104.940511,12/9/2018 19:26,19:26,1,0,0,COLORADO BOULEVARD NORTH & MLK BOULEVARD EAST,1,3,0,0,1,1,,0,35,0,0,0,0,0,2,3,1
,2018_38687,39.770961,-104.940503,7/12/2018 17:00,17:00,12,0,0,COLORADO BOULEVARD & 3900 BLOCK NORTH,1,1,1,0,1,4,,0,40,0,0,0,0,0,2,3,14
,2018_38688,39.772873,-104.94051,11/24/2018 15:14,15:14,12,0,1,COLORADO BOULEVARD 3900 BLOCK NORTH & 40TH AVENUE EAST,2,2,1,0,1,4,,0,40,0,0,0,0,2,2,2,12
,2018_38689,39.784135,-104.94045,5/25/2018 12:57,12:57,15,0,0,48TH AVENUE 4000 BLOCK EAST & COLORADO BOULEVARD NORTH,1,1,0,0,1,1,,0,30,0,0,0,0,0,2,2,7
,2018_38702,39.725455,-105.032456,7/26/2018 15:42,15:42,12,0,0,SIXTH AVENUE WEST & KNOX COURT NORTH,1,1,1,0,1,4,,0,65,0,0,0,0,0,2,4,13
,2018_38703,39.725455,-105.032456,12/12/2018 13:23,13:23,5,0,0,SIXTH AVENUE WEST & KNOX COURT NORTH,1,1,0,0,3,4,,0,55,0,0,0,0,0,2,1,3
,2018_38704,39.725415,-105.025258,10/27/2018 15:01,15:01,12,0,0,SIXTH AVENUE EASTBOUND OFF RAMP & FEDERAL BOULEVARD NORTH,1,1,0,0,1,8,,0,25,0,0,0,0,0,2,3,13
,2018_38705,39.725188,-105.018611,3/12/2018 14:47,14:47,12,0,0,I25 NORTHBOUND / SOUTHBOUND RAMP OFF & BRYANT STREET NORTH,1,1,1,0,1,8,,0,35,0,0,0,0,0,2,2,7
,2018_38791,39.627756,-104.903769,5/25/2018 18:27,18:27,12,0,0,I25 & MM 199,1,1,0,0,1,4,,0,60,0,0,0,0,0,1,3,4
,2018_38792,39.628541,-104.9042,5/11/2018 10:03,10:03,12,0,0,I25 & UNION AVENUE EAST,1,1,0,0,1,4,,0,65,0,0,0,0,0,1,2,3
,2018_38793,39.628541,-104.9042,9/7/2018 13:14,13:14,12,0,0,I25 & UNION AVENUE EAST,1,1,0,0,1,4,,0,65,0,0,0,0,0,1,2,13
,2018_38794,39.632192,-104.905941,9/27/2018 20:10,20:10,15,0,0,I25 & I225,1,3,0,0,1,4,,0,55,0,0,0,0,0,1,2,7
,2018_38795,39.637776,-104.909302,5/23/2018 6:41,6:41,12,0,0,I25 & BELLEVIEW AVENUE EAST,1,1,0,0,1,4,,0,35,0,0,0,0,0,1,2,3
,2018_38796,39.639186,-104.910225,6/6/2018 8:34,8:34,12,0,1,I25 SOUTHBOUND OFF RAMP LOOP EXIT GORE POINT & I225,1,1,1,0,1,8,,0,45,0,0,0,0,1,1,2,13
,2018_38797,39.667623,-104.925611,1/27/2018 13:36,13:36,15,0,0,I25 & YALE AVENUE EAST,1,1,0,0,1,4,,0,60,0,0,0,0,0,1,3,7
,2018_38798,39.667623,-104.925611,3/15/2018 10:04,10:04,15,0,1,I25 & YALE AVENUE EAST,1,1,0,0,1,4,,0,65,0,0,0,0,1,1,2,3
,2018_38799,39.667623,-104.925611,4/1/2018 4:26,4:26,12,0,0,I25 & YALE AVENUE EAST,1,3,0,0,1,4,,0,65,0,0,0,0,0,1,2,13
,2018_38800,39.667623,-104.925611,7/23/2018 8:22,8:22,12,0,0,I25 & YALE AVENUE EAST,1,1,0,0,1,4,,0,65,0,0,0,0,0,1,2,3
,2018_38802,39.667623,-104.925611,5/24/2018 23:20,23:20,15,0,0,YALE AVENUE EAST & I25 SOUTHBOUND OFF RAMP,1,3,1,0,1,1,,0,35,0,0,0,0,0,1,2,13
,2018_38803,39.667623,-104.925611,11/5/2018 20:52,20:52,3,0,0,YALE AVENUE EAST & I25 NORTHBOUND RAMPS,1,3,0,0,1,1,,0,30,0,0,0,0,0,1,2,13
,2018_38805,39.668952,-104.926505,5/19/2018 23:15,23:15,12,0,1,I25 & YALE AVENUE EAST,1,3,0,0,1,4,,0,,0,0,0,0,1,1,2,13
,2018_38806,39.678367,-104.933559,2/16/2018 8:43,8:43,12,0,1,I25 & EVANS AVENUE EAST,1,1,0,0,1,4,,0,55,0,0,0,0,1,1,2,3
,2018_38807,39.780012,-104.959789,8/13/2018 7:20,7:20,15,0,0,I70 & YORK STREET NORTH,1,1,0,0,1,4,,0,65,0,0,0,0,0,1,2,13
,2018_38808,39.678476,-104.933654,2/15/2018 17:30,17:30,12,0,1,I25 NORTHBOUND ON RAMP & EVANS AVENUE EAST,2,4,0,1,1,8,,0,35,0,0,0,0,2,1,3,15
,2018_38809,39.679023,-104.93413,5/11/2018 20:20,20:20,15,0,0,I25 & EVANS AVENUE EAST,1,3,0,0,1,4,,0,55,0,0,0,0,0,1,2,13
,2018_38810,39.682905,-104.939724,3/15/2018 16:54,16:54,12,0,0,I25 & COLORADO BOULEVARD SOUTH,1,1,0,0,1,4,,0,60,0,0,0,0,0,1,2,13
,2018_38811,39.683094,-104.940452,5/11/2018 11:47,11:47,12,0,0,I25 & COLORADO BOULEVARD SOUTH,1,1,0,0,1,4,,0,55,0,0,0,0,0,1,2,13
,2018_38812,39.6849,-104.953384,2/10/2018 17:16,17:16,5,0,0,I25 NORTHBOUND EXIT GORE POINT & UNIVERSITY BOULEVARD SOUTH,6,1,0,2,3,4,,0,60,0,0,0,0,0,1,1,13
,2018_38814,39.684905,-104.954686,6/21/2018 8:42,8:42,12,0,0,I25 & MM 204.8,1,1,0,0,1,4,,0,55,0,0,0,0,0,1,2,10
,2018_38815,39.687715,-104.968753,4/18/2018 17:33,17:33,15,0,0,I25 & FRANKLIN STREET SOUTH,1,1,0,0,1,4,,0,55,0,0,0,0,0,1,2,13
,2018_38816,39.690115,-104.973561,9/25/2018 16:36,16:36,12,0,1,I25 & DOWNING STREET SOUTH,1,1,0,0,1,4,,0,60,0,0,0,0,1,1,2,1
,2018_38817,39.697504,-104.982761,11/20/2018 15:17,15:17,12,0,1,I25 & LOGAN STREET SOUTH,1,1,1,0,1,4,,0,60,0,0,0,0,1,1,3,3
,2018_38818,39.70157,-104.987575,1/5/2018 15:25,15:25,12,0,0,I25 SOUTHBOUND OFF RAMP & BROADWAY SOUTH,1,1,0,0,1,8,,0,45,0,0,0,0,0,1,2,1
,2018_38819,39.710147,-104.998269,7/11/2018 17:41,17:41,12,0,2,I25 & ALAMEDA AVENUE WEST,1,1,1,0,1,4,,0,55,0,0,0,0,2,1,2,14
,2018_38820,39.725281,-105.012899,8/20/2018 17:04,17:04,12,0,0,I25 & SIXTH AVENUE WEST,1,1,0,0,1,4,,0,55,0,0,0,0,0,1,2,3
,2018_38821,39.711525,-104.999094,1/17/2018 16:56,16:56,12,0,0,I25 & ALAMEDA AVENUE WEST,1,2,0,0,1,4,,0,55,0,0,0,0,0,1,3,1
,2018_38823,39.711525,-104.999094,9/12/2018 7:10,7:10,12,0,0,I25 & ALAMEDA AVENUE WEST,1,1,0,0,1,4,,0,55,0,0,0,0,0,1,2,3
,2018_38824,39.711525,-104.999094,12/7/2018 6:46,6:46,15,0,0,I25 & ALAMEDA AVENUE WEST,1,1,0,0,1,4,,0,55,0,0,0,0,0,1,3,13
,2018_38825,39.712765,-104.999836,12/17/2018 0:37,0:37,5,0,1,I25 & ALAMEDA AVENUE WEST,1,3,0,0,2,4,,0,65,0,0,0,0,2,1,1,2
,2018_38826,39.717417,-105.003831,7/14/2018 16:40,16:40,15,0,0,I25 & SIXTH AVENUE WEST,1,1,0,0,1,4,,0,55,0,0,0,0,0,1,2,13
,2018_38827,39.717712,-105.004262,11/15/2018 5:57,5:57,15,0,0,I25 & ALAMEDA AVENUE WEST,1,1,0,0,1,4,,0,55,0,0,0,0,0,1,2,13
,2018_38828,39.719489,-105.006499,12/26/2018 16:28,16:28,12,0,0,I25 & SANTA FE DRIVE SOUTH,1,1,0,0,1,4,,0,55,0,0,0,0,0,1,2,13
,2018_38829,39.721239,-105.008403,3/12/2018 12:38,12:38,12,0,0,I25 SOUTHBOUND ENTRANCE GORE POINT & SIXTH AVENUE WEST,1,1,0,0,1,4,,0,65,0,0,0,0,0,1,2,7
,2018_38830,39.721677,-105.008879,7/23/2018 0:17,0:17,5,0,0,I25 SOUTHBOUND ENTRANCE GORE POINT & SIXTH AVENUE WEST,2,3,1,0,3,4,,1,65,0,0,0,0,0,1,1,5
,2018_38831,39.724932,-105.012646,1/18/2018 15:45,15:45,15,0,0,I25 SB/NB ON RAMP SPLIT GORE POINT & SIXTH AVENUE WEST,1,1,0,0,1,8,,0,65,0,0,0,0,0,1,2,13
,2018_38832,39.725165,-105.012815,5/21/2018 12:00,12:00,15,0,0,I25 & SIXTH AVENUE WEST,1,1,0,0,1,4,,0,50,0,0,0,0,0,1,2,13
,2018_38833,39.725165,-105.012815,9/12/2018 14:00,14:00,12,0,0,I25 SOUTHBOUND ON RAMP & SIXTH AVENUE WEST,1,1,1,0,1,8,,0,55,0,0,0,0,0,1,2,1
,2018_38834,39.725281,-105.012899,6/11/2018 15:35,15:35,12,0,0,I25 & SIXTH AVENUE WEST,1,1,1,0,1,4,,0,55,0,0,0,0,0,1,2,13
,2018_38835,39.725281,-105.012899,11/9/2018 11:41,11:41,15,0,0,I25 & SIXTH AVENUE WEST,1,1,0,0,1,4,,0,55,0,0,0,0,0,1,2,5
,2018_38836,39.729265,-105.014796,3/13/2018 12:30,12:30,12,0,0,I25 & EIGHTH AVENUE WEST,1,1,0,0,1,4,,0,65,0,0,0,0,0,1,2,1
,2018_38837,39.729265,-105.014796,7/10/2018 14:28,14:28,12,0,0,I25 & EIGHTH AVENUE WEST,1,1,1,0,1,4,,0,55,0,0,0,0,0,1,2,12
,2018_38838,39.729573,-105.014907,7/19/2018 17:59,17:59,12,0,1,I25 & EIGHTH AVENUE WEST,1,1,0,0,1,4,,0,55,0,0,0,0,1,1,3,7
,2018_38839,39.730187,-105.015128,5/2/2018 12:52,12:52,15,0,0,I25 NORTHBOUND ON RAMP ENTRANCE GORE POINT & SIXTH AVENUE WEST,1,1,0,0,1,8,,0,55,0,0,0,0,0,1,2,13
,2018_38840,39.730476,-105.015227,12/8/2018 9:50,9:50,12,0,0,I25 & SIXTH AVENUE WEST,1,1,0,0,1,4,,0,65,0,0,0,0,0,1,2,7
,2018_38841,39.740257,-105.013939,9/19/2018 9:50,9:50,12,0,0,I25 & LOWER COLFAX AVENUE,1,1,1,0,1,4,,0,55,0,0,0,0,0,1,2,7
,2018_38842,39.740257,-105.013939,11/16/2018 17:21,17:21,12,0,0,I25 & COLFAX AVENUE WEST,1,2,0,0,1,4,,0,55,0,0,0,0,0,1,3,1
,2018_38844,39.740669,-105.013986,7/25/2018 15:03,15:03,15,0,0,I25 & COLFAX AVENUE WEST,1,1,0,0,1,4,,0,65,0,0,0,0,0,1,2,13
,2018_38845,39.751295,-105.016566,2/26/2018 13:26,13:26,12,0,0,I25 & 23RD AVENUE WEST,1,1,0,0,1,4,,0,65,0,0,0,0,0,1,2,13
,2018_38846,39.751295,-105.016566,11/27/2018 19:25,19:25,12,0,0,I25 & 23RD AVENUE WEST,1,1,0,0,1,4,,0,55,0,0,0,0,0,1,2,13
,2018_38847,39.751295,-105.016566,12/7/2018 19:14,19:14,3,0,0,23RD AVENUE WEST & I25 NORTHBOUND OFF RAMP,1,3,0,0,1,1,,0,35,0,0,0,0,0,1,2,13
,2018_38848,39.755024,-105.012885,4/15/2018 16:52,16:52,12,0,0,I25 & SPEER BOULEVARD NORTH,1,1,0,0,1,4,,0,55,0,0,0,0,0,1,2,13
,2018_38850,39.755118,-105.012754,4/15/2018 16:15,16:15,12,0,0,I25 & SPEER BOULEVARD,1,1,0,0,1,4,,0,55,0,0,0,0,0,1,2,13
,2018_38851,39.755118,-105.012754,5/1/2018 14:35,14:35,12,0,1,I25 & SPEER BOULEVARD NORTH,1,1,0,1,1,4,,0,55,0,0,0,0,1,1,2,13
,2018_38852,39.755118,-105.012754,1/10/2018 17:03,17:03,12,0,0,SPEER BOULEVARD NORTH & I25,2,3,0,1,1,4,,0,35,0,0,0,0,0,1,3,13
,2018_38853,39.757008,-105.010116,11/14/2018 10:18,10:18,15,0,0,I25 & 15TH STREET,1,1,0,0,1,4,,0,55,0,0,0,0,0,1,2,13
,2018_38854,39.760997,-105.004271,8/1/2018 15:41,15:41,12,0,0,I25 & 20TH STREET,1,1,0,0,1,4,,0,55,0,0,0,0,0,1,4,7
,2018_38855,39.760997,-105.004271,9/2/2018 1:43,1:43,15,0,1,I25 & 20TH STREET,1,3,0,0,1,4,,0,65,0,0,0,0,2,1,2,14
,2018_38856,39.760997,-105.004271,6/22/2018 16:27,16:27,12,0,0,20TH STREET & I25,1,1,0,0,1,1,,0,35,0,0,0,0,0,1,2,13
,2018_38857,39.761448,-105.003685,12/19/2018 18:14,18:14,12,0,0,I25 & 20TH STREET,1,4,0,0,1,4,,0,65,0,0,0,0,0,1,2,13
,2018_38858,39.763617,-105.001703,8/29/2018 10:24,10:24,12,0,0,I25 & 20TH STREET NORTHBOUND ON RAMP ENTRANCE GORE POINT,1,1,0,0,1,8,,0,65,0,0,0,0,0,1,2,13