id,drcog_id,latitude,longitude,crashtime,time,crashtype,numbkilled,numbinjurd,drcoglocat,rdconditin,lightngcon,roadcntgrd,weatherco,location,roaddescrp,schoolzone,constrzone,splimit,bikeinv,pedinv,sctrinv,motoinv,svrty,rdsystem,ttlvehcls,hcf
,2018_38859,39.767414,-104.996384,7/10/2018 5:46,5:46,12,0,0,I25 & PARK AVENUE WEST NORTHBOUND EXIT GORE APPROXIMATELY,1,1,0,0,1,4,,0,55,0,0,0,0,0,1,2,13
,2018_38860,39.711094,-105.029925,5/6/2018 22:50,22:50,14,0,0,ALAMEDA AVENUE WEST & IRVING STREET SOUTH,1,3,0,0,1,1,,0,,0,0,0,0,0,2,2,13
,2018_38861,39.767904,-104.995133,12/3/2018 18:11,18:11,12,0,0,I25 & PARK AVENUE WEST,1,3,0,0,1,4,,0,55,0,0,0,0,0,1,2,3
,2018_38862,39.767974,-104.994954,10/13/2018 19:01,19:01,12,0,0,I25 & 38TH AVENUE WEST,1,3,0,0,1,4,,0,55,0,0,0,0,0,1,2,13
,2018_38864,39.768049,-104.994761,2/5/2018 16:02,16:02,12,0,0,I25 & 38TH AVENUE WEST,1,1,0,0,1,4,,0,55,0,0,0,0,0,1,2,13
,2018_38865,39.768049,-104.994761,8/30/2018 12:52,12:52,12,0,0,I25 & PARK AVENUE WEST,1,1,0,0,1,4,,0,55,0,0,0,0,0,1,2,4
,2018_38866,39.768522,-104.993732,10/31/2018 23:58,23:58,8,0,0,I25 SOUTHBOUND OFF RAMP & FOX STREET NORTH,1,3,0,0,1,1,,0,45,0,0,0,0,0,1,2,9
,2018_38867,39.7757,-104.989222,5/24/2018 8:10,8:10,12,0,0,I25 & I70,1,1,0,0,1,4,,0,55,0,0,0,0,0,1,2,13
,2018_38868,39.777918,-104.989186,8/1/2018 9:42,9:42,12,0,0,I25 NORTHBOUND RAMP OFF END & I70 EASTBOUND ON RAMP BEGIN,1,1,0,0,1,8,,0,55,0,0,0,0,0,1,2,14
,2018_38869,39.779391,-104.989164,6/9/2018 23:10,23:10,15,0,0,I25 & I70,1,3,0,0,1,4,,0,55,0,0,0,0,0,1,2,7
,2018_38870,39.779391,-104.989164,9/25/2018 9:43,9:43,15,0,1,I25 & I70,1,1,0,0,1,4,,0,55,0,0,0,0,1,1,3,14
,2018_38871,39.783855,-104.989142,3/2/2018 8:05,8:05,12,0,0,I25 & 48TH AVENUE WEST,1,1,0,0,1,4,,0,55,0,0,0,0,0,1,3,13
,2018_38872,39.783999,-104.989141,2/21/2018 16:07,16:07,12,0,0,I25 & 48TH AVENUE WEST,1,1,1,0,1,4,,0,55,0,0,0,0,0,1,3,13
,2018_38918,39.653084,-104.91283,11/6/2018 14:20,14:20,12,0,0,HAMPDEN AVENUE EAST & MONACO STREET SOUTH,1,1,0,0,1,3,,0,30,0,0,0,0,0,2,2,13
,2018_38919,39.660018,-104.866322,5/18/2018 14:06,14:06,3,0,0,DARTMOUTH AVENUE EAST & HAVANA STREET SOUTH,1,1,0,0,1,1,,0,40,0,0,0,0,0,2,3,13
,2018_38920,39.660018,-104.866322,5/18/2018 14:06,14:06,3,0,0,DARTMOUTH AVENUE EAST & HAVANA STREET SOUTH,1,1,0,0,1,1,,0,40,0,0,0,0,0,2,3,13
,2018_38921,39.665315,-104.866191,11/14/2018 7:52,7:52,12,0,0,HAVANA STREET SOUTH & YALE AVENUE EAST,1,1,1,0,1,4,,0,35,0,0,0,0,0,2,2,1
,2018_38971,39.740333,-105.043992,7/22/2018 23:15,23:15,12,0,0,COLFAX AVENUE WEST & TENNYSON STREET NORTH,2,3,0,1,1,4,,0,35,0,0,0,0,0,2,3,13
,2018_38972,39.740333,-105.043992,10/19/2018 15:49,15:49,12,0,1,COLFAX AVENUE WEST & TENNYSON STREET NORTH,1,1,0,0,1,4,,0,35,0,0,0,0,2,2,3,13
,2018_38973,39.740334,-105.043617,4/17/2018 18:05,18:05,15,0,0,COLFAX AVENUE WEST & TENNYSON STREET NORTH,1,1,0,0,1,4,,0,35,0,0,0,0,0,2,2,13
,2018_38974,39.740344,-105.029902,8/22/2018 13:20,13:20,12,0,0,COLFAX AVENUE WEST & IRVING STREET NORTH,1,1,0,0,1,1,,0,,0,0,0,0,0,2,2,13
,2018_38975,39.740345,-105.015536,4/30/2018 14:57,14:57,3,0,2,COLFAX AVENUE WEST & I25 SOUTHBOUND OFF RAMP,1,1,1,0,1,1,,0,40,0,0,0,0,1,2,2,13
,2018_38976,39.740345,-105.015536,11/2/2018 21:17,21:17,5,0,1,COLFAX AVENUE WEST & I25 SOUTHBOUND OFF RAMP,1,3,0,0,4,1,,0,35,0,0,0,0,1,2,1,5
,2018_38977,39.740048,-104.999933,12/24/2018 8:00,8:00,3,0,2,COLFAX AVENUE WEST & KALAMATH STREET NORTH,1,1,0,0,1,1,,0,35,0,0,0,0,1,2,2,14
,2018_38978,39.740038,-104.997854,5/10/2018 12:31,12:31,12,0,0,COLFAX AVENUE WEST & SPEER BOULEVARD NORTH,1,1,0,0,1,4,,0,30,0,0,0,0,0,2,3,14
,2018_38979,39.740034,-104.997022,9/4/2018 10:00,10:00,15,0,0,COLFAX AVENUE 700 BLOCK WEST & WELTON STREET,1,1,0,0,1,4,,0,30,0,0,0,0,0,2,2,13
,2018_38980,39.739999,-104.990369,8/22/2018 17:45,17:45,15,0,0,COLFAX AVENUE WEST & BANNOCK STREET NORTH,1,1,0,0,1,1,,0,30,0,0,0,0,0,2,2,13
,2018_38981,39.740509,-104.989039,12/2/2018 1:57,1:57,5,0,0,COLFAX AVENUE WEST & BANNOCK STREET NORTH,1,3,0,0,3,1,,0,30,0,0,0,0,0,2,1,13
,2018_38982,39.740005,-104.987167,5/4/2018 14:50,14:50,1,0,0,COLFAX AVENUE EAST & BROADWAY STREET NORTH,1,1,0,0,1,1,,0,,0,0,0,0,0,2,3,13
,2018_38983,39.740049,-104.986167,5/24/2018 15:49,15:49,15,0,0,COLFAX AVENUE EAST & LINCOLN STREET NORTH,1,1,1,0,1,3,,0,30,0,0,0,0,0,2,2,8
,2018_38984,39.740052,-104.98504,2/14/2018 16:39,16:39,15,0,0,COLFAX AVENUE EAST & SHERMAN STREET NORTH,1,1,1,0,1,4,,0,,0,0,0,0,0,2,2,13
,2018_38985,39.740041,-104.983728,4/27/2018 12:09,12:09,15,0,0,COLFAX AVENUE EAST & GRANT STREET NORTH,1,1,0,0,1,1,,0,25,0,0,0,0,0,2,2,14
,2018_38986,39.740028,-104.982228,4/19/2018 13:53,13:53,3,0,0,COLFAX AVENUE EAST & LOGAN STREET,1,1,0,0,1,1,,0,25,0,0,0,0,0,2,2,13
,2018_38987,39.740007,-104.973614,5/3/2018 10:27,10:27,12,0,1,COLFAX AVENUE EAST & DOWNING STREET NORTH,2,1,0,1,1,4,,0,30,0,0,0,0,1,2,3,13
,2018_38988,39.740009,-104.972116,1/3/2018 14:39,14:39,12,0,0,COLFAX AVENUE EAST & MARION STREET NORTH,1,1,0,0,1,3,,0,30,0,0,0,0,0,2,2,8
,2018_38989,39.74001,-104.971554,5/21/2018 9:30,9:30,15,0,0,COLFAX AVENUE 1300 BLOCK EAST & MARION STREET NORTH,1,1,0,0,1,4,,0,30,0,0,0,0,0,2,2,13
,2018_38990,39.740001,-104.966857,10/24/2018 1:15,1:15,6,0,0,COLFAX AVENUE EAST 1700 BLOCK & GILPIN STREET NORTH,1,3,0,0,1,4,,0,35,0,0,0,0,0,2,3,5
,2018_38991,39.74,-104.966668,9/22/2018 3:55,3:55,5,0,0,COLFAX AVENUE 1700 BLOCK EAST & WILLIAMS STREET NORTH,1,3,0,0,3,4,,0,30,0,0,0,0,0,2,2,2
,2018_38992,39.74,-104.96648,9/27/2018 7:43,7:43,6,0,0,COLFAX AVENUE 1717 EAST & GILPIN STN,1,1,0,0,1,4,,0,30,0,0,0,0,0,2,2,13
,2018_38993,39.739981,-104.962522,9/25/2018 17:15,17:15,15,0,0,COLFAX AVENUE 2000 BLOCK EAST & RACE STREET NORTH,1,1,0,0,1,4,,0,30,0,0,0,0,0,2,2,13
,2018_38994,39.740141,-104.944097,2/20/2018 21:20,21:20,6,0,0,COLFAX AVENUE EAST & GARFIELD STREET NORTH,4,3,0,0,1,1,,0,30,0,0,0,0,0,2,2,13
,2018_38995,39.740061,-104.939247,5/9/2018 8:50,8:50,12,0,0,COLFAX AVENUE 4100 EAST & ALBION STREET NORTH,1,1,0,0,1,4,,0,35,0,0,0,0,0,2,2,3
,2018_38996,39.74008,-104.920635,5/18/2018 15:22,15:22,3,0,0,IVY STREET  & COLFAX AVENUE EAST,1,1,0,0,1,1,,0,35,0,0,0,0,0,2,2,13
,2018_38997,39.740082,-104.912743,5/31/2018 11:55,11:55,3,0,0,MONACO STREET NORTH & COLFAX AVENUE EAST,1,1,0,0,1,1,,0,35,0,0,0,0,0,2,2,7
,2018_38998,39.740082,-104.912367,4/28/2018 2:35,2:35,12,0,1,COLFAX 6400 BLOCK EAST & MONACO STREET PARKWAY NORTH,1,3,0,0,1,4,,0,35,0,0,0,0,1,2,2,5
,2018_39045,39.783566,-105.05323,9/28/2018 11:22,11:22,15,0,0,I70 & SHERIDAN BOULEVARD,1,1,0,0,1,4,,0,35,0,0,0,0,0,1,2,14
,2018_39046,39.783526,-105.043893,6/10/2018 13:27,13:27,15,0,0,I70 & TENNYSON STREET NORTH,1,1,1,0,1,4,,0,55,0,0,0,0,0,1,2,7
,2018_39047,39.783472,-105.040139,6/12/2018 15:00,15:00,15,0,0,I70 & TENNYSON STREET NORTH,1,1,1,0,1,4,,0,65,0,0,0,0,0,1,2,13
,2018_39049,39.783498,-105.012241,12/30/2018 23:57,23:57,15,0,1,I70 WB ENTRANCE GORE & PECOS STREET NORTH ON RAMP,1,3,1,0,1,4,,0,55,0,0,0,0,1,1,2,1
,2018_39050,39.783251,-105.008056,10/18/2018 18:24,18:24,12,0,0,I70 & PECOS STREET NORTH,1,4,0,0,1,4,,0,55,0,0,0,0,0,1,3,7
,2018_39051,39.783149,-105.006371,9/6/2018 6:33,6:33,12,0,1,I70 & PECOS STREET NORTH,1,1,0,0,1,4,,0,65,0,0,0,0,1,1,5,13
,2018_39052,39.783149,-105.006371,10/5/2018 8:32,8:32,12,0,0,I70 & PECOS STREET NORTH,1,1,0,0,1,4,,0,65,0,0,0,0,0,1,2,7
,2018_39053,39.782322,-104.998111,7/19/2018 10:04,10:04,12,0,0,I70 & MM 273.5,1,1,0,0,1,4,,0,55,0,0,0,0,0,1,3,4
,2018_39054,39.780058,-104.9894,6/25/2018 11:53,11:53,12,0,4,I70 & I25,1,1,1,0,1,4,,0,55,0,0,0,0,1,1,2,13
,2018_39055,39.780058,-104.9894,9/28/2018 18:49,18:49,12,0,0,I70 & I25,1,3,0,0,1,4,,0,55,0,0,0,0,0,1,2,3
,2018_39056,39.779937,-104.988665,1/30/2018 9:23,9:23,15,0,0,I70 WB RAMP SPLIT & I25 SOUTHBOUND,1,1,0,0,1,8,,0,55,0,0,0,0,0,1,2,13
,2018_39057,39.779441,-104.979019,3/25/2018 2:04,2:04,5,0,0,I70 & WASHINGTON STREET,1,3,1,0,2,4,,0,65,0,0,0,0,0,1,1,2
,2018_39058,39.779441,-104.979019,7/28/2018 11:57,11:57,1,0,0,WASHINGTON STREET NORTH & I70 EASTBOUND RAMPS,1,1,0,0,1,1,,0,35,0,0,0,0,0,1,2,13
,2018_39059,39.779914,-104.966704,12/28/2018 22:39,22:39,15,0,0,I70 & BRIGHTON BOULEVARD NORTH,1,3,0,0,1,4,,0,55,0,0,0,0,0,1,2,13
,2018_39060,39.779942,-104.966087,8/1/2018 0:52,0:52,12,0,1,I70 & BRIGHTON BOULEVARD NORTH,1,3,0,0,1,4,,0,65,0,0,0,0,1,1,2,13
,2018_39061,39.780013,-104.959012,2/13/2018 6:57,6:57,15,0,0,JOSEPHINE STREET NORTH & 46TH AVENUE EAST,1,2,0,0,1,1,,0,25,0,0,0,0,0,4,2,13
,2018_39062,39.779999,-104.949951,7/18/2018 17:26,17:26,12,0,1,I70 & STEELE STREET NORTH,1,1,0,0,1,4,,0,55,0,0,0,0,1,1,2,1
,2018_39063,39.779957,-104.942728,12/22/2018 12:50,12:50,12,0,0,I70 & COLORADO BOULEVARD NORTH,1,1,0,0,1,4,,0,55,0,0,0,0,0,1,3,3
,2018_39064,39.779944,-104.940603,2/6/2018 17:11,17:11,12,0,0,I70 & COLORADO BOULEVARD NORTH,1,3,0,0,1,4,,0,65,0,0,0,0,0,1,2,13
,2018_39065,39.779946,-104.94044,10/4/2018 17:00,17:00,12,0,0,I70 & COLORADO BOULEVARD NORTH,1,1,1,0,1,4,,0,55,0,0,0,0,0,1,2,14
,2018_39066,39.779949,-104.94024,8/1/2018 8:57,8:57,15,0,0,I70 WB LOOP ENTRANCE GORE POINT & COLORADO BOULEVARD NORTH,1,1,0,0,1,8,,0,55,0,0,0,0,0,1,2,13
,2018_39067,39.779241,-104.927354,8/24/2018 16:22,16:22,12,0,0,I70 & FOREST NORTH,1,1,0,0,1,4,,0,55,0,0,0,0,0,1,2,13
,2018_39068,39.778341,-104.92238,6/20/2018 14:12,14:12,12,0,0,I70 & HOLLY STREET NORTH,1,1,0,0,1,4,,0,55,0,0,0,0,0,1,3,12
,2018_39069,39.778341,-104.92238,8/5/2018 12:45,12:45,12,0,1,I70 & HOLLY STREET NORTH,1,1,0,0,1,4,,0,55,0,0,0,0,2,1,2,5
,2018_39070,39.778286,-104.91694,5/24/2018 17:15,17:15,12,0,0,I70 & HOLLY STREET NORTH,1,1,0,0,1,4,,0,55,0,0,0,0,0,1,2,1
,2018_39071,39.778287,-104.915664,9/18/2018 7:51,7:51,15,0,0,I70 & LEYDEN STREET NORTH,1,1,0,0,1,4,,0,55,0,0,0,0,0,1,3,13
,2018_39072,39.778293,-104.906917,6/5/2018 10:45,10:45,15,0,0,I70 WB ON RAMP & QUEBEC STREET EXIT 277,1,1,0,0,1,8,,0,55,0,0,0,0,0,1,2,13
,2018_39073,39.778295,-104.903636,7/13/2018 18:00,18:00,12,0,0,I70 & QUEBEC STREET NORTH,1,1,0,0,1,4,,0,65,0,0,0,0,0,1,3,13
,2018_39074,39.778295,-104.903454,7/21/2018 3:18,3:18,15,0,1,I70 & QUEBEC STREET NORTH,1,3,0,0,1,4,,0,55,0,0,0,0,2,1,2,5
,2018_39075,39.778295,-104.903454,11/14/2018 18:45,18:45,12,0,0,I70 & NORTHFIELD NORTH QUEBEC STREET,1,3,1,0,1,4,,0,55,0,0,0,0,0,1,2,13
,2018_39076,39.778295,-104.903089,7/24/2018 18:38,18:38,15,0,0,I70 & QUEBEC STREET NORTH,1,1,0,0,1,4,,0,55,0,0,0,0,0,1,2,3
,2018_39077,39.778296,-104.902361,3/29/2018 8:35,8:35,15,0,0,I70 EASTBOUND ON RAMP & NORTHFIELD QUEBEC NORTH,1,1,0,0,1,8,,0,55,0,0,0,0,0,1,2,13
,2018_39078,39.777174,-104.88333,5/12/2018 9:55,9:55,12,0,0,CENTRAL PARK BOULEVARD NORTH & I70,1,1,0,0,1,1,,0,35,0,0,0,0,0,1,2,13
,2018_39079,39.777139,-104.882953,2/20/2018 16:20,16:20,12,0,0,I70 & CENTRAL PARK BOULEVARD INTCH,2,1,0,0,1,4,,0,55,0,0,0,0,0,1,2,13
,2018_39080,39.777139,-104.882953,11/11/2018 17:20,17:20,12,0,0,CENTRAL PARK NORTH & I70,5,3,0,2,1,4,,0,40,0,0,0,0,0,1,2,13
,2018_39081,39.775732,-104.866943,10/1/2018 12:33,12:33,12,0,0,I70 & HAVANA STREET NORTH,1,1,0,0,1,4,,0,55,0,0,0,0,0,1,2,13
,2018_39082,39.775573,-104.865095,1/19/2018 22:49,22:49,15,0,0,I70 & HAVANA STREET NORTH,1,3,0,0,1,4,,0,55,0,0,0,0,0,1,2,1
,2018_39083,39.775573,-104.865095,6/20/2018 23:26,23:26,15,0,1,I70 & HAVANA STREET NORTH,1,3,0,0,1,4,,0,55,0,0,0,0,1,1,2,7
,2018_39084,39.775573,-104.865095,9/26/2018 14:06,14:06,12,0,0,I70 & HAVANA STREET NORTH,1,1,0,0,1,4,,0,65,0,0,0,0,0,1,3,13
,2018_39085,39.774461,-104.852154,7/4/2018 20:30,20:30,12,0,1,I70 WB ON RAMP ENTRANCE GORE POINT FROM & PEORIA STREET NORTH,1,2,0,0,1,8,,0,55,0,0,0,0,1,1,2,3
,2018_39086,39.77419,-104.849011,7/11/2018 18:14,18:14,12,0,0,I70 EASTBOUND & PEORIA STREET NORTH,1,1,0,0,1,4,,0,55,0,0,0,0,0,1,2,13
,2018_39087,39.773999,-104.846793,6/28/2018 9:30,9:30,12,0,0,I70 & PEORIA STREET NORTH INTCH,1,1,0,0,1,4,,0,65,0,0,0,0,0,1,2,13
,2018_39088,39.773999,-104.846793,1/22/2018 13:00,13:00,12,0,0,I70 HIGHWAY EASTBOUND OFF RAMP & PEORIA STREET NORTH,2,1,1,0,1,1,,0,45,0,0,0,0,0,1,2,7
,2018_39089,39.773999,-104.846793,11/13/2018 7:42,7:42,12,0,0,I70 EASTBOUND OFF RAMP & PEORIA STREET NORTH,1,1,0,0,1,3,,0,40,0,0,0,0,0,1,2,1
,2018_39151,39.674643,-104.870577,6/29/2018 15:58,15:58,12,0,0,PARKER ROAD SOUTH & ILIFF AVENUE EAST,1,1,0,0,1,3,,0,35,0,0,0,0,0,2,3,1
,2018_39152,39.67476,-104.870723,3/29/2018 21:33,21:33,12,0,0,PARKER ROAD SOUTH & ILIFF AVENUE EAST,2,3,0,0,1,1,,0,35,0,0,0,0,0,2,2,14
,2018_39157,39.653541,-104.868354,12/7/2018 14:39,14:39,14,0,0,HAMPDEN AVENUE & GALENA STREET SOUTH,1,1,0,0,1,1,,0,45,0,0,0,0,0,2,2,1
,2018_39158,39.700386,-104.908596,5/19/2018 13:29,13:29,12,0,1,LEETSDALE DRIVE & ONEIDA STREET SOUTH,2,1,1,1,1,4,,0,35,0,0,0,0,2,2,2,13
,2018_39159,39.704262,-104.915367,9/21/2018 15:02,15:02,14,0,0,LEETSDALE DRIVE & 6300 BLOCK,1,1,0,0,1,4,,0,35,0,0,0,0,0,2,2,13
,2018_39160,39.706694,-104.920077,7/12/2018 10:54,10:54,1,0,0,LEETSDALE DRIVE & JERSEY STREET SOUTH / 5800 BLOCK,1,1,1,0,1,2,,0,35,0,0,0,0,0,2,2,13
,2018_39161,39.707328,-104.922192,4/9/2018 5:30,5:30,12,0,0,LEETSDALE DRIVE & HOLLY STREET / 5600 BLOCK,3,3,0,1,1,1,,0,35,0,0,0,0,0,2,2,14
,2018_39164,39.7112,-104.936323,11/13/2018 23:15,23:15,15,0,0,ALAMEDA AVENUE EAST & LEETSDALE DRIVE,1,3,0,0,1,4,,0,35,0,0,0,0,0,2,2,4
,2018_39165,39.715124,-104.940627,12/18/2018 11:17,11:17,12,0,0,LEETSDALE DRIVE & COLORADO BOULEVARD SOUTH,1,1,1,0,1,1,,0,35,0,0,0,0,0,2,2,13
,2018_39185,39.696679,-104.991877,2/19/2018 3:28,3:28,15,0,0,SANTA FE DRIVE SOUTH & MISSISSIPPI AVENUE WEST,2,3,0,2,1,1,,0,45,0,0,0,0,0,2,2,13
,2018_39192,39.670952,-104.995095,8/31/2018 16:30,16:30,12,0,0,SANTA FE DRIVE SOUTH & HARVARD AVENUE WEST,1,1,0,0,1,1,,0,55,0,0,0,0,0,2,2,13
,2018_39193,39.687062,-104.991947,6/1/2018 9:47,9:47,12,0,0,SANTA FE DRIVE SOUTH & IOWA AVENUE WEST,1,1,0,0,1,3,,0,45,0,0,0,0,0,2,2,13
,2018_39194,39.687313,-104.991943,8/3/2018 15:10,15:10,15,0,1,SANTA FE DRIVE SOUTH & IOWA AVENUE WEST,2,1,0,1,1,4,,0,55,0,0,0,1,1,2,2,13
,2018_39195,39.687691,-104.991938,1/1/2018 2:54,2:54,5,0,0,SANTA FE DRIVE SOUTH & IOWA AVENUE WEST,1,3,0,0,3,4,,0,45,0,0,0,0,0,2,1,1
,2018_39196,39.687943,-104.991934,3/9/2018 16:50,16:50,15,0,1,SANTA FE DRIVE SOUTH & IOWA AVENUE WEST / 1500 BLOCK SOUTH,1,1,0,0,1,4,,0,55,0,0,0,0,1,2,2,13
,2018_39197,39.689339,-104.992036,8/19/2018 13:00,13:00,12,0,0,SANTA FE DRIVE SOUTH & FLORIDA AVENUE WEST / 1500 BLOCK SOUTH,1,1,0,0,1,4,,0,55,0,0,0,0,0,2,2,13
,2018_39198,39.689481,-104.99207,10/10/2018 14:51,14:51,15,0,0,SANTA FE DRIVE SOUTH & FLORIDA AVENUE WEST,1,1,0,0,1,1,,0,45,0,0,0,0,0,2,2,13
,2018_39199,39.696679,-104.991877,7/4/2018 19:04,19:04,3,0,0,SANTA FE DRIVE SOUTH & MISSISSIPPI AVENUE WEST,1,1,0,0,1,1,,0,45,0,0,0,0,0,2,2,13
,2018_39200,39.696679,-104.991877,9/25/2018 7:41,7:41,1,0,1,SANTA FE DRIVE SOUTH & MISSISSIPPI AVENUE WEST,1,1,0,0,1,1,,0,35,0,0,0,0,1,2,2,13
,2018_39201,39.697414,-104.991763,9/20/2018 23:22,23:22,12,0,0,MISSISSIPPI AVENUE WEST & SANTE FE DRIVE SOUTH,1,3,0,0,1,4,,0,45,0,0,0,0,0,2,2,5
,2018_39203,39.7062,-104.996833,12/20/2018 8:45,8:45,12,0,1,SANTA FE DRIVE SOUTH  & I25 SOUTHBOUND ON RAMP,1,1,0,0,1,1,,0,35,0,0,0,0,1,2,2,13
,2018_39209,39.725719,-105.025126,6/8/2018 13:32,13:32,12,0,1,SIXTH AVENUE WB OFF RAMP & FEDERAL BOULEVARD NORTH,1,1,1,0,1,1,,0,35,0,0,0,0,1,2,2,13
,2018_39210,39.725357,-105.025125,11/3/2018 11:30,11:30,15,0,0,FEDERAL BOULEVARD NORTH & SIXTH AVENUE WB OFF RAMP,1,1,1,0,1,1,,0,35,0,0,0,0,0,2,2,7
,2018_39211,39.725237,-105.025125,5/22/2018 8:13,8:13,3,0,1,FEDERAL BOULEVARD 600 BLOCK NORTH & SIXTH AVENUE WB OFF RAM,1,1,0,0,1,1,,0,35,0,0,0,0,2,2,2,13
,2018_39213,39.724876,-105.025125,6/7/2018 16:08,16:08,12,0,0,FEDERAL BOULEVARD NORTH & SIXTH AVENUE WEST,1,1,0,0,1,1,,0,30,0,0,0,0,0,2,3,14
,2018_39214,39.724876,-105.025125,9/24/2018 17:12,17:12,1,0,0,FEDERAL BOULEVARD NORTH & SIXTH AVENUE WEST,1,1,1,0,1,1,,0,35,0,0,0,0,0,2,2,13
,2018_39215,39.724876,-105.025125,12/30/2018 12:40,12:40,12,0,0,FEDERAL BOULEVARD NORTH & SIXTH AVENUE WEST INTCH,1,1,0,0,1,1,,0,35,0,0,0,0,0,2,2,7
,2018_39216,39.719287,-105.025167,6/29/2018 7:54,7:54,12,0,0,FEDERAL BOULEVARD NORTH & PARK PLACE WEST,1,1,0,0,1,1,,0,40,0,0,0,0,0,2,2,1
,2018_39217,39.71825,-105.025151,9/21/2018 15:13,15:13,12,0,0,FEDERAL BOULEVARD 100 BLOCK NORTH & FIRST AVENUE WEST,1,1,0,0,1,3,,0,35,0,0,0,0,0,2,2,13
,2018_39218,39.705748,-105.025086,4/30/2018 17:18,17:18,14,0,0,FEDERAL BOULEVARD SOUTH & CENTER AVENUE WEST,1,1,1,0,1,1,,0,40,0,0,0,0,0,2,2,14
,2018_39219,39.705459,-105.025087,8/1/2018 7:25,7:25,15,0,0,FEDERAL BOULEVARD 500 BLOCK SOUTH & CENTER AVENUE WEST,1,1,0,0,1,4,,0,35,0,0,0,0,0,2,2,3
,2018_39220,39.704737,-105.025088,4/6/2018 23:55,23:55,12,0,0,FEDERAL BOULEVARD 600 BLOCK SOUTH & GILL PLACE WEST,1,3,0,0,1,4,,0,40,0,0,0,0,0,2,3,1
,2018_39221,39.700406,-105.025085,8/29/2018 12:25,12:25,12,0,0,FEDERAL BOULEVARD 900 BLOCK SOUTH & KENTUCKY AVENUE EAST,1,1,0,0,1,3,,0,35,0,0,0,0,0,2,3,1
,2018_39222,39.698634,-105.025078,9/21/2018 13:31,13:31,15,0,0,FEDERAL BOULEVARD SOUTH & TENNESSEE AVENUE WEST,1,1,0,0,1,4,,0,40,0,0,0,0,0,2,2,1
,2018_39223,39.696718,-105.025071,1/17/2018 13:51,13:51,12,0,1,FEDERAL BOULEVARD 1000 BLOCK SOUTH & MISSISSIPPI AVENUE WEST,1,1,0,0,1,1,,0,40,0,0,0,0,1,2,2,13
,2018_39224,39.687578,-105.025036,8/2/2018 18:58,18:58,12,0,0,FEDERAL BOULEVARD SOUTH & IOWA AVENUE WEST,1,1,1,0,1,4,,0,40,0,0,0,0,0,2,3,13
,2018_39226,39.678484,-105.025036,4/23/2018 7:57,7:57,12,0,0,FEDERAL BOULEVARD 2100 BLOCK SOUTH & EVANS AVENUE WEST,1,1,0,0,1,4,,0,,0,0,0,0,0,2,2,13
,2018_39227,39.677901,-105.025039,8/30/2018 11:29,11:29,3,0,0,FEDERAL BOULEVARD SOUTH & EVANS AVENUE WEST,1,1,0,0,1,2,,0,35,0,0,0,0,0,2,2,13
,2018_39228,39.676736,-105.025046,10/15/2018 14:06,14:06,3,0,1,WARREN AVENUE WEST & FEDERAL BOULEVARD SOUTH,1,1,0,0,1,1,,0,25,0,0,0,0,2,2,2,13
,2018_39229,39.675279,-105.025053,2/28/2018 14:19,14:19,12,0,0,FEDERAL BOULEVARD SOUTH & ILIFF AVENUE WEST,1,1,1,0,1,3,,0,40,0,0,0,0,0,2,2,3
,2018_39230,39.666909,-105.025131,4/30/2018 7:14,7:14,1,0,1,FEDERAL BOULEVARD SOUTH & YALE AVENUE WEST,1,1,0,0,1,1,,0,35,0,0,0,0,2,2,3,13
,2018_39232,39.665444,-105.025139,7/2/2018 18:29,18:29,1,0,6,FEDERAL BOULEVARD SOUTH & AMHERST AVENUE WEST,1,1,1,0,1,1,,0,35,0,0,0,0,2,2,3,13
,2018_39233,39.660488,-105.025192,3/30/2018 16:04,16:04,3,0,0,FEDERAL BOULEVARD SOUTH & DARTMOUTH AVENUE WEST,1,1,0,0,1,1,,0,30,0,0,0,0,0,2,2,7
,2018_39263,39.78401,-105.053277,11/20/2018 8:28,8:28,12,0,0,48TH AVENUE WEST & SHERIDAN BOULEVARD,1,1,1,0,1,1,,0,35,0,0,0,0,0,2,2,13
,2018_39281,39.667588,-105.081422,3/23/2018 12:26,12:26,15,0,0,WADSWORTH BOULEVARD SOUTH & YALE AVENUE WEST,1,1,1,0,1,3,,0,40,0,0,0,0,0,2,2,8
,2018_39282,39.614603,-105.091146,7/24/2018 7:24,7:24,15,0,0,WADSWORTH BOULEVARD SOUTH & CROSS DRIVE WEST,1,1,0,0,1,3,,0,35,0,0,0,0,0,2,2,3
,2018_39334,39.782291,-104.900403,2/18/2018 3:47,3:47,5,0,1,I270 & NORTHFIELD STREET NORTH,1,3,1,0,2,4,,0,45,0,0,0,0,1,1,1,5
,2018_39356,39.630948,-104.905088,9/19/2018 18:45,18:45,12,0,0,I225 SOUTHBOUND OFF RAMP & I25 NORTHBOUND,2,4,0,0,1,8,,0,65,0,0,0,0,0,1,5,13
,2018_39357,39.633279,-104.903931,7/25/2018 18:21,18:21,12,0,0,I225 SOUTHBOUND OFF RAMP & I25 NORTHBOUND,1,1,0,0,1,8,,0,55,0,0,0,0,0,1,2,13
,2018_39358,39.634127,-104.902067,2/12/2018 8:48,8:48,15,0,0,I225 SOUTHBOUND OFF RAMP SPLIT & I25,1,1,0,0,1,4,,0,55,0,0,0,0,0,1,2,3
,2018_39359,39.635522,-104.893462,5/16/2018 9:39,9:39,15,0,1,I225 & TAMARAC DRIVE SOUTH,1,1,0,0,1,4,,0,65,0,0,0,0,1,1,2,13