id,drcog_id,latitude,longitude,crashtime,time,crashtype,numbkilled,numbinjurd,drcoglocat,rdconditin,lightngcon,roadcntgrd,weatherco,location,roaddescrp,schoolzone,constrzone,splimit,bikeinv,pedinv,sctrinv,motoinv,svrty,rdsystem,ttlvehcls,hcf
,2018_40496,39.723662,-105.011457,9/4/2018 11:54,11:54,12,0,0,I25 & SIXTH AVENUE WEST,1,1,0,0,1,4,,0,55,0,0,0,0,0,1,3,3
,2018_40497,39.725165,-105.012815,8/4/2018 9:05,9:05,12,0,0,I25 NORTHBOUND OFF RAMP & SIXTH AVENUE WEST,1,1,1,0,1,8,,0,45,0,0,0,0,0,1,2,13
,2018_40498,39.725281,-105.012899,7/30/2018 13:40,13:40,15,0,0,I25 & SIXTH AVENUE WEST,1,1,1,0,1,4,,0,55,0,0,0,0,0,1,2,13
,2018_40499,39.725281,-105.012899,8/23/2018 0:56,0:56,5,0,2,I25 & SIXTH AVENUE WEST,1,3,0,0,2,4,,0,65,0,0,0,0,2,1,1,3
,2018_40500,39.725281,-105.012899,10/2/2018 12:44,12:44,12,0,0,I25 & SIXTH AVENUE WEST,1,1,1,0,1,4,,0,55,0,0,0,0,0,1,2,1
,2018_40501,39.726138,-105.013495,1/13/2018 14:16,14:16,12,0,0,I25 NORTHBOUND EXIT GORE POINT & EIGHTH AVENUE WEST,1,1,0,0,1,4,,0,55,0,0,0,0,0,1,2,3
,2018_40502,39.729265,-105.014796,3/6/2018 5:40,5:40,5,0,0,I25 & EIGHTH AVENUE WEST,1,1,0,0,1,4,,0,55,0,0,0,0,0,1,2,13
,2018_40503,39.729265,-105.014796,11/1/2018 14:55,14:55,12,0,2,I25 & SIXTH AVENUE WEST,1,1,0,0,1,4,,0,55,0,0,0,0,1,1,2,13
,2018_40504,39.72988,-105.015018,10/1/2018 17:19,17:19,15,0,0,I25 & EIGHTH AVENUE WEST,1,2,0,0,1,4,,0,55,0,0,0,0,0,1,2,7
,2018_40505,39.742025,-105.014657,7/10/2018 21:47,21:47,5,0,0,I25 & AURARIA PARKWAY FLYOVER APPROXIMATELY,1,3,0,0,2,4,,0,55,0,0,0,0,0,1,1,8
,2018_40506,39.749114,-105.017504,3/26/2018 0:08,0:08,5,0,0,I25 SOUTHBOUND ON RAMP & 23RD AVENUE,1,3,1,0,3,8,,0,55,0,0,0,0,0,1,1,5
,2018_40507,39.749994,-105.017133,8/31/2018 22:51,22:51,12,0,0,I25 & 23RD AVENUE WEST,1,3,0,0,1,4,,0,65,0,0,0,0,0,1,2,13
,2018_40508,39.751295,-105.016566,2/14/2018 6:29,6:29,15,0,0,I25 & 23RD AVENUE WEST,1,1,0,0,1,4,,0,55,0,0,0,0,0,1,2,1
,2018_40509,39.751295,-105.016566,3/17/2018 13:58,13:58,12,0,0,I25 & 23RD AVENUE WEST,1,1,0,0,1,4,,0,55,0,0,0,0,0,1,2,13
,2018_40510,39.751295,-105.016566,3/27/2018 15:44,15:44,12,0,0,I25 & 23RD AVENUE WEST,1,1,1,0,1,4,,0,5,0,0,0,0,0,1,2,3
,2018_40511,39.755118,-105.012754,5/15/2018 17:25,17:25,12,0,0,I25 & SPEER BOULEVARD,1,1,0,0,1,4,,0,55,0,0,0,0,0,1,2,13
,2018_40512,39.755118,-105.012754,10/12/2018 7:30,7:30,12,0,1,I25 & SPEER BOULEVARD,1,1,0,0,1,4,,0,55,0,0,0,0,2,1,2,13
,2018_40513,39.757691,-105.009228,6/23/2018 17:26,17:26,12,0,1,I25 NORTHBOUND & SPEER BOULEVARD NORTHBOUND ENTRANCE GORE,1,1,0,0,1,4,,0,55,0,0,0,0,1,1,2,13
,2018_40514,39.759122,-105.007206,8/3/2018 2:25,2:25,5,0,0,I25 NORTHBOUND EXIT GORE POINT & 20TH STREET,1,3,0,0,3,4,,0,55,0,0,0,0,0,1,1,1
,2018_40515,39.760997,-105.004271,2/28/2018 14:20,14:20,12,0,1,I25 & 20TH STREET,1,1,0,0,1,4,,0,,0,0,0,0,2,1,3,13
,2018_40517,39.760997,-105.004271,3/7/2018 16:41,16:41,12,0,0,I25 & 20TH STREET INTCH,1,1,1,0,1,4,,0,55,0,0,0,0,0,1,2,13
,2018_40518,39.760997,-105.004271,3/20/2018 17:17,17:17,12,0,0,I25 & 20TH STREET,1,1,0,0,1,4,,0,55,0,0,0,0,0,1,3,1
,2018_40519,39.760997,-105.004271,3/30/2018 20:38,20:38,5,0,0,I25 & 20TH STREET,1,3,1,0,2,4,,0,55,0,0,0,0,0,1,1,7
,2018_40520,39.760997,-105.004271,12/14/2018 17:06,17:06,12,0,0,I25 & 20TH STREET,1,2,1,0,1,4,,0,65,0,0,0,0,0,1,2,13
,2018_40521,39.76111,-105.004124,11/17/2018 22:51,22:51,5,0,0,I25 NORTHBOUND ON RAMP & 20TH STREET,8,3,1,0,2,8,,0,20,0,0,0,0,0,1,2,5
,2018_40522,39.768049,-104.994761,1/24/2018 17:59,17:59,12,0,0,I25 & PARK AVENUE WEST,1,2,1,0,1,4,,0,55,0,0,0,0,0,1,2,13
,2018_40523,39.768049,-104.994761,9/20/2018 7:20,7:20,15,0,0,I25 & 38TH AVENUE,1,1,0,0,1,4,,0,55,0,0,0,0,0,1,2,13
,2018_40524,39.768124,-104.99459,3/10/2018 4:22,4:22,5,0,2,I25 NORTHBOUND ON RAMP & PARK AVENUE WEST,1,3,0,0,2,8,,0,45,0,0,0,0,2,1,1,5
,2018_40525,39.768522,-104.993732,4/18/2018 17:10,17:10,15,0,0,I25 SOUTHBOUND OFF RAMP & 38TH AVENUE WEST / FOX STREET,1,1,0,0,1,1,,0,25,0,0,0,0,0,1,2,8
,2018_40526,39.768599,-104.993581,2/24/2018 12:43,12:43,12,0,0,I25 & PARK AVENUE WEST,1,1,0,0,1,4,,0,65,0,0,0,0,0,1,2,3
,2018_40527,39.775256,-104.989229,5/21/2018 14:29,14:29,12,0,0,I25 NORTHBOUND OFF RAMP & I70 EASTBOUND ON RAMP BEGIN,1,1,0,0,1,8,,0,55,0,0,0,0,0,1,3,13
,2018_40528,39.778066,-104.989183,3/22/2018 7:41,7:41,15,0,0,I25 NORTHBOUND OFF RAMP END & I70 EASTBOUND WB,1,1,0,0,1,8,,0,55,0,0,0,0,0,1,2,14
,2018_40530,39.784288,-104.98914,5/15/2018 18:17,18:17,12,0,0,I25 NORTHBOUND ON RAMP & 48TH AVENUE WEST,1,1,0,0,1,8,,0,55,0,0,0,0,0,1,2,12
,2018_40577,39.711078,-105.02488,1/15/2018 12:17,12:17,5,0,1,ALAMEDA AVENUE WEST & FEDERAL BOULEVARD SOUTH,5,1,1,2,3,3,,0,35,0,0,0,0,1,2,1,14
,2018_40578,39.71113,-105.022765,6/1/2018 15:15,15:15,12,0,0,ALAMEDA AVENUE WEST & DECATUR STREET SOUTH,1,1,1,0,1,4,,0,35,0,0,0,0,0,2,2,13
,2018_40579,39.711151,-105.021652,10/16/2018 17:27,17:27,12,0,0,ALAMEDA AVENUE WEST & DALE COURT SOUTH,1,1,1,0,1,4,,0,35,0,0,0,0,0,2,3,3
,2018_40580,39.711183,-105.011003,9/25/2018 19:26,19:26,10,0,0,ALAMEDA AVENUE WEST & TEJON STREET SOUTH,1,3,0,0,1,1,,0,40,0,0,0,0,0,2,2,13
,2018_40581,39.711208,-104.998391,4/11/2018 16:37,16:37,12,0,1,KALAMATH STREET 200 BLOCK SOUTH & ALAMEDA AVENUE WEST,1,1,1,0,1,1,,0,35,0,0,0,0,1,2,2,12
,2018_40582,39.653084,-104.91301,9/30/2018 20:10,20:10,14,0,0,HAMPDEN AVENUE 6500 BLOCK EAST & MONACO STREET SOUTH,1,3,1,0,1,3,,0,35,0,0,0,0,0,2,2,3
,2018_40632,39.740038,-104.997854,8/4/2018 12:27,12:27,10,0,0,SPEER BOULEVARD NORTH & COLFAX AVENUE WEST,1,1,0,0,1,1,,0,30,0,0,0,0,0,2,2,13
,2018_40641,39.740335,-105.041738,8/30/2018 16:26,16:26,12,0,0,COLFAX AVENUE WEST & RALEIGH STREET NORTH,1,1,0,0,1,3,,0,35,0,0,0,0,0,2,3,13
,2018_40642,39.740298,-105.029333,10/18/2018 13:29,13:29,15,0,0,COLFAX AVENUE WEST 3200 BLOCK & IRVING STREET NORTH,1,1,1,0,1,4,,0,30,0,0,0,0,0,2,2,13
,2018_40643,39.740275,-105.012183,1/1/2018 5:47,5:47,15,0,1,COLFAX AVENUE WEST & I25 NORTHBOUND OFF RAMP,1,2,1,0,1,3,,0,30,0,0,0,0,1,2,2,13
,2018_40644,39.740043,-104.998894,8/20/2018 15:30,15:30,15,0,0,COLFAX AVENUE WEST & SPEER BOULEVARD NORTH,1,1,0,0,1,4,,0,,0,0,0,0,0,2,2,13
,2018_40645,39.740031,-104.996607,5/25/2018 11:42,11:42,5,0,0,COLFAX AVENUE WEST & WELTON STREET,1,1,0,0,3,1,,0,30,0,0,0,0,0,2,1,3
,2018_40646,39.739999,-104.990369,11/8/2018 11:00,11:00,15,0,0,BANNOCK STREET NORTH & COLFAX AVENUE WEST,1,1,0,0,1,1,,0,25,0,0,0,0,0,2,2,14
,2018_40647,39.740005,-104.987167,7/23/2018 18:28,18:28,12,0,1,COLFAX AVENUE EAST & BROADWAY NORTH,2,1,0,1,1,4,,0,35,0,0,0,0,1,2,2,14
,2018_40648,39.740041,-104.983728,2/12/2018 18:17,18:17,12,0,3,COLFAX AVENUE EAST & GRANT STREET NORTH,1,3,0,0,1,1,,0,30,0,0,0,0,1,2,2,1
,2018_40649,39.740041,-104.983728,7/5/2018 10:21,10:21,15,0,0,GRANT STREET NORTH & COLFAX AVENUE EAST,1,1,0,0,1,3,,0,25,0,0,0,0,0,2,2,13
,2018_40650,39.740002,-104.967045,2/10/2018 22:07,22:07,15,0,0,COLFAX AVENUE EAST & GILPIN STREET NORTH,4,3,0,2,1,4,,0,,0,0,0,0,0,2,2,7
,2018_40651,39.739983,-104.959859,2/4/2018 12:05,12:05,10,0,0,COLFAX AVENUE EAST & YORK STREET NORTH,1,1,0,0,1,1,,0,30,0,0,0,0,0,2,2,8
,2018_40652,39.740172,-104.953506,11/14/2018 12:42,12:42,3,0,0,COLFAX AVENUE EAST & FILLMORE STREET NORTH,1,1,0,0,1,1,,0,25,0,0,0,0,0,2,2,13
,2018_40653,39.740157,-104.948801,10/30/2018 1:31,1:31,10,0,0,COLFAX AVENUE EAST & ADAMS STREET NORTH,1,3,0,0,1,3,,0,30,0,0,0,0,0,2,2,13
,2018_40654,39.740144,-104.945037,1/20/2018 21:40,21:40,12,0,0,COLFAX AVENUE EAST & MONROE STREET NORTH,1,3,0,0,1,1,,0,25,0,0,0,0,0,2,4,1
,2018_40655,39.740083,-104.910112,1/12/2018 12:27,12:27,12,0,0,COLFAX AVENUE & 6701 EAST COLFAX AVENUE APPROXIMATELY,1,1,0,0,1,4,,0,35,0,0,0,0,0,2,3,12
,2018_40656,39.740084,-104.903536,8/1/2018 4:13,4:13,12,0,0,QUEBEC STREET NORTH & COLFAX AVENUE EAST,1,3,0,0,1,3,,0,35,0,0,0,0,0,2,2,14
,2018_40696,39.783149,-105.006371,2/2/2018 13:29,13:29,15,0,0,48TH AVENUE WEST & PECOS STREET NORTH,1,1,1,0,1,6,,0,30,0,0,0,0,0,1,2,13
,2018_40697,39.781132,-104.99389,5/31/2018 6:56,6:56,12,0,0,I70 & I25 SOUTHBOUND,1,1,0,0,1,4,,0,55,0,0,0,0,0,1,2,4
,2018_40698,39.780058,-104.9894,6/29/2018 9:06,9:06,12,0,1,I70 & I25,1,1,0,0,1,4,,0,55,0,0,0,0,1,1,2,13
,2018_40699,39.779937,-104.988665,7/17/2018 17:03,17:03,12,0,0,I70 WB OFF RAMP SPLIT TO & I25 SOUTHBOUND,1,1,0,0,1,8,,0,55,0,0,0,0,0,1,2,13
,2018_40700,39.779441,-104.979019,3/9/2018 19:30,19:30,15,0,0,I70 & WASHINGTON STREET,1,3,0,0,1,4,,0,,0,0,0,0,0,1,2,13
,2018_40701,39.779859,-104.967938,12/14/2018 8:42,8:42,12,0,1,I70 & BRIGHTON BOULEVARD NORTH,1,1,0,0,1,4,,0,55,0,0,0,0,1,1,5,1
,2018_40702,39.779896,-104.967115,4/10/2018 8:26,8:26,12,0,0,I70 EASTBOUND & HUMBOLDT STREET NORTH,1,1,0,0,1,4,,0,55,0,0,0,0,0,1,2,7
,2018_40703,39.777001,-104.881444,12/3/2018 19:45,19:45,15,0,0,I70 & I270 WB DIR CONNECT,1,3,0,0,1,4,,0,,0,0,0,0,0,1,2,13
,2018_40704,39.779999,-104.949951,5/16/2018 16:26,16:26,12,0,0,I70 & STEELE STREET NORTH,1,1,1,0,1,4,,0,55,0,0,0,0,0,1,2,15
,2018_40705,39.779944,-104.940603,8/28/2018 12:30,12:30,12,0,0,I70 & COLORADO BOULEVARD NORTH,1,1,0,0,1,4,,0,55,0,0,0,0,0,1,2,13
,2018_40706,39.779972,-104.93885,1/16/2018 15:33,15:33,12,0,0,I70 & COLORADO BOULEVARD NORTH,1,1,0,0,1,4,,0,55,0,0,0,0,0,1,2,13
,2018_40707,39.780032,-104.931784,8/23/2018 17:49,17:49,12,0,0,I70 & DAHLIA STREET NORTH,1,1,0,0,1,4,,0,55,0,0,0,0,0,1,2,13
,2018_40708,39.779985,-104.93138,9/19/2018 7:53,7:53,12,0,0,I70 & DAHLIA STREET NORTH,1,1,0,0,1,4,,0,65,0,0,0,0,0,1,2,13
,2018_40709,39.778341,-104.92238,2/4/2018 22:36,22:36,5,0,0,I70 & HOLLY STREET NORTH,1,3,0,0,3,4,,0,55,0,0,0,0,0,1,1,13
,2018_40710,39.778341,-104.92238,3/11/2018 5:00,5:00,15,0,1,I70 & HOLLY STREET NORTH,1,4,0,0,1,4,,0,55,0,0,0,0,2,1,2,13
,2018_40711,39.778341,-104.92238,8/4/2018 17:58,17:58,12,0,1,I70 & HOLLY STREET NORTH,1,1,0,0,1,4,,0,55,0,0,0,0,1,1,2,14
,2018_40712,39.778341,-104.92238,12/20/2018 6:55,6:55,12,0,1,I70 & HOLLY STREET NORTH INTCH,1,1,0,0,1,4,,0,65,0,0,0,0,1,1,2,1
,2018_40713,39.778289,-104.912566,6/8/2018 16:28,16:28,12,0,0,I70 & MONACO STREET NORTH,1,1,0,0,1,4,,0,55,0,0,0,0,0,1,2,13
,2018_40714,39.778289,-104.912384,11/6/2018 19:47,19:47,12,0,0,I70 & MONACO STREET NORTH,1,3,0,0,1,4,,0,55,0,0,0,0,0,1,2,14
,2018_40715,39.778292,-104.908921,4/27/2018 15:50,15:50,12,0,0,I70 & QUEBEC STREET,1,1,0,0,1,4,,0,55,0,0,0,0,0,1,2,7
,2018_40716,39.778295,-104.903454,4/30/2018 0:45,0:45,12,0,0,I70 & QUEBEC STREET NORTH,1,3,2,0,1,4,,0,,0,0,0,0,0,1,5,13
,2018_40717,39.777139,-104.882953,10/12/2018 16:21,16:21,12,0,0,I70 & CENTRAL PARK BOULEVARD NORTH,1,1,0,0,1,4,,0,65,0,0,0,0,0,1,3,3
,2018_40718,39.777035,-104.881821,6/21/2018 20:26,20:26,12,0,2,I70 & CENTRAL PARK BOULEVARD NORTH,1,2,0,0,1,4,,0,55,0,0,0,0,2,1,3,5
,2018_40719,39.776793,-104.87918,8/9/2018 18:35,18:35,12,0,0,I70 & CENTRAL PARK BOULEVARD NORTH,1,1,0,0,1,4,,0,55,0,0,0,0,0,1,2,13
,2018_40720,39.776494,-104.875818,12/21/2018 12:42,12:42,15,0,0,I70 & CENTRAL PARK BOULEVARD,1,1,0,0,1,4,,0,55,0,0,0,0,0,1,3,13
,2018_40721,39.775255,-104.861398,1/26/2018 5:56,5:56,12,0,0,I70 & HAVANA STREET NORTH,1,4,0,0,1,4,,0,55,0,0,0,0,0,1,2,13
,2018_40722,39.774626,-104.850716,6/25/2018 17:02,17:02,12,0,2,I70 WB RAMP METER & PEORIA STREET NORTH,1,1,0,0,1,8,,0,55,0,0,0,0,1,1,2,13
,2018_40723,39.773999,-104.846793,6/5/2018 11:20,11:20,15,0,0,PEORIA STREET NORTH & I70 EASTBOUND RAMPS,1,1,0,0,1,1,,0,30,0,0,0,0,0,1,2,13
,2018_40801,39.672505,-104.867951,2/6/2018 13:42,13:42,3,0,0,HARVARD AVENUE EAST & PARKER ROAD SOUTH,1,1,0,0,1,1,,0,45,0,0,0,0,0,2,2,1
,2018_40802,39.67273,-104.868227,2/26/2018 18:00,18:00,12,0,0,PARKER ROAD SOUTH & HARVARD AVENUE EAST / 2400 BLOCK SOUTH,1,2,0,0,1,4,,0,45,0,0,0,0,0,2,3,13
,2018_40803,39.67476,-104.870723,3/23/2018 9:04,9:04,12,0,0,ILIFF AVENUE EAST & PARKER ROAD SOUTH,1,1,0,0,1,1,,0,35,0,0,0,0,0,2,2,13
,2018_40804,39.69629,-104.897364,4/13/2018 9:29,9:29,5,0,0,PARKER ROAD SOUTH & MISSISSIPPI AVENUE EAST,1,1,0,0,3,1,,0,45,0,0,0,0,0,2,1,14
,2018_40805,39.699125,-104.904994,2/10/2018 11:48,11:48,3,0,3,LEETSDALE DRIVE & QUEBEC STREET SOUTH / 7100 BLOCK,4,1,0,2,1,2,,0,35,0,0,0,0,1,2,2,1
,2018_40806,39.70278,-104.91261,3/27/2018 0:03,0:03,15,0,0,LEETSDALE DRIVE & MONACO PARKWAY,4,3,0,2,1,4,,0,35,0,0,0,0,0,2,2,13
,2018_40807,39.7112,-104.936323,12/31/2018 11:14,11:14,1,0,0,LEETSDALE DRIVE & ALAMEDA AVENUE EAST,4,1,1,2,1,1,,0,35,0,0,0,0,0,2,3,2
,2018_40808,39.715124,-104.940627,10/10/2018 6:30,6:30,12,0,0,LEETSDALE DRIVE & COLORADO BOULEVARD SOUTH / 4000 BLOCK EAST,2,3,1,1,1,1,,0,35,0,0,0,0,0,2,2,13
,2018_40834,39.668325,-104.99578,9/5/2018 17:41,17:41,12,0,1,SANTA FE DRIVE SOUTH & HARVARD AVENUE WEST / 2600 BLOCK SOUTH,2,1,0,1,1,4,,0,55,0,0,0,0,1,2,3,1
,2018_40835,39.690284,-104.992202,2/11/2018 10:30,10:30,15,0,0,SANTA FE DRIVE SOUTH & FLORIDA AVENUE WEST,2,1,0,0,1,4,,0,45,0,0,0,0,0,2,2,12
,2018_40836,39.695517,-104.992358,2/19/2018 14:50,14:50,12,0,0,SANTA FE DRIVE SOUTH & MISSISSIPPI AVENUE WEST,2,1,0,2,1,4,,0,35,0,0,0,0,0,2,2,1
,2018_40851,39.737983,-105.025273,1/15/2018 10:30,10:30,12,0,0,FEDERAL BOULEVARD 1400 BLOCK NORTH & 14TH AVENUE WEST,5,1,0,2,1,1,,0,35,0,0,0,0,0,2,2,14
,2018_40852,39.735347,-105.025283,8/6/2018 19:35,19:35,15,0,0,FEDERAL BOULEVARD 1300 BLOCK NORTH & HOLDEN PLACE WEST,1,1,0,0,1,4,,0,35,0,0,0,0,0,2,2,13
,2018_40853,39.725719,-105.025126,11/30/2018 1:52,1:52,12,0,3,SIXTH AVENUE WB OFF RAMP & FEDERAL BOULEVARD NORTH,1,3,0,0,1,1,,0,45,0,0,0,0,1,2,2,5
,2018_40854,39.725357,-105.025125,8/4/2018 19:20,19:20,12,0,0,FEDERAL BOULEVARD NORTH & SIXTH AVENUE WB RAMPS,1,3,0,0,1,1,,0,,0,0,0,0,0,2,2,13
,2018_40855,39.724756,-105.025125,9/29/2018 20:34,20:34,3,0,0,FEDERAL BOULEVARD NORTH & SIXTH AVENUE EASTBOUND OFF RAMP,1,3,0,0,1,1,,0,30,0,0,0,0,0,2,2,5
,2018_40856,39.724427,-105.025133,4/6/2018 17:21,17:21,12,0,0,FEDERAL BOULEVARD 600 BLOCK NORTH & SIXTH AVENUE WEST,1,1,1,0,1,4,,0,35,0,0,0,0,0,2,2,13
,2018_40857,39.719731,-105.025174,5/22/2018 14:30,14:30,3,0,0,SECOND AVENUE WEST  & FEDERAL BOULEVARD NORTH,1,1,0,0,1,1,,0,40,0,0,0,0,0,2,2,1
,2018_40858,39.716322,-105.025129,2/21/2018 12:56,12:56,15,0,0,FEDERAL BOULEVARD SOUTH & ELLSWORTH AVENUE WEST,1,1,1,0,1,4,,0,35,0,0,0,0,0,2,2,7
,2018_40859,39.710806,-105.025084,9/15/2018 14:15,14:15,12,0,0,FEDERAL BOULEVARD 200 BLOCK SOUTH & ALAMEDA AVENUE WEST,1,1,0,0,1,4,,0,,0,0,0,0,0,2,2,13
,2018_40860,39.703865,-105.025087,10/31/2018 7:00,7:00,1,0,0,EXPOSITION WEST & FEDERAL BOULEVARD SOUTH,2,3,0,1,1,1,,0,35,0,0,0,0,0,2,2,3
,2018_40861,39.701606,-105.025067,10/18/2018 16:27,16:27,12,0,0,FEDERAL BOULEVARD SOUTH 800 BLOCK & KENTUCKY AVENUE WEST,1,1,0,0,1,2,,0,45,0,0,0,0,0,2,2,13
,2018_40862,39.694949,-105.025064,4/24/2018 12:29,12:29,12,0,0,FEDERAL BOULEVARD 1100 BLOCK SOUTH & ARIZONA AVENUE WEST,2,1,1,1,1,4,,0,35,0,0,0,0,0,2,2,13
,2018_40863,39.693327,-105.025058,9/10/2018 15:54,15:54,12,0,0,FEDERAL BOULEVARD SOUTH & LOUISIANA AVENUE WEST,1,1,0,0,1,4,,0,40,0,0,0,0,0,2,2,3
,2018_40864,39.68404,-105.025022,7/20/2018 7:33,7:33,15,0,0,FEDERAL BOULEVARD 1700 BLOCK SOUTH & COLORADO AVENUE WEST,1,1,0,0,1,4,,0,40,0,0,0,0,0,2,2,13
,2018_40865,39.682275,-105.025016,11/3/2018 19:30,19:30,12,0,0,FEDERAL BOULEVARD SOUTH & JEWELL AVENUE WEST,1,3,0,0,1,1,,0,,0,0,0,0,0,2,2,13
,2018_40866,39.668578,-105.02509,8/16/2018 13:22,13:22,12,0,1,FEDERAL BOULEVARD SOUTH & COLLEGE AVENUE WEST,1,1,0,0,1,4,,0,40,0,0,0,0,1,2,3,13
,2018_40867,39.660611,-105.025164,10/27/2018 12:58,12:58,12,0,0,FEDERAL BOULEVARD SOUTH & DARTMOUTH AVENUE WEST,1,1,0,0,1,1,,0,35,0,0,0,0,0,2,2,5
,2018_40893,39.653379,-105.053086,2/22/2018 14:14,14:14,12,0,0,SHERIDAN BOULEVARD SOUTH & HAMPDEN AVENUE WEST,2,1,1,0,1,1,,0,35,0,0,0,0,0,2,2,1
,2018_40894,39.656087,-105.053224,4/18/2018 12:20,12:20,1,0,0,DARTMOUTH AVENUE WEST & SHERIDAN BOULEVARD SOUTH,1,1,0,0,1,1,,0,25,0,0,0,0,0,2,2,13
,2018_40896,39.69343,-105.053216,4/12/2018 17:00,17:00,3,0,0,SHERIDAN BOULEVARD & LOUISIANA AVENUE,1,1,0,0,1,1,,0,45,0,0,0,0,0,2,2,13
,2018_40897,39.69343,-105.053216,11/3/2018 14:14,14:14,12,0,0,SHERIDAN BOULEVARD SOUTH & LOUISIANA AVENUE WEST,2,1,0,0,1,4,,0,35,0,0,0,0,0,2,2,3
,2018_40898,39.695178,-105.053229,8/7/2018 20:45,20:45,1,0,0,SHERIDAN BOULEVARD SOUTH & ARIZONA AVENUE WEST,1,3,0,0,1,1,,0,45,0,0,0,0,0,2,2,5
,2018_40926,39.635297,-105.082331,8/1/2018 13:03,13:03,3,0,1,WADSWORTH BOULEVARD SOUTH & STANFORD AVENUE WEST,1,1,1,0,1,1,,0,45,0,0,0,0,1,2,2,5
,2018_40927,39.639223,-104.885207,6/6/2018 10:32,10:32,12,0,0,I225 & YOSEMITE STREET SOUTH,1,1,0,0,1,4,,0,65,0,0,0,0,0,1,2,3
,2018_40987,39.630725,-104.905081,5/25/2018 12:44,12:44,12,0,0,I225 & I25,1,1,0,0,1,8,,0,55,0,0,0,0,0,1,5,1
,2018_40988,39.630948,-104.905088,12/17/2018 5:58,5:58,12,0,0,I225 SOUTHBOUND OFF RAMP & I25 NORTHBOUND,1,2,0,0,1,8,,0,55,0,0,0,0,0,1,2,3
,2018_40989,39.632057,-104.904891,7/26/2018 8:39,8:39,12,0,1,I225 SOUTHBOUND OFF RAMP TO NORTHBOUND & I25,1,1,0,0,1,8,,0,45,0,0,0,0,1,1,3,7
,2018_40990,39.634127,-104.902067,11/10/2018 17:27,17:27,12,0,0,I225 SOUTHBOUND OFF RAMP SPLIT & I25,1,3,0,0,1,4,,0,55,0,0,0,0,0,1,3,13
,2018_40991,39.634586,-104.899704,7/21/2018 10:25,10:25,12,0,0,I225 & TAMARAC STREET SOUTH,1,1,0,0,1,4,,0,55,0,0,0,0,0,1,2,13
,2018_40992,39.634474,-104.902229,1/21/2018 13:14,13:14,5,0,0,I225 NORTHBOUND OFF RAMP SPLIT & TAMARAC STREET SOUTH,10,1,1,2,3,8,,0,45,0,0,0,0,0,1,1,7
,2018_40993,39.635522,-104.893462,8/29/2018 9:33,9:33,5,0,0,I225 & TAMARAC DRIVE SOUTH,1,1,0,0,3,4,,0,65,0,0,0,0,0,1,2,3
,2018_40994,39.635522,-104.893462,1/16/2018 17:45,17:45,1,0,0,TAMARAC STREET SOUTH & I225 SOUTHBOUND RAMP ON,1,3,0,0,1,1,,0,35,0,0,0,0,0,1,2,8
,2018_40995,39.635522,-104.893462,2/14/2018 15:34,15:34,3,0,0,TAMARAC STREET SOUTH & I225 SOUTHBOUND OFF RAMP,1,1,1,0,1,1,,0,30,0,0,0,0,0,1,3,13
,2018_40996,39.639223,-104.885207,11/1/2018 6:32,6:32,12,0,0,I225 & YOSEMITE STREET SOUTH,1,2,0,0,1,4,,0,55,0,0,0,0,0,1,2,13
,2018_40997,39.639223,-104.885207,9/5/2018 16:26,16:26,12,0,0,YOSEMITE STREET SOUTH & I225,2,1,0,1,1,4,,0,40,0,0,0,0,0,1,2,7
,2018_41024,39.781658,-104.899969,2/10/2018 22:00,22:00,5,0,0,I270 & QUEBEC STREET,4,3,0,2,2,4,,0,55,0,0,0,0,0,1,1,5
,2018_41025,39.776939,-104.881561,1/30/2018 15:25,15:25,12,0,1,I270 EASTBOUND DIRECT CONNECT MERGE POINT & I70 EASTBOUND ENTRANCE GORE APPROXIMATELY,1,1,0,0,1,4,,0,40,0,0,0,0,1,1,2,13
,2018_41040,39.652979,-104.921505,4/25/2018 14:44,14:44,10,0,0,HAMPDEN AVENUE EAST & IVANHOE STREET SOUTH,1,1,1,0,1,1,,0,40,0,0,0,0,0,2,2,3
,2018_41041,39.652978,-104.917698,10/28/2018 0:22,0:22,3,0,1,HAMPDEN AVENUE EAST & I25 NORTHBOUND RAMPS,1,3,0,0,1,1,,0,45,0,0,0,0,1,2,3,4
,2018_41042,39.743865,-105.02522,2/13/2018 16:50,16:50,3,0,0,FEDERAL BOULEVARD NORTH & DICK CONNOR AVENUE WEST,1,1,1,0,1,1,,0,35,0,0,0,0,0,2,2,13
,2018_41043,39.749212,-105.025154,10/31/2018 6:35,6:35,10,0,0,FEDERAL BOULEVARD NORTH & 21ST AVENUE WEST,2,3,0,1,1,4,,0,35,0,0,0,0,0,2,2,8
,2018_41044,39.753551,-105.025127,5/8/2018 18:09,18:09,3,0,0,25TH AVENUE WEST & FEDERAL BOULEVARD NORTH,1,1,0,0,1,1,,0,35,0,0,0,0,0,2,2,13
,2018_41045,39.75854,-105.025143,2/26/2018 23:18,23:18,1,0,0,29TH AVENUE WEST & FEDERAL BOULEVARD NORTH,1,3,0,0,1,1,,0,35,0,0,0,0,0,2,2,13
,2018_41046,39.763386,-105.02516,8/30/2018 15:27,15:27,12,0,0,FEDERAL BOULEVARD 3300 BLOCK NORTH & 33RD AVENUE WEST,1,1,1,0,1,4,,0,35,0,0,0,0,0,2,2,13
,2018_41047,39.783848,-105.025224,11/14/2018 15:17,15:17,12,0,0,I70 EASTBOUND OFF RAMP & FEDERAL BOULEVARD NORTH,1,1,0,0,1,3,,0,35,0,0,0,0,0,2,2,13