id,drcog_id,latitude,longitude,crashtime,time,crashtype,numbkilled,numbinjurd,drcoglocat,rdconditin,lightngcon,roadcntgrd,weatherco,location,roaddescrp,schoolzone,constrzone,splimit,bikeinv,pedinv,sctrinv,motoinv,svrty,rdsystem,ttlvehcls,hcf
,2018_41048,39.784135,-105.025224,12/10/2018 17:05,17:05,15,0,0,FEDERAL BOULEVARD NORTH 4800 BLOCK & I70,1,2,1,0,1,4,,0,35,0,0,0,0,0,2,2,13
,2018_41049,39.784707,-105.025224,3/21/2018 14:15,14:15,12,0,1,FEDERAL BOULEVARD 4800 BLOCK NORTH & I70 EASTBOUND OFF RAMP,1,1,0,0,1,1,,0,35,0,0,0,0,2,2,2,13
,2018_41139,39.671219,-104.940616,1/8/2018 9:35,9:35,3,0,1,COLORADO BOULEVARD & 2500 BLOCK SOUTH,1,1,0,0,1,2,,0,35,0,0,0,0,1,2,2,13
,2018_41140,39.67843,-104.940638,3/18/2018 11:53,11:53,3,0,0,EVANS AVENUE EAST & COLORADO BOULEVARD SOUTH,1,1,0,0,1,1,,0,35,0,0,0,0,0,2,2,7
,2018_41141,39.682492,-104.940405,1/23/2018 16:02,16:02,15,0,0,COLORADO BOULEVARD SOUTH / 1800 BLOCK SOUTH & I25 SOUTHBOUND LOOP ON RAMP,1,1,1,0,1,4,,0,20,0,0,0,0,0,2,2,13
,2018_41142,39.683417,-104.940397,4/11/2018 17:20,17:20,15,0,0,COLORADO BOULEVARD 1700 BLOCK SOUTH & I25,1,1,0,0,1,4,,0,35,0,0,0,0,0,2,2,7
,2018_41143,39.683642,-104.940412,10/24/2018 16:23,16:23,1,0,1,COLORADO BOULEVARD SOUTH & I25 NORTHBOUND RAMPS,1,1,0,0,1,1,,0,35,0,0,0,1,1,2,2,13
,2018_41144,39.693451,-104.940549,6/26/2018 13:55,13:55,15,0,0,COLORADO BOULEVARD 1200 BLOCK SOUTH & LOUISIANA AVENUE EAST,1,1,1,0,1,4,,1,35,0,0,0,0,0,2,2,13
,2018_41147,39.716162,-104.94061,2/1/2018 13:21,13:21,12,0,0,COLORADO BOULEVARD SOUTH & BAYAUD AVENUE EAST,1,1,0,0,1,3,,0,35,0,0,0,0,0,2,2,13
,2018_41148,39.718059,-104.940609,5/25/2018 15:15,15:15,12,0,0,COLORADO BOULEVARD SOUTH & ELLSWORTH AVENUE EAST,1,1,0,0,1,1,,0,35,0,0,0,0,0,2,2,13
,2018_41149,39.722874,-104.940608,9/5/2018 8:41,8:41,12,0,1,COLORADO BOULEVARD 300 BLOCK NORTH & THIRD AVENUE EAST,1,1,0,0,1,4,,0,40,0,0,0,0,1,2,3,4
,2018_41150,39.684918,-104.958395,7/25/2018 21:05,21:05,15,0,0,I25 & MM 205,2,3,0,1,1,4,,0,60,0,0,0,0,0,1,2,13
,2018_41151,39.723458,-104.940607,7/16/2018 14:27,14:27,12,0,1,COLORADO BOULEVARD & 445 BLOCK NORTH,1,1,0,0,1,4,,0,35,0,0,0,0,2,2,2,10
,2018_41152,39.732941,-104.940604,7/30/2018 17:23,17:23,3,0,0,COLORADO BOULEVARD NORTH & 11TH AVENUE EAST,1,1,0,0,1,1,,0,35,0,0,0,0,0,2,2,1
,2018_41154,39.743592,-104.9406,2/5/2018 15:28,15:28,15,0,1,COLORADO BOULEVARD NORTH & 17TH AVENUE EAST,1,1,0,0,1,3,,0,30,0,0,0,0,1,2,2,1
,2018_41156,39.744759,-104.9406,12/11/2018 20:45,20:45,12,0,0,COLORADO BOULEVARD NORTH & 18TH AVENUE EAST,1,3,1,0,1,3,,0,35,0,0,0,0,0,2,2,13
,2018_41158,39.746072,-104.940599,10/30/2018 7:22,7:22,15,0,1,COLORADO BOULEVARD 1800 BLOCK NORTH & 19TH AVENUE EAST,1,1,0,0,1,1,,0,35,0,0,0,0,1,2,4,4
,2018_41159,39.750449,-104.940598,1/25/2018 12:55,12:55,15,0,0,COLORADO BOULEVARD 2200 BLOCK NORTH & 23RD AVENUE EAST,1,1,0,0,1,4,,0,35,0,0,0,0,0,2,2,3
,2018_41160,39.751033,-104.940597,7/2/2018 14:46,14:46,15,0,0,COLORADO BOULEVARD NORTH & 23RD AVENUE EAST,1,1,0,0,1,3,,0,35,0,0,0,0,0,2,2,3
,2018_41161,39.754511,-104.940546,12/27/2018 17:35,17:35,12,0,1,26TH AVENUE EAST & COLORADO BOULEVARD NORTH,1,3,0,0,1,3,,0,25,0,0,0,0,1,2,2,3
,2018_41162,39.761914,-104.940511,9/4/2018 13:40,13:40,3,0,0,COLORADO BOULEVARD NORTH & MLK BOULEVARD EAST,1,1,0,0,1,1,,0,35,0,0,0,0,0,2,2,1
,2018_41163,39.765544,-104.940497,7/15/2018 17:41,17:41,1,0,0,COLORADO BOULEVARD NORTH & 35TH AVENUE EAST,2,1,0,1,1,1,,0,35,0,0,0,0,0,2,2,1
,2018_41164,39.778327,-104.940528,7/26/2018 17:26,17:26,12,0,0,COLORADO BOULEVARD & 4400 BLOCK NORTH APPROXIMATELY,1,1,2,0,1,4,,0,40,0,0,0,0,0,2,2,14
,2018_41165,39.781384,-104.940487,5/6/2018 6:23,6:23,12,0,0,COLORADO BOULEVARD NORTH & I70 WB OFF RAMP,1,1,1,0,1,1,,0,35,0,0,0,0,0,2,2,4
,2018_41166,39.784135,-104.94045,2/7/2018 14:12,14:12,1,0,0,COLORADO BOULEVARD NORTH & 48TH AVENUE EAST,1,1,0,0,1,1,,0,40,0,0,0,0,0,2,2,13
,2018_41167,39.786156,-104.94055,12/21/2018 7:25,7:25,12,0,0,COLORADO BOULEVARD & 4500 BLOCK NORTH APPROXIMATELY,1,1,1,0,1,4,,0,35,0,0,0,0,0,2,4,1
,2018_41180,39.725631,-105.04889,5/5/2018 22:44,22:44,12,0,0,SIXTH AVENUE & 4800 BLOCK WEST,1,3,1,0,1,4,,0,55,0,0,0,0,0,2,3,13
,2018_41181,39.725541,-105.035083,7/10/2018 13:38,13:38,15,0,0,SIXTH AVENUE WEST & LOWELL BOULEVARD NORTH,1,1,1,0,1,4,,0,55,0,0,0,0,0,2,2,14
,2018_41182,39.725476,-105.032833,9/16/2018 4:50,4:50,5,0,0,SIXTH AVENUE FWY WEST FRTG ROAD & KNOX COURT NORTH,1,2,0,0,2,4,,0,,0,0,0,0,0,4,1,13
,2018_41183,39.725415,-105.025258,2/2/2018 23:10,23:10,12,0,4,SIXTH AVENUE WEST & FEDERAL BOULEVARD NORTH,1,3,1,0,1,1,,0,55,0,0,0,0,1,2,3,5
,2018_41184,39.725415,-105.025068,9/11/2018 6:14,6:14,12,0,0,SIXTH AVENUE WEST & FEDERAL BOULEVARD NORTH,1,1,0,0,1,4,,0,55,0,0,0,0,0,2,2,13
,2018_41185,39.725415,-105.025068,9/15/2018 11:08,11:08,15,0,0,SIXTH AVENUE WEST & FEDERAL BOULEVARD NORTH,1,1,0,0,1,4,,0,45,0,0,0,0,0,2,3,1
,2018_41186,39.725412,-105.023351,12/21/2018 9:13,9:13,12,0,1,SIXTH AVENUE WEST EASTBOUND RAMP SPLIT & FEDERAL BOULEVARD NORTH,1,1,1,1,1,8,,0,55,0,0,0,0,1,2,2,13
,2018_41187,39.781271,-104.949711,11/13/2018 12:05,12:05,15,0,0,STEELE STREET NORTH & I70 WB ON RAMP,1,1,0,0,1,4,,1,30,0,0,0,0,0,2,2,8
,2018_41254,39.630012,-104.904995,10/20/2018 11:56,11:56,12,0,0,I25 NORTHBOUND DIR CNNCT EXIT GORE POINT & I225,1,1,0,0,1,4,,0,65,0,0,0,0,0,1,2,13
,2018_41255,39.630528,-104.905228,1/21/2018 16:16,16:16,12,0,0,I25 & BELLEVIEW AVENUE EAST,4,1,0,2,1,4,,0,60,0,0,0,0,0,1,2,7
,2018_41256,39.632822,-104.906184,8/31/2018 13:28,13:28,12,0,1,I25 & I225 NORTHBOUND FLYOVER,1,1,0,0,1,4,,0,55,0,0,0,0,1,1,2,13
,2018_41257,39.633773,-104.906614,4/26/2018 17:00,17:00,12,0,2,I25 & MM 200,1,1,0,0,1,4,,0,60,0,0,0,0,1,1,2,12
,2018_41258,39.646572,-104.914546,5/23/2018 12:54,12:54,12,0,0,I25 & HAMPDEN AVENUE EAST,1,1,0,0,1,4,,0,65,0,0,0,0,0,1,3,13
,2018_41259,39.653259,-104.918319,5/26/2018 14:09,14:09,15,0,0,I25 & HAMPDEN AVENUE EAST,1,1,0,0,1,4,,0,60,0,0,0,0,0,1,2,1
,2018_41260,39.653387,-104.91838,3/29/2018 23:20,23:20,5,0,0,I25 & HAMPDEN AVENUE EAST,1,3,0,0,3,4,,0,55,0,0,0,0,0,1,1,14
,2018_41261,39.654542,-104.918927,7/25/2018 16:57,16:57,12,0,0,I25 & HAMPDEN AVENUE EAST,1,1,1,0,1,4,,0,60,0,0,0,0,0,1,2,13
,2018_41262,39.683023,-104.940146,12/16/2018 18:31,18:31,12,0,0,I25 NORTHBOUND OFF RAMP SLIP & COLORADO BOULEVARD SOUTH,1,3,0,0,1,8,,0,35,0,0,0,0,0,1,2,7
,2018_41263,39.683094,-104.940452,3/2/2018 9:57,9:57,12,0,0,I25 & COLORADO BOULEVARD SOUTH,1,1,0,0,1,4,,0,50,0,0,0,0,0,1,3,13
,2018_41264,39.683094,-104.940452,6/1/2018 8:24,8:24,12,0,0,I25 & COLORADO BOULEVARD SOUTH,1,1,0,0,1,4,,0,55,0,0,0,0,0,1,2,13
,2018_41265,39.684909,-104.952008,6/20/2018 6:52,6:52,12,0,0,I25 & UNIVERSITY BOULEVARD SOUTH,1,1,0,0,1,4,,0,60,0,0,0,0,0,1,2,3
,2018_41266,39.684905,-104.954686,12/12/2018 9:25,9:25,12,0,0,I25 & MM 204.8,1,1,0,0,1,4,,0,50,0,0,0,0,0,1,4,3
,2018_41268,39.68492,-104.959509,2/26/2018 16:27,16:27,12,0,0,I25 & UNIVERSITY BOULEVARD SOUTH,1,1,0,0,1,4,,0,60,0,0,0,0,0,1,2,13
,2018_41269,39.69219,-104.976782,9/22/2018 16:16,16:16,12,0,0,I25 & EMERSON STREET SOUTH,1,1,0,0,1,4,,0,50,0,0,0,0,0,1,2,3
,2018_41270,39.692652,-104.977333,7/27/2018 14:32,14:32,12,0,0,I25 & EMERSON STREET SOUTH,1,1,1,0,1,4,,0,60,0,0,0,0,0,1,2,13
,2018_41272,39.701466,-104.987451,2/7/2018 8:59,8:59,12,0,0,I25 & BROADWAY SOUTH,1,1,0,0,1,4,,0,55,0,0,0,0,0,1,2,3
,2018_41273,39.701466,-104.987451,11/2/2018 14:00,14:00,12,0,0,I25 & BROADWAY SOUTH,1,1,0,0,1,4,,0,55,0,0,0,0,0,1,2,13
,2018_41274,39.725165,-105.012815,6/23/2018 10:07,10:07,12,0,0,I25 & SIXTH AVENUE WEST,1,1,0,0,1,4,,0,55,0,0,0,0,0,1,2,3
,2018_41275,39.707249,-104.996843,6/11/2018 9:35,9:35,12,0,0,I25 NORTHBOUND ON LOOP RAMP & SANTA FE DRIVE SOUTH,1,1,0,0,1,8,,0,55,0,0,0,0,0,1,3,3
,2018_41276,39.711387,-104.999011,10/6/2018 18:27,18:27,12,0,0,I25 & ALAMEDA AVENUE WEST,1,1,1,0,1,4,,0,55,0,0,0,0,0,1,2,13
,2018_41277,39.711525,-104.999094,3/29/2018 6:04,6:04,15,0,0,I25 & ALAMEDA AVENUE WEST,1,2,0,0,1,4,,0,55,0,0,0,0,0,1,2,13
,2018_41278,39.711525,-104.999094,5/11/2018 9:07,9:07,12,0,1,I25 & ALAMEDA AVENUE WEST,1,1,0,0,1,4,,0,55,0,0,0,0,1,1,2,1
,2018_41279,39.711525,-104.999094,9/12/2018 7:18,7:18,15,0,0,I25 & ALAMEDA AVENUE WEST,1,1,0,0,1,4,,0,55,0,0,0,0,0,1,3,3
,2018_41280,39.713317,-105.000166,1/9/2018 14:01,14:01,12,0,0,I25 & CEDAR AVENUE WEST,1,1,0,0,1,4,,0,55,0,0,0,0,0,1,2,12
,2018_41281,39.713592,-105.00033,8/22/2018 18:20,18:20,15,0,0,I25 & ALAMEDA AVENUE WEST,1,1,0,0,1,4,,0,65,0,0,0,0,0,1,3,13
,2018_41282,39.714925,-105.00119,5/17/2018 1:50,1:50,15,0,0,I25 & ALAMEDA AVENUE WEST,1,3,0,0,1,4,,0,55,0,0,0,0,0,1,2,1
,2018_41283,39.722726,-105.010261,8/30/2018 18:38,18:38,12,0,1,I25 & SIXTH AVENUE WEST,1,1,0,0,1,4,,0,65,0,0,0,0,1,1,2,5
,2018_41284,39.723249,-105.010958,2/16/2018 17:48,17:48,12,0,0,I25 & SIXTH AVENUE WEST,1,3,0,0,1,4,,0,55,0,0,0,0,0,1,2,13
,2018_41285,39.723662,-105.011457,2/8/2018 9:51,9:51,12,0,0,I25 & SIXTH AVENUE WEST,1,1,0,0,1,4,,0,65,0,0,0,0,0,1,2,3
,2018_41286,39.723662,-105.011457,2/15/2018 12:22,12:22,12,0,0,I25 & SIXTH AVENUE WEST,1,1,0,0,1,4,,0,45,0,0,0,0,0,1,2,13
,2018_41287,39.724708,-105.012484,7/2/2018 14:30,14:30,5,0,0,I25 SB/NB ON RAMP SPLIT GORE POINT & SIXTH AVENUE WEST,1,1,1,0,2,8,,0,55,0,0,0,0,0,1,1,1
,2018_41288,39.724815,-105.012562,2/23/2018 23:30,23:30,12,0,0,I25 & SIXTH AVENUE WEST,1,3,0,0,1,4,,0,65,0,0,0,0,0,1,2,5
,2018_41289,39.725165,-105.012815,11/2/2018 12:09,12:09,12,0,0,I25 & SIXTH AVENUE WEST,1,1,0,0,1,4,,0,55,0,0,0,0,0,1,2,3
,2018_41290,39.725281,-105.012899,3/15/2018 20:15,20:15,15,0,0,I25 & SIXTH AVENUE WEST,2,3,1,1,1,4,,0,55,0,0,0,0,0,1,2,13
,2018_41291,39.725281,-105.012899,9/12/2018 13:22,13:22,12,0,1,I25 & SIXTH AVENUE WEST,1,1,1,0,1,4,,0,55,0,0,0,0,2,1,2,1
,2018_41292,39.725281,-105.012899,12/16/2018 12:30,12:30,12,0,0,I25 & SIXTH AVENUE WEST,1,1,0,0,1,4,,0,65,0,0,0,0,0,1,2,3
,2018_41293,39.725398,-105.012983,10/14/2018 10:45,10:45,5,0,0,I25 SOUTHBOUND OFF RAMP & SIXTH AVENUE WEST,2,1,0,2,2,8,,0,65,0,0,0,0,0,1,1,14
,2018_41294,39.725398,-105.012983,1/8/2018 15:56,15:56,12,0,0,I25 NORTHBOUND ON RAMP LOOP & SIXTH AVENUE WEST,1,1,1,0,1,8,,0,65,0,0,0,0,0,1,3,1
,2018_41295,39.755495,-105.01223,1/13/2018 18:25,18:25,12,0,1,I25 & SPEER BOULEVARD,1,3,0,0,1,4,,0,55,0,0,0,0,1,1,2,13
,2018_41296,39.725747,-105.013236,1/12/2018 13:37,13:37,12,0,0,I25 & SIXTH AVENUE WEST,1,1,0,0,1,4,,0,55,0,0,0,0,0,1,3,1
,2018_41297,39.726451,-105.01367,8/10/2018 10:41,10:41,12,0,0,I25 SOUTHBOUND EXIT GORE POINT & SIXTH AVENUE WEST,14,5,0,7,1,4,,0,60,0,0,0,0,0,1,3,8
,2018_41298,39.729265,-105.014796,6/27/2018 13:12,13:12,15,0,0,I25 & EIGHTH AVENUE WEST,1,1,1,0,1,4,,0,55,0,0,0,0,0,1,2,13
,2018_41299,39.730758,-105.015321,3/16/2018 6:32,6:32,12,0,0,I25 & EIGHTH AVENUE WEST,1,2,0,1,1,4,,0,55,0,0,0,0,0,1,2,3
,2018_41300,39.73493,-105.014905,12/27/2018 5:50,5:50,12,0,0,I25 & SIXTH AVENUE WEST,1,3,0,0,1,4,,0,55,0,0,0,0,0,1,3,3
,2018_41301,39.735991,-105.014376,9/6/2018 7:00,7:00,12,0,0,I25 & MM 210,1,1,1,0,1,4,,0,55,0,0,0,0,0,1,3,3
,2018_41302,39.738174,-105.013848,4/4/2018 18:28,18:28,12,0,0,I25 & AURARIA PARKWAY EXIT GORE,1,2,0,0,1,4,,0,55,0,0,0,0,0,1,2,1
,2018_41303,39.739303,-105.013867,10/12/2018 20:41,20:41,12,0,0,I25 & COLFAX AVENUE WEST,1,3,0,0,1,4,,0,55,0,0,0,0,0,1,2,13
,2018_41304,39.73974,-105.013892,2/21/2018 17:13,17:13,12,0,0,I25 & COLFAX AVENUE WEST,1,3,0,0,1,4,,0,55,0,0,0,0,0,1,2,13
,2018_41305,39.751295,-105.016566,1/27/2018 6:12,6:12,12,0,1,I25 & 23RD AVENUE WEST APPROXIMATELY,1,3,0,0,1,4,,0,,0,0,0,0,2,1,2,13
,2018_41306,39.751685,-105.01635,12/17/2018 22:11,22:11,12,0,2,I25 & 23RD AVENUE WEST,1,3,0,0,1,4,,0,65,0,0,0,0,1,1,3,12
,2018_41307,39.753127,-105.015252,12/21/2018 15:30,15:30,12,0,0,I25 & 20TH STREET NORTHBOUND EXIT GORE,1,1,0,0,1,4,,0,55,0,0,0,0,0,1,2,13
,2018_41308,39.755024,-105.012885,7/12/2018 9:35,9:35,15,0,0,I25 SOUTHBOUND & SPEER BOULEVARD,1,1,0,0,1,4,,0,55,0,0,0,0,0,1,2,5
,2018_41309,39.755118,-105.012754,4/20/2018 22:14,22:14,15,0,0,SPEER BOULEVARD & I25 INTCH,1,3,0,0,1,4,,0,35,0,0,0,0,0,1,2,13
,2018_41310,39.757902,-105.008932,8/16/2018 8:00,8:00,12,0,0,I25 & 16TH STREET,1,1,0,0,1,4,,0,55,0,0,0,0,0,1,2,2
,2018_41311,39.760663,-105.004795,12/20/2018 13:52,13:52,12,0,1,I25 & 20TH STREET,1,1,0,0,1,4,,0,65,0,0,0,0,1,1,2,7
,2018_41312,39.760997,-105.004271,6/14/2018 6:22,6:22,15,0,0,I25 & 20TH STREET,1,1,0,0,1,4,,0,65,0,0,0,0,0,1,2,13
,2018_41313,39.760997,-105.004271,9/21/2018 16:21,16:21,12,0,0,I25 & 20TH STREET,1,1,0,0,1,4,,0,55,0,0,0,0,0,1,2,3
,2018_41314,39.76111,-105.004124,8/1/2018 16:57,16:57,12,0,0,I25 & 20TH STREET,1,1,1,0,1,4,,0,55,0,0,0,0,0,1,3,13
,2018_41315,39.76111,-105.004124,8/19/2018 15:48,15:48,12,0,1,I25 NORTHBOUND ON RAMP & 20TH STREET,1,1,1,0,1,8,,0,55,0,0,0,0,1,1,2,13
,2018_41316,39.762672,-105.002428,4/14/2018 21:45,21:45,12,0,0,I25 & 20TH STREET NORTHBOUND EXIT GORE,1,3,0,0,1,4,,0,60,0,0,0,0,0,1,2,1
,2018_41318,39.76416,-105.001304,1/12/2018 7:05,7:05,12,0,0,I25 & 20TH STREET,1,2,0,0,1,4,,0,55,0,0,0,0,0,1,2,13
,2018_41319,39.768049,-104.994761,8/29/2018 6:48,6:48,12,0,0,I25 & 38TH AVENUE WEST,1,1,0,0,1,4,,0,55,0,0,0,0,0,1,2,3
,2018_41320,39.768445,-104.993883,7/7/2018 2:55,2:55,5,0,0,I25 NORTHBOUND RAMP ON & PARK AVENUE WEST,1,3,0,0,2,8,,0,35,0,0,0,0,0,1,1,5
,2018_41321,39.776439,-104.98921,8/26/2018 16:40,16:40,12,0,0,I25 & 44TH AVENUE WEST,1,1,1,0,1,4,,0,55,0,0,0,0,0,1,2,13
,2018_41322,39.778806,-104.989171,8/16/2018 17:22,17:22,12,0,0,I25 & I70,1,1,0,0,1,4,,0,45,0,0,0,0,0,1,2,13
,2018_41323,39.779391,-104.989164,9/19/2018 15:35,15:35,12,0,2,I25 & I70,1,1,0,0,1,4,,0,55,0,0,0,0,2,1,2,13
,2018_41324,39.779967,-104.989161,4/28/2018 15:55,15:55,15,0,0,I25 & I70,1,1,0,0,1,4,,0,55,0,0,0,0,0,1,2,7
,2018_41367,39.711195,-105.043188,8/26/2018 11:05,11:05,3,0,1,ALAMEDA AVENUE WEST & STUART STREET SOUTH,1,1,0,0,1,1,,0,25,0,0,0,0,1,2,2,13
,2018_41368,39.711187,-105.039895,9/14/2018 7:10,7:10,3,0,1,ALAMEDA AVENUE WEST & PERRY STREET SOUTH,1,1,0,0,1,1,,0,25,0,0,0,0,2,2,2,13
,2018_41369,39.711089,-105.028742,12/1/2018 14:24,14:24,15,0,0,ALAMEDA AVENUE WEST & HOOKER STREET SOUTH,1,1,0,0,1,4,,0,35,0,0,0,0,0,2,2,13
,2018_41370,39.711082,-105.024307,11/28/2018 14:33,14:33,15,0,0,ALAMEDA AVENUE 2900 BLOCK WEST & FEDERAL BOULEVARD NORTH,1,1,0,0,1,4,,0,30,0,0,0,0,0,2,2,13
,2018_41371,39.711139,-105.018871,8/27/2018 14:20,14:20,12,0,2,ALAMEDA AVENUE 2600 BLOCK WEST & CANOSA COURT SOUTH,1,1,0,0,1,4,,0,35,0,0,0,0,1,2,2,4
,2018_41372,39.653088,-104.915358,12/20/2018 14:34,14:34,15,0,0,HAMPDEN AVENUE EAST & LOCUST STREET SOUTH,1,1,0,0,1,3,,0,35,0,0,0,0,0,2,2,1
,2018_41373,39.653088,-104.915178,10/11/2018 6:41,6:41,3,0,0,LOCUST STREET SOUTH & HAMPDEN AVENUE EAST,1,2,0,0,1,1,,0,25,0,0,0,0,0,2,2,13
,2018_41374,39.653085,-104.913372,8/8/2018 7:48,7:48,12,0,0,HAMPDEN AVENUE 6400 BLOCK EAST & MONACO STREET SOUTH,1,1,0,0,1,4,,0,35,0,0,0,0,0,2,2,13
,2018_41375,39.653077,-104.909036,5/22/2018 15:40,15:40,12,0,0,HAMPDEN AVENUE EAST & ONEIDA WAY SOUTH,1,1,0,0,1,1,,0,30,0,0,0,0,0,2,2,13
,2018_41376,39.653057,-104.885047,1/3/2018 17:54,17:54,1,0,0,HAMPDEN AVENUE 8800 BLOCK EAST & YOSEMITE STREET SOUTH,1,3,0,0,1,2,,0,40,0,0,0,0,0,2,2,8
,2018_41377,39.653045,-104.883813,11/10/2018 14:30,14:30,12,0,0,HAMPDEN AVENUE EAST & YOSEMITE STREET SOUTH,1,1,0,0,1,2,,0,45,0,0,0,0,0,2,2,7
,2018_41378,39.653541,-104.868354,9/12/2018 16:17,16:17,12,0,0,HAVANA STREET SOUTH & GALENA WAY SOUTH,1,1,0,0,1,1,,0,40,0,0,0,0,0,2,4,13
,2018_41379,39.653541,-104.868354,11/2/2018 15:45,15:45,12,0,0,HAVANA STREET SOUTH & GALENA STREET SOUTH,1,1,0,0,1,1,,0,35,0,0,0,0,0,2,2,8
,2018_41380,39.65678,-104.866409,9/18/2018 16:13,16:13,15,0,0,HAVANA STREET SOUTH & GIRARD AVENUE EAST,1,1,0,0,1,4,,0,35,0,0,0,0,0,2,2,16
,2018_41381,39.669099,-104.866097,12/28/2018 11:16,11:16,12,0,0,HAVANA STREET 2500 BLOCK SOUTH & PARKER ROAD SOUTH,1,1,1,0,1,4,,0,40,0,0,0,0,0,2,2,13
,2018_41382,39.669351,-104.866091,3/11/2018 7:47,7:47,12,0,0,HAVANA STREET 2500 BLOCK SOUTH & PARKER ROAD SOUTH,1,1,0,0,1,1,,0,35,0,0,0,0,0,2,2,2
,2018_41395,39.77795,-104.903412,10/30/2018 17:36,17:36,12,0,0,QUEBEC STREET NORTH & I70,2,3,1,2,1,3,,0,35,0,0,0,0,0,2,2,13
,2018_41396,39.779316,-104.903391,8/25/2018 15:20,15:20,15,0,0,NORTHFIELD QUEBEC STREET NORTH & I70 WB ON RAMP,1,1,1,0,1,3,,0,45,0,0,0,0,0,2,2,7
,2018_41397,39.791094,-104.903321,4/11/2018 16:00,16:00,5,0,0,QUEBEC STREET & 5200 BLOCK NORTH,1,1,0,0,1,4,,0,45,0,0,0,0,0,2,2,13
,2018_41446,39.740337,-105.039295,7/30/2018 12:56,12:56,5,0,1,COLFAX AVENUE WEST & PERRY STREET NORTH,1,1,0,0,3,1,,0,35,0,0,0,0,1,2,1,13
,2018_41447,39.74028,-105.01238,7/3/2018 23:05,23:05,3,0,0,COLFAX AVENUE WEST & I25 NORTHBOUND RAMP OFF,1,3,0,0,1,1,,0,45,0,0,0,0,0,2,2,13
,2018_41448,39.74028,-105.01238,7/3/2018 23:07,23:07,12,0,0,COLFAX AVENUE WEST & I25 NORTHBOUND RAMP OFF,1,3,0,0,1,3,,0,45,0,0,0,0,0,2,2,3
,2018_41449,39.740069,-105.005027,8/24/2018 4:35,4:35,12,0,0,COLFAX AVENUE WEST & SEVENTH STREET,1,3,0,0,1,3,,0,30,0,0,0,0,0,2,2,13
,2018_41450,39.740042,-104.998686,10/12/2018 1:15,1:15,10,0,0,COLFAX AVENUE WEST & SPEER BOULEVARD NORTH,1,3,0,0,1,1,,0,35,0,0,0,0,0,2,2,13
,2018_41451,39.740038,-104.997854,5/11/2018 12:58,12:58,12,0,0,COLFAX AVENUE EAST & SPEER BOULEVARD NORTH,1,1,0,0,1,1,,0,35,0,0,0,0,0,2,2,3
,2018_41452,39.740301,-104.98832,3/28/2018 16:25,16:25,15,0,0,COLFAX AVENUE WEST & 15TH STREET,4,1,0,2,1,4,,0,25,0,0,0,0,0,2,3,13
,2018_41453,39.740005,-104.987167,5/27/2018 0:29,0:29,5,0,0,COLFAX AVENUE WEST & BROADWAY NORTH,1,3,0,0,2,3,,0,25,0,0,0,0,0,2,1,5
,2018_41454,39.740007,-104.979792,12/2/2018 6:42,6:42,6,0,0,PEARL STREET NORTH & COLFAX AVENUE EAST,1,1,0,0,1,3,,0,35,0,0,0,0,0,2,2,2
,2018_41455,39.740007,-104.973426,12/26/2018 16:04,16:04,15,0,0,DOWNING STREET NORTH  & COLFAX AVENUE EAST,1,2,0,2,1,1,,0,30,0,0,0,0,0,2,2,8
,2018_41456,39.739992,-104.964783,10/16/2018 18:36,18:36,3,0,0,COLFAX AVENUE EAST & HIGH STREET NORTH,1,2,0,0,1,1,,0,30,0,0,0,0,0,2,2,7
,2018_41457,39.739985,-104.963275,1/10/2018 21:48,21:48,15,0,0,COLFAX AVENUE 2000 BLOCK EAST & RACE STREET NORTH,1,3,1,0,1,4,,0,30,0,0,0,0,0,2,2,7
,2018_41458,39.739979,-104.961956,7/17/2018 10:56,10:56,15,0,0,VINE STREET NORTH & COLFAX AVENUE EAST,1,1,0,0,1,4,,0,30,0,0,0,0,0,2,2,14
,2018_41459,39.740172,-104.953506,11/7/2018 19:46,19:46,1,0,0,COLFAX AVENUE EAST & FILLMORE STREET NORTH,1,3,0,0,1,1,,0,30,0,0,0,0,0,2,2,3
,2018_41460,39.740082,-104.912743,5/3/2018 10:35,10:35,3,0,0,COLFAX AVENUE EAST & MONACO STREET NORTH,2,1,0,1,1,1,,0,30,0,0,0,0,0,2,2,13
,2018_41461,39.740084,-104.904663,1/5/2018 16:15,16:15,3,0,1,COLFAX AVENUE EAST & POPLAR STREET NORTH,1,1,0,0,1,1,,0,25,0,0,0,0,1,2,2,1
,2018_41462,39.740084,-104.903536,9/30/2018 12:55,12:55,1,0,0,COLFAX AVENUE EAST & QUEBEC STREET NORTH,1,1,0,0,1,1,,0,35,0,0,0,0,0,2,2,1
,2018_41463,39.740086,-104.895268,9/8/2018 1:52,1:52,3,0,2,COLFAX AVENUE EAST & TAMARAC STREET NORTH,1,3,0,0,1,1,,0,30,0,0,0,0,1,2,2,14
,2018_41464,39.740086,-104.889631,10/29/2018 11:32,11:32,6,0,0,WABASH STREET 1400 BLOCK NORTH & COLFAX AVENUE EAST,1,1,0,0,1,4,,0,25,0,0,0,0,0,2,2,13
,2018_41500,39.7799152,-104.9664573,5/9/2018 10:57,10:57,15,0,0,I70 & BRIGHTON BOULEVARD NORTH,1,1,1,0,1,4,,0,55,0,0,0,0,0,1,2,7
,2018_41509,39.783971,-105.028324,3/1/2018 7:38,7:38,12,0,0,I70 & FEDERAL BOULEVARD NORTH EASTBOUND EXIT GORE,1,1,0,0,1,4,,0,55,0,0,0,0,0,1,2,14