id,drcog_id,latitude,longitude,crashtime,time,crashtype,numbkilled,numbinjurd,drcoglocat,rdconditin,lightngcon,roadcntgrd,weatherco,location,roaddescrp,schoolzone,constrzone,splimit,bikeinv,pedinv,sctrinv,motoinv,svrty,rdsystem,ttlvehcls,hcf
,2018_41510,39.784178,-105.025956,8/11/2018 17:51,17:51,12,0,1,I70 & FEDERAL BOULEVARD NORTH,1,1,0,0,1,4,,0,65,0,0,0,0,1,1,3,8
,2018_41511,39.783149,-105.006371,7/30/2018 7:23,7:23,12,0,0,I70 & PECOS STREET NORTH,1,1,0,0,1,4,,0,55,0,0,0,0,0,1,4,3
,2018_41512,39.783149,-105.006371,8/11/2018 19:03,19:03,12,0,0,I70 & PECOS STREET NORTH,1,1,1,0,1,4,,0,65,0,0,0,0,0,1,3,13
,2018_41513,39.783149,-105.006371,8/29/2018 13:23,13:23,15,0,0,I70 & PECOS STREET NORTH,1,1,0,0,1,4,,0,55,0,0,0,0,0,1,2,13
,2018_41514,39.783149,-105.006371,6/23/2018 9:30,9:30,12,0,0,48TH AVENUE WEST & PECOS STREET NORTH ROUNDABOUT,1,1,0,0,1,6,,0,30,0,0,0,0,0,1,2,14
,2018_41515,39.780058,-104.9894,3/5/2018 15:38,15:38,12,0,0,I25 & I70,1,1,0,0,1,4,,0,55,0,0,0,0,0,1,3,13
,2018_41516,39.779991,-104.989038,11/17/2018 13:12,13:12,12,0,0,I70 WB OFF RAMP END & I25 NORTHBOUND RAMP BEGIN,5,1,1,2,1,8,,0,55,0,0,0,0,0,1,2,14
,2018_41517,39.779937,-104.988665,10/14/2018 13:19,13:19,5,0,2,I25 NORTHBOUND OFF RAMP SPLIT TO & I70,2,1,0,2,2,8,,0,55,0,0,0,0,1,1,1,14
,2018_41519,39.779441,-104.979019,8/14/2018 8:33,8:33,12,0,1,I70 & WASHINGTON STREET NORTH,1,1,0,0,1,4,,0,55,0,0,0,0,1,1,2,8
,2018_41520,39.779441,-104.979019,10/22/2018 18:08,18:08,1,0,1,WASHINGTON STREET NORTH & I70 WB RAMP,1,3,0,0,1,1,,1,30,0,0,0,0,1,1,2,13
,2018_41521,39.779425,-104.978817,11/2/2018 7:00,7:00,12,0,0,I70 WB OFF SLIP RAMP & WASHINGTON STREET NORTH,1,1,0,0,1,8,,0,45,0,0,0,0,0,1,2,14
,2018_41522,39.778289,-104.912566,9/29/2018 17:58,17:58,15,0,0,I70 & MONACO STREET NORTH,1,1,0,0,1,4,,0,35,0,0,0,0,0,1,2,1
,2018_41523,39.779483,-104.976375,7/23/2018 9:55,9:55,12,0,0,I70 EASTBOUND MERGE LANE FROM & I25,1,1,0,0,1,4,,0,45,0,0,0,0,0,1,3,13
,2018_41524,39.779747,-104.975883,2/19/2018 6:00,6:00,15,0,0,I70 900 BLOCK EASTBOUND & MM 274.78 APPROXIMATELY,4,2,0,2,1,4,,0,65,0,0,0,0,0,1,2,14
,2018_41525,39.779942,-104.966087,2/8/2018 16:45,16:45,12,0,0,I70 & BRIGHTON BOULEVARD,1,1,0,0,1,4,,0,55,0,0,0,0,0,1,2,13
,2018_41526,39.779942,-104.966087,7/16/2018 16:42,16:42,12,0,0,I70 & BRIGHTON BOULEVARD,1,1,1,0,1,4,,0,65,0,0,0,0,0,1,2,14
,2018_41527,39.780012,-104.959789,10/16/2018 12:22,12:22,12,0,0,I70 & YORK STREET NORTH,1,1,0,0,1,4,,0,55,0,0,0,0,0,1,2,13
,2018_41528,39.780016,-104.953383,10/29/2018 19:10,19:10,12,0,0,I70 & VASQUEZ BOULEVARD NORTH,1,3,0,0,1,4,,0,55,0,0,0,0,0,1,2,13
,2018_41529,39.779999,-104.949951,12/6/2018 17:45,17:45,15,0,0,I70 & STEELE STREET NORTH,1,3,0,0,1,4,,0,65,0,0,0,0,0,1,2,13
,2018_41530,39.780032,-104.931784,6/16/2018 13:07,13:07,15,0,0,I70 & DAHLIA STREET NORTH,1,1,0,0,1,4,,0,55,0,0,0,0,0,1,2,3
,2018_41531,39.778985,-104.926018,4/13/2018 11:14,11:14,12,0,0,I70 & COLORADO BOULEVARD NORTH,1,1,0,0,1,4,,0,55,0,0,0,0,0,1,2,7
,2018_41532,39.778341,-104.92238,6/25/2018 2:27,2:27,12,0,0,I70 & HOLLY STREET NORTH,1,3,0,0,1,4,,0,,0,0,0,0,0,1,2,13
,2018_41533,39.778341,-104.92238,9/6/2018 5:10,5:10,12,0,0,I70 & HOLLY STREET NORTH,1,3,0,0,1,4,,0,65,0,0,0,0,0,1,2,13
,2018_41534,39.778285,-104.917487,11/5/2018 9:41,9:41,12,0,0,I70 & KEARNEY STREET NORTH,1,1,0,0,1,4,,0,55,0,0,0,0,0,1,3,13
,2018_41536,39.778285,-104.917305,1/9/2018 6:54,6:54,12,0,1,I70 & KEARNEY STREET NORTH,1,3,0,0,1,4,,0,65,0,0,0,0,1,1,3,13
,2018_41537,39.778295,-104.903818,3/22/2018 1:03,1:03,5,0,1,I70 & NORTHFIELD QUEBEC NORTH,1,3,0,0,2,4,,0,55,0,0,0,0,2,1,1,5
,2018_41538,39.778295,-104.903454,3/18/2018 2:29,2:29,15,0,0,I70 & NORTHFIELD NORTH,1,3,0,0,1,4,,0,55,0,0,0,0,0,1,3,13
,2018_41539,39.778298,-104.899809,10/21/2018 23:41,23:41,12,0,0,I70 & QUEBEC STREET NORTH,1,3,0,0,1,4,,1,,0,0,0,0,0,1,2,13
,2018_41540,39.777174,-104.88333,10/12/2018 11:50,11:50,12,0,0,I70 WB OFF RAMP & CENTRAL PARK BOULEVARD NORTH,1,1,0,0,1,8,,0,45,0,0,0,0,0,1,2,7
,2018_41542,39.777139,-104.882953,7/30/2018 8:30,8:30,12,0,0,I70 & CENTRAL PARK BOULEVARD NORTH,1,1,0,0,1,4,,0,65,0,0,0,0,0,1,3,13
,2018_41543,39.777139,-104.882953,10/15/2018 17:35,17:35,15,0,0,I70 EASTBOUND OFF RAMP & CENTRAL PARK BOULEVARD NORTH,1,2,1,0,1,3,,0,35,0,0,0,0,0,1,2,13
,2018_41544,39.776983,-104.881255,7/6/2018 9:43,9:43,15,0,1,I70 & I270 WB EXIT LANE APPROXIMATELY,1,1,0,0,1,4,,0,55,0,0,0,1,1,1,2,13
,2018_41545,39.776914,-104.880501,11/20/2018 21:10,21:10,15,0,0,I70 MERGE LANE & CENTRAL PARK BOULEVARD NORTH,1,3,0,0,1,4,,0,55,0,0,0,0,0,1,3,8
,2018_41546,39.776541,-104.876372,12/26/2018 12:27,12:27,12,0,0,I70 & PEORIA STREET NORTH,1,1,0,0,1,4,,0,55,0,0,0,0,0,1,2,14
,2018_41547,39.775732,-104.866943,12/4/2018 17:28,17:28,15,0,0,I70 & HAVANA STREET NORTH,1,3,0,0,1,4,,0,65,0,0,0,0,0,1,3,13
,2018_41548,39.775589,-104.86528,11/6/2018 9:08,9:08,12,0,0,I70 & HAVANA STREET NORTH,1,1,0,0,1,4,,0,55,0,0,0,0,0,1,4,14
,2018_41549,39.775573,-104.865095,2/2/2018 12:20,12:20,12,0,0,I70 & HAVANA STREET NORTH,1,1,0,0,1,4,,0,65,0,0,0,0,0,1,2,13
,2018_41550,39.775239,-104.861213,11/4/2018 17:40,17:40,12,0,0,I70 & HAVANA STREET NORTH,1,3,1,0,1,4,,0,55,0,0,0,0,0,1,2,13
,2018_41551,39.774079,-104.847717,2/2/2018 6:58,6:58,12,0,0,I70 EASTBOUND OFF RAMP & PEORIA STREET NORTH,1,1,0,0,1,8,,0,55,0,0,0,0,0,1,2,8
,2018_41552,39.774015,-104.846978,12/31/2018 13:45,13:45,15,0,0,I70 & PEORIA STREET NORTH,5,1,1,2,1,4,,0,55,0,0,0,0,0,1,2,13
,2018_41553,39.774015,-104.846978,10/30/2018 8:18,8:18,9,0,1,I70 WB OFF RAMP & PEORIA STREET NORTH,1,1,2,0,3,8,,0,45,0,0,0,0,1,1,1,1
,2018_41624,39.69629,-104.897364,2/4/2018 22:34,22:34,12,0,0,MISSISSIPPI AVENUE EAST & PARKER ROAD SOUTH,1,3,0,0,1,1,,0,35,0,0,0,0,0,2,2,13
,2018_41625,39.696351,-104.897528,6/13/2018 9:57,9:57,12,0,1,PARKER ROAD SOUTH & MISSISSIPPI AVENUE EAST,1,1,0,0,1,3,,0,35,0,0,0,0,1,2,2,13
,2018_41626,39.69811,-104.902301,5/30/2018 15:05,15:05,12,0,0,LEETSDALE DRIVE & QUEBEC STREET / 7200 BLOCK,1,1,0,0,1,4,,0,35,0,0,0,0,0,2,2,12
,2018_41627,39.698678,-104.903771,6/8/2018 10:15,10:15,15,0,0,LEETSDALE DRIVE & QUEBEC STREET SOUTH,1,1,0,0,1,4,,0,30,0,0,0,0,0,2,2,1
,2018_41628,39.707328,-104.922192,1/26/2018 14:48,14:48,15,0,0,HOLLY STREET SOUTH & LEETSDALE DRIVE,1,1,0,0,1,1,,0,35,0,0,0,0,0,2,2,13
,2018_41652,39.678447,-104.993319,12/6/2018 11:57,11:57,15,0,0,EVANS AVENUE WEST & HIGHWAY 85 RAMPS,1,1,1,0,1,1,,0,35,0,0,0,0,0,2,2,1
,2018_41653,39.687439,-104.991942,8/24/2018 14:32,14:32,15,0,0,SANTA FE DRIVE SOUTH & IOWA AVENUE WEST,1,1,0,0,1,1,,0,55,0,0,0,0,0,2,2,1
,2018_41654,39.696483,-104.991947,11/15/2018 8:43,8:43,12,0,0,PLATTE RIVER DRIVE SOUTH  & MISSISSIPPI AVENUE EAST / 1000 BLOCK SOUTH,1,1,0,0,1,4,,0,45,0,0,0,0,0,2,2,13
,2018_41655,39.696483,-104.991947,11/21/2018 12:39,12:39,15,0,0,SANTA FE DRIVE SOUTH & MISSISSIPPI AVENUE WEST,1,1,0,0,1,3,,0,45,0,0,0,0,0,2,2,13
,2018_41656,39.696679,-104.991877,5/25/2018 10:04,10:04,3,0,0,PLATTE RIVER DRIVE SOUTH  & MISSISSIPPI AVENUE WEST,1,1,0,0,1,1,,0,45,0,0,0,0,0,2,2,13
,2018_41657,39.696679,-104.991877,9/5/2018 6:25,6:25,1,0,0,MISSISSIPPI AVENUE WEST & SANTA FE DRIVE SOUTH,2,1,0,1,1,1,,0,30,0,0,0,0,0,2,2,7
,2018_41658,39.702562,-104.994329,4/21/2018 14:44,14:44,15,0,1,HIGHWAY 85 NORTHBOUND EXIT GORE POINT & I25 NORTHBOUND ON LOOP RAMP,2,1,0,1,1,4,,0,45,0,0,0,0,1,2,2,1
,2018_41663,39.737983,-105.025273,9/21/2018 17:35,17:35,15,0,0,FEDERAL BOULEVARD NORTH & 14TH AVENUE WEST,1,1,1,0,1,4,,0,35,0,0,0,0,0,2,2,13
,2018_41664,39.729431,-105.025156,12/3/2018 7:34,7:34,12,0,0,FEDERAL BOULEVARD NORTH 800 BLOCK & EIGHTH AVENUE WEST,1,1,0,0,1,4,,0,35,0,0,0,0,0,2,2,13
,2018_41665,39.729284,-105.025154,5/17/2018 10:30,10:30,14,0,1,FEDERAL BOULEVARD NORTH & EIGHTH AVENUE WEST,1,1,0,0,1,1,,0,35,0,0,0,0,1,2,2,13
,2018_41666,39.725719,-105.025126,9/24/2018 11:50,11:50,10,0,0,SIXTH AVENUE WB OFF RAMP & FEDERAL BOULEVARD NORTH,1,1,0,0,1,1,,0,30,0,0,0,0,0,2,2,8
,2018_41667,39.725357,-105.025125,8/11/2018 19:54,19:54,15,0,0,FEDERAL BOULEVARD NORTH & SIXTH AVENUE WB RAMPS,1,2,0,0,1,1,,0,30,0,0,0,0,0,2,2,14
,2018_41668,39.718102,-105.025149,1/18/2018 16:08,16:08,1,0,0,FEDERAL BOULEVARD NORTH & FIRST AVENUE WEST,1,1,1,0,1,1,,0,35,0,0,0,0,0,2,2,7
,2018_41669,39.791145,-105.02518,4/14/2018 21:40,21:40,5,0,0,FEDERAL BOULEVARD NORTH & 52ND AVENUE WEST,1,3,0,0,2,1,,0,35,0,0,0,0,0,2,1,7
,2018_41670,39.711551,-105.025109,1/19/2018 18:00,18:00,12,0,1,FEDERAL BOULEVARD & 200 BLOCK SOUTH FEDERAL BOULEVARD,1,2,0,0,1,4,,0,30,0,0,0,0,1,2,3,1
,2018_41671,39.711104,-105.025094,6/2/2018 8:05,8:05,12,0,0,FEDERAL BOULEVARD & 300 BLOCK SOUTH,1,1,1,0,1,3,,0,40,0,0,0,0,0,2,2,7
,2018_41672,39.702961,-105.025073,3/18/2018 10:29,10:29,12,0,0,FEDERAL BOULEVARD 700 BLOCK SOUTH & WALSH PLACE WEST,1,1,0,0,1,4,,0,35,0,0,0,0,0,2,2,13
,2018_41674,39.701906,-105.025062,2/13/2018 9:13,9:13,15,0,0,FEDERAL BOULEVARD SOUTH 800 BLOCK & OHIO AVENUE WEST,1,1,0,0,1,4,,0,35,0,0,0,0,0,2,2,13
,2018_41675,39.701756,-105.025064,8/11/2018 21:00,21:00,12,0,0,OHIO AVENUE WEST  & FEDERAL BOULEVARD SOUTH,1,3,0,0,1,4,,0,40,0,0,0,0,0,2,2,3
,2018_41676,39.695391,-105.025066,11/16/2018 14:27,14:27,15,0,0,FEDERAL BOULEVARD SOUTH & LOUISANA AVENUE WEST,1,1,0,0,1,4,,0,30,0,0,0,0,0,2,2,13
,2018_41677,39.693033,-105.025057,8/17/2018 16:06,16:06,12,0,0,FEDERAL BOULEVARD SOUTH & LOUISIANA AVENUE WEST,1,1,0,0,1,3,,0,40,0,0,0,0,0,2,4,12
,2018_41678,39.690674,-105.025048,7/25/2018 21:28,21:28,3,0,0,FEDERAL BOULEVARD SOUTH & ARKANSAS AVENUE WEST,2,3,1,1,1,1,,0,35,0,0,0,0,0,2,2,7
,2018_41679,39.689495,-105.025043,6/17/2018 16:00,16:00,3,0,0,FLORIDA AVENUE WEST & FEDERAL BOULEVARD SOUTH,2,1,0,1,1,1,,0,35,0,0,0,0,0,2,2,13
,2018_41680,39.689495,-105.025043,6/18/2018 2:11,2:11,3,0,1,FLORIDA AVENUE WEST & FEDERAL BOULEVARD SOUTH,2,3,0,0,1,1,,0,35,0,0,0,0,2,2,2,13
,2018_41681,39.6892,-105.025042,6/1/2018 12:01,12:01,12,0,0,FEDERAL BOULEVARD 1400 BLOCK SOUTH & FLORIDA AVENUE SOUTH,1,1,0,0,1,4,,0,40,0,0,0,0,0,2,2,10
,2018_41682,39.687578,-105.025036,3/31/2018 14:29,14:29,12,0,2,FEDERAL BOULEVARD & IOWA AVENUE WEST,1,1,0,0,1,4,,0,40,0,0,0,0,1,2,2,5
,2018_41683,39.682275,-105.025016,9/9/2018 20:20,20:20,12,0,0,FEDERAL BOULEVARD SOUTH & JEWELL AVENUE WEST,1,3,0,0,1,3,,0,40,0,0,0,0,0,2,2,13
,2018_41684,39.676736,-105.025046,8/5/2018 15:25,15:25,3,0,0,WARREN AVENUE WEST & FEDERAL BOULEVARD SOUTH,1,1,0,0,1,1,,0,25,0,0,0,0,0,2,2,3
,2018_41685,39.674696,-105.025057,4/9/2018 11:53,11:53,15,0,0,FEDERAL BOULEVARD 2300 BLOCK SOUTH & ILIFF AVENUE WEST,1,1,0,0,1,4,,0,35,0,0,0,0,0,2,2,13
,2018_41710,39.653379,-105.053086,3/26/2018 11:00,11:00,12,0,0,SHERIDAN BOULEVARD SOUTH & HAMPDEN AVENUE WEST,1,1,0,0,1,2,,0,40,0,0,0,0,0,2,2,13
,2018_41711,39.655739,-105.053219,10/8/2018 13:22,13:22,12,0,0,SHERIDAN BOULEVARD SOUTH & DARTMOUTH AVENUE WEST,2,1,0,0,1,3,,0,15,0,0,0,0,0,2,2,10
,2018_41712,39.65638,-105.053224,7/25/2018 13:04,13:04,3,0,0,SHERIDAN BOULEVARD SOUTH & DARTMOUTH AVENUE WEST,1,1,0,0,1,2,,0,30,0,0,0,0,0,2,2,7
,2018_41713,39.679091,-105.053268,7/9/2018 17:50,17:50,15,0,0,SHERIDAN BOULEVARD SOUTH & EVANS AVENUE WEST,1,1,0,0,1,4,,0,35,0,0,0,0,0,2,2,13
,2018_41714,39.682251,-105.053195,1/12/2018 21:14,21:14,1,0,0,SHERIDAN BOULEVARD SOUTH & JEWELL AVENUE WEST,1,3,1,0,1,1,,0,,0,0,0,0,0,2,2,13
,2018_41715,39.691391,-105.0532,8/29/2018 10:15,10:15,12,0,0,SHERIDAN BOULEVARD SOUTH 1400 BLOCK & ARKANSAS AVENUE WEST,1,1,0,0,1,3,,0,,0,0,0,0,0,2,3,13
,2018_41735,39.616871,-105.091123,11/23/2018 11:19,11:19,12,0,0,WADSWORTH BOULEVARD SOUTH & CRESTLINE AVENUE WEST,1,1,0,0,1,4,,0,35,0,0,0,0,0,2,3,13
,2018_41802,39.634114,-104.902134,5/3/2018 11:39,11:39,12,0,1,I225 & MM 0.3,2,1,0,1,1,4,,0,55,0,0,0,0,1,1,2,13
,2018_41803,39.634376,-104.900784,1/1/2018 12:55,12:55,15,0,0,I225 & I25,1,1,0,0,1,4,,0,55,0,0,0,0,0,1,2,14
,2018_41805,39.635522,-104.893462,2/17/2018 13:28,13:28,12,0,0,I225 & TAMARAC STREET SOUTH,1,1,0,0,1,4,,0,55,0,0,0,0,0,1,3,13
,2018_41806,39.635522,-104.893462,4/16/2018 6:37,6:37,12,0,0,I225 & TAMARAC DRIVE SOUTH,1,2,0,0,1,4,,0,60,0,0,0,0,0,1,2,3
,2018_41807,39.635522,-104.893462,6/19/2018 11:32,11:32,1,0,0,TAMARAC STREET SOUTH & I225,1,1,0,0,1,1,,0,40,0,0,0,0,0,1,2,13
,2018_41808,39.636627,-104.890549,4/27/2018 11:59,11:59,12,0,0,I225 & I25,1,1,0,0,1,4,,0,55,0,0,0,0,0,1,2,13
,2018_41809,39.639223,-104.885207,12/12/2018 11:45,11:45,15,0,0,I225 NORTHBOUND RAMPS & YOSEMITE STREET SOUTH,1,1,0,0,1,1,,0,35,0,0,0,0,0,1,2,8
,2018_41838,39.779661,-104.967133,11/26/2018 14:20,14:20,1,0,0,BRIGHTON BOULEVARD & I70 EASTBOUND RAMPS,1,1,0,0,1,2,,0,35,0,0,0,0,0,2,2,13
,2018_41844,39.776863,-104.889757,1/7/2018 0:00,0:00,12,0,0,I270 WB & QUEBEC PARKWAY,1,4,0,0,1,4,,0,,0,0,0,0,0,1,2,14
,2018_41860,39.652979,-104.918863,8/15/2018 8:42,8:42,1,0,0,HAMPDEN AVENUE EAST & I25 SOUTHBOUND ON RAMP,1,1,0,0,1,1,,0,40,0,0,0,0,0,2,2,2
,2018_41861,39.652978,-104.917698,10/7/2018 0:32,0:32,3,0,0,HAMPDEN AVENUE EAST & I25 NORTHBOUND RAMPS,1,3,0,0,1,1,,0,35,0,0,0,0,0,2,2,13
,2018_41862,39.75854,-105.025143,8/30/2018 13:55,13:55,3,0,0,29TH AVENUE WEST & FEDERAL BOULEVARD NORTH,1,1,0,0,1,1,,0,30,0,0,0,0,0,2,2,3
,2018_41863,39.777832,-105.025228,12/11/2018 17:23,17:23,12,0,0,FEDERAL BOULEVARD NORTH & 45TH AVENUE WEST,1,3,0,0,1,1,,0,35,0,0,0,0,0,2,3,14
,2018_41864,39.784707,-105.025224,12/9/2018 18:24,18:24,1,0,0,FEDERAL BOULEVARD 4700 BLOCK NORTH & I70 EASTBOUND RAMPS,1,3,0,0,1,1,,0,35,0,0,0,0,0,2,3,8
,2018_41865,39.785567,-105.025223,11/16/2018 17:09,17:09,12,0,0,FEDERAL BOULEVARD NORTH 4800 BLOCK & 49TH AVENUE WEST,1,2,0,0,1,4,,0,,0,0,0,0,0,2,2,13
,2018_41866,39.78571,-105.025223,12/28/2018 18:30,18:30,3,0,0,FEDERAL BOULEVARD NORTH & 49TH AVENUE WEST,1,3,0,0,1,1,,0,35,0,0,0,0,0,2,2,4
,2018_41944,39.653539,-104.940574,5/24/2018 17:17,17:17,15,0,1,COLORADO BOULEVARD 3400 BLOCK SOUTH & HAMPDEN AVENUE EAST,1,1,0,0,1,4,,0,40,0,0,0,0,1,2,2,13
,2018_41945,39.67843,-104.940638,5/15/2018 20:27,20:27,1,0,1,COLORADO BOULEVARD SOUTH & EVANS AVENUE EAST,1,3,0,0,1,1,,0,35,0,0,0,0,1,2,2,13
,2018_41946,39.685533,-104.940543,11/26/2018 18:30,18:30,1,0,0,MEXICO AVENUE EAST & COLORADO BOULEVARD SOUTH,1,3,0,0,1,1,,0,25,0,0,0,0,0,2,2,13
,2018_41947,39.686878,-104.940544,3/12/2018 10:00,10:00,12,0,0,COLORADO BOULEVARD 1600 BLOCK SOUTH & IOWA AVENUE EAST,1,1,0,0,1,3,,0,35,0,0,0,0,0,2,2,13
,2018_41948,39.687625,-104.940545,1/11/2018 16:00,16:00,12,0,0,COLORADO BOULEVARD 1500 BLOCK SOUTH & IOWA AVENUE EAST,1,1,0,0,1,4,,0,,0,0,0,0,0,2,2,13
,2018_41949,39.722728,-104.940608,12/11/2018 13:40,13:40,12,0,0,COLORADO BOULEVARD NORTH & THIRD AVENUE EAST,1,1,0,0,1,3,,0,30,0,0,0,0,0,2,2,13
,2018_41950,39.72871,-104.940605,7/24/2018 8:57,8:57,12,0,0,COLORADO BOULEVARD NORTH & EIGHTH AVENUE EAST,1,1,0,0,1,1,,0,35,0,0,0,0,0,2,2,13
,2018_41951,39.731044,-104.940605,5/21/2018 8:38,8:38,12,0,2,COLORADO BOULEVARD 800 BLOCK NORTH & NINTH AVENUE EAST,1,1,0,0,1,4,,0,35,0,0,0,0,1,2,3,7
,2018_41952,39.736589,-104.940603,11/26/2018 10:47,10:47,12,0,0,COLORADO BOULEVARD 1300 BLOCK NORTH & 13TH AVENUE EAST,1,1,0,0,1,4,,0,35,0,0,0,0,0,2,2,13
,2018_41953,39.740966,-104.940601,6/20/2018 15:00,15:00,5,0,0,COLORADO BOULEVARD D NORTH & COLFAX AVENUE EAST,1,1,0,0,1,4,,0,35,0,0,0,0,0,2,2,13
,2018_41954,39.741841,-104.940601,9/27/2018 19:41,19:41,12,0,1,COLORADO BOULEVARD NORTH & 16TH AVENUE EAST,1,3,0,0,1,3,,0,35,0,0,0,0,2,2,2,7
,2018_41955,39.741987,-104.940601,11/6/2018 16:04,16:04,15,0,0,COLORADO BOULEVARD 1600 BLOCK NORTH & 16TH AVENUE EAST,1,2,0,0,1,3,,0,35,0,0,0,0,0,2,2,1
,2018_41956,39.756397,-104.940533,10/16/2018 10:23,10:23,12,0,0,COLORADO BOULEVARD & 28TH AVENUE,1,1,0,0,1,3,,0,35,0,0,0,0,0,2,3,7
,2018_41957,39.725543,-105.034525,10/18/2018 6:26,6:26,12,0,0,SIXTH AVENUE WEST 4300 BLOCK & FEDERAL BOULEVARD NORTH,1,3,0,0,1,4,,0,,0,0,0,0,0,2,2,13
,2018_41958,39.761914,-104.940511,5/21/2018 14:42,14:42,12,0,0,COLORADO BOULEVARD NORTH & MLK BOULEVARD EAST,1,1,0,0,1,1,,0,35,0,0,0,0,0,2,2,13
,2018_41959,39.761914,-104.940511,10/27/2018 14:52,14:52,1,0,0,COLORADO BOULEVARD NORTH & MLK BOULEVARD EAST,1,1,0,0,1,1,,0,35,0,0,0,0,0,2,2,1
,2018_41960,39.761914,-104.940511,12/17/2018 22:18,22:18,1,0,0,MLK BOULEVARD & COLORADO BOULEVARD NORTH,1,3,1,0,1,1,,0,35,0,0,0,0,0,2,2,13
,2018_41977,39.725646,-105.051893,6/4/2018 19:05,19:05,15,0,0,SIXTH AVENUE WEST EASTBOUND RAMP ON & SIXTH AVENUE SOUTH FRONTAGE ROAD,1,1,1,0,1,8,,0,30,0,0,0,0,0,2,2,13
,2018_41978,39.725455,-105.032456,12/13/2018 9:19,9:19,12,0,0,SIXTH AVENUE WEST & KNOX COURT NORTH,1,1,0,0,1,4,,0,55,0,0,0,0,0,2,2,1
,2018_41979,39.725423,-105.029834,12/8/2018 18:13,18:13,12,0,0,SIXTH AVENUE WEST & FEDERAL BOULEVARD NORTH,1,2,0,0,1,4,,0,55,0,0,0,0,0,2,2,13
,2018_41980,39.725269,-105.020195,5/4/2018 12:15,12:15,15,0,0,SIXTH AVENUE WEST & FEDERAL BOULEVARD NORTH,1,1,0,0,1,4,,0,55,0,0,0,0,0,2,2,13
,2018_41981,39.725205,-105.018067,6/7/2018 8:54,8:54,12,0,0,SIXTH AVENUE WEST EASTBOUND OFF RAMP & I25,1,1,1,0,1,8,,0,55,0,0,0,0,0,2,2,3
,2018_41982,39.781449,-104.94971,9/5/2018 7:32,7:32,12,0,0,VASQUEZ BOULEVARD & STEELE STREET,1,1,0,1,1,1,,0,45,0,0,0,0,0,2,2,7
,2018_41983,39.790208,-104.942044,6/28/2018 18:26,18:26,12,0,1,VASQUEZ BOULEVARD & 52ND AVENUE EAST,1,1,0,0,1,3,,0,45,0,0,0,0,1,2,2,3
,2018_42043,39.64994,-104.9165,2/21/2018 12:30,12:30,12,0,0,I25 & HAMPDEN AVENUE EAST,1,1,0,0,1,4,,0,,0,0,0,0,0,1,2,13
,2018_42048,39.75115,-105.016647,10/4/2018 19:40,19:40,12,0,0,I25 NORTHBOUND OFF RAMP & 23RD AVENUE WEST,1,2,0,0,1,8,,0,55,0,0,0,0,0,1,2,13
,2018_42053,39.628541,-104.9042,4/11/2018 20:07,20:07,12,0,1,I25 & UNION AVENUE EAST,1,3,0,0,1,4,,1,50,0,0,0,0,2,1,2,5
,2018_42054,39.632192,-104.905941,6/19/2018 2:58,2:58,12,0,0,I25 & MM 200 / I225,1,1,1,0,1,4,,0,55,0,0,0,0,0,1,2,13
,2018_42055,39.636133,-104.908017,5/9/2018 15:20,15:20,12,0,0,I25 & BELLEVIEW AVENUE EAST,1,1,0,0,1,4,,0,60,0,0,0,0,0,1,3,13
,2018_42056,39.639103,-104.91017,2/21/2018 12:20,12:20,12,0,0,I25 & QUINCY AVENUE EAST,1,1,0,0,1,4,,0,65,0,0,0,0,0,1,2,3
,2018_42057,39.647111,-104.914858,9/22/2018 13:20,13:20,15,0,0,I25 & I225 NB/EB FLYOVER,1,1,0,0,1,4,,0,55,0,0,0,0,0,1,2,1
,2018_42058,39.65313,-104.918259,1/16/2018 18:00,18:00,12,0,0,I25 NORTHBOUND OFF RAMP & HAMPDEN AVENUE EAST,1,3,0,0,1,8,,0,35,0,0,0,0,0,1,2,13
,2018_42059,39.653259,-104.918319,2/24/2018 13:03,13:03,12,0,0,I25 & HAMPDEN AVENUE EAST,1,1,0,0,1,4,,0,65,0,0,0,0,0,1,2,13
,2018_42060,39.653259,-104.918319,6/25/2018 10:06,10:06,12,0,0,I25 & HAMPDEN AVENUE EAST INTCH,1,1,0,0,1,4,,0,65,0,0,0,0,0,1,2,13
,2018_42061,39.65831,-104.920586,2/18/2018 3:58,3:58,12,0,2,I25 SOUTHBOUND EXIT GORE POINT & HAMPDEN AVENUE EAST,1,3,0,0,1,4,,0,60,0,0,0,0,2,1,2,5
,2018_42062,39.678367,-104.933559,3/1/2018 7:34,7:34,15,0,0,EVANS AVENUE EAST & I25 SOUTHBOUND ON RAMP,1,1,1,0,1,1,,0,15,0,0,0,0,0,1,2,13
,2018_42063,39.678367,-104.933559,7/16/2018 1:40,1:40,12,0,0,EVANS AVENUE EAST & I25 NORTHBOUND RAMPS,1,3,3,0,1,1,,0,35,0,0,0,0,0,1,2,5
,2018_42064,39.678804,-104.93394,5/16/2018 9:37,9:37,12,0,0,I25 & EVANS AVENUE EAST,1,1,1,0,1,4,,0,60,0,0,0,0,0,1,2,3
,2018_42065,39.682977,-104.939968,7/19/2018 8:35,8:35,15,0,0,I25 NORTHBOUND ENTRANCE GORE POINT & EVANS AVENUE EAST,1,1,0,0,1,4,,0,50,0,0,0,0,0,1,2,3
,2018_42066,39.683094,-104.940452,9/6/2018 18:55,18:55,12,0,1,I25 & COLORADO BOULEVARD SOUTH,1,1,0,0,1,4,,0,60,0,0,0,0,1,1,2,13