id,drcog_id,latitude,longitude,crashtime,time,crashtype,numbkilled,numbinjurd,drcoglocat,rdconditin,lightngcon,roadcntgrd,weatherco,location,roaddescrp,schoolzone,constrzone,splimit,bikeinv,pedinv,sctrinv,motoinv,svrty,rdsystem,ttlvehcls,hcf
,2018_42067,39.684418,-104.945912,5/14/2018 16:55,16:55,5,0,0,I25 SOUTHBOUND EXIT GORE POINT & COLORADO BOULEVARD SOUTH,1,1,0,0,1,4,,0,55,0,0,0,0,0,1,2,13
,2018_42068,39.68492,-104.950436,12/27/2018 11:28,11:28,15,0,0,I25 & STEELE STREET SOUTH,1,1,0,0,1,4,,0,50,0,0,0,0,0,1,2,3
,2018_42069,39.684921,-104.959322,10/28/2018 0:20,0:20,5,0,1,I25 NORTHBOUND OFF RAMP SLIP & UNIVERSITY BOULEVARD SOUTH,1,3,1,0,2,8,,0,35,0,0,0,0,2,1,1,5
,2018_42070,39.684915,-104.959701,8/10/2018 8:48,8:48,15,0,0,I25 & UNIVERSITY BOULEVARD SOUTH,1,1,0,0,1,4,,0,60,0,0,0,0,0,1,2,13
,2018_42071,39.684915,-104.959701,9/6/2018 8:31,8:31,12,0,0,I25 NORTHBOUND ON RAMP & UNIVERSITY BOULEVARD SOUTH,1,1,0,0,1,8,,0,35,0,0,0,0,0,1,2,13
,2018_42072,39.690115,-104.973561,5/28/2018 16:44,16:44,12,0,0,I25 & DOWNING STREET SOUTH,2,1,0,1,1,4,,0,55,0,0,0,0,0,1,2,13
,2018_42073,39.69219,-104.976782,9/20/2018 14:19,14:19,12,0,0,I25 & EMERSON STREET SOUTH,1,1,0,0,1,4,,0,55,0,0,0,0,0,1,2,13
,2018_42074,39.693168,-104.977858,2/6/2018 17:18,17:18,12,0,0,I25 & LOUISIANA AVENUE EAST,1,1,0,0,1,4,,0,55,0,0,0,0,0,1,2,1
,2018_42075,39.697287,-104.982513,9/9/2018 13:08,13:08,12,0,0,I25 & LOGAN STREET SOUTH,1,1,1,0,1,4,,0,65,0,0,0,1,0,1,2,13
,2018_42076,39.697613,-104.982886,11/2/2018 9:20,9:20,12,0,2,I25 NORTHBOUND ON RAMP ENTRANCE GORE POINT & WASHINGTON STREET / BUTCHEL BOULEVARD,1,1,1,0,1,8,,0,45,0,0,0,0,1,1,2,12
,2018_42077,39.701361,-104.987328,8/22/2018 18:38,18:38,12,0,1,I25 & BROADWAY SOUTH,1,1,0,0,1,4,,0,65,0,0,0,0,1,1,2,3
,2018_42078,39.701466,-104.987451,5/13/2018 23:51,23:51,15,0,0,I25 & BROADWAY SOUTH,2,3,1,1,1,4,,0,55,0,0,0,0,0,1,2,13
,2018_42079,39.701466,-104.987451,7/14/2018 23:40,23:40,15,0,0,I25 & BROADWAY SOUTH,1,1,1,0,1,4,,0,55,0,0,0,0,0,1,2,13
,2018_42080,39.701466,-104.987451,6/3/2018 2:30,2:30,12,0,0,BROADWAY SOUTH & I25 SOUTHBOUND ON RAMP,1,3,0,0,1,1,,0,25,0,0,0,0,0,1,2,14
,2018_42081,39.703195,-104.99018,6/13/2018 8:04,8:04,12,0,0,I25 SOUTHBOUND OFF RAMP EXIT GORE POINT & BROADWAY SOUTH,1,1,1,0,1,8,,0,45,0,0,0,0,0,1,2,3
,2018_42082,39.710974,-104.998764,8/11/2018 21:30,21:30,15,0,0,I25 SOUTHBOUND OFF RAMP EXIT GORE POINT & SANTA FE DRIVE SOUTH,1,3,1,0,1,8,,0,55,0,0,0,0,0,1,2,13
,2018_42083,39.714263,-105.000757,3/9/2018 20:46,20:46,12,0,0,I25 & ALAMEDA AVENUE WEST,1,3,0,0,1,4,,0,65,0,0,0,0,0,1,2,13
,2018_42084,39.714528,-105.00093,5/10/2018 10:41,10:41,12,0,0,I25 & SIXTH AVENUE WEST,1,1,0,0,1,4,,0,55,0,0,0,0,0,1,2,1
,2018_42085,39.720036,-105.007094,11/10/2018 12:40,12:40,12,0,0,I25 & SIXTH AVENUE WEST,1,1,0,0,1,4,,0,55,0,0,0,0,0,1,2,12
,2018_42086,39.722897,-105.010503,3/24/2018 10:20,10:20,12,0,0,I25 NORTHBOUND EXIT GORE POINT & SIXTH AVENUE WEST,1,1,3,0,1,4,,0,55,0,0,0,0,0,1,2,13
,2018_42087,39.722955,-105.010584,3/10/2018 9:22,9:22,12,0,1,I25 NORTHBOUND EXIT GORE POINT & SIXTH AVENUE WEST,1,1,1,0,1,4,,0,65,0,0,0,0,2,1,2,13
,2018_42088,39.724815,-105.012562,10/7/2018 17:14,17:14,15,0,0,I25 NORTHBOUND ON RAMP FROM & SIXTH AVENUE WEST,2,1,1,1,1,8,,0,30,0,0,0,0,0,1,2,13
,2018_42089,39.725165,-105.012815,7/19/2018 12:24,12:24,12,0,0,I25 NORTHBOUND OFF RAMP & SIXTH AVENUE WEST,1,1,1,0,1,8,,0,55,0,0,0,0,0,1,2,13
,2018_42090,39.725281,-105.012899,2/18/2018 12:17,12:17,12,0,0,I25 & SIXTH AVENUE WEST,1,1,0,0,1,4,,0,55,0,0,0,0,0,1,2,13
,2018_42091,39.725281,-105.012899,11/19/2018 13:14,13:14,12,0,0,I25 & SIXTH AVENUE WEST,1,1,0,0,1,4,,0,55,0,0,0,0,0,1,2,1
,2018_42092,39.725281,-105.012899,11/25/2018 12:27,12:27,12,0,1,I25 & SIXTH AVENUE WEST,1,1,0,0,1,4,,0,60,0,0,0,0,1,1,2,13
,2018_42093,39.725398,-105.012983,8/6/2018 13:06,13:06,15,0,1,I25 SOUTHBOUND OFF RAMP & SIXTH AVENUE WEST,1,1,0,0,1,8,,0,65,0,0,0,0,1,1,2,7
,2018_42094,39.739886,-105.0139,6/3/2018 19:55,19:55,15,0,0,I25 & COLFAX AVENUE WEST,1,2,0,0,1,4,,0,65,0,0,0,0,0,1,2,14
,2018_42095,39.739886,-105.0139,11/6/2018 18:17,18:17,15,0,0,I25 & COLFAX AVENUE WEST,1,3,0,0,1,4,,0,55,0,0,0,0,0,1,2,13
,2018_42096,39.740257,-105.013939,1/14/2018 19:15,19:15,12,0,0,I25 & COLFAX AVENUE WEST,1,3,0,0,1,4,,0,55,0,0,0,0,0,1,2,5
,2018_42097,39.740455,-105.013961,7/21/2018 1:52,1:52,15,0,0,I25 NORTHBOUND RAMP ON & COLFAX AVENUE WEST,1,3,0,0,1,8,,0,50,0,0,0,0,0,1,2,14
,2018_42098,39.743733,-105.016365,3/15/2018 17:21,17:21,12,0,0,I25 & 17TH AVENUE WEST  NOT IN CORIS,1,1,1,0,1,4,,0,55,0,0,0,0,0,1,2,13
,2018_42099,39.743733,-105.016365,10/4/2018 11:46,11:46,12,0,0,I25 & 17TH AVENUE WEST  NOT IN CORIS,1,1,1,0,1,4,,0,55,0,0,0,0,0,1,2,13
,2018_42100,39.751295,-105.016566,11/16/2018 15:59,15:59,12,0,0,I25 & 23RD AVENUE WEST,1,1,0,0,1,4,,0,55,0,0,0,0,0,1,2,1
,2018_42101,39.755118,-105.012754,3/29/2018 9:41,9:41,12,0,1,I25 & SPEER BOULEVARD NORTH,1,1,0,0,1,4,,0,55,0,0,0,0,1,1,4,14
,2018_42102,39.755118,-105.012754,7/31/2018 13:35,13:35,12,0,0,I25 & SPEER BOULEVARD NORTH,1,1,1,0,1,4,,0,55,0,0,0,0,0,1,3,13
,2018_42103,39.755118,-105.012754,3/21/2018 20:19,20:19,5,0,0,SPEER BOULEVARD NORTH & I25 SOUTHBOUND ON RAMP,1,4,1,0,3,1,,0,35,0,0,0,0,0,1,1,14
,2018_42104,39.755212,-105.012623,8/23/2018 8:27,8:27,15,0,0,I25 & SPEER BOULEVARD NORTH,1,1,0,0,1,4,,0,65,0,0,0,0,0,1,2,3
,2018_42105,39.755212,-105.012623,8/13/2018 8:06,8:06,12,0,0,I25 SOUTHBOUND OFF RAMP & SPEER BOULEVARD NORTH,1,1,0,0,1,8,,0,35,0,0,0,0,0,1,2,13
,2018_42106,39.760263,-105.005441,4/6/2018 22:44,22:44,6,0,1,I25 & 20TH STREET,2,3,0,0,3,4,,0,55,0,0,0,0,1,1,2,5
,2018_42107,39.760904,-105.004407,10/18/2018 14:00,14:00,12,0,0,I25 & 20TH STREET,1,1,0,0,1,4,,0,55,0,0,0,0,0,1,2,13
,2018_42108,39.760997,-105.004271,2/24/2018 14:17,14:17,12,0,0,I25 & 20TH STREET,1,1,0,0,1,4,,0,55,0,0,0,0,0,1,3,3
,2018_42109,39.761677,-105.003406,3/10/2018 13:11,13:11,12,0,0,I25 & 20TH STREET,1,1,0,0,1,4,,0,65,0,0,0,0,0,1,2,13
,2018_42110,39.764839,-105.000805,2/24/2018 1:40,1:40,15,0,0,I25 & 20TH STREET APPROXIMATELY,1,3,0,0,1,4,,0,55,0,0,0,0,0,1,2,13
,2018_42111,39.768049,-104.994761,10/18/2018 8:58,8:58,12,0,0,I25 & PARK AVENUE,1,1,0,0,1,4,,0,55,0,0,0,0,0,1,2,3
,2018_42112,39.768124,-104.99459,1/9/2018 6:30,6:30,12,0,0,I25 & PARK AVENUE WEST FLY OVER,1,1,0,0,1,4,,0,55,0,0,0,0,0,1,2,3
,2018_42113,39.779391,-104.989164,10/25/2018 11:31,11:31,12,0,0,I25 & I70,1,1,0,0,1,4,,0,55,0,0,0,0,0,1,2,13
,2018_42114,39.787424,-104.989088,1/23/2018 12:15,12:15,5,0,0,I25 NORTHBOUND ON RAMP GORE & I70,1,1,1,0,3,8,,0,55,0,0,0,0,0,1,1,14
,2018_42146,39.711184,-105.003965,7/16/2018 18:18,18:18,3,0,0,NAVAJO STREET SOUTH & ALAMEDA AVENUE WEST,1,1,1,0,1,1,,0,25,0,0,0,0,0,2,2,3
,2018_42147,39.653083,-104.912468,11/2/2018 22:41,22:41,15,0,0,HAMPDEN AVENUE EAST & MONACO STREET SOUTH,1,3,0,0,1,4,,0,50,0,0,0,0,0,2,2,13
,2018_42148,39.653077,-104.898619,5/15/2018 19:10,19:10,1,0,2,HAMPDEN AVENUE EAST & TAMARAC DRIVE SOUTH,1,1,0,0,1,1,,0,45,0,0,0,0,2,2,2,8
,2018_42149,39.653077,-104.898619,12/31/2018 11:19,11:19,3,0,0,HAMPDEN AVENUE EAST & TAMARAC DRIVE SOUTH,5,1,0,2,1,1,,0,40,0,0,0,0,0,2,3,1
,2018_42150,39.653081,-104.888804,2/7/2018 18:34,18:34,12,0,0,HAMPDEN AVENUE EAST & YOSEMITE STREET SOUTH,1,3,0,0,1,2,,0,45,0,0,0,0,0,2,2,13
,2018_42151,39.653057,-104.885047,10/24/2018 8:40,8:40,15,0,0,HAMPDEN AVENUE EAST & YOSEMITE STREET SOUTH,1,1,0,0,1,4,,0,45,0,0,0,0,0,2,2,1
,2018_42152,39.665946,-104.866175,4/5/2018 17:36,17:36,15,0,0,HAVANA STREET 2900 BLOCK & YALE AVENUE EAST,1,1,0,0,1,4,,0,40,0,0,0,0,0,2,2,13
,2018_42153,39.66645,-104.866162,9/25/2018 11:25,11:25,1,0,0,HAVANA STREET SOUTH & YALE AVENUE EAST,1,1,1,0,1,1,,0,45,0,0,0,0,0,2,2,7
,2018_42154,39.669099,-104.866097,9/28/2018 14:10,14:10,12,0,1,HAVANA SOUTH 2500 BLOCK & PARKER ROAD SOUTH,1,1,0,0,1,4,,0,,0,0,0,0,1,2,2,13
,2018_42155,39.669225,-104.866094,6/2/2018 13:00,13:00,15,0,0,HAVANA STREET 2600 BLOCK SOUTH & PARKER ROAD SOUTH,1,1,0,0,1,3,,0,35,0,0,0,0,0,2,2,5
,2018_42213,39.740345,-105.052121,8/25/2018 21:02,21:02,12,0,1,COLFAX AVENUE WEST & ZENOBIA STREET NORTH,1,3,0,0,1,4,,0,35,0,0,0,0,1,2,2,2
,2018_42214,39.740349,-105.051929,10/26/2018 3:55,3:55,6,0,0,ZENOBIA STREET NORTH & COLFAX AVENUE WEST,1,3,0,0,1,4,,0,25,0,0,0,0,0,2,2,5
,2018_42215,39.740356,-105.050299,2/28/2018 7:20,7:20,15,0,0,COLFAX AVENUE WEST & WOLFF STREET,1,1,0,0,1,4,,0,35,0,0,0,0,0,2,2,13
,2018_42216,39.740356,-105.050218,5/30/2018 14:27,14:27,3,0,1,COLFAX AVENUE WEST & WOLFF STREET NORTH,1,1,0,0,1,1,,0,35,0,0,0,1,1,2,2,13
,2018_42218,39.740337,-105.039107,3/24/2018 21:02,21:02,6,0,0,COLFAX AVENUE WEST & PERRY STREET NORTH,1,3,0,0,1,4,,0,35,0,0,0,0,0,2,2,5
,2018_42219,39.740339,-105.037041,4/27/2018 11:54,11:54,14,0,0,COLFAX AVENUE WEST & NEWTON STREET NORTH,1,1,0,0,1,1,,0,30,0,0,0,0,0,2,2,3
,2018_42220,39.740343,-105.030278,12/9/2018 12:32,12:32,12,0,0,COLFAX AVENUE 3300 BLOCK WEST & IRVING STREET NORTH,1,1,0,0,1,4,,0,35,0,0,0,0,0,2,4,13
,2018_42221,39.740325,-105.025361,5/9/2018 19:00,19:00,5,0,1,COLFAX AVENUE WEST EASTBOUND ON RAMP & FEDERAL BOULEVARD NORTH,1,1,0,0,2,8,,0,25,0,0,0,1,2,2,1,8
,2018_42222,39.740076,-105.005215,10/3/2018 8:37,8:37,12,0,0,COLFAX AVENUE WEST & SEVENTH STREET,1,1,0,0,1,3,,0,35,0,0,0,0,0,2,2,14
,2018_42224,39.740054,-105.00465,10/23/2018 15:17,15:17,12,0,1,COLFAX AVENUE 1400 BLOCK WEST & SEVENTH STREET,1,1,1,0,1,4,,0,40,0,0,0,0,1,2,3,13
,2018_42225,39.740048,-104.999933,4/28/2018 15:55,15:55,3,0,1,COLFAX AVENUE WEST & KALAMATH STREET NORTH,1,1,0,0,1,1,,0,35,0,0,0,0,1,2,2,14
,2018_42226,39.740042,-104.998686,9/6/2018 8:28,8:28,15,0,0,SPEER BOULEVARD NORTH & COLFAX AVENUE WEST,1,1,0,0,1,1,,0,30,0,0,0,0,0,2,2,14
,2018_42228,39.739999,-104.990369,4/12/2018 16:50,16:50,15,0,0,BANNOCK STREET NORTH & COLFAX AVENUE WEST,1,1,0,0,1,1,,0,25,0,0,0,0,0,2,2,3
,2018_42229,39.740301,-104.98832,11/28/2018 11:50,11:50,15,0,0,COLFAX AVENUE WEST & 15TH STREET,1,1,0,0,1,1,,0,25,0,0,0,0,0,2,2,8
,2018_42230,39.740049,-104.986167,6/11/2018 21:12,21:12,12,0,1,COLFAX AVENUE EAST & LINCOLN STREET NORTH,1,3,0,0,1,1,,0,30,0,0,0,0,1,2,2,13
,2018_42231,39.740011,-104.96893,11/2/2018 13:02,13:02,6,0,0,COLFAX AVENUE EAST & FRANKLIN STREET NORTH,1,1,0,0,1,4,,0,30,0,0,0,0,0,2,2,13
,2018_42232,39.740175,-104.954446,10/25/2018 13:29,13:29,6,0,0,COLFAX AVENUE 2800 BLOCK EAST & DETROIT STREET NORTH,1,1,0,0,1,4,,0,35,0,0,0,0,0,2,4,7
,2018_42233,39.74017,-104.952941,11/8/2018 13:08,13:08,6,0,0,COLFAX AVENUE 2900 BLOCK EAST & FILLMORE STREET NORTH,1,1,0,0,1,4,,0,30,0,0,0,0,0,2,2,13
,2018_42234,39.740155,-104.948425,12/15/2018 23:37,23:37,6,0,0,COLFAX AVENUE EAST & ADAMS STREET NORTH,1,3,0,0,3,3,,0,30,0,0,0,0,0,2,2,2
,2018_42235,39.740082,-104.913871,5/24/2018 18:15,18:15,12,0,3,COLFAX AVENUE EAST & LOCUST STREET NORTH,1,1,0,0,1,4,,0,35,0,0,0,0,2,2,2,13
,2018_42236,39.740084,-104.903912,6/12/2018 13:20,13:20,12,0,0,COLFAX AVENUE 7200 BLOCK EAST & QUEBEC STREET NORTH,1,1,0,0,1,4,,0,30,0,0,0,0,0,2,2,1
,2018_42237,39.740084,-104.903536,5/15/2018 14:05,14:05,1,0,0,QUEBEC STREET NORTH & COLFAX AVENUE,1,1,0,0,1,1,,0,30,0,0,0,0,0,2,2,7
,2018_42238,39.740085,-104.901093,12/10/2018 8:05,8:05,3,0,0,ROSLYN STREET NORTH & COLFAX AVENUE EAST,1,1,0,0,1,1,,0,35,0,0,0,0,0,2,2,13
,2018_42285,39.783471,-105.039368,3/28/2018 16:35,16:35,5,0,0,I70 & PERRY STREET NORTH  NOT IN CORIS,4,1,0,2,3,4,,0,,0,0,0,0,0,1,1,1
,2018_42286,39.783332,-105.004629,11/28/2018 7:12,7:12,12,0,0,I70 & PECOS STREET NORTH,1,1,0,0,1,4,,0,55,0,0,0,0,0,1,2,14
,2018_42287,39.782748,-104.999619,9/10/2018 8:45,8:45,12,0,0,I70 & 1000 EASTBOUND,1,1,0,0,1,4,,0,,0,0,0,0,0,1,3,13
,2018_42288,39.779747,-104.985797,1/2/2018 6:25,6:25,15,0,1,I70 EASTBOUND 'J' COLLECTOR & WASHINGTON STREET NORTH,9,3,0,0,1,8,,0,,0,0,0,0,1,1,2,13
,2018_42289,39.779441,-104.979019,12/26/2018 22:34,22:34,15,0,1,WASHINGTON STREET NORTH & I70 WB RAMP OFF,5,3,0,2,1,1,,0,35,0,0,0,0,1,1,2,13
,2018_42290,39.779425,-104.978817,10/26/2018 14:18,14:18,15,0,0,I70 EASTBOUND ON RAMP & WASHINGTON STREET NORTH,1,1,1,0,1,8,,0,55,0,0,0,0,0,1,2,13
,2018_42291,39.778295,-104.903454,12/20/2018 14:51,14:51,12,0,0,I70 & QUEBEC STREET INTCH,1,1,0,0,1,4,,0,55,0,0,0,0,0,1,2,12
,2018_42292,39.779425,-104.978817,3/22/2018 14:43,14:43,12,0,0,I70 WB OFF SLIP RAMP & WASHINGTON STREET NORTH,1,1,0,0,1,8,,0,25,0,0,0,0,0,1,2,7
,2018_42293,39.779942,-104.966087,1/26/2018 16:44,16:44,12,0,0,I70 & BRIGHTON BOULEVARD,1,2,0,0,1,4,,0,65,0,0,0,0,0,1,2,13
,2018_42294,39.779942,-104.966087,7/9/2018 10:44,10:44,15,0,0,I70 & BRIGHTON BOULEVARD,1,1,0,0,1,4,,0,55,0,0,0,0,0,1,2,13
,2018_42295,39.779942,-104.966087,7/23/2018 17:45,17:45,12,0,0,I70 & BRIGHTON BOULEVARD,2,1,0,1,1,4,,0,55,0,0,0,0,0,1,2,13
,2018_42296,39.779942,-104.966087,3/7/2018 8:05,8:05,12,0,0,46TH AVENUE EAST / I70 FRONTAGE ROAD & BRIGHTON BOULEVARD APPROXIMATELY,1,1,0,0,1,3,,0,35,0,0,0,0,0,4,2,13
,2018_42297,39.780015,-104.954935,6/25/2018 12:53,12:53,12,0,0,THOMPSON COURT 4600 BLOCK NORTH & 46TH AVENUE EAST VIADUCT,1,1,0,0,1,4,,1,25,0,0,0,0,0,4,2,13
,2018_42298,39.779944,-104.940603,8/8/2018 10:52,10:52,12,0,0,I70 & COLORADO BOULEVARD NORTH,1,1,0,0,1,4,,0,65,0,0,0,0,0,1,2,13
,2018_42299,39.779951,-104.940041,3/2/2018 15:00,15:00,5,0,0,I70 EASTBOUND ON RAMP & STAPLETON DRIVE,1,1,0,0,1,8,,0,,0,0,0,0,0,1,2,13
,2018_42300,39.780032,-104.931784,5/10/2018 10:13,10:13,12,0,2,I70 & DAHLIA STREET NORTH,1,1,0,0,1,4,,0,55,0,0,0,0,2,1,2,13
,2018_42301,39.778341,-104.92238,10/30/2018 17:20,17:20,12,0,0,I70 & HOLLY STREET NORTH,2,2,1,1,1,4,,0,55,0,0,0,0,0,1,2,13
,2018_42302,39.778286,-104.916211,3/30/2018 16:45,16:45,12,0,0,I70 & MONACO STREET NORTH,1,1,1,0,1,4,,0,55,0,0,0,0,0,1,2,5
,2018_42303,39.778293,-104.906917,10/26/2018 20:30,20:30,12,0,0,I70 & QUEBEC STREET NORTH,1,3,1,0,1,4,,0,65,0,0,0,0,0,1,2,13
,2018_42304,39.778295,-104.903454,6/18/2018 17:30,17:30,12,0,4,I70 & QUEBEC STREET NORTH,1,1,0,0,1,4,,0,65,0,0,0,0,1,1,3,13
,2018_42305,39.778295,-104.903454,9/27/2018 6:51,6:51,12,0,1,I70 & QUEBEC STREET NORTH,1,1,0,0,1,4,,0,55,0,0,0,0,1,1,6,5
,2018_42306,39.777646,-104.888658,12/1/2018 8:25,8:25,5,0,0,I70 WB ON RAMP METER & CENTRAL PARK BOULEVARD,5,1,1,0,2,8,,1,55,0,0,0,0,0,1,1,7
,2018_42307,39.777611,-104.888229,9/24/2018 9:10,9:10,12,0,1,I70 & CENTRAL PARK BOULEVARD NORTH,1,1,0,0,1,4,,0,65,0,0,0,0,1,1,2,3
,2018_42308,39.777571,-104.88857,3/20/2018 8:10,8:10,5,0,0,I70 & CENTRAL PARK BOULEVARD,1,1,0,0,3,4,,0,55,0,0,0,0,0,1,1,2
,2018_42309,39.777139,-104.882953,4/18/2018 17:11,17:11,12,0,0,I70 & CENTRAL PARK BOULEVARD NORTH,1,1,0,0,1,4,,0,55,0,0,0,0,0,1,2,13
,2018_42310,39.775573,-104.865095,2/16/2018 9:14,9:14,15,0,0,I70 & HAVANA STREET NORTH,1,1,0,0,1,4,,0,55,0,0,0,0,0,1,2,13
,2018_42311,39.774317,-104.850491,3/28/2018 16:54,16:54,12,0,2,I70 EASTBOUND & PEORIA STREET NORTH,2,1,0,2,1,4,,0,55,0,0,0,0,1,1,2,13
,2018_42312,39.774079,-104.847717,11/11/2018 7:00,7:00,12,0,1,I70 & PEORIA STREET NORTH,4,1,0,2,1,4,,1,55,0,0,0,0,2,1,3,14
,2018_42313,39.774015,-104.846978,2/7/2018 10:07,10:07,12,0,0,I70 EASTBOUND SLIP RAMP OFF & PEORIA STREET NORTH,1,1,0,0,1,8,,0,35,0,0,0,0,0,1,2,13
,2018_42314,39.774015,-104.846978,5/12/2018 14:45,14:45,12,0,0,I70 EASTBOUND ON RAMP & PEORIA STREET NORTH,1,1,0,0,1,8,,0,45,0,0,0,0,0,1,2,8
,2018_42315,39.773983,-104.846608,8/10/2018 17:58,17:58,12,0,0,I70 EASTBOUND ON RAMP & PEORIA STREET NORTH,1,1,1,0,1,8,,0,40,0,0,0,0,0,1,2,13
,2018_42375,39.708648,-104.929586,2/2/2018 16:27,16:27,1,0,0,LEETSDALE DRIVE & ELM STREET SOUTH,1,1,0,0,1,1,,0,35,0,0,0,0,0,2,2,13
,2018_42395,39.69629,-104.897364,9/12/2018 0:00,0:00,15,0,0,PARKER ROAD SOUTH & MISSISSIPPI AVENUE EAST,1,1,0,0,1,1,,0,35,0,0,0,0,0,2,2,13
,2018_42396,39.696897,-104.899009,2/5/2018 8:31,8:31,3,0,1,PARKER ROAD SOUTH & MISSISSIPPI AVENUE EAST,1,1,1,0,1,2,,0,35,0,0,0,0,2,2,2,13
,2018_42397,39.698424,-104.903117,12/6/2018 17:47,17:47,12,0,0,PARKER ROAD SOUTH & QUEBEC STREET SOUTH,1,4,1,0,1,4,,0,35,0,0,0,0,0,2,3,7
,2018_42398,39.696679,-104.991877,9/10/2018 13:19,13:19,12,0,0,SANTA FE DRIVE SOUTH & MISSISSIPPI AVENUE WEST,1,1,0,0,1,1,,0,30,0,0,0,0,0,2,2,13
,2018_42399,39.698614,-104.903606,2/22/2018 16:51,16:51,12,0,0,LEETSDALE DRIVE & QUEBEC STREET SOUTH,2,1,0,2,1,1,,0,35,0,0,0,0,0,2,2,3
,2018_42400,39.702954,-104.912867,12/1/2018 12:10,12:10,3,0,0,LEETSDALE DRIVE & MONACO PARKWAY,1,1,0,0,1,1,,0,35,0,0,0,0,0,2,2,13
,2018_42401,39.703045,-104.913041,11/1/2018 6:35,6:35,12,0,0,LEETSDALE DRIVE & MONACO PARKWAY / 6400 BLOCK,1,3,1,0,1,4,,0,35,0,0,0,0,0,2,3,13
,2018_42402,39.703125,-104.913196,4/3/2018 13:50,13:50,12,0,1,LEETSDALE DRIVE & MONACO PARKWAY / 6400 BLOCK,1,1,0,0,1,4,,0,35,0,0,0,0,1,2,3,3
,2018_42404,39.706646,-104.919982,9/4/2018 8:27,8:27,10,0,0,LEETSDALE DRIVE & JERSEY STREET SOUTH / 5800 BLOCK,1,1,0,0,1,4,,0,30,0,0,0,0,0,2,2,3
,2018_42407,39.707087,-104.921049,12/26/2018 15:55,15:55,1,0,0,LEETSDALE DRIVE & HOLLY STREET SOUTH / 5800 BLOCK,1,2,1,0,1,2,,0,35,0,0,0,0,0,2,3,13
,2018_42422,39.696679,-104.991877,10/25/2018 18:29,18:29,15,0,0,MISSISSIPPI AVENUE WEST & SANTA FE DRIVE SOUTH,1,3,0,0,1,1,,0,30,0,0,0,0,0,2,2,14
,2018_42427,39.671549,-104.995318,10/14/2018 11:00,11:00,5,0,0,SANTA FE DRIVE SOUTH & 2485 SOUTH SANTA FE DRIVE,5,1,0,2,3,4,,0,55,0,0,0,0,0,2,1,14
,2018_42428,39.678723,-104.993237,11/16/2018 11:25,11:25,12,0,0,EVANS AVENUE WEST & SANTA FE DRIVE SOUTH,1,1,1,0,1,3,,0,35,0,0,0,0,0,2,2,13
,2018_42429,39.687943,-104.991934,12/7/2018 11:00,11:00,12,0,0,SANTA FE DRIVE SOUTH & IOWA AVENUE WEST,1,1,0,0,1,3,,0,45,0,0,0,0,0,2,2,7
,2018_42430,39.688926,-104.991947,3/10/2018 1:52,1:52,5,0,0,SANTA FE DRIVE SOUTH & EVANS AVENUE WEST,1,3,0,0,2,4,,0,45,0,0,0,0,0,2,1,13
,2018_42431,39.689624,-104.992103,12/17/2018 12:30,12:30,15,0,1,SANTA FE DRIVE SOUTH & FLORIDA AVENUE WEST / 1400 BLOCK SOUTH,1,1,0,0,1,4,,0,45,0,0,0,0,1,2,2,1
,2018_42436,39.735634,-105.025303,12/3/2018 8:30,8:30,14,0,0,FEDERAL BOULEVARD NORTH & HOLDEN PLACE WEST,1,1,0,0,1,3,,1,30,0,0,0,0,0,2,2,13
,2018_42437,39.732914,-105.025176,4/16/2018 7:32,7:32,15,0,0,FEDERAL BOULEVARD NORTH & 10TH AVENUE WEST,1,1,0,0,1,1,,0,,0,0,0,0,0,2,2,13
,2018_42438,39.728844,-105.025147,7/30/2018 5:57,5:57,15,0,0,FEDERAL BOULEVARD 700 BLOCK NORTH & EIGHTH AVENUE WEST,1,1,0,0,1,4,,0,35,0,0,0,0,0,2,2,13
,2018_42439,39.727672,-105.025129,2/23/2018 16:44,16:44,15,0,0,FEDERAL BOULEVARD 600 BLOCK NORTH & SEVENTH AVENUE WEST,1,1,1,0,1,4,,0,35,0,0,0,0,0,2,2,13
,2018_42440,39.724876,-105.025125,10/28/2018 20:18,20:18,5,0,0,SIXTH AVENUE WEST & FEDERAL BOULEVARD NORTH,1,3,0,0,3,4,,0,25,0,0,0,0,0,2,1,1
,2018_42441,39.720324,-105.025183,12/13/2018 6:43,6:43,1,0,0,SECOND AVENUE WEST  & FEDERAL BOULEVARD NORTH,1,1,0,0,1,1,,0,35,0,0,0,0,0,2,2,13
,2018_42442,39.718102,-105.025149,3/9/2018 11:40,11:40,15,0,0,FEDERAL BOULEVARD NORTH & FIRST AVENUE WEST,1,1,0,0,1,3,,0,35,0,0,0,0,0,2,2,13
,2018_42443,39.718102,-105.025149,8/29/2018 17:16,17:16,1,0,0,FIRST AVENUE WEST  & FEDERAL BOULEVARD NORTH,1,1,0,0,1,1,,0,35,0,0,0,0,0,2,2,13
,2018_42444,39.698634,-105.025078,4/24/2018 10:56,10:56,3,0,1,TENNESSEE AVENUE WEST  & FEDERAL BOULEVARD SOUTH,2,1,0,1,1,1,,0,30,0,0,0,0,2,2,2,13
,2018_42445,39.696718,-105.025071,3/17/2018 11:10,11:10,10,0,0,FEDERAL BOULEVARD SOUTH & MISSISSIPPI AVENUE WEST,1,1,0,0,1,3,,0,35,0,0,0,0,0,2,2,1