id,drcog_id,latitude,longitude,crashtime,time,crashtype,numbkilled,numbinjurd,drcoglocat,rdconditin,lightngcon,roadcntgrd,weatherco,location,roaddescrp,schoolzone,constrzone,splimit,bikeinv,pedinv,sctrinv,motoinv,svrty,rdsystem,ttlvehcls,hcf
,2018_42446,39.693033,-105.025057,11/30/2018 15:35,15:35,3,0,0,LOUISIANA AVENUE WEST & FEDERAL BOULEVARD SOUTH,1,1,0,0,1,1,,0,25,0,0,0,0,0,2,2,13
,2018_42447,39.687283,-105.025035,11/16/2018 9:09,9:09,12,0,1,FEDERAL BOULEVARD SOUTH & IOWA AVENUE WEST,1,1,1,0,1,4,,0,35,0,0,0,0,1,2,2,7
,2018_42448,39.686252,-105.025031,7/8/2018 14:55,14:55,12,0,1,FEDERAL BOULEVARD SOUTH & IOWA AVENUE WEST,1,1,0,0,1,4,,0,35,0,0,0,0,1,2,2,13
,2018_42449,39.678921,-105.025034,1/16/2018 16:58,16:58,3,0,0,FEDERAL BOULEVARD SOUTH & EVANS AVENUE WEST,1,1,0,0,1,2,,0,25,0,0,0,0,0,2,2,3
,2018_42450,39.67863,-105.025035,4/13/2018 21:45,21:45,12,0,0,EVANS AVENUE WEST & FEDERAL BOULEVARD SOUTH,1,3,0,0,1,3,,0,35,0,0,0,0,0,2,2,7
,2018_42451,39.673239,-105.025064,10/24/2018 16:03,16:03,3,0,0,HARVARD AVENUE WEST & FEDERAL BOULEVARD SOUTH,1,1,0,0,1,1,,0,25,0,0,0,0,0,2,2,3
,2018_42479,39.679234,-105.053268,3/8/2018 15:59,15:59,12,0,1,SHERIDAN BOULEVARD SOUTH & EVANS AVENUE WEST,1,1,1,0,1,4,,0,35,0,0,0,0,1,2,4,7
,2018_42480,39.68196,-105.053223,8/23/2018 7:47,7:47,12,0,0,SHERIDAN BOULEVARD SOUTH & JEWELL AVENUE WEST,1,1,1,0,1,4,,0,35,0,0,0,0,0,2,2,1
,2018_42568,39.639223,-104.885207,9/6/2018 16:43,16:43,12,0,0,YOSEMITE STREET SOUTH & I225 NORTHBOUND RAMPS,1,1,0,0,1,3,,0,35,0,0,0,0,0,1,2,1
,2018_42584,39.629971,-104.904921,9/21/2018 11:33,11:33,15,0,0,I225 SOUTHBOUND OFF RAMP & I25 NORTHBOUND,1,1,0,0,1,8,,0,45,0,0,0,0,0,1,2,1
,2018_42585,39.630074,-104.904964,8/10/2018 18:20,18:20,12,0,1,I225 SOUTHBOUND OFF RAMP & I25 NORTHBOUND,1,1,0,0,1,8,,0,65,0,0,0,0,1,1,2,13
,2018_42586,39.630948,-104.905088,8/27/2018 7:39,7:39,12,0,0,I225 SOUTHBOUND OFF RAMP & I25 NORTHBOUND,1,1,0,0,1,8,,0,55,0,0,0,0,0,1,2,3
,2018_42587,39.633279,-104.903931,4/25/2018 12:15,12:15,12,0,0,I225 SOUTHBOUND OFF RAMP & I25 NORTHBOUND,1,1,0,0,1,8,,0,55,0,0,0,0,0,1,3,13
,2018_42588,39.634114,-104.902134,6/9/2018 21:02,21:02,12,0,1,I225 & I25 OFF RAMP SPLIT,1,4,0,0,1,4,,0,55,0,0,0,0,1,1,2,13
,2018_42589,39.634127,-104.902067,6/2/2018 11:38,11:38,12,0,0,I225 & I25 OFF RAMP SPLIT,1,1,0,0,1,4,,0,55,0,0,0,0,0,1,3,1
,2018_42590,39.634376,-104.900784,6/13/2018 12:01,12:01,12,0,1,I225 HIGHWAY & I25,1,1,0,0,1,4,,0,60,0,0,0,0,1,1,3,7
,2018_42591,39.635522,-104.893462,3/29/2018 21:14,21:14,1,0,0,TAMARAC STREET SOUTH & I225 NORTHBOUND RAMPS,1,3,0,0,1,1,,1,35,0,0,0,0,0,1,2,13
,2018_42592,39.635522,-104.893462,6/17/2018 16:19,16:19,1,0,0,TAMARAC STREET SOUTH & I 225 NORTHBOUND,2,1,0,1,1,1,,0,40,0,0,0,0,0,1,2,13
,2018_42593,39.639062,-104.885537,6/4/2018 9:52,9:52,5,0,1,I225 & TAMARAC DRIVE SOUTH,7,1,0,0,1,4,,0,65,0,0,0,1,2,1,1,13
,2018_42594,39.639143,-104.885372,9/20/2018 7:48,7:48,12,0,0,I225 WB ON SLIP RAMP MERGE POINT & YOSEMITE STREET SOUTH,1,1,2,0,1,8,,0,30,0,0,0,0,0,1,2,13
,2018_42595,39.641343,-104.880933,11/6/2018 17:20,17:20,12,0,0,I225 & 9201 BLOCK,1,3,0,0,1,4,,0,65,0,0,0,0,0,1,2,13
,2018_42621,39.785706,-104.90275,8/15/2018 16:47,16:47,15,0,0,I270 WB /NB ON RAMP ENTRANCE GORE & NORTHFIELD QUEBEC STREET NORTH,1,1,1,0,1,8,,0,25,0,0,0,0,0,1,2,13
,2018_42622,39.783809,-104.901446,5/3/2018 12:12,12:12,15,0,0,I270 & QUEBEC STREET,2,1,0,1,1,4,,0,55,0,0,0,0,0,1,2,14
,2018_42623,39.776906,-104.880993,3/1/2018 15:29,15:29,12,0,1,I270 WB DIRECT CONNECTION & CENTRAL PARK BOULEVARD NORTH,1,1,1,0,1,4,,0,65,0,0,0,0,1,1,2,13
,2018_42629,39.653162,-105.052417,12/19/2018 19:47,19:47,5,0,0,HAMPDEN AVENUE 4100 BLOCK WEST & SHERIDAN BOULEVARD SOUTH,1,3,1,0,3,4,,0,55,0,0,0,0,0,2,1,5
,2018_42646,39.65298,-104.926787,7/11/2018 17:25,17:25,12,0,0,HAMPDEN AVENUE 5200 BLOCK EAST & FOREST STREET SOUTH,1,1,0,0,1,4,,0,40,0,0,0,0,0,2,3,3
,2018_42647,39.652979,-104.921693,5/24/2018 13:08,13:08,12,0,0,HAMPDEN AVENUE EAST & IVANHOE STREET,1,1,0,0,1,4,,0,35,0,0,0,0,0,2,2,13
,2018_42648,39.652979,-104.921505,2/22/2018 9:53,9:53,15,0,0,HAMPDEN AVENUE 5700 BLOCK EAST & IVANHOE STREET SOUTH,1,1,1,0,1,4,,0,40,0,0,0,0,0,2,2,3
,2018_42649,39.652978,-104.917698,4/4/2018 18:47,18:47,3,0,0,HAMPDEN AVENUE EAST & I25 NORTHBOUND RAMPS,1,2,0,0,1,1,,0,40,0,0,0,0,0,2,2,7
,2018_42650,39.653091,-104.916934,7/16/2018 17:40,17:40,12,0,0,HAMPDEN AVENUE EAST & I25 NORTHBOUND RAMPS,1,1,0,0,1,3,,0,40,0,0,0,0,0,2,2,14
,2018_42651,39.75111,-105.025137,9/20/2018 12:44,12:44,12,0,0,FEDERAL BOULEVARD NORTH & 23RD AVENUE WEST,1,1,0,0,1,4,,0,,0,0,0,0,0,2,2,13
,2018_42652,39.754977,-105.025131,2/7/2018 9:10,9:10,12,0,0,FEDERAL BOULEVARD 2600 BLOCK NORTH & 26TH AVENUE WEST,1,1,0,0,1,3,,0,35,0,0,0,0,0,2,2,14
,2018_42653,39.75854,-105.025143,4/6/2018 21:52,21:52,3,0,0,29TH AVENUE WEST & FEDERAL BOULEVARD NORTH,2,3,0,2,1,1,,0,35,0,0,0,0,0,2,2,3
,2018_42654,39.76025,-105.025149,10/19/2018 17:40,17:40,1,0,4,FEDERAL BOULEVARD NORTH & SPEER BOULEVARD NORTH,1,2,0,0,1,1,,0,35,0,0,0,0,2,2,2,13
,2018_42656,39.76196,-105.025155,6/12/2018 13:23,13:23,12,0,0,FEDERAL BOULEVARD NORTH & 32ND AVENUE WEST,1,1,0,0,1,3,,0,35,0,0,0,0,0,2,2,3
,2018_42658,39.764668,-105.025164,8/6/2018 7:39,7:39,12,0,2,FEDERAL BOULEVARD 3400 BLOCK NORTH & 34TH AVENUE WEST,1,1,0,0,1,3,,0,35,0,0,0,0,1,2,3,14
,2018_42659,39.780267,-105.025226,4/24/2018 17:29,17:29,12,0,1,46TH AVENUE & FEDERAL BOULEVARD NORTH,2,1,1,1,1,3,,0,30,0,0,0,0,1,2,2,13
,2018_42660,39.78571,-105.025223,12/7/2018 18:32,18:32,12,0,0,FEDERAL BOULEVARD NORTH & 49TH AVENUE WEST,1,3,0,0,1,1,,0,35,0,0,0,0,0,2,3,3
,2018_42662,39.787424,-105.025217,9/20/2018 17:05,17:05,1,0,0,FEDERAL BOULEVARD NORTH & 50TH AVENUE WEST,1,1,0,0,1,2,,0,35,0,0,0,0,0,2,2,7
,2018_42663,39.787709,-105.025214,9/12/2018 7:31,7:31,12,0,0,FEDERAL BOULEVARD 5000 BLOCK NORTH & 50TH AVENUE WEST,1,1,0,0,1,4,,0,35,0,0,0,0,0,2,2,14
,2018_42733,39.833987,-104.746853,7/20/2018 22:30,22:30,9,0,0,E470 NORTHBOUND OFF RAMP & PENA BOULEVARD,1,3,0,0,3,8,,0,65,0,0,0,0,0,2,1,5
,2018_42734,39.842005,-104.746762,9/23/2018 14:45,14:45,15,0,0,E470 NORTHBOUND MERGE POINT & PENA BOULEVARD,1,1,0,0,1,4,,0,75,0,0,0,0,0,2,2,13
,2018_42750,39.668673,-104.940609,1/16/2018 17:24,17:24,1,0,0,COLORADO BOULEVARD SOUTH & YALE AVENUE EAST,1,1,0,0,1,1,,0,40,0,0,0,0,0,2,2,13
,2018_42751,39.671077,-104.940616,11/1/2018 13:30,13:30,3,0,1,COLORADO BOULEVARD 2500 BLOCK SOUTH & DICKENSON PLACE EAST,1,1,0,0,1,1,,0,35,0,0,0,0,1,2,2,7
,2018_42752,39.67843,-104.940638,4/13/2018 17:23,17:23,12,0,1,EVANS AVENUE EAST & COLORADO BOULEVARD SOUTH,1,1,0,0,1,1,,0,30,0,0,0,0,1,2,2,7
,2018_42753,39.687326,-104.940544,3/26/2018 18:06,18:06,12,0,1,COLORADO BOULEVARD 1700 BLOCK SOUTH & IOWA AVENUE EAST,2,2,1,1,1,1,,0,0,0,0,0,0,1,2,2,13
,2018_42754,39.68882,-104.940546,10/25/2018 20:50,20:50,15,0,0,COLORADO BOULEVARD SOUTH & FLORIDA AVENUE EAST,1,3,0,0,1,4,,0,45,0,0,0,0,0,2,3,1
,2018_42755,39.689119,-104.940546,8/1/2018 7:55,7:55,15,0,0,COLORADO BOULEVARD 1500 BLOCK SOUTH & FLORIDA AVENUE EAST,1,1,0,0,1,1,,0,,0,0,0,0,0,2,2,13
,2018_42756,39.689417,-104.940546,12/11/2018 12:04,12:04,12,0,0,COLORADO BOULEVARD 1400 BLOCK SOUTH & FLORIDA AVENUE EAST,1,1,0,0,1,2,,0,35,0,0,0,0,0,2,3,13
,2018_42757,39.690911,-104.940547,9/20/2018 0:54,0:54,15,0,0,COLORADO BOULEVARD 1300 BLOCK SOUTH & ARKANSAS AVENUE EAST,1,3,0,0,1,3,,0,40,0,0,0,0,0,2,2,1
,2018_42758,39.69121,-104.940547,3/8/2018 8:20,8:20,12,0,0,COLORADO BOULEVARD 1300 BLOCK SOUTH & ARKANSAS AVENUE EAST,1,1,1,0,1,4,,0,35,0,0,0,0,0,2,3,13
,2018_42760,39.716454,-104.94061,5/30/2018 21:53,21:53,3,0,0,COLORADO BOULEVARD SOUTH & BAYAUD AVENUE EAST,1,3,0,0,1,1,,0,35,0,0,0,0,0,2,3,13
,2018_42761,39.719664,-104.940609,11/6/2018 12:34,12:34,9,0,0,FIRST AVENUE EAST & COLORADO BOULEVARD NORTH,1,1,0,0,2,1,,0,30,0,0,0,0,0,2,1,13
,2018_42762,39.722144,-104.940608,10/15/2018 15:53,15:53,12,0,1,COLORADO BOULEVARD 200 BLOCK NORTH & THIRD AVENUE EAST,1,1,0,0,1,4,,0,35,0,0,0,0,1,2,4,3
,2018_42764,39.72871,-104.940605,3/15/2018 7:23,7:23,1,0,1,COLORADO BOULEVARD NORTH & EIGHTH AVENUE EAST,1,1,0,0,1,1,,0,35,0,0,0,0,2,2,2,13
,2018_42765,39.736881,-104.940602,10/13/2018 16:20,16:20,12,0,0,COLORADO BOULEVARD NORTH & 13TH AVENUE EAST,1,1,0,0,1,1,,0,35,0,0,0,0,0,2,2,13
,2018_42766,39.761624,-104.940512,12/23/2018 11:10,11:10,12,0,0,COLORADO BOULEVARD 3100 BLOCK NORTH & MLK BOULEVARD,1,1,0,0,1,4,,0,35,0,0,0,0,0,2,2,13
,2018_42767,39.761914,-104.940511,11/28/2018 0:47,0:47,3,0,0,COLORADO BOULEVARD NORTH & MLK BOULEVARD EAST,1,3,0,0,1,1,,0,35,0,0,0,0,0,2,2,3
,2018_42768,39.77302,-104.940511,2/15/2018 19:40,19:40,15,0,0,COLORADO BOULEVARD NORTH & 40TH AVENUE EAST,2,3,0,2,1,1,,0,40,0,0,0,0,0,2,2,1
,2018_42784,39.725651,-105.05302,8/17/2018 9:38,9:38,12,0,0,SIXTH AVENUE EASTBOUND ON RAMP SLIP MERGE POINT & SHERIDAN BOULEVARD NORTH,1,1,0,0,1,8,,0,45,0,0,0,0,0,2,2,13
,2018_42785,39.725541,-105.035083,2/11/2018 11:40,11:40,12,0,0,SIXTH AVENUE WEST & LOWELL BOULEVARD NORTH,1,1,1,0,1,4,,0,55,0,0,0,0,0,2,2,13
,2018_42787,39.725541,-105.035083,4/22/2018 15:09,15:09,12,0,0,SIXTH AVENUE WEST & LOWELL BOULEVARD NORTH,1,1,0,0,1,4,,0,65,0,0,0,0,0,2,2,13
,2018_42788,39.725422,-105.029644,11/9/2018 19:46,19:46,12,0,3,SIXTH AVENUE WEST & FEDERAL BOULEVARD NORTH,1,3,0,0,1,4,,0,55,0,0,0,0,1,2,3,3
,2018_42789,39.725533,-105.01288,11/27/2018 8:00,8:00,12,0,0,SIXTH AVENUE WEST & I25,1,1,1,0,1,4,,0,55,0,0,0,0,0,2,2,3
,2018_42790,39.779447,-104.949726,4/24/2018 11:20,11:20,3,0,0,46TH AVENUE EAST & STEELE STREET NORTH,2,1,1,0,1,1,,0,30,0,0,0,0,0,2,2,3
,2018_42791,39.790634,-104.941657,10/12/2018 17:22,17:22,12,0,1,VASQUEZ BOULEVARD NORTH 5200 BLOCK & 52ND AVENUE EAST,1,2,0,0,1,3,,0,40,0,0,0,0,2,2,3,12
,2018_42863,39.639103,-104.91017,8/31/2018 22:42,22:42,5,0,0,I225 & QUINCY AVENUE EAST,1,3,0,0,3,4,,0,65,0,0,0,0,0,1,1,3
,2018_42864,39.64994,-104.9165,7/20/2018 17:39,17:39,12,0,0,I25 & HAMPDEN AVENUE EAST,1,1,0,0,1,4,,0,65,0,0,0,0,0,1,2,13
,2018_42865,39.653772,-104.918562,4/8/2018 5:33,5:33,15,0,0,I25 & HAMPDEN AVENUE EAST,1,3,0,0,1,4,,0,55,0,0,0,0,0,1,2,13
,2018_42866,39.665294,-104.923947,6/18/2018 8:05,8:05,12,0,0,I25 & YALE AVENUE EAST,1,1,0,0,1,4,,0,65,0,0,0,0,0,1,2,3
,2018_42867,39.666463,-104.924762,5/4/2018 11:40,11:40,15,0,0,I25 & HAMPDEN AVENUE EAST,1,1,0,0,1,4,,0,55,0,0,0,0,0,1,2,13
,2018_42868,39.667623,-104.925611,2/13/2018 15:22,15:22,12,0,1,I25 & YALE AVENUE EAST,1,1,0,0,1,4,,0,55,0,0,0,0,1,1,2,3
,2018_42869,39.678367,-104.933559,3/19/2018 0:00,0:00,15,0,0,EVANS AVENUE EAST & I25 SOUTHBOUND OFF RAMP,1,1,0,0,1,1,,0,35,0,0,0,0,0,1,2,13
,2018_42870,39.678367,-104.933559,9/3/2018 12:28,12:28,3,0,0,EVANS AVENUE EAST & I25 NORTHBOUND RAMPS,1,1,0,0,1,1,,0,35,0,0,0,0,0,1,2,3
,2018_42871,39.678695,-104.933844,11/16/2018 8:33,8:33,12,0,0,I25 & EVANS AVENUE EAST,1,1,0,0,1,4,,0,60,0,0,0,0,0,1,3,12
,2018_42872,39.682977,-104.939968,4/29/2018 15:57,15:57,15,0,1,I25 NORTHBOUND OFF RAMP & COLORADO BOULEVARD SOUTH,1,1,1,0,1,8,,0,55,0,0,0,0,1,1,2,13
,2018_42873,39.684878,-104.949474,4/19/2018 7:22,7:22,12,0,0,I25 & COLORADO BOULEVARD SOUTH,1,1,0,0,1,4,,0,55,0,0,0,0,0,1,3,3
,2018_42874,39.684907,-104.952401,6/15/2018 7:54,7:54,12,0,1,I25 & STEELE STREET SOUTH,1,1,0,0,1,4,,0,50,0,0,0,0,1,1,4,12
,2018_42875,39.684918,-104.958395,3/22/2018 16:25,16:25,12,0,1,I25 & MM 205,1,1,1,0,1,4,,0,60,0,0,0,0,1,1,2,1
,2018_42876,39.688104,-104.969545,6/28/2018 16:10,16:10,15,0,0,I25 & DOWNING STREET SOUTH,1,1,0,0,1,4,,0,55,0,0,0,0,0,1,2,13
,2018_42877,39.692778,-104.977469,1/2/2018 17:30,17:30,12,0,1,I25 & DOWNING STREET SOUTH,1,3,0,0,1,4,,0,55,0,0,0,0,1,1,2,13
,2018_42878,39.693168,-104.977858,1/30/2018 15:41,15:41,12,0,0,I25 & LOUISIANA AVENUE EAST,1,1,0,0,1,4,,0,65,0,0,0,0,0,1,2,13
,2018_42879,39.69957,-104.985124,7/9/2018 15:14,15:14,12,0,0,I25 & LINCOLN STREET SOUTH,1,1,0,0,1,4,,0,65,0,0,0,0,0,1,2,13
,2018_42880,39.700525,-104.986285,11/13/2018 17:29,17:29,12,0,0,I25 & LINCOLN STREET SOUTH,1,3,0,0,1,4,,0,60,0,0,0,0,0,1,3,13
,2018_42881,39.700838,-104.986681,3/8/2018 17:02,17:02,12,0,0,I25 & BROADWAY SOUTH,1,1,0,0,1,4,,0,55,0,0,0,0,0,1,2,13
,2018_42882,39.710698,-104.998599,5/19/2018 2:15,2:15,15,0,0,I25 & ALAMEDA AVENUE WEST,1,3,0,0,1,4,,0,65,0,0,0,0,0,1,5,5
,2018_42883,39.711525,-104.999094,4/9/2018 8:33,8:33,15,0,0,I25 & ALAMEDA AVENUE WEST,2,1,0,1,1,4,,0,55,0,0,0,0,0,1,2,13
,2018_42884,39.711525,-104.999094,12/20/2018 12:40,12:40,12,0,3,I25 & ALAMEDA AVENUE WEST,1,1,0,0,1,4,,0,60,0,0,0,0,1,1,2,7
,2018_42885,39.711525,-104.999094,12/21/2018 15:05,15:05,12,0,0,I25 & ALAMEDA AVENUE WEST,1,1,1,0,1,4,,0,55,0,0,0,0,0,1,3,14
,2018_42886,39.712076,-104.999424,11/1/2018 0:55,0:55,12,0,0,I25 & ALAMEDA AVENUE WEST,1,3,1,0,1,4,,0,55,0,0,0,0,0,1,2,5
,2018_42887,39.712903,-104.999918,7/1/2018 23:58,23:58,15,0,1,I25 & ALAMEDA AVENUE WEST,1,3,0,0,1,4,,0,65,0,0,0,0,1,1,2,13
,2018_42888,39.713041,-105.000001,3/31/2018 23:22,23:22,3,0,0,KALAMATH STREET SOUTH & CEDAR AVENUE WEST,1,4,0,0,1,1,,0,35,0,0,0,0,0,1,2,13
,2018_42889,39.720911,-105.008046,4/10/2018 11:39,11:39,12,0,0,I25 & THIRD AVENUE WEST,1,1,1,0,1,4,,0,55,0,0,0,0,0,1,2,13
,2018_42890,39.721677,-105.008879,7/1/2018 13:14,13:14,12,0,0,I25 SOUTHBOUND ON RAMP ENTRANCE GORE POINT & SIXTH AVENUE WEST,1,1,0,0,1,8,,0,45,0,0,0,0,0,1,2,3
,2018_42891,39.722726,-105.010261,5/16/2018 11:45,11:45,12,0,0,I25 & SIXTH AVENUE WEST,1,1,0,0,1,4,,0,55,0,0,0,0,0,1,2,3
,2018_42892,39.723662,-105.011457,2/3/2018 18:45,18:45,12,0,0,I25 & SIXTH AVENUE WEST,1,3,0,0,1,4,,0,55,0,0,0,0,0,1,2,13
,2018_42893,39.723662,-105.011457,8/21/2018 10:45,10:45,12,0,0,I25 & SIXTH AVENUE WEST,1,1,0,0,1,4,,0,55,0,0,0,0,0,1,3,13
,2018_42894,39.724076,-105.011886,2/27/2018 13:25,13:25,12,0,0,I25 & SIXTH AVENUE WEST,1,1,0,0,1,4,,0,,0,0,0,0,0,1,3,1
,2018_42895,39.724477,-105.012282,10/18/2018 12:27,12:27,12,0,0,I25 & SIXTH AVENUE WEST,1,1,1,0,1,4,,0,55,0,0,0,0,0,1,3,3
,2018_42896,39.724477,-105.012282,12/4/2018 16:37,16:37,12,0,0,I25 & SIXTH AVENUE WEST,1,1,0,0,1,4,,0,35,0,0,0,0,0,1,2,13
,2018_42897,39.724815,-105.012562,4/22/2018 13:13,13:13,15,0,0,I25 SB/NB ON RAMP SPLIT GORE POINT & SIXTH AVENUE WEST,1,1,0,0,1,8,,0,45,0,0,0,0,0,1,2,3
,2018_42898,39.725165,-105.012815,8/21/2018 15:50,15:50,12,0,0,I25 & SIXTH AVENUE WEST,2,1,0,1,1,4,,0,55,0,0,0,0,0,1,2,13
,2018_42899,39.725281,-105.012899,3/9/2018 16:57,16:57,12,0,0,I25 & SIXTH AVENUE WEST,1,1,0,0,1,4,,0,55,0,0,0,0,0,1,2,3
,2018_42900,39.725281,-105.012899,3/26/2018 14:00,14:00,12,0,0,I25 & SIXTH AVENUE WEST,1,1,0,0,1,4,,0,65,0,0,0,0,0,1,2,13
,2018_42901,39.725281,-105.012899,6/19/2018 17:33,17:33,12,0,0,I25 & SIXTH AVENUE WEST,2,1,0,1,1,4,,0,55,0,0,0,0,0,1,2,13
,2018_42902,39.725281,-105.012899,8/22/2018 8:58,8:58,12,0,0,I25 & SIXTH AVENUE WEST,1,1,0,0,1,4,,0,55,0,0,0,0,0,1,4,13
,2018_42903,39.725281,-105.012899,11/19/2018 9:13,9:13,12,0,0,I25 & SIXTH AVENUE WEST,1,1,1,0,1,4,,0,50,0,0,0,0,0,1,2,14
,2018_42904,39.725281,-105.012899,12/14/2018 12:45,12:45,15,0,0,I25 & SIXTH AVENUE WEST,1,1,0,0,1,4,,0,55,0,0,0,0,0,1,2,14
,2018_42905,39.730187,-105.015128,3/20/2018 6:32,6:32,12,0,0,I25 NORTHBOUND ENTRANCE GORE POINT & SIXTH AVENUE WEST,1,2,0,0,1,4,,0,55,0,0,0,0,0,1,2,13
,2018_42906,39.730881,-105.015362,12/21/2018 1:21,1:21,5,0,0,I25 SOUTHBOUND OFF RAMP LOOP EXIT GORE POINT & ZUNI STREET / EIGHTH AVENUE WEST,1,3,1,0,2,8,,0,40,0,0,0,0,0,1,1,5
,2018_42907,39.740257,-105.013939,6/7/2018 16:53,16:53,12,0,0,I25 & COLFAX AVENUE WEST,1,1,0,0,1,4,,0,55,0,0,0,0,0,1,2,13
,2018_42908,39.740257,-105.013939,6/26/2018 17:25,17:25,15,0,0,I25 & COLFAX AVENUE WEST,1,1,1,0,1,4,,0,55,0,0,0,0,0,1,2,13
,2018_42909,39.740455,-105.013961,6/30/2018 18:01,18:01,12,0,0,I25 SOUTHBOUND & COLFAX AVENUE WEST,1,1,0,0,1,4,,0,55,0,0,0,0,0,1,3,13
,2018_42910,39.740455,-105.013961,9/10/2018 11:10,11:10,15,0,1,I25 NORTHBOUND ON RAMP & COLFAX AVENUE EAST,1,1,0,0,1,8,,0,35,0,0,0,0,1,1,3,13
,2018_42911,39.740941,-105.014085,4/6/2018 21:15,21:15,5,0,0,I25 SOUTHBOUND COLLECTOR RAMP ON & COLFAX AVENUE WEST,5,2,1,2,2,8,,0,35,0,0,0,0,0,1,1,5
,2018_42912,39.743252,-105.015861,8/18/2018 22:24,22:24,12,0,0,I25 & 17TH AVENUE WEST,1,3,1,0,1,4,,0,55,0,0,0,0,0,1,3,13
,2018_42913,39.743372,-105.015987,11/29/2018 17:21,17:21,12,0,1,I25 & AURARIA PARKWAY,1,3,1,0,1,4,,0,65,0,0,0,0,1,1,2,3
,2018_42914,39.743733,-105.016365,6/13/2018 15:19,15:19,15,0,0,I25 & 17TH AVENUE WEST  NOT IN CORIS,1,1,1,0,1,4,,0,55,0,0,0,0,0,1,2,13
,2018_42915,39.749848,-105.017195,4/25/2018 11:47,11:47,12,0,0,I25 & EXIT 211,1,1,0,0,1,4,,0,55,0,0,0,0,0,1,2,13
,2018_42916,39.749848,-105.017195,6/11/2018 15:33,15:33,12,0,1,I25 & 23RD AVENUE WEST NORTHBOUND EXIT GORE,1,1,0,0,1,4,,0,65,0,0,0,0,1,1,3,13
,2018_42917,39.749848,-105.017195,12/14/2018 9:26,9:26,15,0,0,I25 & 23RD AVENUE WEST NORTHBOUND EXIT GORE,1,1,0,0,1,4,,0,55,0,0,0,0,0,1,2,13
,2018_42918,39.750728,-105.016824,11/2/2018 8:50,8:50,12,0,0,I25 & 23RD AVENUE WEST,1,1,0,0,1,4,,0,65,0,0,0,0,0,1,2,13
,2018_42919,39.751295,-105.016566,1/28/2018 13:30,13:30,12,0,0,I25 & 23RD AVENUE WEST,1,1,0,0,1,4,,0,65,0,0,0,0,0,1,2,13
,2018_42921,39.751295,-105.016566,6/5/2018 18:10,18:10,12,0,0,I25 & 23RD AVENUE WEST,1,1,0,0,1,4,,0,55,0,0,0,0,0,1,3,13
,2018_42922,39.751295,-105.016566,7/22/2018 15:42,15:42,12,0,0,I25 & 23RD AVENUE WEST,1,1,0,0,1,4,,0,55,0,0,0,0,0,1,2,13
,2018_42923,39.754867,-105.013627,6/23/2018 3:42,3:42,5,0,0,I25 SOUTHBOUND EXIT CRASH CUSHION & 23RD AVENUE EXIT GORE,1,3,0,0,3,8,,0,55,0,0,0,0,0,1,1,5
,2018_42924,39.755212,-105.012623,9/28/2018 10:55,10:55,12,0,0,I25 & SPEER BOULEVARD NORTH,1,1,0,0,1,4,,0,55,0,0,0,0,0,1,2,14
,2018_42925,39.760503,-105.005054,4/25/2018 18:35,18:35,12,0,0,I25 & 20TH STREET,1,1,0,0,1,4,,0,55,0,0,0,0,0,1,2,13
,2018_42926,39.760997,-105.004271,1/21/2018 16:08,16:08,5,0,0,I25 & 20TH STREET,10,1,0,2,3,4,,0,15,0,0,0,0,0,1,2,1
,2018_42927,39.768124,-104.99459,3/17/2018 16:50,16:50,12,0,0,I25 SOUTHBOUND OFF RAMP & PARK AVENUE WEST,1,1,1,0,1,8,,0,55,0,0,0,0,0,1,2,13
,2018_42928,39.779391,-104.989164,1/5/2018 9:06,9:06,12,0,0,I25 & I70 INTCH,1,1,0,0,1,4,,0,55,0,0,0,0,0,1,2,14
,2018_42929,39.783855,-104.989142,1/25/2018 13:59,13:59,15,0,0,I25 & 48TH AVENUE,1,1,0,0,1,4,,0,65,0,0,0,0,0,1,2,13
,2018_42930,39.783855,-104.989142,7/3/2018 10:02,10:02,15,0,0,I25 & 48TH AVENUE WEST,1,1,0,0,1,4,,0,55,0,0,0,0,0,1,2,8
,2018_42980,39.711192,-104.99993,7/21/2018 10:50,10:50,12,0,0,ALAMEDA AVENUE & 1000 BLOCK WEST,1,1,1,0,1,3,,0,35,0,0,0,0,0,2,2,7
,2018_42981,39.711192,-104.99993,11/27/2018 5:31,5:31,3,0,1,ALAMEDA AVENUE WEST & I25 SOUTHBOUND OFF RAMP,1,3,0,0,1,1,,0,,0,0,0,0,1,2,2,13
,2018_42982,39.711208,-104.998391,4/20/2018 14:31,14:31,3,0,1,ALAMEDA AVENUE WEST & KALAMATH STREET SOUTH,1,1,0,0,1,1,,0,35,0,0,0,0,1,2,2,13
,2018_42983,39.711208,-104.998391,10/23/2018 21:15,21:15,1,0,0,ALAMEDA AVENUE WEST & KALAMATH STREET SOUTH,1,3,0,0,1,1,,0,35,0,0,0,0,0,2,2,13
,2018_42984,39.65308,-104.891582,3/19/2018 8:01,8:01,3,0,0,HAMPDEN AVENUE EAST & VERBENA STREET SOUTH,5,1,0,2,1,1,,0,45,0,0,0,0,0,2,2,13
,2018_42985,39.653065,-104.885929,5/25/2018 16:34,16:34,1,0,0,HAMPDEN AVENUE 8600 BLOCK EAST & YOSEMITE STREET SOUTH,1,1,0,0,1,2,,0,45,0,0,0,0,0,2,2,3
,2018_42986,39.740338,-105.038168,2/23/2018 15:44,15:44,6,0,0,OSCEOLA STREET 1400 BLOCK NORTH & COLFAX AVENUE WEST,1,1,1,0,1,4,,0,,0,0,0,0,0,2,2,13