id,drcog_id,latitude,longitude,crashtime,time,crashtype,numbkilled,numbinjurd,drcoglocat,rdconditin,lightngcon,roadcntgrd,weatherco,location,roaddescrp,schoolzone,constrzone,splimit,bikeinv,pedinv,sctrinv,motoinv,svrty,rdsystem,ttlvehcls,hcf
,2018_42987,39.65305,-104.884342,6/23/2018 10:50,10:50,12,0,0,HAMPDEN AVENUE EAST & YOSEMITE STREET SOUTH,1,1,0,0,1,1,,0,45,0,0,0,0,0,2,2,13
,2018_42988,39.653047,-104.883989,1/26/2018 18:30,18:30,15,0,0,HAMPDEN AVENUE 8900 BLOCK EAST & YOSEMITE STREET SOUTH,1,3,0,0,1,4,,0,45,0,0,0,0,0,2,2,13
,2018_42989,39.653019,-104.873701,6/25/2018 12:20,12:20,5,0,0,HAMPDEN AVENUE EAST & DAYTON STREET SOUTH,1,1,0,0,3,4,,0,45,0,0,0,0,0,2,2,13
,2018_42991,39.660018,-104.866322,8/9/2018 7:34,7:34,12,0,0,HAVANA STREET SOUTH & DARTMOUTH AVENUE EAST,1,1,0,0,1,1,,0,45,0,0,0,0,0,2,3,13
,2018_42992,39.669099,-104.866097,8/9/2018 16:31,16:31,12,0,0,HAVANA STREET 2500 SOUTH & PARKER ROAD SOUTH,1,1,0,0,1,4,,0,40,0,0,0,0,0,2,3,13
,2018_42993,39.669225,-104.866094,2/3/2018 12:58,12:58,12,0,5,HAVANA STREET 2500 BLOCK SOUTH & PARKER ROAD SOUTH,1,1,0,0,1,3,,0,45,0,0,0,0,1,2,5,14
,2018_43027,39.740304,-105.013563,1/10/2018 8:19,8:19,12,0,0,COLFAX AVENUE WEST & I25,1,1,0,0,1,4,,0,35,0,0,0,0,0,2,2,14
,2018_43029,39.740031,-104.996607,4/11/2018 15:20,15:20,15,0,0,COLFAX AVENUE WEST & WELTON STREET,1,1,0,0,1,1,,0,30,0,0,0,0,0,2,2,8
,2018_43031,39.740005,-104.987167,12/15/2018 0:00,0:00,15,0,0,BROADWAY STREET NORTH & COLFAX AVENUE EAST,1,3,0,0,1,1,,0,35,0,0,0,0,0,2,2,13
,2018_43032,39.740041,-104.983728,11/30/2018 2:02,2:02,3,0,0,COLFAX AVENUE EAST & GRANT AVENUE NORTH,1,4,0,0,1,1,,0,30,0,0,0,0,0,2,2,13
,2018_43033,39.740039,-104.983541,6/11/2018 9:40,9:40,6,0,0,COLFAX AVENUE 300 BLOCK EAST & GRANT STREET NORTH,1,1,0,0,1,4,,0,30,0,0,0,0,0,2,2,13
,2018_43035,39.740028,-104.982228,8/29/2018 10:24,10:24,15,0,0,LOGAN STREET NORTH & COLFAX AVENUE EAST,1,1,0,0,1,1,,0,25,0,0,0,0,0,2,2,14
,2018_43036,39.740018,-104.981104,10/3/2018 10:04,10:04,3,0,0,COLFAX AVENUE EAST & PENNSYLVANIA STREET NORTH,1,1,0,0,1,1,,0,30,0,0,0,0,0,2,2,14
,2018_43037,39.740007,-104.979792,9/12/2018 8:14,8:14,15,0,0,COLFAX AVENUE EAST & PEARL STREET NORTH,1,1,0,0,1,3,,0,35,0,0,0,0,0,2,2,13
,2018_43038,39.74,-104.977544,5/17/2018 7:54,7:54,3,0,0,COLFAX AVENUE EAST & CLARKSON STREET NORTH,1,1,0,0,1,1,,0,25,0,0,0,0,0,2,2,14
,2018_43039,39.740004,-104.975298,6/17/2018 17:03,17:03,12,0,1,COLFAX AVENUE EAST & OGDEN STREET NORTH,2,1,0,1,1,1,,0,35,0,0,0,0,2,2,3,13
,2018_43040,39.740008,-104.973052,7/28/2018 6:45,6:45,10,0,0,DOWNING STREET  & COLFAX AVENUE EAST,1,1,0,0,1,1,,0,30,0,0,0,0,0,2,2,13
,2018_43041,39.740113,-104.958751,3/7/2018 15:15,15:15,1,0,0,COLFAX AVENUE EAST & JOSEPHINE STREET NORTH,1,1,0,0,1,1,,0,30,0,0,0,0,0,2,2,7
,2018_43042,39.740113,-104.958751,9/8/2018 19:48,19:48,12,0,3,COLFAX AVENUE EAST & JOSEPHINE STREET NORTH,1,3,0,0,1,1,,0,30,0,0,0,0,1,2,2,13
,2018_43043,39.740152,-104.947484,11/5/2018 8:25,8:25,12,0,0,COLFAX AVENUE 3400 BLOCK EAST & COOK STREET NORTH,1,1,0,0,1,4,,0,35,0,0,0,0,0,2,2,13
,2018_43045,39.740145,-104.945226,4/29/2018 17:15,17:15,3,0,1,COLFAX AVENUE EAST & MONROE STREET NORTH,1,1,0,0,1,1,,0,25,0,0,0,0,1,2,2,13
,2018_43046,39.740145,-104.945226,8/17/2018 9:55,9:55,12,0,0,COLFAX AVENUE 3500 BLOCK EAST & MONROE STREET NORTH,1,1,0,0,1,4,,0,30,0,0,0,0,0,2,2,13
,2018_43048,39.740085,-104.90222,1/8/2018 17:21,17:21,12,0,0,COLFAX AVENUE EAST & QUINCE STREET NORTH,1,3,0,0,1,1,,0,30,0,0,0,0,0,2,2,3
,2018_43049,39.740085,-104.898651,12/8/2018 17:32,17:32,12,0,0,COLFAX AVENUE EAST & SYRACUSE STREET NORTH,1,3,0,0,1,3,,0,35,0,0,0,0,0,2,2,13
,2018_43050,39.740086,-104.896395,9/12/2018 7:15,7:15,1,0,0,COLFAX AVENUE EAST & TRENTON STREET NORTH,1,1,0,0,1,1,,0,35,0,0,0,0,0,2,3,14
,2018_43073,39.77829013,-104.9034189,10/5/2018 15:30,15:30,12,0,0,QUEBEC STREET NORTH & I70,1,1,1,0,1,4,,0,45,0,0,0,0,0,1,2,13
,2018_43098,39.783541,-105.031168,3/6/2018 8:02,8:02,15,0,0,I70 & FEDERAL BOULEVARD NORTH,1,1,0,0,1,4,,0,55,0,0,0,0,0,1,2,13
,2018_43099,39.784195,-105.025519,7/22/2018 18:40,18:40,15,0,0,I70 & FEDERAL BOULEVARD NORTH,1,1,0,0,1,4,,0,,0,0,0,0,0,1,2,13
,2018_43100,39.783141,-105.006578,8/15/2018 20:00,20:00,5,0,0,I70 EASTBOUND EXIT GORE POINT TO & PECOS STREET NORTH,1,2,1,0,3,8,,0,45,0,0,0,0,0,1,1,13
,2018_43101,39.783149,-105.006371,3/3/2018 18:31,18:31,15,0,1,I70 & PECOS STREET NORTH,1,3,0,0,1,4,,0,55,0,0,0,1,2,1,2,13
,2018_43102,39.775891,-104.868792,10/18/2018 13:40,13:40,15,0,0,I70 & HAVANA STREET NORTH,1,1,0,0,1,4,,0,55,0,0,0,0,0,1,2,13
,2018_43103,39.783149,-105.006371,1/26/2018 19:29,19:29,3,0,0,I70 WB EXIT RAMP & PECOS STREET NORTH ROUNDABOUT,1,3,0,0,1,6,,0,35,0,0,0,0,0,1,2,8
,2018_43104,39.783149,-105.006371,11/5/2018 7:25,7:25,3,0,0,PECOS STREET NORTH & 48TH AVENUE WEST,1,1,0,0,1,6,,0,20,0,0,0,0,0,1,2,13
,2018_43105,39.783045,-105.000674,1/14/2018 16:44,16:44,15,0,0,I70 & PECOS STREET NORTH WB OFF RAMP GORE POINT,1,2,0,0,1,8,,0,45,0,0,0,0,0,1,2,8
,2018_43106,39.78296,-105.000372,10/30/2018 14:45,14:45,15,0,1,I70 & KALAMATH STREET NORTH,1,1,1,0,1,4,,0,55,0,0,0,0,1,1,3,13
,2018_43107,39.780124,-104.989762,3/19/2018 23:20,23:20,15,0,0,I70 EASTBOUND OFF RAMP END TO & I25 SOUTHBOUND RAMP BEGIN,1,3,0,0,1,8,,0,50,0,0,0,0,0,1,2,13
,2018_43108,39.773999,-104.846793,10/18/2018 6:45,6:45,12,0,0,I70 & PEORIA STREET NORTH,1,1,0,0,1,4,,0,55,0,0,0,0,0,1,2,3
,2018_43109,39.778296,-104.902543,1/31/2018 14:45,14:45,12,0,0,I70 & QUEBEC STREET,1,1,0,0,1,4,,0,55,0,0,0,0,0,1,2,13
,2018_43110,39.780058,-104.9894,8/17/2018 15:25,15:25,12,0,1,I70 & I25,1,1,0,0,1,4,,0,65,0,0,0,0,1,1,3,13
,2018_43111,39.780024,-104.989219,11/1/2018 18:23,18:23,12,0,1,I70 & I25,1,3,0,0,1,4,,0,55,0,0,0,0,1,1,2,2
,2018_43112,39.779441,-104.979019,9/13/2018 17:59,17:59,12,0,0,I70 & WASHINGTON STREET NORTH,1,1,0,0,1,4,,0,55,0,0,0,0,0,1,2,13
,2018_43113,39.779441,-104.979019,2/8/2018 10:13,10:13,12,0,0,WASHINGTON STREET NORTH & I70 WB RAMPS,1,1,0,0,1,1,,0,35,0,0,0,0,0,1,2,13
,2018_43114,39.779441,-104.979019,11/16/2018 6:25,6:25,15,0,0,I70 & WASHINGTON STREET NORTH,1,1,0,0,1,1,,0,35,0,0,0,0,0,1,2,13
,2018_43116,39.779942,-104.966087,5/23/2018 14:49,14:49,12,0,0,I70 & BRIGHTON BOULEVARD NORTH,1,1,0,0,1,4,,0,55,0,0,0,0,0,1,3,13
,2018_43117,39.779942,-104.966087,9/11/2018 18:57,18:57,9,0,0,I70 & BRIGHTON BOULEVARD NORTH,1,1,0,0,1,4,,0,65,0,0,0,1,0,1,2,1
,2018_43118,39.779942,-104.966087,11/9/2018 15:00,15:00,12,0,0,I70 & BRIGHTON BOULEVARD NORTH,1,1,1,0,1,4,,0,55,0,0,0,0,0,1,3,13
,2018_43119,39.780012,-104.960565,5/29/2018 9:21,9:21,15,0,0,I70 & BRIGHTON BOULEVARD,1,1,0,0,1,4,,0,55,0,0,0,0,0,1,2,13
,2018_43120,39.779999,-104.949951,4/30/2018 13:26,13:26,15,0,0,I70 & STEELE STREET NORTH,1,1,0,0,1,4,,0,65,0,0,0,0,0,1,2,1
,2018_43121,39.779944,-104.940603,6/16/2018 14:33,14:33,12,0,1,I70 & COLORADO BOULEVARD NORTH,2,1,0,0,1,4,,0,55,0,0,0,0,1,1,2,14
,2018_43122,39.779949,-104.94024,5/4/2018 16:50,16:50,15,0,0,I70 & COLORADO BOULEVARD NORTH,1,1,0,0,1,4,,0,35,0,0,0,0,0,1,2,13
,2018_43123,39.779951,-104.940041,9/5/2018 18:08,18:08,15,0,0,I70 WB ON RAMP & STAPLETON DRIVE SOUTH,1,1,0,0,1,8,,0,55,0,0,0,0,0,1,2,13
,2018_43124,39.778287,-104.915664,11/13/2018 22:50,22:50,12,0,0,I70 & LEYDEN STREET NORTH,1,3,0,0,1,4,,0,55,0,0,0,0,0,1,2,3
,2018_43125,39.778289,-104.897318,10/11/2018 17:02,17:02,12,0,0,I70 & I270,2,1,0,1,1,4,,0,55,0,0,0,0,0,1,2,13
,2018_43126,39.777484,-104.886711,11/7/2018 22:43,22:43,12,0,0,I70 & CENTRAL PARK BOULEVARD NORTH,1,3,0,0,1,4,,1,55,0,0,0,0,0,1,3,3
,2018_43127,39.777157,-104.883141,3/6/2018 9:32,9:32,12,0,0,I70 EASTBOUND RAMP OFF & CENTRAL PARK BOULEVARD,1,1,0,0,1,8,,0,35,0,0,0,0,0,1,2,13
,2018_43128,39.777157,-104.883141,11/27/2018 9:57,9:57,5,0,1,I70 & CENTRAL PARK BOULEVARD NORTH,1,1,0,0,2,8,,1,55,0,0,0,0,1,1,1,14
,2018_43130,39.777139,-104.882953,1/1/2018 17:27,17:27,12,0,0,I70 & CENTRAL PARK BOULEVARD,1,1,0,0,1,4,,0,55,0,0,0,0,0,1,3,1
,2018_43131,39.777139,-104.882953,8/13/2018 15:29,15:29,15,0,1,I70 & CENTRAL PARK BOULEVARD NORTH,1,1,0,0,1,4,,0,55,0,0,0,0,1,1,2,4
,2018_43132,39.776706,-104.878237,12/19/2018 19:23,19:23,15,0,0,I70 & CENTRAL PARK BOULEVARD,1,3,0,0,1,4,,0,55,0,0,0,0,0,1,2,13
,2018_43133,39.775732,-104.866943,9/15/2018 16:35,16:35,12,0,0,I70 & HAVANA STREET NORTH,1,1,0,0,1,4,,0,55,0,0,0,0,0,1,2,13
,2018_43134,39.775573,-104.865095,3/31/2018 15:44,15:44,12,0,0,I70 & HAVANA STREET NORTH,1,1,1,0,1,4,,0,65,0,0,0,0,0,1,3,13
,2018_43135,39.775573,-104.865095,5/30/2018 9:37,9:37,12,0,0,I70 & HAVANA STREET NORTH,1,1,0,0,1,4,,0,55,0,0,0,0,0,1,2,7
,2018_43136,39.775573,-104.865095,10/2/2018 15:58,15:58,12,0,0,I70 & HAVANA STREET NORTH,1,1,1,0,1,4,,0,55,0,0,0,0,0,1,2,13
,2018_43137,39.775176,-104.860473,10/25/2018 10:46,10:46,12,0,1,I70 & HAVANA STREET NORTH,1,1,0,0,1,4,,0,55,0,0,0,0,1,1,3,3
,2018_43138,39.774142,-104.848457,10/29/2018 20:59,20:59,12,0,0,I70 & PEORIA STREET NORTH,1,3,0,0,1,4,,0,55,0,0,0,0,0,1,2,13
,2018_43139,39.773999,-104.846793,4/30/2018 16:36,16:36,12,0,0,I70 & PEORIA STREET NORTH,1,1,1,0,1,4,,0,55,0,0,0,0,0,1,2,13
,2018_43140,39.773999,-104.846793,10/8/2018 13:09,13:09,12,0,0,PEORIA STREET NORTH & I70 EASTBOUND RAMPS,2,1,0,1,1,3,,0,35,0,0,0,0,0,1,2,13
,2018_43141,39.773904,-104.845684,6/17/2018 1:48,1:48,12,0,0,I70 EASTBOUND ON RAMP MERGE POINT & PEORIA STREET NORTH,1,3,1,0,1,8,,0,65,0,0,0,0,0,1,2,7
,2018_43142,39.773617,-104.842357,4/16/2018 16:14,16:14,12,0,0,I70 EASTBOUND ON RAMP GORE POINT & PEORIA STREET NORTH,1,1,0,0,1,4,,0,40,0,0,0,0,0,1,2,13
,2018_43143,39.773203,-104.83755,1/18/2018 14:25,14:25,12,0,0,I70 & PEORIA STREET NORTH,1,1,0,0,1,4,,0,65,0,0,0,0,0,1,2,13
,2018_43144,39.772885,-104.833853,1/6/2018 17:22,17:22,12,0,0,I70 & I70 EASTBOUND OFF RAMP TO SOUTHBOUND I225,1,3,0,0,1,4,,0,55,0,0,0,0,0,1,2,13
,2018_43201,39.69629,-104.897364,9/27/2018 18:20,18:20,5,0,1,MISSISSIPPI AVENUE EAST & PARKER ROAD SOUTH,1,1,0,0,3,1,,0,40,0,0,0,0,1,2,1,7
,2018_43202,39.700324,-104.908412,6/16/2018 2:30,2:30,12,0,0,LEETSDALE DRIVE & ONEIDA STREET SOUTH,1,3,0,0,1,4,,0,35,0,0,0,0,0,2,2,5
,2018_43203,39.702954,-104.912867,3/19/2018 17:19,17:19,10,0,0,MONACO PARKWAY & LEETSDALE DRIVE,1,1,1,0,1,1,,0,,0,0,0,0,0,2,2,13
,2018_43229,39.678999,-104.993154,2/10/2018 11:35,11:35,12,0,0,SANTA FE DRIVE SOUTH & EVANS AVENUE WEST,4,1,0,2,1,4,,0,50,0,0,0,0,0,2,2,13
,2018_43230,39.678999,-104.993154,7/25/2018 19:10,19:10,12,0,1,HIGHWAY 85 NORTHBOUND ON RAMP & EVANS AVENUE WEST,1,1,1,0,1,8,,0,45,0,0,0,1,2,2,2,13
,2018_43231,39.687439,-104.991942,3/7/2018 15:03,15:03,1,0,1,SANTA FE DRIVE SOUTH & IOWA AVENUE WEST,1,1,0,0,1,1,,0,65,0,0,0,0,1,2,2,1
,2018_43232,39.687439,-104.991942,9/25/2018 14:53,14:53,1,0,2,SANTA FE DRIVE SOUTH & IOWA AVENUE WEST,1,1,1,0,1,1,,0,55,0,0,0,0,2,2,2,8
,2018_43233,39.689481,-104.99207,10/12/2018 12:01,12:01,12,0,0,SANTA FE DRIVE SOUTH & FLORIDA AVENUE WEST / 1500 BLOCK SOUTH,1,1,0,0,1,1,,0,40,0,0,0,0,0,2,4,13
,2018_43234,39.696483,-104.991947,6/10/2018 11:21,11:21,15,0,0,SANTA FE DRIVE SOUTH & MISSISSIPPI AVENUE WEST,1,1,0,0,1,2,,0,40,0,0,0,0,0,2,2,8
,2018_43235,39.696679,-104.991877,5/17/2018 0:35,0:35,3,0,0,PLATTE RIVER DRIVE SOUTH  & MISSISSIPPI AVENUE WEST,1,3,0,0,1,1,,0,35,0,0,0,0,0,2,2,13
,2018_43236,39.696679,-104.991877,6/27/2018 14:54,14:54,3,0,0,PLATTE RIVER DRIVE SOUTH  & MISSISSIPPI AVENUE WEST,1,1,0,0,1,1,,0,45,0,0,0,0,0,2,2,13
,2018_43238,39.697334,-104.991768,2/28/2018 13:35,13:35,12,0,1,SANTA FE DRIVE SOUTH & MISSISSIPPI AVENUE WEST,1,1,0,0,1,4,,0,45,0,0,0,0,1,2,2,1
,2018_43248,39.732914,-105.025176,1/17/2018 9:45,9:45,12,0,0,FEDERAL BOULEVARD 900 & 10TH AVENUE WEST,2,1,1,0,1,4,,0,30,0,0,0,0,0,2,2,14
,2018_43249,39.732914,-105.025176,5/31/2018 18:05,18:05,1,0,1,FEDERAL BOULEVARD NORTH & 10TH AVENUE WEST,1,1,1,0,1,1,,0,35,0,0,0,0,1,2,2,13
,2018_43250,39.731188,-105.025182,11/15/2018 7:49,7:49,12,0,0,FEDERAL BOULEVARD NORTH & NINTH AVENUE WEST,1,1,0,0,1,3,,1,35,0,0,0,0,0,2,2,7
,2018_43251,39.725719,-105.025126,4/22/2018 12:11,12:11,3,0,0,FEDERAL BOULEVARD 600 BLOCK NORTH & SIXTH AVENUE WEST,1,1,0,0,1,2,,0,35,0,0,0,0,0,2,2,8
,2018_43252,39.724619,-105.025126,12/18/2018 8:12,8:12,15,0,0,FEDERAL BOULEVARD NORTH & SIXTH AVENUE WEST,1,1,0,0,1,4,,0,35,0,0,0,0,0,2,2,13
,2018_43253,39.718398,-105.025153,7/2/2018 23:32,23:32,12,0,0,FEDERAL BOULEVARD 100 BLOCK NORTH & FIRST AVENUE WEST,1,3,0,0,1,3,,0,35,0,0,0,1,0,2,2,13
,2018_43254,39.713042,-105.025153,6/28/2018 12:30,12:30,5,0,1,FEDERAL BOULEVARD 200 BLOCK SOUTH & CEDAR AVENUE WEST,1,1,1,0,3,4,,0,35,0,0,0,0,2,2,1,10
,2018_43255,39.700406,-105.025085,9/16/2018 23:21,23:21,1,0,1,FEDERAL BOULEVARD SOUTH & KENTUCKY AVENUE WEST,1,3,0,0,1,1,,0,35,0,0,0,0,1,2,2,13
,2018_43256,39.690674,-105.025048,5/3/2018 11:00,11:00,3,0,0,FEDERAL BOULEVARD SOUTH & ARKANSAS AVENUE WEST,2,1,0,1,1,1,,0,35,0,0,0,0,0,2,2,13
,2018_43257,39.687726,-105.025036,5/28/2018 12:12,12:12,3,0,0,IOWA AVENUE WEST & FEDERAL BOULEVARD SOUTH,1,1,0,0,1,1,,0,25,0,0,0,0,0,2,2,13
,2018_43258,39.685662,-105.025029,8/8/2018 16:34,16:34,12,0,0,FEDERAL BOULEVARD SOUTH & MEXICO AVENUE WEST,1,1,1,0,1,4,,0,40,0,0,0,0,0,2,2,1
,2018_43259,39.680232,-105.025027,8/12/2018 19:07,19:07,15,0,0,FEDERAL BOULEVARD SOUTH & ASBURY AVENUE WEST,1,2,0,0,1,4,,0,40,0,0,0,0,0,2,2,8
,2018_43260,39.676736,-105.025046,5/23/2018 10:07,10:07,3,0,0,FEDERAL BOULEVARD SOUTH & WARREN AVENUE WEST,1,1,0,0,1,1,,0,35,0,0,0,0,0,2,2,13
,2018_43261,39.66647,-105.025134,10/3/2018 16:06,16:06,12,0,0,FEDERAL BOULEVARD 2700 SOUTH & YALE AVENUE WEST,1,1,0,0,1,4,,0,40,0,0,0,0,0,2,2,13
,2018_43262,39.663833,-105.025147,6/15/2018 12:31,12:31,3,0,1,FEDERAL BOULEVARD SOUTH & BATES AVENUE WEST,1,1,0,0,1,1,,0,40,0,0,0,0,2,2,2,1
,2018_43281,39.651902,-105.052907,3/6/2018 19:50,19:50,5,0,0,HAMPDEN SOUTH FRTG WEST & SHERIDAN BOULEVARD SOUTH,1,3,1,0,3,1,,0,30,0,0,0,0,0,2,1,13
,2018_43282,39.682251,-105.053195,6/30/2018 17:53,17:53,12,0,0,SHERIDAN BOULEVARD SOUTH & JEWELL AVENUE WEST,1,1,0,0,1,1,,0,40,0,0,0,0,0,2,2,14
,2018_43283,39.691391,-105.0532,11/29/2018 3:57,3:57,15,0,0,ARKANSAS AVENUE WEST & SHERIDAN BOULEVARD SOUTH,1,3,0,0,1,1,,0,40,0,0,0,0,0,2,2,13
,2018_43310,39.635142,-105.082348,10/18/2018 16:04,16:04,12,0,0,WADSWORTH BOULEVARD SOUTH & STANFORD AVENUE WEST,1,1,0,0,1,4,,0,40,0,0,0,0,0,2,2,5
,2018_43365,39.633279,-104.903931,6/5/2018 17:50,17:50,12,0,0,I225 SOUTHBOUND OFF RAMP & MM 0,1,1,0,0,1,8,,0,55,0,0,0,0,0,1,2,1
,2018_43366,39.634193,-104.901729,5/29/2018 17:28,17:28,12,0,0,I225 OFF RAMP SPLIT & I25,1,1,0,0,1,4,,0,65,0,0,0,0,0,1,3,1
,2018_43367,39.634376,-104.900784,11/10/2018 3:36,3:36,15,0,1,I225 NORTHBOUND ON RAMP & I25,1,4,1,0,1,8,,0,45,0,0,0,0,1,1,2,1
,2018_43368,39.635522,-104.893462,5/21/2018 9:51,9:51,1,0,1,I225 & TAMARAC STREET / DTC BOULEVARD,1,1,0,0,1,1,,0,35,0,0,0,0,1,1,2,1
,2018_43369,39.635522,-104.893462,10/12/2018 20:50,20:50,3,0,1,TAMARAC DRIVE SOUTH & I225 SOUTHBOUND OFF RAMP,1,3,1,0,1,1,,0,40,0,0,0,0,2,1,2,13
,2018_43370,39.639304,-104.885042,3/6/2018 3:37,3:37,5,0,0,I225 NORTHBOUND ON RAMP & YOSEMITE STREET 3900 BLOCK,1,3,1,0,3,8,,0,40,0,0,0,0,0,1,1,13
,2018_43400,39.780222,-104.898951,5/23/2018 22:09,22:09,5,0,1,I270 & QUEBEC STREET NORTH,1,3,0,0,2,4,,0,65,0,0,0,0,1,1,1,13
,2018_43401,39.776831,-104.890706,12/19/2018 2:00,2:00,15,0,0,I270 EB/SB ON FLYOVER & CENTRAL PARK BOULEVARD OFF RAMP,1,3,0,0,1,8,,0,45,0,0,0,0,0,1,2,13
,2018_43402,39.77699,-104.88444,4/6/2018 17:32,17:32,5,0,0,I270 EASTBOUND DIRECT CONNECT & I70,2,1,1,2,2,4,,0,55,0,0,0,0,0,1,3,1
,2018_43417,39.653152,-105.057887,4/25/2018 17:41,17:41,5,0,0,HAMPDEN AVENUE WEST & SHERIDAN BOULEVARD SOUTH,1,1,1,0,3,4,,0,55,0,0,0,0,0,2,1,1
,2018_43436,39.652979,-104.921316,4/9/2018 12:15,12:15,12,0,0,HAMPDEN AVENUE EAST & IVANHOE STREET SOUTH,1,1,0,0,1,4,,0,35,0,0,0,0,0,2,2,13
,2018_43437,39.652979,-104.918863,1/29/2018 5:55,5:55,3,0,2,HAMPDEN AVENUE EAST & I25 SOUTHBOUND OFF RAMP,1,2,0,0,1,1,,0,30,0,0,0,0,1,2,2,13
,2018_43438,39.751253,-105.025137,6/30/2018 13:29,13:29,12,0,0,23RD AVENUE WEST & FEDERAL BOULEVARD NORTH,1,1,0,0,1,1,,0,30,0,0,0,0,0,2,2,13
,2018_43439,39.754834,-105.025131,6/19/2018 8:15,8:15,12,0,0,26TH AVENUE WEST & FEDERAL BOULEVARD NORTH,1,1,0,0,1,1,,0,30,0,0,0,0,0,2,2,13
,2018_43440,39.755689,-105.025134,11/8/2018 6:40,6:40,12,0,0,FEDERAL BOULEVARD 2600 BLOCK NORTH & 27TH AVENUE WEST,1,1,0,0,1,4,,0,35,0,0,0,0,0,2,3,3
,2018_43441,39.769238,-105.025232,4/27/2018 20:17,20:17,12,0,0,FEDERAL BOULEVARD NORTH & 38TH AVENUE WEST,1,2,0,0,1,1,,0,35,0,0,0,0,0,2,2,3
,2018_43442,39.776686,-105.025228,12/17/2018 12:15,12:15,12,0,0,44TH AVENUE WEST & FEDERAL BOULEVARD NORTH,1,1,0,0,1,1,,0,30,0,0,0,0,0,2,2,13
,2018_43443,39.780267,-105.025226,12/8/2018 13:57,13:57,1,0,0,FEDERAL BOULEVARD NORTH & 46TH AVENUE WEST,1,1,0,0,1,1,,0,35,0,0,0,0,0,2,2,13
,2018_43444,39.784707,-105.025224,1/21/2018 13:49,13:49,1,0,0,FEDERAL BOULEVARD NORTH & I70 WB ON RAMP,4,1,0,2,1,1,,0,35,0,0,0,0,0,2,2,13
,2018_43447,39.787424,-105.025217,9/24/2018 15:34,15:34,12,0,1,FEDERAL BOULEVARD NORTH & 50TH AVENUE WEST,1,1,0,0,1,1,,0,35,0,0,0,0,1,2,3,13
,2018_43448,39.78785,-105.025213,9/28/2018 14:10,14:10,12,0,0,FEDERAL BOULEVARD 5000 BLOCK NORTH & 50TH AVENUE WEST,1,1,0,0,1,4,,0,35,0,0,0,0,0,2,2,13
,2018_43526,39.749248,-104.944657,11/24/2018 12:30,12:30,15,0,0,CITY PARK ROAD 25 & COLORADO BOULEVARD NORTH,1,1,0,6,1,4,,0,15,0,0,0,0,0,4,2,8
,2018_43530,39.687475,-104.940545,8/3/2018 14:26,14:26,15,0,0,COLORADO BOULEVARD 1500 SOUTH & IOWA AVENUE EAST,2,1,0,1,1,4,,0,35,0,0,0,0,0,2,2,1
,2018_43533,39.713244,-104.940611,8/5/2018 13:50,13:50,12,0,1,COLORADO BOULEVARD SOUTH & ALAMEDA AVENUE EAST,1,1,0,0,1,3,,0,40,0,0,0,0,1,2,2,13
,2018_43534,39.716746,-104.94061,1/13/2018 19:42,19:42,15,0,0,COLORADO BOULEVARD SOUTH & LEETSDALE DRIVE APPROXIMATELY,1,3,0,0,1,1,,0,45,0,0,0,0,0,2,2,13
,2018_43535,39.716746,-104.94061,12/11/2018 11:22,11:22,15,0,0,COLORADO BOULEVARD 100 BLOCK SOUTH & LEETSDALE DRIVE,1,1,0,0,1,3,,0,35,0,0,0,0,0,2,2,13
,2018_43536,39.719664,-104.940609,5/24/2018 20:43,20:43,3,0,0,COLORADO BOULEVARD NORTH & FIRST AVENUE EAST,1,3,0,0,1,1,,0,40,0,0,0,0,0,2,2,13
,2018_43537,39.719664,-104.940609,9/17/2018 5:36,5:36,1,0,0,COLORADO BOULEVARD NORTH & FIRST AVENUE EAST,1,3,0,0,1,1,,0,35,0,0,0,0,0,2,2,13
,2018_43539,39.7255,-104.940607,4/7/2018 13:21,13:21,3,0,0,SIXTH AVENUE EAST & COLORADO BOULEVARD NORTH,1,1,0,0,1,1,,0,35,0,0,0,0,0,2,2,13
,2018_43540,39.7255,-104.940607,10/27/2018 23:42,23:42,12,0,1,COLORADO BOULEVARD NORTH & SIXTH AVENUE EAST,1,3,0,0,1,3,,0,35,0,0,0,0,1,2,2,7
,2018_43542,39.7255,-104.940607,12/8/2018 23:45,23:45,12,0,1,COLORADO BOULEVARD NORTH & SIXTH AVENUE EAST,1,3,0,0,1,3,,0,35,0,0,0,0,2,2,2,13
,2018_43543,39.726813,-104.940606,2/27/2018 8:30,8:30,12,0,0,COLORADO BOULEVARD NORTH & SEVENTH AVENUE EAST,1,1,0,0,1,3,,0,35,0,0,0,0,0,2,2,8
,2018_43544,39.737172,-104.940602,9/22/2018 11:20,11:20,12,0,0,COLORADO BOULEVARD 1300 BLOCK NORTH & 13TH AVENUE EAST,1,1,0,0,1,4,,0,35,0,0,0,0,0,2,2,2
,2018_43545,39.747094,-104.940599,9/14/2018 13:30,13:30,12,0,0,COLORADO BOULEVARD 1900 BLOCK NORTH & MONTVIEW BOULEVARD EAST,1,1,0,0,1,3,,0,35,0,0,0,0,0,2,2,13
,2018_43546,39.749866,-104.940598,6/26/2018 9:49,9:49,15,0,0,COLORADO BOULEVARD & 2200 BLOCK NORTH,1,1,0,0,1,4,,0,35,0,0,0,0,0,2,2,1
,2018_43547,39.757849,-104.940527,2/20/2018 15:45,15:45,5,0,0,COLORADO BOULEVARD NORTH & 29TH AVENUE EAST,2,1,0,0,1,4,,0,35,0,0,0,0,0,2,2,13