id,drcog_id,latitude,longitude,crashtime,time,crashtype,numbkilled,numbinjurd,drcoglocat,rdconditin,lightngcon,roadcntgrd,weatherco,location,roaddescrp,schoolzone,constrzone,splimit,bikeinv,pedinv,sctrinv,motoinv,svrty,rdsystem,ttlvehcls,hcf
,2018_43910,39.778297,-104.899991,3/8/2018 19:26,19:26,12,0,0,I70 & NORTHFIELD QUEBEC NORTH,1,3,0,0,1,4,,0,55,0,0,0,0,0,1,2,13
,2018_43911,39.777575,-104.8878,12/6/2018 21:50,21:50,15,0,1,I70 EASTBOUND ON RAMP & CENTRAL PARK BOULEVARD,1,3,0,0,1,8,,1,45,0,0,0,0,1,1,2,1
,2018_43912,39.777157,-104.883141,11/6/2018 8:19,8:19,12,0,0,I70 & CENTRAL PARK BOULEVARD,1,1,0,0,1,4,,0,55,0,0,0,0,0,1,2,1
,2018_43913,39.777139,-104.882953,8/3/2018 7:03,7:03,15,0,0,I70 & CENTRAL PARK BOULEVARD NORTH,1,1,0,0,1,4,,0,55,0,0,0,0,0,1,2,1
,2018_43914,39.777139,-104.882953,9/21/2018 7:58,7:58,15,0,0,I70 & CENTRAL PARK BOULEVARD NORTH,1,1,0,0,1,4,,0,55,0,0,0,0,0,1,2,13
,2018_43915,39.777139,-104.882953,5/2/2018 18:20,18:20,3,0,1,I70 & CENTRAL PARK BOULEVARD NORTH,2,2,1,1,1,1,,0,35,0,0,0,0,1,1,2,13
,2018_43916,39.776706,-104.878237,10/7/2018 20:26,20:26,12,0,1,I70 WB & CENTRAL PARK BOULEVARD NORTH,2,3,0,1,1,4,,0,,0,0,0,0,2,1,3,13
,2018_43917,39.77597,-104.869716,12/23/2018 17:31,17:31,12,0,0,I70 & HAVANA STREET NORTH,1,3,0,0,1,4,,0,65,0,0,0,0,0,1,3,14
,2018_43918,39.775573,-104.865095,1/23/2018 15:12,15:12,15,0,0,I70 & HAVANA STREET NORTH,1,1,0,0,1,4,,0,55,0,0,0,0,0,1,2,13
,2018_43919,39.775573,-104.865095,8/22/2018 15:27,15:27,15,0,0,I70 & HAVANA STREET NORTH,1,1,0,0,1,4,,0,55,0,0,0,0,0,1,2,13
,2018_43920,39.775573,-104.865095,12/14/2018 11:50,11:50,12,0,2,I70 & HAVANA STREET NORTH,1,1,0,0,1,4,,0,65,0,0,0,0,1,1,2,14
,2018_43921,39.775287,-104.861767,9/8/2018 18:17,18:17,5,0,0,I70 & HAVANA STREET NORTH,1,1,1,0,3,4,,0,55,0,0,0,0,0,1,1,13
,2018_43922,39.775176,-104.860473,3/27/2018 19:47,19:47,12,0,0,I70 & HAVANA STREET NORTH,1,3,0,0,1,4,,0,55,0,0,0,0,0,1,2,3
,2018_43923,39.773999,-104.846793,4/4/2018 8:25,8:25,12,0,0,PEORIA STREET NORTH & I70 EASTBOUND RAMPS,1,1,0,0,1,1,,0,40,0,0,0,0,0,1,2,13
,2018_43924,39.77298,-104.834962,6/27/2018 6:00,6:00,12,0,1,I70 & I70 EASTBOUND OFF RAMP TO SOUTHBOUND I225,1,1,0,0,1,4,,0,65,0,0,0,0,1,1,2,13
,2018_43926,39.772741,-104.832189,12/18/2018 6:37,6:37,12,0,0,I70 & I70 WB ON RAMP FROM I225 FLYOVER,1,1,0,0,1,4,,0,55,0,0,0,0,0,1,3,13
,2018_43927,39.772534,-104.829786,4/23/2018 9:16,9:16,12,0,0,I70 WB ON RAMP FROM I225 & I70 WB ON RAMP FROM I225 FLYOVER,1,1,1,0,1,8,,0,55,0,0,0,0,0,1,2,13
,2018_43955,39.790927,-105.062706,2/27/2018 15:50,15:50,12,0,0,I76 & MM 1,1,1,0,0,1,4,,0,65,0,0,0,0,0,1,3,13
,2018_44000,39.699698,-104.906562,11/6/2018 7:15,7:15,12,0,0,LEETSDALE DRIVE & ONEIDA STREET SOUTH / 7000 BLOCK,1,1,1,0,1,4,,0,35,0,0,0,0,0,2,2,7
,2018_44001,39.700261,-104.908227,9/12/2018 11:20,11:20,12,0,2,LEETSDALE DRIVE & ONEIDA STREET SOUTH,1,1,0,0,1,1,,0,40,0,0,0,0,1,2,3,13
,2018_44002,39.702492,-104.912209,9/20/2018 16:23,16:23,3,0,1,LEETSDALE DRIVE & MONACO PARKWAY / 6600 BLOCK,1,1,0,0,1,2,,0,35,0,0,0,0,1,2,2,3
,2018_44003,39.702954,-104.912867,9/12/2018 15:13,15:13,12,0,0,MONACO PARKWAY & LEETSDALE DRIVE,1,1,0,0,1,1,,0,35,0,0,0,0,0,2,2,13
,2018_44004,39.707009,-104.920775,5/24/2018 11:32,11:32,1,0,0,LEETSDALE DRIVE & HOLLY STREET SOUTH / 5800 BLOCK,1,1,1,0,1,2,,0,35,0,0,0,0,0,2,2,13
,2018_44005,39.708477,-104.928666,7/15/2018 2:25,2:25,14,0,1,LEETSDALE DRIVE & FOREST STREET SOUTH,1,3,0,0,1,4,,0,35,0,0,0,0,2,2,3,5
,2018_44021,39.737983,-105.025273,9/9/2018 19:16,19:16,12,0,0,HOWARD PLACE WEST & FEDERAL BOULEVARD NORTH,1,1,1,0,1,1,,0,30,0,0,0,0,0,2,2,16
,2018_44024,39.689481,-104.99207,2/4/2018 21:16,21:16,12,0,0,SANTA FE DRIVE SOUTH & FLORIDA AVENUE WEST,1,3,0,0,1,1,,0,55,0,0,0,0,0,2,3,5
,2018_44025,39.689481,-104.99207,11/5/2018 14:50,14:50,5,0,0,SANTA FE DRIVE SOUTH & FLORIDA AVENUE WEST,1,1,0,0,3,1,,0,35,0,0,0,0,0,2,1,5
,2018_44026,39.693317,-104.99249,10/11/2018 12:40,12:40,15,0,0,SANTA FE DRIVE SOUTH & LOUISIANA AVENUE WEST,1,1,1,0,1,4,,0,35,0,0,0,0,0,2,2,13
,2018_44027,39.696763,-104.991852,3/26/2018 9:55,9:55,15,0,0,SANTA FE DRIVE SOUTH & MISSISSIPPI AVENUE WEST,1,1,0,0,1,4,,0,35,0,0,0,0,0,2,2,13
,2018_44035,39.662075,-105.025157,10/29/2018 16:30,16:30,3,0,0,FEDERAL BOULEVARD SOUTH & CORNELL AVENUE WEST,1,1,0,0,1,1,,0,30,0,0,0,0,0,2,2,13
,2018_44036,39.729431,-105.025156,7/30/2018 18:11,18:11,12,0,0,FEDERAL BOULEVARD 800 BLOCK NORTH & EIGHTH AVENUE WEST,1,1,0,0,1,3,,0,35,0,0,0,0,0,2,3,13
,2018_44037,39.710806,-105.025084,3/18/2018 15:38,15:38,12,0,0,FEDERAL BOULEVARD 300 BLOCK SOUTH & ALAMEDA AVENUE WEST,1,1,1,0,1,4,,0,35,0,0,0,0,0,2,3,14
,2018_44038,39.69657,-105.02507,6/12/2018 14:13,14:13,15,0,0,FEDERAL BOULEVARD SOUTH & MISSISSIPPI AVENUE WEST,1,1,0,0,1,3,,0,40,0,0,0,0,0,2,2,3
,2018_44039,39.690969,-105.025049,7/2/2018 16:00,16:00,15,0,0,FEDERAL BOULEVARD 1400 BLOCK SOUTH & ARKANSAS AVENUE WEST,1,1,0,0,1,4,,0,35,0,0,0,0,0,2,2,13
,2018_44040,39.689495,-105.025043,11/1/2018 21:02,21:02,12,0,0,FLORIDA AVENUE WEST & FEDERAL BOULEVARD SOUTH,1,3,0,0,1,3,,0,35,0,0,0,0,0,2,2,5
,2018_44041,39.689347,-105.025043,6/2/2018 13:49,13:49,12,0,0,FEDERAL BOULEVARD SOUTH & FLORIDA AVENUE WEST,1,1,0,0,1,4,,0,40,0,0,0,0,0,2,3,14
,2018_44042,39.682714,-105.025017,6/19/2018 16:41,16:41,12,0,0,FEDERAL BOULEVARD SOUTH & JEWELL AVENUE WEST,1,1,1,0,1,4,,0,40,0,0,0,0,0,2,2,3
,2018_44043,39.682126,-105.025017,1/27/2018 14:35,14:35,1,0,0,FEDERAL BOULEVARD SOUTH & JEWELL AVENUE WEST,1,1,0,0,1,2,,0,40,0,0,0,0,0,2,2,7
,2018_44044,39.676881,-105.025045,11/28/2018 7:40,7:40,12,0,0,FEDERAL BOULEVARD 2100 BLOCK SOUTH & WARREN AVENUE WEST,1,1,0,0,1,4,,0,35,0,0,0,0,0,2,2,3
,2018_44045,39.665444,-105.025139,6/23/2018 21:23,21:23,12,0,0,FEDERAL BOULEVARD SOUTH & AMHERST AVENUE WEST,1,3,0,0,1,1,,0,40,0,0,0,0,0,2,2,3
,2018_44072,39.679377,-105.053268,9/7/2018 15:53,15:53,12,0,0,SHERIDAN BOULEVARD SOUTH & EVANS AVENUE WEST,1,1,0,0,1,4,,0,40,0,0,0,0,0,2,2,7
,2018_44158,39.629871,-104.904931,5/20/2018 8:46,8:46,12,0,2,I225 & I25,1,1,0,0,1,4,,0,55,0,0,0,0,1,1,2,13
,2018_44159,39.629971,-104.904921,7/30/2018 15:53,15:53,12,0,0,I225 SOUTHBOUND OFF RAMP & I25 NORTHBOUND,1,1,1,0,1,8,,0,60,0,0,0,0,0,1,2,13
,2018_44160,39.633279,-104.903931,10/12/2018 13:40,13:40,12,0,0,I225 SOUTHBOUND OFF RAMP & I25 SOUTHBOUND,1,1,0,0,1,8,,0,50,0,0,0,0,0,1,2,14
,2018_44161,39.634114,-104.902134,10/1/2018 7:42,7:42,12,0,1,I225 & I25,1,1,0,0,1,8,,0,55,0,0,0,0,2,1,3,13
,2018_44162,39.635522,-104.893462,11/16/2018 16:21,16:21,1,0,2,TAMARAC DRIVE SOUTH & I225 SOUTHBOUND RAMPS,1,3,0,0,1,1,,0,35,0,0,0,0,1,1,2,13
,2018_44163,39.635522,-104.893462,12/18/2018 11:07,11:07,1,0,3,TAMARAC DRIVE SOUTH & I225 SOUTHBOUND RAMPS,1,1,0,0,1,1,,0,30,0,0,0,0,1,1,2,13
,2018_44198,39.7852,-104.902402,7/10/2018 18:15,18:15,12,0,1,I270 & QUEBEC STREET NORTH INTCH STREET,1,1,0,0,1,4,,0,65,0,0,0,0,1,1,3,3
,2018_44199,39.779652,-104.898512,1/21/2018 8:02,8:02,5,0,0,I270 WB DIRECT CONNECT & I70 / 270A EASTBOUND,5,1,0,2,2,4,,0,55,0,0,0,0,0,1,1,7
,2018_44209,39.653152,-105.057887,2/10/2018 15:32,15:32,5,0,0,HAMPDEN AVENUE WEST & SHERIDAN BOULEVARD SOUTH,4,1,1,2,2,4,,0,65,0,0,0,0,0,2,1,1
,2018_44210,39.653162,-105.052417,2/28/2018 9:09,9:09,15,0,0,HAMPDEN AVENUE WEST EASTBOUND ON RAMP & SHERIDAN BOULEVARD SOUTH,1,1,0,0,1,8,,0,25,0,0,0,0,0,2,2,7
,2018_44211,39.654084,-105.0415,4/11/2018 8:55,8:55,12,0,0,HAMPDEN AVENUE WEST & RALEIGH STREET SOUTH,1,1,0,0,1,4,,0,55,0,0,0,0,0,2,2,13
,2018_44223,39.65298,-104.927541,7/20/2018 13:21,13:21,12,0,1,HAMPDEN AVENUE 5000 EAST & FOREST STREET SOUTH,1,1,0,0,1,4,,0,40,0,0,0,0,1,2,4,13
,2018_44224,39.754122,-105.025128,5/21/2018 10:45,10:45,12,0,2,FEDERAL BOULEVARD 2500 BLOCK NORTH & 26TH AVENUE WEST,1,1,0,0,1,4,,0,35,0,0,0,0,1,2,2,14
,2018_44225,39.755975,-105.025134,6/8/2018 7:42,7:42,3,0,0,FEDERAL BOULEVARD NORTH & 27TH AVENUE WEST,1,1,0,0,1,3,,0,,0,0,0,0,0,2,2,13
,2018_44226,39.765524,-105.025167,3/26/2018 10:19,10:19,12,0,1,FEDERAL BOULEVARD 3400 BLOCK NORTH & 35TH AVENUE WEST,1,1,0,0,1,1,,0,35,0,0,0,0,1,2,2,14
,2018_44227,39.769238,-105.025232,12/24/2018 15:36,15:36,3,0,1,FEDERAL BOULEVARD NORTH & 38TH AVENUE WEST,1,1,1,0,1,1,,0,35,0,0,0,0,1,2,2,13
,2018_44228,39.772819,-105.02523,10/15/2018 14:38,14:38,15,0,0,FEDERAL BOULEVARD NORTH & 41ST AVENUE WEST,1,1,1,0,1,4,,0,30,0,0,0,0,0,2,2,13
,2018_44230,39.776686,-105.025228,4/29/2018 14:27,14:27,12,0,1,FEDERAL BOULEVARD & 44TH AVENUE WEST,1,1,0,0,1,4,,0,35,0,0,0,0,1,2,3,13
,2018_44231,39.782989,-105.025225,1/26/2018 12:24,12:24,3,0,0,FEDERAL BOULEVARD NORTH & 47TH AVENUE WEST,1,1,0,0,1,2,,0,35,0,0,0,0,0,2,3,14
,2018_44232,39.784707,-105.025224,4/11/2018 6:27,6:27,3,0,0,FEDERAL BOULEVARD NORTH & I70 WB RAMP OFF,1,1,0,0,1,3,,0,30,0,0,0,0,0,2,2,3
,2018_44614,39.689343,-104.9035995,1/17/2018 17:15,17:15,1,0,0,FLORIDA AVENUE EAST & QUEBEC STREET SOUTH,1,4,0,0,1,1,,0,35,0,0,0,0,0,4,2,14
,2018_44635,39.653118,-104.9016285,1/13/2018 13:00,13:00,6,0,0,HAMPDEN AVENUE EAST & ROSLYN STREET,1,1,0,0,1,3,,0,35,0,0,0,0,0,4,3,13
,2018_44647,39.674763,-104.875281,8/17/2018 14:00,14:00,12,0,2,ILIFF AVENUE EAST & DAYTON WAY SOUTH,1,1,1,0,1,3,,0,40,0,0,0,0,1,4,2,3
,2018_44782,39.737268,-104.8846815,6/5/2018 15:20,15:20,3,0,0,YOSEMITE STREET NORTH & 13TH AVENUE EAST,1,1,0,0,1,1,,0,30,0,0,0,0,0,4,2,14
,2018_45152,39.791124,-105.0346305,5/29/2018 9:37,9:37,3,0,0,52ND AVENUE & LOWELL BOULEVARD,1,1,1,0,1,1,,0,30,0,0,0,0,0,4,2,13
,2018_47024,39.745584,-104.884668,10/13/2018 14:11,14:11,3,0,0,19TH AVENUE EAST & YOSEMITE STREET NORTH,1,1,0,0,1,1,,0,25,0,0,0,0,0,4,2,7
,2018_48182,39.77289,-104.791482,3/22/2018 22:23,22:23,10,0,0,PENA BOULEVARD NORTH & 40TH AVENUE EAST,1,3,0,0,1,1,,0,35,0,0,0,0,0,4,2,7
,2018_48330,39.774474,-104.751351,12/15/2018 6:25,6:25,5,0,0,42ND AVENUE EAST & IRELAND STREET NORTH,1,2,0,0,3,3,,0,25,0,0,0,0,0,4,1,13
,2018_48332,39.75777259,-104.9819175,4/6/2018 13:20,13:20,3,0,0,27TH STREET & 800 BLOCK,2,1,0,2,1,5,,0,,0,0,0,0,0,4,2,13
,2018_48526,39.784167,-104.831298,4/3/2018 1:35,1:35,5,0,0,CROWN BOULEVARD NORTH & ANDREWS DRIVE EAST,2,3,0,0,3,1,,0,30,0,0,0,0,0,4,1,5
,2018_48643,39.737268,-104.884677,6/1/2018 15:49,15:49,3,0,0,YOSEMITE STREET NORTH & 13TH AVENUE EAST,1,1,1,0,1,1,,0,30,0,0,0,0,0,4,2,13
,2018_49002,39.781944,-104.96241,6/17/2018 20:58,20:58,6,0,0,47TH AVENUE & VINE STREET,2,3,0,1,1,4,,0,25,0,0,0,0,0,4,2,13
,2018_49025,39.76540505,-105.0381443,10/6/2018 2:00,2:00,6,0,0,OSCEOLA STREET & 1089 SOUTH,1,3,0,0,3,2,,0,25,0,0,0,0,0,4,2,13
,2018_49416,39.79277549,-104.9428621,1/26/2018 22:00,22:00,6,0,0,JACKSON STREET & 755 NORTH,1,3,0,0,1,4,,0,,0,0,0,0,0,4,3,13
,2018_50138,39.74598917,-104.9998788,9/2/2018 8:00,8:00,6,0,0,LAWRENCE STREET & 3416 BLOCK,1,3,0,0,1,4,,0,25,0,0,0,0,0,4,2,13
,2018_50696,39.745314,-104.9971905,1/16/2018 17:15,17:15,15,0,0,14TH STREET & CURTIS STREET,1,3,0,0,1,1,,0,,0,0,0,0,0,4,2,13
,2018_50786,39.723111,-105.0442605,1/10/2018 17:52,17:52,6,0,0,TENNYSON STREET 451 NORTH & PVT PROP,2,3,0,0,4,3,,0,,0,0,0,0,0,4,2,13
,2018_50787,39.774213,-104.84712,1/23/2018 14:03,14:03,12,0,0,PEORIA STREET NORTH & I70 EASTBOUND OFF SLIP RAMP,1,1,0,0,1,4,,0,35,0,0,0,0,0,4,2,13
,2018_50788,39.774213,-104.84712,2/14/2018 17:45,17:45,15,0,0,PEORIA STREET NORTH & I70 WB OFF SLIP RAMP,1,3,0,0,1,1,,0,35,0,0,0,0,0,4,2,1
,2018_50789,39.79622592,-104.8235381,3/20/2018 3:25,3:25,6,0,0,BLACKHAWK WAY & 5183 NORTH,14,5,3,0,1,4,,0,,0,0,0,0,0,4,2,13
,2018_50790,39.628062,-104.8912425,5/9/2018 19:30,19:30,3,0,0,DTC BOULEVARD 4900 SOUTH & CARRIAGE PLACE EAST,1,2,0,0,1,1,,0,40,0,0,0,0,0,4,2,13
,2018_50791,39.769407,-105.04404,12/9/2018 17:00,17:00,12,0,0,TENNYSON STREET NORTH & 38TH AVENUE WEST,1,2,0,0,1,1,,0,,0,0,0,0,0,4,2,13
,2018_50792,39.7766277,-104.9922895,12/18/2018 16:26,16:26,12,0,0,DELAWARE STREET & 660 BLOCK NORTH,1,3,1,0,5,7,,0,10,0,0,0,0,0,3,2,13
,2018_50793,39.740013,-104.978718,12/20/2018 7:53,7:53,15,0,0,WASHINGTON STREET & I70 WB SLIP OFF RAMP,1,1,0,0,1,8,,0,35,0,0,0,0,0,4,2,14
,2018_50794,39.732039,-104.990238,2/21/2018 16:34,16:34,3,0,1,10TH AVENUE WEST & BANNOCK STREET NORTH,1,1,0,0,1,1,,0,30,0,0,0,0,1,4,2,13
,2018_50795,39.732039,-104.990238,3/21/2018 11:01,11:01,3,0,0,10TH AVENUE WEST & BANNOCK STREET NORTH,1,1,0,0,1,1,,0,25,0,0,0,0,0,4,2,13
,2018_50796,39.732039,-104.9873985,3/5/2018 12:20,12:20,6,0,0,10TH AVENUE WEST & BROADWAY STREET NORTH,1,1,0,0,1,1,,0,25,0,0,0,0,0,4,2,14
,2018_50797,39.732039,-104.9873985,8/11/2018 13:55,13:55,3,0,1,10TH AVENUE EAST & BROADWAY NORTH,1,1,0,0,1,1,,0,35,0,0,0,0,1,4,2,13
,2018_50799,39.732021,-104.977611,7/20/2018 22:30,22:30,3,0,1,10TH AVENUE EAST & CLARKSON STREET NORTH,1,3,0,0,1,1,,0,30,0,0,0,0,1,4,2,13
,2018_50800,39.732021,-104.977611,8/28/2018 9:35,9:35,3,0,0,10TH AVENUE EAST & CLARKSON STREET NORTH,1,1,0,1,1,3,,0,25,0,0,0,0,0,4,2,13
,2018_50801,39.732039,-104.974101,12/27/2018 10:34,10:34,3,0,1,10TH AVENUE EAST & CORONA STREET NORTH,1,1,0,0,1,1,,0,25,0,0,0,0,1,4,2,13
,2018_50802,39.732039,-104.9729895,5/24/2018 9:50,9:50,3,0,0,10TH AVENUE EAST & DOWNING STREET NORTH,1,1,0,0,1,1,,0,25,0,0,0,0,0,4,2,13
,2018_50803,39.732039,-104.9836005,4/5/2018 12:57,12:57,15,0,0,10TH AVENUE EAST & GRANT STREET NORTH,1,1,0,0,1,4,,0,25,0,0,0,0,0,4,2,13
,2018_50804,39.732939,-105.0263595,8/22/2018 8:39,8:39,3,0,0,10TH AVENUE WEST & GROVE STREET NORTH,1,1,0,0,1,5,,0,5,0,0,0,0,0,4,2,14
,2018_50805,39.732939,-105.0263595,10/11/2018 8:42,8:42,3,0,2,10TH AVENUE WEST & GROVE STREET NORTH,1,1,0,0,1,1,,0,30,0,0,0,0,1,4,4,1
,2018_50806,39.732948,-105.0275115,9/10/2018 8:00,8:00,3,0,2,10TH AVENUE WEST & HAZEL COURT,1,1,0,0,1,1,,0,25,0,0,0,0,1,4,2,1
,2018_50807,39.732111,-104.9976225,9/13/2018 16:56,16:56,3,0,2,10TH AVENUE WEST & INCA STREET NORTH,1,1,0,0,1,1,,0,25,0,0,0,0,1,4,4,13
,2018_50808,39.732093,-105.0001695,8/4/2018 19:23,19:23,1,0,0,10TH AVENUE WEST & KALAMATH STREET NORTH,1,1,0,0,1,1,,0,25,0,0,0,0,0,4,2,5
,2018_50809,39.73203,-104.98617,1/15/2018 7:20,7:20,3,0,0,10TH AVENUE EAST & LINCOLN STREET NORTH,5,1,1,2,1,1,,0,30,0,0,0,0,0,4,2,13
,2018_50810,39.73203,-104.9822685,3/22/2018 14:40,14:40,3,0,0,10TH AVENUE EAST & LOGAN STREET NORTH,1,1,0,0,1,1,,0,30,0,0,0,0,0,4,4,14
,2018_50811,39.732966,-105.0373305,4/21/2018 12:23,12:23,3,0,1,10TH AVENUE WEST & NEWTON STREET NORTH,2,1,1,1,1,1,,0,35,0,0,0,0,1,4,2,13
,2018_50812,39.732984,-105.0394815,12/12/2018 10:26,10:26,3,0,1,10TH AVENUE WEST & PERRY STREET NORTH,1,1,0,0,1,1,,0,25,0,0,0,0,2,4,2,13
,2018_50813,39.731301,-104.903469,3/1/2018 16:50,16:50,5,0,0,10TH AVENUE EAST & QUEBEC STREET NORTH,1,1,0,0,3,1,,0,30,0,0,0,0,0,4,1,7
,2018_50814,39.733029,-105.04404,12/31/2018 12:29,12:29,15,0,0,10TH AVENUE WEST & TENNYSON STREET NORTH,4,1,0,2,1,1,,0,35,0,0,0,0,0,4,2,13
,2018_50815,39.732012,-104.978682,4/10/2018 10:23,10:23,3,0,0,10TH AVENUE EAST & WASHINGTON STREET NORTH,1,1,0,0,1,1,,0,25,0,0,0,0,0,4,2,3
,2018_50816,39.732012,-104.978682,4/30/2018 21:38,21:38,3,0,0,10TH AVENUE & WASHINGTON STREET NORTH,1,3,0,0,1,1,,0,25,0,0,0,0,0,4,2,13
,2018_50817,39.733083,-105.048702,3/18/2018 7:00,7:00,5,0,0,10TH AVENUE WEST & WOLFF STREET,1,1,0,0,2,4,,0,25,0,0,0,0,0,4,1,13
,2018_50818,39.904317,-104.675319,4/22/2018 1:02,1:02,5,0,1,114TH AVENUE & QUEENSBURG STREET,1,3,0,0,4,1,,0,45,0,0,0,0,2,4,1,2
,2018_50819,39.73383,-104.988843,1/9/2018 16:40,16:40,3,0,0,11TH AVENUE WEST & ACOMA STREET NORTH,1,1,0,0,1,1,,0,30,0,0,0,0,0,4,2,16
,2018_50820,39.747627,-105.0053805,12/15/2018 22:10,22:10,15,0,0,11TH STREET & AURARIA PARKWAY,1,3,0,0,1,1,,0,35,0,0,0,0,0,4,2,1
,2018_50821,39.73383,-104.9902515,12/17/2018 8:56,8:56,12,0,1,11TH AVENUE WEST & BANNOCK STREET NORTH,1,1,0,0,1,1,,0,25,0,0,0,0,1,4,2,7
,2018_50822,39.733839,-104.9873895,12/7/2018 23:08,23:08,1,0,0,11TH AVENUE & BROADWAY NORTH,1,3,0,0,1,1,,0,30,0,0,0,0,0,4,2,5
,2018_50823,39.733839,-104.9873895,12/20/2018 7:34,7:34,1,0,0,11TH AVENUE EAST & BROADWAY NORTH,1,1,0,0,1,1,,0,25,0,0,0,0,0,4,2,14
,2018_50824,39.73383,-104.99166,3/9/2018 18:05,18:05,3,0,0,11TH AVENUE WEST & CHEROKEE STREET NORTH,1,1,1,0,1,1,,0,30,0,0,0,0,0,4,2,8
,2018_50825,39.733686,-104.977602,4/18/2018 0:25,0:25,3,0,0,11TH AVENUE EAST & CLARKSON STREET NORTH,1,4,0,0,1,1,,0,30,0,0,0,0,0,4,4,13
,2018_50826,39.733686,-104.977602,8/3/2018 22:10,22:10,15,0,0,11TH AVENUE EAST & CLARKSON STREET NORTH,1,3,0,0,1,1,,0,30,0,0,0,0,0,4,2,3
,2018_50827,39.733686,-104.977602,12/10/2018 15:57,15:57,3,0,0,11TH AVENUE EAST & CLARKSON STREET NORTH,1,1,0,0,1,1,,0,30,0,0,0,0,0,4,2,3
,2018_50828,39.733686,-104.9741325,6/20/2018 14:48,14:48,3,0,0,11TH EAST & CORONA STREET NORTH,1,1,0,0,1,1,,0,25,0,0,0,0,0,4,2,13
,2018_50829,39.733848,-104.9929515,11/23/2018 7:46,7:46,3,0,0,11TH AVENUE WEST & DELAWARE STREET NORTH,1,1,0,0,1,1,,0,30,0,0,0,0,0,4,2,13
,2018_50830,39.718296,-104.9737815,11/21/2018 23:42,23:42,3,0,1,11TH AVENUE & DOWNING STREET / CORONA STREET NORTH ALLEY,1,4,0,0,1,5,,0,25,0,0,0,0,1,4,2,14
,2018_50831,39.733659,-104.9764185,4/27/2018 18:20,18:20,3,0,0,11TH AVENUE EAST & EMERSON STREET NORTH,1,1,1,0,1,1,,0,30,0,0,0,0,0,4,2,3
,2018_50832,39.733668,-104.9965605,3/4/2018 18:33,18:33,3,0,1,11TH AVENUE WEST & GALAPAGO STREET NORTH,1,3,0,0,1,1,,0,25,0,0,0,0,1,4,2,7
,2018_50834,39.73365,-104.91615,7/16/2018 13:15,13:15,3,0,0,11TH AVENUE EAST & KRAMERIA STREET NORTH,1,1,0,0,1,1,,0,30,0,0,0,0,0,4,2,3
,2018_50835,39.73365,-104.91615,9/13/2018 9:55,9:55,3,0,1,11TH AVENUE EAST & KRAMERIA STREET NORTH,1,1,0,0,1,1,,0,25,0,0,0,0,1,4,2,13
,2018_50836,39.73383,-104.986161,1/9/2018 18:47,18:47,12,0,0,11TH AVENUE EAST & LINCOLN STREET NORTH,1,2,0,0,1,1,,0,25,0,0,0,0,0,4,2,16
,2018_50837,39.733668,-104.975271,9/25/2018 7:20,7:20,3,0,0,11TH AVENUE EAST & OGDEN STREET NORTH,1,1,0,0,1,1,,0,25,0,0,0,0,0,4,2,13
,2018_50838,39.733713,-104.979879,9/12/2018 8:30,8:30,3,0,0,11TH AVENUE EAST & PEARL STREET NORTH,1,1,0,0,1,1,,0,,0,0,0,0,0,4,2,13
,2018_50839,39.733704,-104.981049,6/12/2018 10:39,10:39,3,0,0,11TH AVENUE EAST & PENNSYLVANIA STREET NORTH,1,1,0,0,1,1,,0,25,0,0,0,0,0,4,2,1
,2018_50840,39.732867,-104.905791,1/29/2018 8:40,8:40,3,0,2,11TH AVENUE EAST & PONTIAC STREET NORTH,1,1,0,0,1,1,,0,25,0,0,0,0,1,4,2,2
,2018_50841,39.732867,-104.905791,9/13/2018 18:00,18:00,3,0,0,11TH AVENUE EAST & PONTIAC STREET NORTH,1,1,0,1,1,1,,0,35,0,0,0,0,0,4,2,16
,2018_50842,39.732894,-104.903469,1/30/2018 9:45,9:45,3,0,0,11TH AVENUE EAST & QUEBEC STREET NORTH,1,1,0,0,1,1,,0,30,0,0,0,0,0,4,2,7
,2018_50843,39.732894,-104.903469,4/4/2018 15:55,15:55,1,0,0,11TH AVENUE EAST & QUEBEC STREET NORTH,1,1,0,0,1,1,,0,30,0,0,0,0,0,4,2,7
,2018_50844,39.732894,-104.903469,9/25/2018 14:24,14:24,1,0,1,11TH AVENUE EAST & QUEBEC STREET NORTH,1,1,0,0,1,1,,0,30,0,0,0,0,1,4,2,1
,2018_50845,39.732858,-104.902038,5/10/2018 7:53,7:53,3,0,0,11TH AVENUE EAST & QUINCE STREET NORTH,1,1,0,0,1,1,,0,25,0,0,0,0,0,4,2,16
,2018_50846,39.732867,-104.8999005,7/20/2018 18:46,18:46,14,0,1,11TH AVENUE EAST & ROSEMARY STREET,1,1,0,1,1,1,,0,35,0,0,0,0,1,4,3,3
,2018_50847,39.732867,-104.8999005,8/17/2018 14:40,14:40,12,0,0,11TH AVENUE EAST & ROSEMARY STREET NORTH,1,1,0,0,1,3,,0,25,0,0,0,0,0,4,2,1
,2018_50848,39.733668,-104.998689,4/20/2018 5:29,5:29,3,0,0,11TH AVENUE WEST & SANTA FE DRIVE NORTH,1,3,0,0,1,1,,0,25,0,0,0,0,0,4,2,13