id,drcog_id,latitude,longitude,crashtime,time,crashtype,numbkilled,numbinjurd,drcoglocat,rdconditin,lightngcon,roadcntgrd,weatherco,location,roaddescrp,schoolzone,constrzone,splimit,bikeinv,pedinv,sctrinv,motoinv,svrty,rdsystem,ttlvehcls,hcf
,2018_50849,39.733668,-104.998689,4/25/2018 11:25,11:25,1,0,0,11TH AVENUE WEST & SANTA FE DRIVE NORTH,1,1,0,0,1,1,,0,25,0,0,0,0,0,4,2,7
,2018_50850,39.733668,-104.998689,5/11/2018 10:16,10:16,1,0,0,11TH AVENUE WEST & SANTA FE DRIVE NORTH,1,1,0,0,1,1,,0,30,0,0,0,0,0,4,2,1
,2018_50851,39.733668,-104.998689,7/14/2018 6:53,6:53,3,0,2,11TH AVENUE WEST & SANTA FE DRIVE NORTH,1,1,1,0,1,1,,0,25,0,0,0,0,2,4,2,16
,2018_50852,39.733632,-104.9941215,2/16/2018 17:18,17:18,3,0,0,11TH AVENUE WEST & SPEER BOULEVARD,1,3,0,0,1,1,,0,25,0,0,0,0,0,4,2,13
,2018_50853,39.733632,-104.9941215,3/29/2018 8:06,8:06,12,0,0,11TH AVENUE WEST & SPEER BOULEVARD NORTH,1,1,0,0,1,1,,0,25,0,0,0,0,0,4,2,14
,2018_50854,39.733632,-104.9941215,10/5/2018 17:49,17:49,3,0,0,11TH AVENUE WEST & SPEER BOULEVARD NORTH,1,1,0,0,1,1,,0,30,0,0,0,0,0,4,2,8
,2018_50855,39.733632,-104.9941215,11/17/2018 8:55,8:55,3,0,1,11TH AVENUE WEST & SPEER BOULEVARD,2,1,0,2,1,1,,0,25,0,0,0,0,1,4,3,1
,2018_50856,39.732876,-104.898771,3/3/2018 11:45,11:45,6,0,0,11TH AVENUE EAST & SYRACUSE STREET NORTH,1,1,0,0,1,4,,0,35,0,0,0,0,0,4,2,13
,2018_50857,39.733695,-104.9787135,1/31/2018 9:15,9:15,3,0,0,11TH AVENUE EAST & WASHINGTON STREET NORTH,1,1,0,0,1,1,,0,30,0,0,0,0,0,4,2,13
,2018_50858,39.733695,-104.9787135,12/12/2018 11:12,11:12,3,0,1,11TH AVENUE EAST & WASHINGTON STREET NORTH,1,1,0,0,1,1,,0,25,0,0,0,0,1,4,2,16
,2018_50859,39.733983,-105.0482295,9/26/2018 8:03,8:03,12,0,0,11TH AVENUE 4800 WEST & WOLFF STREET,1,1,0,0,1,4,,0,25,0,0,0,0,0,4,2,14
,2018_50860,39.733452,-104.9598405,3/3/2018 11:09,11:09,3,0,0,11TH AVENUE EAST & YORK STREET NORTH,1,1,0,0,1,1,,0,30,0,0,0,0,0,4,2,13
,2018_50861,39.733452,-104.9598405,12/31/2018 12:55,12:55,10,0,2,11TH AVENUE EAST & YORK STREET NORTH,4,1,0,2,1,1,,0,30,0,0,0,0,1,4,2,8
,2018_50862,39.732831,-104.8847265,11/9/2018 16:05,16:05,3,0,0,11TH AVENUE EAST & YOSEMITE STREET NORTH,1,2,0,0,1,1,,0,25,0,0,0,0,0,4,2,13
,2018_50863,39.7404585,-104.9956988,6/3/2018 1:30,1:30,3,0,0,12TH STREET & 100 BLOCK EAST,1,3,0,0,1,5,,0,,0,0,0,0,0,4,2,13
,2018_50864,39.73516042,-104.9731965,10/11/2018 15:10,15:10,3,0,0,12TH AVENUE & 1236 EAST,1,1,0,0,1,2,,0,,0,0,0,0,0,4,2,13
,2018_50865,39.73523945,-104.9725883,1/13/2018 5:50,5:50,3,0,0,12TH AVENUE 1233 EAST & 23RD AVENUE WEST,1,3,0,0,1,5,,0,25,0,0,0,0,0,4,2,1
,2018_50866,39.73516042,-104.9731965,3/19/2018 14:25,14:25,6,0,0,12TH AVENUE & 251 EAST,1,1,0,0,1,4,,0,,0,0,0,0,0,4,2,13
,2018_50867,39.73516042,-104.9731965,1/1/2018 14:00,14:00,6,0,0,12TH AVENUE & 400 BLOCK WEST,1,1,0,0,1,4,,0,,0,0,0,0,0,4,2,13
,2018_50868,39.735252,-104.9873805,3/3/2018 8:35,8:35,6,0,0,12TH AVENUE EAST & 7430 EAST 12TH AVENUE,1,3,0,0,1,3,,0,25,0,0,0,0,0,4,3,13
,2018_50869,39.73516042,-104.9731965,4/18/2018 13:00,13:00,6,0,0,12TH AVENUE & 8000 EAST,1,1,0,0,5,7,,0,,0,0,0,0,0,3,2,13
,2018_50870,39.734676,-104.9394915,4/3/2018 16:43,16:43,15,0,0,12TH AVENUE EAST & ALBION STREET NORTH,1,1,0,0,1,1,,0,30,0,0,0,0,0,4,2,16
,2018_50871,39.735261,-104.9902425,3/17/2018 12:55,12:55,3,0,0,12TH AVENUE WEST & BANNOCK STREET NORTH,1,1,0,0,1,1,,0,25,0,0,0,0,0,4,2,14
,2018_50872,39.735252,-104.9873805,3/19/2018 9:57,9:57,12,0,0,12TH AVENUE EAST & BROADWAY NORTH,1,1,0,0,1,1,,0,25,0,0,0,0,0,4,2,14
,2018_50873,39.735252,-104.9873805,11/18/2018 7:04,7:04,15,0,0,12TH AVENUE EAST & BROADWAY NORTH,1,1,0,0,1,3,,0,35,0,0,0,0,0,4,2,16
,2018_50874,39.735252,-104.9873805,12/1/2018 2:10,2:10,1,0,0,12TH AVENUE EAST & BROADWAY NORTH,2,3,0,4,1,1,,0,30,0,0,0,0,0,4,2,13
,2018_50875,39.735261,-104.9916915,11/3/2018 23:25,23:25,3,0,0,12TH AVENUE WEST & CHEROKEE STREET NORTH,1,3,0,0,1,1,,0,30,0,0,0,0,0,4,2,1
,2018_50876,39.735108,-104.947272,7/5/2018 21:40,21:40,3,0,0,12TH AVENUE EAST & COOK STREET NORTH,1,3,0,0,1,1,,0,25,0,0,0,0,0,4,2,8
,2018_50877,39.735108,-104.947272,9/30/2018 19:29,19:29,10,0,0,12TH AVENUE EAST & COOK STREET NORTH,1,3,0,0,1,1,,0,30,0,0,0,0,0,4,2,1
,2018_50878,39.735261,-104.992929,1/8/2018 17:53,17:53,12,0,0,12TH AVENUE WEST & DELAWARE STREET NORTH,1,3,0,0,1,1,,0,25,0,0,0,0,0,4,2,13
,2018_50879,39.735261,-104.992929,4/10/2018 16:00,16:00,3,0,1,12TH AVENUE WEST & DELAWARE STREET NORTH,1,1,0,0,1,1,,0,30,0,0,0,0,2,4,2,13
,2018_50880,39.735261,-104.992929,6/25/2018 15:20,15:20,3,0,0,12TH AVENUE WEST & DELAWARE STREET NORTH,1,1,0,0,1,1,,0,30,0,0,0,0,0,4,2,13
,2018_50881,39.735162,-104.9729985,4/8/2018 8:25,8:25,3,0,1,12TH AVENUE EAST & DOWNING STREET NORTH,1,1,0,0,1,1,,0,25,0,0,0,0,1,4,2,13
,2018_50882,39.735441,-104.996862,1/8/2018 15:15,15:15,6,0,0,12TH AVENUE WEST & GALAPAGO STREET NORTH,1,1,0,0,1,1,,0,30,0,0,0,0,0,4,2,13
,2018_50883,39.735036,-104.9610285,1/15/2018 10:55,10:55,3,0,0,12TH AVENUE EAST & GAYLORD STREET NORTH,5,1,0,2,1,1,,0,30,0,0,0,0,0,4,2,13
,2018_50884,39.73509,-104.941818,1/22/2018 9:30,9:30,3,0,0,12TH AVENUE EAST & HARRISON STREET NORTH,5,1,1,0,1,1,,0,25,0,0,0,0,0,4,2,7
,2018_50886,39.735171,-104.9718195,2/27/2018 11:48,11:48,3,0,0,12TH AVENUE EAST & MARION STREET NORTH,1,1,0,0,1,1,,0,,0,0,0,0,0,4,2,13
,2018_50887,39.735099,-104.9450715,7/23/2018 13:06,13:06,6,0,0,12TH AVENUE EAST & MONROE STREET NORTH,1,1,0,0,1,3,,0,25,0,0,0,0,0,4,2,13
,2018_50888,39.736503,-104.9246235,1/9/2018 14:09,14:09,6,0,0,13TH AVENUE EAST & GRAPE STREET NORTH,1,1,0,0,1,4,,0,20,0,0,0,0,0,4,2,1
,2018_50889,39.735153,-104.975271,12/9/2018 11:20,11:20,3,0,0,12TH AVENUE EAST & OGDEN STREET NORTH,1,1,0,0,1,1,,0,30,0,0,0,0,0,4,2,13
,2018_50890,39.735612,-104.90814,7/30/2018 6:37,6:37,5,0,0,12TH AVENUE EAST & ONEIDA STREET NORTH,1,1,0,0,2,1,,0,30,0,0,0,0,0,4,1,13
,2018_50891,39.73527,-104.998698,11/2/2018 15:50,15:50,3,0,0,12TH AVENUE WEST & SANTA FE / KALAMATH STREET NORTH ALLEY,1,1,0,0,1,5,,0,15,0,0,0,0,0,4,2,13
,2018_50892,39.735261,-104.9848605,10/2/2018 12:15,12:15,3,0,0,12TH AVENUE EAST & SHERMAN STREET NORTH,1,1,0,0,1,1,,0,25,0,0,0,0,0,4,2,13
,2018_50893,39.73516042,-104.9731965,10/27/2018 17:12,17:12,3,0,0,12TH AVENUE EAST & STREET PAUL STREET NORTH,1,2,0,0,1,1,,0,25,0,0,0,0,0,4,2,8
,2018_50894,39.735216,-105.01236,4/9/2018 8:59,8:59,12,0,0,12TH AVENUE WEST & UMATILLA STREET NORTH,1,1,0,0,1,1,,0,25,0,0,0,0,0,4,2,16
,2018_50895,39.735621,-104.889393,6/22/2018 16:06,16:06,3,0,0,12TH AVENUE EAST & WABASH STREET NORTH,1,1,0,0,1,1,,0,25,0,0,0,0,0,4,2,1
,2018_50896,39.735612,-104.8846905,9/25/2018 18:20,18:20,1,0,1,12TH AVENUE EAST & YOSEMITE STREET NORTH,1,1,0,0,1,1,,0,25,0,0,0,1,1,4,2,16
,2018_50897,39.736845,-104.9873715,4/29/2018 10:06,10:06,15,0,0,13TH AVENUE 3400 BLOCK EAST & 13TH AVENUE 3400 BLOCK EAST,1,1,0,0,1,4,,0,30,0,0,0,0,0,4,2,6
,2018_50898,39.736845,-104.9873715,5/9/2018 17:15,17:15,6,0,0,13TH AVENUE 3700 BLOCK EAST & 13TH AVENUE 3700 BLOCK EAST,1,1,0,0,1,4,,0,30,0,0,0,0,0,4,2,14
,2018_50899,39.736854,-104.9873715,2/2/2018 8:05,8:05,12,0,0,13TH AVENUE & 200 BLOCK EAST 13TH AVENUE,1,1,0,0,1,3,,0,30,0,0,0,0,0,4,2,13
,2018_50900,39.73687739,-104.9711499,12/29/2018 17:54,17:54,3,0,0,13TH AVENUE & 2100 BLOCK EAST,1,3,0,0,1,5,,0,10,0,0,0,0,0,4,2,13
,2018_50901,39.73687739,-104.9711499,1/26/2018 6:50,6:50,12,0,0,13TH AVENUE EAST & 2200 BLOCK,1,1,0,0,1,4,,0,30,0,0,0,0,0,4,3,7
,2018_50902,39.751218,-105.0299325,8/18/2018 17:30,17:30,5,0,0,23RD AVENUE WEST & IRVING STREET NORTH,1,1,0,0,3,1,,0,25,0,0,0,0,0,4,1,13
,2018_50903,39.73687739,-104.9711499,1/22/2018 11:10,11:10,6,0,0,13TH AVENUE EAST & 3000 BLOCK,2,1,0,0,1,4,,0,30,0,0,0,0,0,4,2,7
,2018_50904,39.73667228,-104.9483041,6/13/2018 19:15,19:15,12,0,0,13TH AVENUE 3300 BLOCK EAST & 3300 BLOCK EAST,1,2,0,0,1,4,,0,30,0,0,0,0,0,4,2,14
,2018_50905,39.73687739,-104.9711499,8/3/2018 1:48,1:48,12,0,0,13TH AVENUE EAST & 4500 BLOCK SOUTH,1,3,0,0,1,4,,0,30,0,0,0,0,0,4,2,13
,2018_50906,39.736476,-104.9394915,6/25/2018 18:40,18:40,12,0,0,13TH AVENUE EAST & ALBION STREET NORTH,1,1,0,0,1,1,,0,30,0,0,0,0,0,4,2,1
,2018_50907,39.736836,-104.990229,9/16/2018 12:23,12:23,12,0,2,13TH AVENUE WEST & BANNOCK STREET NORTH,1,1,0,0,1,1,,0,30,0,0,0,0,1,4,3,8
,2018_50908,39.736476,-104.937291,5/17/2018 14:50,14:50,3,0,1,13TH AVENUE EAST & BELLAIRE STREET NORTH,1,1,0,0,1,1,,0,25,0,0,0,0,2,4,2,10
,2018_50909,39.736854,-104.9873715,6/26/2018 0:05,0:05,3,0,1,13TH AVENUE EAST & BROADWAY NORTH,1,3,0,0,1,1,,0,30,0,0,0,0,2,4,2,12
,2018_50910,39.736854,-104.9873715,7/2/2018 14:19,14:19,3,0,2,13TH AVENUE EAST & BROADWAY NORTH,1,1,0,0,1,1,,0,35,0,0,0,0,2,4,2,3
,2018_50911,39.736854,-104.9873715,7/26/2018 22:17,22:17,10,0,2,13TH AVENUE EAST & BROADWAY NORTH,1,3,0,0,1,1,,0,30,0,0,0,0,1,4,2,13
,2018_50912,39.736827,-104.99166,1/30/2018 9:10,9:10,15,0,0,13TH AVENUE WEST & CHEROKEE STREET NORTH,1,1,0,0,1,1,,0,30,0,0,0,0,0,4,2,13
,2018_50913,39.736827,-104.99166,4/22/2018 15:45,15:45,10,0,0,13TH AVENUE WEST & CHEROKEE STREET NORTH,1,1,0,0,1,1,,0,30,0,0,0,0,0,4,2,8
,2018_50914,39.736827,-104.99166,7/13/2018 18:10,18:10,3,0,0,13TH AVENUE WEST & CHEROKEE STREET NORTH,1,1,0,0,1,1,,0,25,0,0,0,0,0,4,2,13
,2018_50915,39.736863,-104.97762,8/11/2018 22:25,22:25,15,0,0,13TH AVENUE EAST & CLARKSON STREET NORTH,1,3,0,0,1,1,,0,30,0,0,0,0,0,4,2,13
,2018_50917,39.74076,-104.9567085,1/28/2018 9:30,9:30,3,0,0,13TH AVENUE EAST & COLUMBINE / ELIZABETH STREET NORTH ALLEY,1,1,0,0,1,5,,0,30,0,0,0,0,0,4,3,13
,2018_50918,39.736809,-104.957433,11/13/2018 7:00,7:00,3,0,0,13TH AVENUE EAST & COLUMBINE STREET NORTH,1,1,0,1,1,1,,0,30,0,0,0,0,0,4,2,7
,2018_50919,39.736764,-104.947272,7/31/2018 10:15,10:15,15,0,0,13TH AVENUE EAST & COOK STREET NORTH,1,1,0,0,1,1,,0,30,0,0,0,0,0,4,2,3
,2018_50920,39.736764,-104.947272,11/13/2018 15:05,15:05,3,0,0,13TH AVENUE EAST & COOK STREET NORTH,1,1,0,0,1,1,,0,25,0,0,0,0,0,4,2,1
,2018_50921,39.736854,-104.9741505,5/21/2018 7:49,7:49,3,0,0,13TH AVENUE EAST & CORONA STREET NORTH,1,1,0,0,1,1,,0,30,0,0,0,0,0,4,4,13
,2018_50922,39.736476,-104.931531,6/9/2018 15:15,15:15,3,0,0,13TH AVENUE EAST & DAHLIA STREET NORTH,1,1,0,0,1,1,,0,25,0,0,0,0,0,4,2,1
,2018_50923,39.736476,-104.931531,9/18/2018 10:39,10:39,15,0,0,13TH AVENUE EAST & DAHLIA STREET NORTH,1,1,0,0,1,1,,0,30,0,0,0,0,0,4,2,13
,2018_50924,39.736854,-104.992929,7/26/2018 13:19,13:19,10,0,2,13TH AVENUE WEST & DELAWARE STREET NORTH,1,1,0,0,1,1,,0,30,0,0,0,0,1,4,2,8
,2018_50925,39.736854,-104.992929,8/12/2018 6:18,6:18,3,0,0,13TH AVENUE WEST & DELAWARE STREET NORTH,1,1,0,0,1,1,,0,30,0,0,0,0,0,4,2,13
,2018_50926,39.736791,-104.95395,9/12/2018 21:53,21:53,6,0,0,13TH AVENUE EAST & DETROIT STREET NORTH,1,3,0,0,1,4,,0,35,0,0,0,0,0,4,3,1
,2018_50927,39.736476,-104.9326785,1/16/2018 11:35,11:35,12,0,0,13TH AVENUE EAST & DEXTER STREET NORTH,1,1,0,0,1,1,,0,30,0,0,0,0,0,4,2,3
,2018_50928,39.736854,-104.973039,4/7/2018 3:03,3:03,3,0,1,13TH AVENUE EAST & DOWNING STREET NORTH,1,3,1,0,1,1,,0,30,0,0,0,0,1,4,4,5
,2018_50929,39.736854,-104.973039,8/24/2018 20:20,20:20,10,0,0,13TH AVENUE EAST & DOWNING STREET NORTH,1,3,0,0,1,1,,0,30,0,0,0,0,0,4,2,1
,2018_50930,39.736872,-104.9941215,2/26/2018 12:49,12:49,10,0,0,13TH AVENUE WEST & ELATI STREET NORTH,1,1,0,0,1,1,,0,30,0,0,0,0,0,4,2,8
,2018_50931,39.736872,-104.9941215,3/3/2018 12:15,12:15,3,0,0,13TH AVENUE WEST & ELATI STREET NORTH,1,1,0,0,1,1,,0,25,0,0,0,0,0,4,2,13
,2018_50932,39.736872,-104.9941215,5/15/2018 21:58,21:58,3,0,0,13TH AVENUE WEST & ELATI SOUTH NORTH,1,3,0,0,1,1,,0,25,0,0,0,0,0,4,2,14
,2018_50933,39.736872,-104.9941215,6/1/2018 14:43,14:43,3,0,0,13TH AVENUE WEST & ELATI STREET NORTH,1,1,0,0,1,1,,0,30,0,0,0,0,0,4,2,14
,2018_50934,39.736872,-104.9941215,12/3/2018 10:50,10:50,3,0,1,13TH AVENUE WEST & ELATI STREET NORTH,1,1,0,0,1,1,,0,30,0,0,0,0,2,4,2,13
,2018_50935,39.736791,-104.95278,8/9/2018 9:10,9:10,15,0,0,13TH AVENUE EAST & FILLMORE STREET NORTH,1,1,0,0,1,1,,0,30,0,0,0,0,0,4,2,13
,2018_50936,39.736845,-104.9684625,3/6/2018 19:05,19:05,12,0,0,13TH AVENUE EAST & FRANKLIN STREET NORTH,1,3,1,0,1,1,,0,35,0,0,0,0,0,4,2,13
,2018_50937,39.736746,-104.943969,10/25/2018 21:53,21:53,3,0,0,13TH AVENUE EAST & GARFIELD STREET NORTH,1,3,0,0,1,1,,0,25,0,0,0,0,0,4,2,1
,2018_50938,39.736827,-104.9672115,5/28/2018 13:34,13:34,3,0,0,13TH AVENUE EAST & GILPIN STREET NORTH,1,1,0,0,1,1,,0,25,0,0,0,0,0,4,2,13
,2018_50939,39.736827,-104.9672115,7/24/2018 16:30,16:30,1,0,0,13TH AVENUE EAST & GILPIN STREET NORTH,1,1,0,0,1,1,,0,30,0,0,0,0,0,4,2,13
,2018_50940,39.736863,-104.9835825,1/2/2018 11:23,11:23,12,0,0,13TH AVENUE EAST & GRANT STREET NORTH,1,1,1,0,1,1,,0,30,0,0,0,0,0,4,2,1
,2018_50941,39.736863,-104.9835825,2/1/2018 15:16,15:16,3,0,0,13TH AVENUE EAST & GRANT STREET NORTH,1,1,0,0,1,1,,0,30,0,0,0,0,0,4,2,13
,2018_50942,39.736863,-104.9835825,9/15/2018 8:22,8:22,3,0,2,13TH AVENUE EAST & GRANT STREET NORTH,1,1,0,0,1,1,,0,30,0,0,0,0,1,4,2,13
,2018_50943,39.736503,-104.9246235,1/16/2018 15:55,15:55,14,0,1,13TH AVENUE EAST & GRAPE STREET NORTH,1,1,0,0,1,1,,0,25,0,0,0,0,2,4,2,7
,2018_50944,39.736503,-104.9246235,1/31/2018 8:52,8:52,3,0,2,13TH AVENUE EAST & GRAPE STREET NORTH,1,1,0,0,1,1,,0,25,0,0,0,0,2,4,2,13
,2018_50945,39.736503,-104.9246235,2/16/2018 15:55,15:55,3,0,1,13TH AVENUE EAST & GRAPE STREET NORTH,1,1,0,0,1,1,,0,25,0,0,0,0,2,4,2,7
,2018_50946,39.736503,-104.9246235,6/21/2018 11:44,11:44,10,0,0,13TH AVENUE EAST & GRAPE STREET NORTH,1,1,0,0,1,1,,0,30,0,0,0,0,0,4,2,3
,2018_50947,39.736746,-104.941818,1/19/2018 12:40,12:40,10,0,1,13TH AVENUE EAST & HARRISON STREET NORTH,1,1,0,0,1,1,,0,30,0,0,0,0,1,4,2,13
,2018_50948,39.736746,-104.941818,4/13/2018 7:58,7:58,15,0,1,13TH AVENUE EAST & HARRISON STREET NORTH,1,1,0,0,1,1,,0,30,0,0,0,0,1,4,2,7
,2018_50949,39.736674,-104.9223105,3/16/2018 17:40,17:40,10,0,0,13TH AVENUE EAST & HOLLY STREET NORTH,1,1,0,0,1,1,,0,30,0,0,0,0,0,4,2,8
,2018_50950,39.736674,-104.9223105,12/14/2018 15:11,15:11,3,0,1,13TH AVENUE EAST & HOLLY STREET NORTH,1,1,0,0,1,1,,0,25,0,0,0,0,1,4,2,1
,2018_50951,39.736872,-104.969529,9/21/2018 13:46,13:46,3,0,0,13TH AVENUE EAST & HUMBOLDT STREET NORTH,1,1,0,0,1,1,,0,30,0,0,0,0,0,4,2,13
,2018_50952,39.736746,-104.942889,5/16/2018 21:10,21:10,10,0,0,13TH AVENUE EAST & JACKSON STREET NORTH,1,3,0,0,1,1,,0,30,0,0,0,0,0,4,2,8
,2018_50953,39.736746,-104.942889,6/25/2018 16:01,16:01,10,0,0,13TH AVENUE EAST & JACKSON STREET NORTH,1,1,1,0,1,3,,0,30,0,0,0,0,0,4,2,12
,2018_50954,39.736809,-104.958639,3/8/2018 12:12,12:12,3,0,1,13TH AVENUE EAST & JOSEPHINE STREET NORTH,1,1,0,0,1,1,,0,35,0,0,0,0,1,4,2,13
,2018_50955,39.736809,-104.958639,4/3/2018 11:27,11:27,12,0,0,13TH AVENUE EAST & JOSEPHINE STREET NORTH,1,1,0,0,1,4,,0,30,0,0,0,0,0,4,4,1
,2018_50956,39.736881,-105.000183,2/11/2018 12:25,12:25,3,0,0,13TH AVENUE WEST & KALAMATH STREET NORTH,2,1,0,0,1,1,,0,30,0,0,0,0,0,4,2,13
,2018_50957,39.736881,-105.000183,2/20/2018 14:18,14:18,6,0,0,13TH AVENUE WEST & KALAMATH STREET NORTH,5,1,1,0,1,4,,0,,0,0,0,0,0,4,2,13
,2018_50959,39.736881,-105.000183,8/12/2018 10:58,10:58,3,0,2,13TH AVENUE WEST & KALAMATH STREET NORTH,1,1,0,0,1,1,,0,35,0,0,0,0,1,4,2,13
,2018_50960,39.736881,-105.000183,9/26/2018 17:19,17:19,12,0,0,13TH AVENUE WEST & KALAMATH STREET NORTH,1,1,0,0,1,1,,0,25,0,0,0,0,0,4,2,13
,2018_50961,39.736881,-104.970681,3/21/2018 10:09,10:09,3,0,1,13TH AVENUE EAST & LAFAYETTE STREET NORTH,1,1,0,0,1,1,,0,25,0,0,0,0,2,4,2,13
,2018_50962,39.736881,-104.970681,6/30/2018 22:05,22:05,3,0,1,13TH AVENUE EAST & LAFAYETTE STREET NORTH,1,4,0,0,1,1,,0,30,0,0,0,0,1,4,2,7
,2018_50963,39.736863,-104.98617,1/1/2018 7:21,7:21,3,0,1,13TH AVENUE EAST & LINCOLN STREET NORTH,1,1,0,0,1,1,,0,30,0,0,0,0,1,4,2,12
,2018_50964,39.736863,-104.98617,2/16/2018 12:36,12:36,12,0,0,13TH AVENUE EAST & LINCOLN STREET NORTH,5,1,1,0,1,1,,0,25,0,0,0,0,0,4,2,13
,2018_50965,39.736863,-104.98617,2/16/2018 12:39,12:39,6,0,0,13TH AVENUE EAST & LINCOLN STREET NORTH,5,1,1,0,1,1,,0,,0,0,0,0,0,4,2,13
,2018_50966,39.736863,-104.98617,7/3/2018 16:10,16:10,3,0,1,13TH AVENUE EAST & LINCOLN STREET NORTH,1,1,0,0,1,1,,0,25,0,0,0,0,1,4,2,13
,2018_50967,39.736863,-104.98617,8/1/2018 8:08,8:08,10,0,0,13TH AVENUE EAST & LINCOLN STREET NORTH,1,1,1,0,1,1,,0,30,0,0,0,0,0,4,2,13
,2018_50968,39.736863,-104.98617,8/3/2018 9:05,9:05,3,0,0,13TH AVENUE EAST & LINCOLN STREET NORTH,1,1,0,0,1,1,,0,30,0,0,0,0,0,4,2,14
,2018_50969,39.736863,-104.98617,8/9/2018 14:19,14:19,3,0,0,13TH AVENUE EAST & LINCOLN STREET,1,1,1,0,1,1,,0,30,0,0,0,0,0,4,2,16
,2018_50970,39.736863,-104.98617,9/5/2018 15:45,15:45,15,0,0,13TH AVENUE EAST & LINCOLN STREET NORTH,2,1,1,1,1,1,,0,30,0,0,0,0,0,4,2,8
,2018_50971,39.736863,-104.98617,9/7/2018 0:15,0:15,3,0,1,13TH AVENUE EAST & LINCOLN STREET NORTH,1,3,0,0,1,1,,0,30,0,0,0,0,2,4,2,5
,2018_50972,39.736863,-104.98617,9/11/2018 6:14,6:14,3,0,0,13TH AVENUE EAST & LINCOLN STREET NORTH,1,1,0,0,1,1,,0,35,0,0,0,0,0,4,2,1
,2018_50973,39.736881,-105.0015825,1/5/2018 9:13,9:13,3,0,0,13TH AVENUE WEST & LIPAN STREET NORTH,1,1,0,0,1,1,,0,25,0,0,0,0,0,4,2,8
,2018_50974,39.736872,-104.9823315,3/12/2018 14:15,14:15,3,0,2,13TH AVENUE EAST & LOGAN STREET NORTH,1,1,0,0,1,1,,0,30,0,0,0,0,2,4,2,16
,2018_50975,39.736872,-104.9823315,4/28/2018 9:04,9:04,3,0,0,13TH AVENUE EAST & LOGAN STREET NORTH,1,1,0,0,1,1,,0,30,0,0,0,0,0,4,2,13
,2018_50976,39.736872,-104.9823315,10/3/2018 14:50,14:50,15,0,2,13TH AVENUE EAST & LOGAN STREET NORTH,1,1,0,0,1,1,,0,30,0,0,0,0,1,4,2,13
,2018_50977,39.736782,-104.946174,3/2/2018 15:27,15:27,10,0,0,13TH AVENUE EAST & MADISON STREET NORTH,1,1,0,0,1,1,,0,30,0,0,0,0,0,4,2,8
,2018_50978,39.736782,-104.946174,4/23/2018 16:41,16:41,3,0,0,13TH AVENUE EAST & MADISON STREET NORTH,1,1,0,0,1,1,,0,,0,0,0,0,0,4,2,13
,2018_50979,39.736782,-104.946174,6/11/2018 8:42,8:42,3,0,0,13TH AVENUE EAST & MADISON STREET NORTH,1,1,0,0,1,1,,0,30,0,0,0,0,0,4,2,16
,2018_50980,39.736782,-104.946174,6/24/2018 12:20,12:20,10,0,0,13TH AVENUE EAST & MADISON STREET NORTH,2,1,0,1,1,1,,0,30,0,0,0,0,0,4,2,8
,2018_50981,39.736782,-104.946174,8/5/2018 12:50,12:50,3,0,0,13TH AVENUE EAST & MADISON STREET NORTH,1,1,0,0,1,1,,0,25,0,0,0,0,0,4,3,1
,2018_50982,39.736782,-104.946174,8/7/2018 19:41,19:41,10,0,1,13TH AVENUE EAST & MADISON STREET NORTH,1,1,0,0,1,1,,0,30,0,0,0,0,1,4,2,8
,2018_50983,39.736782,-104.946174,10/3/2018 12:52,12:52,10,0,0,13TH AVENUE EAST & MADISON STREET NORTH,1,1,0,0,1,1,,0,35,0,0,0,0,0,4,2,8
,2018_50984,39.736836,-104.912811,5/12/2018 12:00,12:00,12,0,0,13TH AVENUE EAST & MONACO PARKWAY NORTH,1,1,0,0,1,4,,0,35,0,0,0,0,0,4,2,7
,2018_50985,39.73869,-104.90346,10/5/2018 2:00,2:00,3,0,0,14TH AVENUE EAST & QUEBEC STREET NORTH,1,3,0,0,1,1,,0,30,0,0,0,0,0,4,2,5
,2018_50986,39.736836,-104.912811,7/30/2018 19:21,19:21,10,0,0,13TH AVENUE EAST & MONACO STREET NORTH,1,1,0,0,1,1,,0,30,0,0,0,0,0,4,2,8
,2018_50987,39.736836,-104.912811,8/12/2018 11:20,11:20,15,0,0,13TH AVENUE EAST & MONACO STREET NORTH,1,1,0,0,1,1,,0,30,0,0,0,0,0,4,2,8
,2018_50988,39.736836,-104.912811,10/17/2018 15:28,15:28,3,0,1,13TH AVENUE EAST & MONACO STREET NORTH,1,1,0,0,1,1,,0,30,0,0,0,0,1,4,2,13
,2018_50989,39.736836,-104.912811,12/30/2018 11:10,11:10,10,0,0,13TH AVENUE EAST & MONACO STREET NORTH,1,1,0,0,1,1,,0,30,0,0,0,0,0,4,2,13
,2018_50990,39.736773,-104.945058,8/6/2018 13:50,13:50,10,0,2,13TH AVENUE EAST & MONROE STREET NORTH,1,1,0,0,1,1,,0,30,0,0,0,0,1,4,2,8