id,drcog_id,latitude,longitude,crashtime,time,crashtype,numbkilled,numbinjurd,drcoglocat,rdconditin,lightngcon,roadcntgrd,weatherco,location,roaddescrp,schoolzone,constrzone,splimit,bikeinv,pedinv,sctrinv,motoinv,svrty,rdsystem,ttlvehcls,hcf
,2018_50991,39.737268,-104.9093595,3/1/2018 12:00,12:00,15,0,0,13TH AVENUE EAST & NEWPORT STREET NORTH,1,1,0,0,1,1,,0,30,0,0,0,0,0,4,2,7
,2018_50992,39.737268,-104.9069385,1/20/2018 12:21,12:21,3,0,0,13TH AVENUE EAST & OLIVE STREET,1,1,0,0,1,1,,0,20,0,0,0,0,0,4,2,13
,2018_50993,39.736872,-105.005322,4/30/2018 18:09,18:09,15,0,0,13TH AVENUE WEST & OSAGE STREET NORTH,1,1,0,0,1,1,,0,25,0,0,0,0,0,4,3,9
,2018_50994,39.736872,-105.005322,7/18/2018 7:44,7:44,3,0,1,13TH AVENUE WEST & OSAGE STREET NORTH,1,1,0,0,1,1,,0,35,0,0,0,0,1,4,2,14
,2018_50995,39.736872,-105.005322,8/10/2018 10:26,10:26,3,0,2,13TH AVENUE WEST & OSAGE STREET NORTH ,1,1,0,0,1,1,,0,35,0,0,0,0,1,4,2,14
,2018_50996,39.736872,-105.005322,10/11/2018 7:15,7:15,3,0,0,13TH AVENUE WEST & OSAGE STREET NORTH,1,1,0,0,1,1,,0,30,0,0,0,0,0,4,2,13
,2018_50997,39.736872,-105.005322,11/20/2018 18:28,18:28,3,0,0,13TH AVENUE WEST & OSAGE STREET NORTH,1,1,0,0,1,1,,0,30,0,0,0,0,0,4,2,1
,2018_50998,39.736872,-104.9810805,6/30/2018 17:08,17:08,5,0,0,13TH AVENUE EAST & PENNSYLVANIA STREET NORTH,1,1,0,0,2,1,,0,30,0,0,0,0,0,4,1,16
,2018_50999,39.737268,-104.90346,7/9/2018 12:18,12:18,1,0,0,13TH AVENUE EAST & QUEBEC STREET NORTH,1,1,0,0,1,1,,0,35,0,0,0,0,0,4,2,13
,2018_51000,39.737268,-104.90346,8/13/2018 12:20,12:20,10,0,0,13TH AVENUE EAST & QUEBEC STREET NORTH,1,1,0,0,1,1,,0,30,0,0,0,0,0,4,2,13
,2018_51001,39.737268,-104.90346,10/25/2018 19:49,19:49,10,0,0,13TH AVENUE EAST & QUEBEC STREET NORTH,1,3,0,0,1,1,,0,30,0,0,0,0,0,4,2,13
,2018_51002,39.736881,-105.007779,2/5/2018 12:22,12:22,3,0,0,13TH AVENUE WEST & QUIVAS STREET NORTH,1,1,0,0,1,1,,0,35,0,0,0,0,0,4,2,1
,2018_51003,39.736827,-104.9634495,12/18/2018 12:10,12:10,10,0,1,13TH AVENUE EAST & RACE STREET NORTH,1,1,0,0,1,1,,0,30,0,0,0,0,1,4,2,12
,2018_51004,39.737259,-104.899968,8/29/2018 13:18,13:18,15,0,0,13TH AVENUE EAST & ROSEMARY STREET NORTH,1,1,0,0,1,1,,0,30,0,0,0,0,0,4,2,8
,2018_51005,39.737259,-104.9011425,4/18/2018 14:20,14:20,10,0,0,13TH AVENUE EAST & ROSLYN STREET NORTH,1,1,0,0,1,1,,0,30,0,0,0,0,0,4,2,8
,2018_51006,39.736863,-104.9848515,12/23/2018 11:58,11:58,15,0,0,13TH AVENUE EAST & SHERMAN STREET NORTH,1,1,0,0,1,4,,0,30,0,0,0,0,0,4,2,13
,2018_51007,39.736872,-104.9964795,1/15/2018 14:22,14:22,15,0,0,13TH AVENUE WEST & SPEER BOULEVARD NORTH,2,1,1,0,1,1,,0,30,0,0,0,0,0,4,2,13
,2018_51008,39.736872,-104.9964795,5/17/2018 14:05,14:05,12,0,0,13TH AVENUE WEST & SPEER BOULEVARD,1,1,1,0,1,1,,0,30,0,0,0,0,0,4,2,13
,2018_51009,39.736872,-104.9964795,8/6/2018 7:45,7:45,15,0,0,13TH AVENUE WEST & SPEER BOULEVARD NORTH,1,1,0,0,1,1,,0,35,0,0,0,0,0,4,2,13
,2018_51010,39.736872,-104.9964795,8/31/2018 1:12,1:12,3,0,2,13TH AVENUE WEST & SPEER BOULEVARD NORTH,1,3,0,0,1,1,,0,30,0,0,0,0,1,4,2,13
,2018_51011,39.736872,-104.9964795,9/5/2018 13:27,13:27,15,0,0,13TH AVENUE WEST & SPEER BOULEVARD SOUTH,1,1,0,0,1,3,,0,30,0,0,0,0,0,4,2,14
,2018_51012,39.736872,-104.9964795,10/16/2018 13:44,13:44,12,0,0,13TH AVENUE WEST & SPEER BOULEVARD NORTH,1,1,0,0,1,3,,0,30,0,0,0,0,0,4,3,14
,2018_51013,39.736872,-104.9964795,12/9/2018 11:55,11:55,12,0,1,13TH AVENUE WEST & SPEER BOULEVARD,1,1,0,0,1,1,,0,25,0,0,0,0,1,4,2,3
,2018_51014,39.737259,-104.898753,6/25/2018 17:31,17:31,15,0,0,13TH AVENUE EAST & SYRACUSE STREET NORTH,1,1,0,0,1,1,,0,30,0,0,0,0,0,4,2,13
,2018_51015,39.73725,-104.8952205,3/21/2018 13:43,13:43,3,0,0,13TH AVENUE EAST & TAMARAC STREET NORTH,1,1,0,0,1,1,,0,5,0,0,0,0,0,4,2,13
,2018_51016,39.73725,-104.894028,10/12/2018 13:39,13:39,10,0,0,13TH AVENUE EAST & ULSTER STREET NORTH,1,1,0,0,1,1,,0,30,0,0,0,0,0,4,2,13
,2018_51017,39.736908,-105.012342,12/18/2018 7:23,7:23,15,0,0,13TH AVENUE WEST & UMATILLA STREET NORTH,1,1,0,0,1,1,,0,25,0,0,0,0,0,4,2,13
,2018_51018,39.737259,-104.8905405,1/5/2018 10:20,10:20,10,0,0,13TH AVENUE EAST & VERBENA STREET NORTH,1,1,0,0,1,1,,0,30,0,0,0,0,0,4,2,13
,2018_51019,39.736809,-104.9622615,1/21/2018 13:26,13:26,3,0,0,13TH AVENUE EAST & VINE STREET NORTH,4,1,0,2,1,1,,0,30,0,0,0,0,0,4,3,13
,2018_51020,39.736863,-104.9787,3/18/2018 0:50,0:50,3,0,1,13TH AVENUE EAST & WASHINGTON STREET NORTH,1,3,0,0,1,1,,0,30,0,0,0,0,2,4,2,2
,2018_51021,39.736863,-104.9787,8/18/2018 17:15,17:15,15,0,0,13TH AVENUE EAST & WASHINGTON STREET NORTH,1,1,0,0,1,1,,0,30,0,0,0,0,0,4,2,13
,2018_51022,39.736863,-104.9787,10/5/2018 21:38,21:38,3,0,1,13TH AVENUE EAST & WASHINGTON STREET NORTH,2,4,0,1,1,1,,0,30,0,0,0,0,1,4,2,13
,2018_51023,39.736863,-104.9787,12/29/2018 21:25,21:25,3,0,0,13TH AVENUE & WASHINGTON STREET NORTH,1,3,0,0,1,1,,0,30,0,0,0,0,0,4,2,3
,2018_51024,39.7368,-104.9598225,3/22/2018 13:30,13:30,12,0,0,13TH AVENUE EAST & YORK STREET NORTH,1,1,0,0,1,1,,0,30,0,0,0,0,0,4,2,8
,2018_51025,39.7368,-104.9598225,12/2/2018 10:36,10:36,3,0,0,13TH AVENUE EAST & YORK STREET NORTH,1,1,0,0,1,1,,0,,0,0,0,0,0,4,2,16
,2018_51026,39.737268,-104.8846815,2/3/2018 16:50,16:50,3,0,0,13TH AVENUE EAST & YOSEMITE STREET NORTH,1,2,0,0,1,1,,0,30,0,0,0,0,0,4,2,1
,2018_51027,39.737268,-104.8846815,6/26/2018 7:51,7:51,3,0,0,13TH AVENUE EAST & YOSEMITE STREET NORTH,1,1,0,0,1,1,,0,30,0,0,0,0,0,4,2,13
,2018_51028,39.738407,-104.9712055,8/27/2018 12:31,12:31,3,0,1,14TH AVENUE & 1000 BLOCK WEST,1,1,0,0,1,5,,0,25,0,0,0,0,1,4,2,13
,2018_51029,39.746124,-104.9984595,5/18/2018 10:27,10:27,6,0,0,14TH STREET 1100 & 14TH STREET 1100,1,1,0,0,1,4,,0,30,0,0,0,0,0,4,2,13
,2018_51030,39.74442745,-104.9960545,8/14/2018 8:05,8:05,15,0,0,14TH STREET & 2800 BLOCK EAST,1,1,0,0,1,4,,0,30,0,0,0,0,0,4,2,13
,2018_51031,39.738407,-104.9712055,12/9/2018 20:10,20:10,15,0,0,14TH AVENUE & 3200 BLOCK EAST,1,3,0,0,1,4,,0,30,0,0,0,0,0,4,2,13
,2018_51032,39.738407,-104.9712055,3/17/2018 19:02,19:02,6,0,0,14TH AVENUE & 3500 BLOCK EAST,1,2,0,0,3,4,,0,30,0,0,0,0,0,4,4,5
,2018_51033,39.73838224,-105.0346829,6/10/2018 20:23,20:23,6,0,0,14TH AVENUE 3600 BLOCK EAST & 3600 BLOCK EAST,1,2,0,0,1,4,,0,30,0,0,0,0,0,4,2,13
,2018_51034,39.738407,-104.9712055,8/23/2018 18:18,18:18,15,0,0,14TH AVENUE & 3900 BLOCK EAST,1,2,0,0,1,4,,0,30,0,0,0,0,0,4,2,13
,2018_51035,39.73920304,-105.0284615,1/23/2018 8:30,8:30,15,0,0,14TH AVENUE WEST & 500 BLOCK,1,1,0,0,1,4,,0,30,0,0,0,0,0,4,2,13
,2018_51036,39.738407,-104.9712055,2/5/2018 7:35,7:35,12,0,0,14TH AVENUE & 500 BLOCK EAST,1,1,0,0,1,3,,0,30,0,0,0,0,0,4,2,13
,2018_51037,39.738258,-104.9394915,9/5/2018 7:03,7:03,10,0,0,14TH AVENUE EAST & ALBION STREET NORTH,2,1,1,0,1,1,,0,35,0,0,0,0,0,4,2,3
,2018_51038,39.74598,-104.998068,3/17/2018 23:30,23:30,12,0,0,14TH STREET & ARAPAHOE STREET,1,3,0,0,1,1,,0,25,0,0,0,0,0,4,2,13
,2018_51039,39.74598,-104.998068,6/16/2018 16:00,16:00,12,0,0,14TH STREET & ARAPAHOE STREET,1,1,0,0,1,3,,0,30,0,0,0,0,0,4,2,16
,2018_51040,39.74598,-104.998068,7/20/2018 23:36,23:36,5,0,0,14TH STREET & ARAPAHOE STREET,1,3,0,0,3,1,,0,30,0,0,0,0,0,4,2,13
,2018_51041,39.74598,-104.998068,9/20/2018 11:24,11:24,15,0,0,14TH STREET & ARAPAHOE STREET,1,1,0,0,1,1,,0,25,0,0,0,0,0,4,2,7
,2018_51042,39.738267,-104.9383935,10/14/2018 16:26,16:26,10,0,1,14TH AVENUE EAST & ASH STREET NORTH,1,1,0,0,1,1,,0,30,0,0,0,0,1,4,2,8
,2018_51043,39.738267,-104.937282,7/5/2018 14:50,14:50,15,0,0,14TH AVENUE EAST & BELLAIRE STREET NORTH,1,1,0,0,1,1,,0,30,0,0,0,0,0,4,2,8
,2018_51044,39.738276,-104.9361435,4/20/2018 22:59,22:59,12,0,0,14TH AVENUE EAST & BIRCH STREET NORTH,2,3,0,1,1,4,,0,30,0,0,0,0,0,4,2,8
,2018_51045,39.738276,-104.9361435,6/13/2018 7:26,7:26,10,0,0,14TH AVENUE EAST & BIRCH STREET NORTH,1,1,0,0,1,1,,0,30,0,0,0,0,0,4,2,12
,2018_51046,39.738276,-104.9361435,8/19/2018 15:56,15:56,10,0,0,14TH AVENUE EAST & BIRCH STREET NORTH,1,1,0,0,1,1,,0,30,0,0,0,0,0,4,2,8
,2018_51047,39.748941,-105.0012495,1/5/2018 14:38,14:38,15,0,0,14TH STREET & BLAKE STREET,1,1,0,0,1,1,,0,30,0,0,0,0,0,4,2,13
,2018_51048,39.748941,-105.0012495,6/12/2018 8:49,8:49,12,0,0,14TH STREET & BLAKE STREET,1,1,0,0,1,2,,0,35,0,0,0,0,0,4,2,3
,2018_51049,39.748941,-105.0012495,9/28/2018 21:05,21:05,10,0,0,14TH STREET & BLAKE STREET,1,3,0,0,1,1,,0,25,0,0,0,0,0,4,2,14
,2018_51050,39.738429,-104.9873895,2/10/2018 18:00,18:00,10,0,0,14TH AVENUE WEST & BROADWAY NORTH,4,3,1,2,1,1,,0,25,0,0,0,0,0,4,2,13
,2018_51051,39.738429,-104.9873895,2/25/2018 0:23,0:23,3,0,1,14TH AVENUE WEST & BROADWAY NORTH,1,3,0,0,1,1,,0,35,0,0,0,0,1,4,2,3
,2018_51052,39.743298,-104.994621,3/17/2018 23:16,23:16,12,0,0,14TH STREET & CALIFORNIA STREET,1,3,0,0,1,1,,0,30,0,0,0,0,0,4,2,2
,2018_51053,39.743298,-104.994621,4/17/2018 10:15,10:15,15,0,0,14TH STREET & CALIFORANIA STREET,1,1,0,0,1,1,,0,30,0,0,0,0,0,4,2,13
,2018_51054,39.743298,-104.994621,4/17/2018 14:47,14:47,12,0,0,14TH STREET & CALIFORNIA STREET,1,1,0,0,1,4,,0,,0,0,0,0,0,4,2,13
,2018_51055,39.743298,-104.994621,4/21/2018 8:40,8:40,15,0,0,14TH STREET & CALIFORNIA STREET,2,1,0,2,1,1,,0,30,0,0,0,0,0,4,2,5
,2018_51056,39.743298,-104.994621,12/31/2018 1:10,1:10,15,0,0,14TH STREET & CALIFORNIA STREET,1,3,0,0,1,1,,0,30,0,0,0,0,0,4,2,13
,2018_51057,39.738447,-104.99166,2/13/2018 11:22,11:22,10,0,0,14TH AVENUE EAST & CHEROKEE STREET NORTH,1,1,0,0,1,1,,0,30,0,0,0,0,0,4,2,8
,2018_51058,39.738447,-104.99166,6/1/2018 15:14,15:14,14,0,0,14TH AVENUE WEST & CHEROKEE STREET NORTH,1,1,0,0,1,1,,1,30,0,0,0,0,0,4,2,14
,2018_51059,39.738276,-104.9338395,6/8/2018 15:40,15:40,3,0,0,14TH AVENUE EAST & CHERRY STREET NORTH,1,1,0,0,1,1,,0,25,0,0,0,0,0,4,2,13
,2018_51060,39.73842,-104.9776695,6/29/2018 23:32,23:32,15,0,0,14TH AVENUE EAST & CLARKSON STREET NORTH,1,5,0,0,1,1,,0,30,0,0,0,0,0,4,2,3
,2018_51061,39.73842,-104.9776695,7/15/2018 18:19,18:19,12,0,0,14TH AVENUE EAST & CLARKSON STREET NORTH,2,1,0,1,1,1,,0,30,0,0,0,0,0,4,2,3
,2018_51062,39.73842,-104.9776695,9/5/2018 7:16,7:16,3,0,0,14TH AVENUE EAST & CLARKSON STREET NORTH,1,1,0,0,1,1,,0,30,0,0,0,0,0,4,2,16
,2018_51063,39.73842,-104.9776695,9/25/2018 17:31,17:31,3,0,1,14TH AVENUE EAST & CLARKSON STREET NORTH,1,1,0,0,1,1,,0,30,0,0,0,0,1,4,2,14
,2018_51064,39.744234,-104.993379,6/19/2018 19:12,19:12,15,0,0,15TH STREET & CALIFORNIA STREET,2,3,0,1,1,1,,0,30,0,0,0,0,0,4,2,13
,2018_51065,39.738357,-104.9550795,2/12/2018 15:12,15:12,10,0,0,14TH AVENUE EAST & CLAYTON STREET NORTH,1,1,0,0,1,1,,0,30,0,0,0,0,0,4,2,8
,2018_51066,39.738357,-104.9550795,2/23/2018 21:55,21:55,12,0,0,14TH AVENUE EAST & CLAYTON STREET NORTH,1,3,0,0,1,1,,0,30,0,0,0,0,0,4,2,1
,2018_51067,39.738357,-104.9550795,7/19/2018 16:52,16:52,12,0,0,14TH AVENUE EAST & CLAYTON STREET NORTH,1,1,0,0,1,1,,0,30,0,0,0,0,0,4,3,1
,2018_51068,39.738357,-104.9550795,8/12/2018 18:07,18:07,15,0,1,14TH AVENUE EAST & CLAYTON STREET NORTH,1,1,0,0,1,1,,0,30,0,0,0,0,1,4,2,5
,2018_51069,39.738267,-104.9350005,2/26/2018 15:08,15:08,3,0,1,14TH AVENUE EAST & CLERMONT STREET NORTH,1,1,0,0,1,1,,0,25,0,0,0,0,1,4,2,1
,2018_51070,39.738267,-104.9350005,5/9/2018 16:33,16:33,3,0,2,14TH AVENUE EAST & CLERMONT STREET NORTH,1,1,0,0,1,1,,0,25,0,0,0,0,1,4,2,1
,2018_51071,39.738267,-104.9350005,6/8/2018 8:21,8:21,3,0,0,14TH AVENUE EAST & CLERMONT STREET NORTH,1,1,0,0,1,1,,0,25,0,0,0,0,0,4,2,16
,2018_51072,39.738267,-104.9350005,8/21/2018 12:21,12:21,3,0,0,14TH AVENUE EAST & CLERMONT STREET NORTH,1,1,0,0,1,1,,0,25,0,0,0,0,0,4,2,7
,2018_51073,39.738357,-104.9573835,12/31/2018 12:52,12:52,10,0,0,14TH AVENUE EAST & COLUMBINE STREET NORTH,4,1,0,2,1,1,,0,30,0,0,0,0,0,4,2,8
,2018_51074,39.738339,-104.947272,3/15/2018 11:36,11:36,15,0,0,14TH AVENUE EAST & COOK STREET NORTH,1,1,0,0,1,4,,0,,0,0,0,0,0,4,2,13
,2018_51075,39.738276,-104.931522,4/14/2018 16:00,16:00,10,0,0,14TH AVENUE EAST & DAHLIA STREET NORTH,1,1,0,0,1,1,,0,30,0,0,0,0,0,4,2,8
,2018_51076,39.738276,-104.9326785,10/20/2018 10:50,10:50,15,0,0,14TH AVENUE EAST & DEXTER STREET NORTH,1,1,0,0,1,1,,0,30,0,0,0,0,0,4,2,8
,2018_51077,39.738402,-104.973039,8/3/2018 10:00,10:00,10,0,0,14TH AVENUE EAST & DOWNING STREET NORTH,1,1,0,0,1,1,,0,30,0,0,0,0,0,4,2,14
,2018_51078,39.738366,-104.9562675,10/11/2018 8:45,8:45,3,0,0,14TH AVENUE 2600 BLOCK EAST & ELIZABETH STREET,1,1,0,0,1,1,,0,30,0,0,0,0,0,4,2,7
,2018_51079,39.73842,-104.976459,3/21/2018 20:34,20:34,3,0,0,14TH AVENUE EAST & EMERSON STREET NORTH,1,3,0,0,1,1,,0,25,0,0,0,0,0,4,2,13
,2018_51080,39.738294,-104.9280615,6/1/2018 7:20,7:20,3,0,0,14TH AVENUE EAST & FAIRFAX STREET NORTH,1,1,0,0,1,1,,0,30,0,0,0,0,0,4,2,7
,2018_51081,39.738294,-104.9268825,8/24/2018 18:49,18:49,15,0,0,14TH AVENUE EAST & FOREST STREET NORTH,1,2,0,0,1,1,,0,30,0,0,0,0,0,4,2,8
,2018_51082,39.738456,-104.9953095,1/1/2018 10:06,10:06,3,0,0,14TH AVENUE WEST & FOX STREET NORTH,1,1,0,0,1,1,,0,25,0,0,0,0,0,4,2,13
,2018_51083,39.738456,-104.9953095,2/7/2018 9:14,9:14,3,0,0,14TH AVENUE WEST & FOX STREET NORTH,1,1,0,0,1,1,,0,25,0,0,0,0,0,4,2,14
,2018_51084,39.738456,-104.9953095,10/3/2018 7:30,7:30,3,0,0,14TH AVENUE WEST & FOX STREET NORTH,1,1,0,0,1,1,,0,30,0,0,0,0,0,4,3,10
,2018_51085,39.738402,-104.96844,5/14/2018 15:55,15:55,3,0,2,14TH AVENUE EAST & FRANKLIN STREET NORTH,1,1,0,0,1,1,,0,30,0,0,0,0,2,4,2,13
,2018_51086,39.738402,-104.96844,6/28/2018 12:31,12:31,15,0,1,14TH AVENUE EAST & FRANKLIN STREET NORTH,1,1,0,0,1,1,,0,25,0,0,0,0,2,4,3,13
,2018_51087,39.738474,-104.996502,5/1/2018 10:05,10:05,3,0,0,14TH AVENUE WEST & GALAPAGO STREET NORTH,1,1,0,0,1,1,,0,30,0,0,0,0,0,4,2,13
,2018_51088,39.738375,-104.961006,5/10/2018 17:39,17:39,3,0,1,14TH AVENUE EAST & GAYLORD STREET NORTH,1,1,0,0,1,1,,0,30,0,0,0,0,2,4,2,8
,2018_51089,39.738375,-104.961006,7/13/2018 18:25,18:25,3,0,0,14TH AVENUE EAST & GAYLORD STREET NORTH,1,1,0,0,1,1,,0,30,0,0,0,0,0,4,2,13
,2018_51090,39.738375,-104.961006,8/29/2018 12:04,12:04,3,0,0,14TH AVENUE EAST & GAYLORD STREET NORTH,1,1,0,0,1,1,,0,25,0,0,0,0,0,4,2,14
,2018_51091,39.738294,-104.92578,10/18/2018 21:02,21:02,3,0,0,14TH AVENUE EAST & GLENCOE STREET NORTH,1,3,0,0,1,1,,0,25,0,0,0,0,0,4,2,13
,2018_51092,39.738438,-104.9836185,8/30/2018 14:02,14:02,15,0,0,14TH AVENUE EAST & GRANT STREET NORTH,1,1,0,0,1,1,,0,30,0,0,0,0,0,4,2,16
,2018_51093,39.738438,-104.9836185,9/21/2018 11:01,11:01,15,0,0,14TH AVENUE EAST & GRANT STREET NORTH,1,1,0,0,1,1,,0,25,0,0,0,0,0,4,2,14
,2018_51094,39.738438,-104.9836185,9/22/2018 0:06,0:06,3,0,0,14TH AVENUE EAST & GRANT STREET NORTH,1,3,0,0,1,1,,0,35,0,0,0,0,0,4,3,1
,2018_51095,39.738438,-104.9836185,11/8/2018 14:53,14:53,3,0,0,14TH AVENUE EAST & GRANT STREET NORTH,1,1,0,0,1,1,,0,30,0,0,0,0,0,4,2,16
,2018_51096,39.738276,-104.9418,12/5/2018 12:43,12:43,3,0,0,14TH AVENUE EAST & HARRISON STREET NORTH,1,1,0,0,1,1,,0,35,0,0,0,0,0,4,2,16
,2018_51097,39.738384,-104.964741,9/5/2018 7:32,7:32,12,0,0,14TH AVENUE EAST & HIGH STREET NORTH,1,1,0,0,1,1,,0,30,0,0,0,0,0,4,2,14
,2018_51098,39.741327,-104.9919615,10/21/2018 8:38,8:38,3,0,0,14TH STREET & TREMONT PLACE,1,1,0,0,1,1,,0,25,0,0,0,0,0,4,2,8
,2018_51099,39.738402,-104.9695605,3/5/2018 15:30,15:30,10,0,0,14TH AVENUE EAST & HUMBOLDT STREET NORTH,1,1,0,0,1,1,,0,30,0,0,0,0,0,4,2,14
,2018_51100,39.738402,-104.9695605,9/9/2018 20:25,20:25,3,0,2,14TH AVENUE & HUMBOLDT STREET NORTH,1,3,0,0,1,1,,0,25,0,0,0,0,1,4,2,7
,2018_51101,39.73833,-104.920551,8/20/2018 2:01,2:01,3,0,0,14TH AVENUE EAST & IVY STREET NORTH,1,3,0,0,1,1,,0,35,0,0,0,0,0,4,2,8
,2018_51102,39.738321,-104.9183505,5/2/2018 8:52,8:52,12,0,0,14TH AVENUE EAST & JASMINE STREET NORTH,2,1,0,1,1,1,,0,30,0,0,0,0,0,4,2,16
,2018_51103,39.738321,-104.9183505,7/13/2018 18:48,18:48,3,0,1,14TH AVENUE EAST & JASMINE STREET NORTH,1,2,0,0,1,1,,0,25,0,0,0,0,1,4,2,1
,2018_51104,39.738321,-104.919462,7/14/2018 8:00,8:00,6,0,0,14TH AVENUE EAST & JERSEY STREET NORTH,1,2,0,0,1,1,,0,30,0,0,0,0,0,4,4,5
,2018_51105,39.738357,-104.958702,6/11/2018 15:05,15:05,3,0,0,14TH AVENUE EAST & JOSEPHINE STREET NORTH,1,1,0,0,1,1,,0,30,0,0,0,0,0,4,2,4
,2018_51106,39.738357,-104.958702,10/12/2018 16:15,16:15,3,0,2,14TH AVENUE EAST & JOSEPHINE STREET NORTH,1,1,0,0,1,1,,0,30,0,0,0,0,1,4,3,13
,2018_51107,39.738456,-105.032259,7/30/2018 17:04,17:04,1,0,0,14TH AVENUE WEST & KNOX COURT NORTH,1,1,0,0,1,1,,0,25,0,0,0,0,0,4,2,16
,2018_51108,39.738411,-104.970681,1/17/2018 9:01,9:01,15,0,0,14TH AVENUE EAST & LAFAYETTE STREET NORTH,1,1,1,0,1,1,,0,,0,0,0,0,0,4,2,13
,2018_51109,39.73833,-104.915043,2/19/2018 12:15,12:15,10,0,1,14TH AVENUE EAST & LEYDEN STREET NORTH,4,1,0,0,1,1,,0,30,0,0,0,0,1,4,2,8
,2018_51110,39.738456,-104.986143,9/10/2018 11:10,11:10,3,0,0,14TH AVENUE EAST & LINCOLN STREET NORTH,1,1,0,0,1,1,,0,,0,0,0,0,0,4,2,1
,2018_51111,39.74652,-104.993919,7/26/2018 5:40,5:40,12,0,0,16TH STREET EAST & CHAMPA STREET,2,2,0,0,1,1,,0,30,0,0,0,0,0,4,2,13
,2018_51112,39.738438,-104.9823405,11/13/2018 10:30,10:30,15,0,0,14TH AVENUE 300 BLOCK EAST & LOGAN STREET NORTH,1,1,0,0,1,4,,0,30,0,0,0,0,0,4,2,13
,2018_51113,39.738456,-105.034608,4/25/2018 21:27,21:27,3,0,0,14TH AVENUE WEST & LOWELL BOULEVARD NORTH,1,3,0,0,1,1,,0,25,0,0,0,0,0,4,2,13
,2018_51114,39.738339,-104.9461605,2/9/2018 17:15,17:15,3,0,0,14TH AVENUE EAST & MADISON STREET NORTH,8,2,0,0,1,1,,0,,0,0,0,0,0,4,3,13
,2018_51115,39.738339,-104.9461605,12/20/2018 17:20,17:20,3,0,2,14TH AVENUE EAST & MADISON STREET NORTH,1,3,0,0,1,1,,0,25,0,0,0,0,1,4,3,7
,2018_51116,39.738402,-104.97186,3/11/2018 18:59,18:59,15,0,0,14TH AVENUE EAST & MARION STREET NORTH,1,2,0,0,1,1,,0,35,0,0,0,0,0,4,2,14
,2018_51117,39.738402,-104.97186,8/4/2018 13:56,13:56,3,0,0,14TH AVENUE EAST & MARION STREET NORTH,2,1,0,0,1,1,,0,25,0,0,0,0,0,4,2,8
,2018_51118,39.748032,-105.0006915,3/12/2018 10:51,10:51,12,0,0,14TH STREET & MARKET STREET,1,1,0,0,1,1,,0,25,0,0,0,0,0,4,2,14
,2018_51119,39.748032,-105.0006915,7/1/2018 1:30,1:30,12,0,0,14TH STREET & MARKET STREET,1,3,0,0,1,1,,0,25,0,0,0,0,0,4,2,13
,2018_51120,39.738339,-104.95179,2/25/2018 12:45,12:45,3,0,0,14TH AVENUE EAST & MILWAUKEE STREET NORTH,1,1,0,0,1,1,,0,25,0,0,0,0,0,4,3,8
,2018_51121,39.738411,-104.912802,11/20/2018 19:12,19:12,15,0,0,14TH AVENUE EAST & MONACO STREET NORTH,1,3,0,0,1,1,,0,30,0,0,0,0,0,4,2,16
,2018_51122,39.738456,-105.0369885,10/11/2018 10:48,10:48,3,0,0,14TH AVENUE WEST & NEWTON STREET NORTH,1,1,0,0,1,1,,0,30,0,0,0,0,0,4,2,14
,2018_51123,39.738681,-104.91048,2/19/2018 16:41,16:41,3,0,0,14TH AVENUE EAST & NIAGARA STREET NORTH,4,1,0,2,1,1,,0,25,0,0,0,0,0,4,2,1
,2018_51124,39.73842,-104.97528,3/22/2018 10:01,10:01,3,0,0,14TH AVENUE EAST & OGDEN STREET NORTH,1,1,0,0,1,1,,0,25,0,0,0,0,0,4,2,14
,2018_51125,39.738681,-104.906952,8/4/2018 14:22,14:22,3,0,2,14TH AVENUE EAST & OLIVE STREET NORTH,1,1,0,0,1,1,,0,25,0,0,0,0,2,4,2,1
,2018_51126,39.738681,-104.906952,9/4/2018 14:22,14:22,3,0,2,14TH AVENUE EAST & OLIVE STREET NORTH,1,1,0,0,1,1,,0,25,0,0,0,0,2,4,2,1
,2018_51127,39.738672,-104.908131,5/10/2018 13:38,13:38,12,0,0,14TH AVENUE EAST & ONEIDA STREET NORTH,1,1,0,0,1,1,,0,30,0,0,0,0,0,4,2,13
,2018_51128,39.738672,-104.908131,10/9/2018 14:40,14:40,15,0,0,14TH AVENUE EAST & ONEIDA STREET NORTH,2,1,0,0,1,1,,0,30,0,0,0,0,0,4,2,14
,2018_51129,39.738438,-104.9799105,12/7/2018 19:47,19:47,3,0,1,14TH AVENUE EAST & PEARL STREET NORTH,1,4,0,0,1,1,,0,30,0,0,0,0,1,4,2,9
,2018_51130,39.738429,-104.981112,2/5/2018 20:38,20:38,12,0,0,14TH AVENUE EAST & PENNSYLVANIA STREET NORTH,1,3,0,0,1,1,,0,,0,0,0,1,0,4,2,13