id,drcog_id,latitude,longitude,crashtime,time,crashtype,numbkilled,numbinjurd,drcoglocat,rdconditin,lightngcon,roadcntgrd,weatherco,location,roaddescrp,schoolzone,constrzone,splimit,bikeinv,pedinv,sctrinv,motoinv,svrty,rdsystem,ttlvehcls,hcf
,2018_51131,39.738429,-104.981112,10/15/2018 15:18,15:18,10,0,0,14TH AVENUE EAST & PENNSYLVANIA STREET NORTH,1,1,0,0,1,1,,0,25,0,0,0,0,0,4,2,13
,2018_51132,39.738429,-104.981112,10/22/2018 19:35,19:35,15,0,0,14TH AVENUE EAST & PENNSYLVANIA STREET NORTH,1,3,0,0,1,1,,0,30,0,0,0,0,0,4,2,13
,2018_51133,39.73869,-104.90346,4/11/2018 8:30,8:30,3,0,0,14TH AVENUE EAST & QUEBEC STREET NORTH,1,1,0,0,1,1,,0,30,0,0,0,0,0,4,3,7
,2018_51134,39.73869,-104.90346,8/11/2018 4:48,4:48,3,0,0,14TH AVENUE EAST & QUEBEC STREET NORTH,1,1,0,0,1,1,,0,30,0,0,0,0,0,4,2,13
,2018_51136,39.73869,-104.9011515,4/19/2018 9:20,9:20,12,0,0,14TH AVENUE EAST & ROSLYN STREET NORTH,1,1,0,0,1,1,,0,30,0,0,0,0,0,4,2,13
,2018_51137,39.73869,-104.9011515,12/28/2018 15:15,15:15,3,0,0,14TH AVENUE EAST & ROSLYN STREET NORTH,1,1,0,0,1,1,,0,25,0,0,0,0,0,4,2,1
,2018_51138,39.738465,-104.999382,7/31/2018 10:46,10:46,3,0,0,14TH AVENUE WEST & SANTA FE DRIVE NORTH,1,1,0,0,1,1,,0,30,0,0,0,0,0,4,2,13
,2018_51139,39.738465,-104.999382,9/10/2018 17:15,17:15,12,0,0,14TH AVENUE WEST & SANTE FE DRIVE NORTH,1,1,0,0,1,4,,0,35,0,0,0,0,0,4,2,13
,2018_51140,39.738456,-104.984838,7/1/2018 13:40,13:40,12,0,0,14TH AVENUE EAST & SHERMAN STREET NORTH,1,1,0,0,1,1,,0,30,0,0,0,0,0,4,2,13
,2018_51141,39.738456,-104.9976405,2/9/2018 13:16,13:16,15,0,0,14TH AVENUE WEST & SPEER BOULEVARD NORTH,1,1,0,0,1,1,,0,25,0,0,0,0,0,4,2,16
,2018_51142,39.738456,-104.9976405,2/26/2018 13:00,13:00,15,0,0,14TH AVENUE WEST & SPEER BOULEVARD NORTH NORTHBOUND,1,1,0,0,1,1,,0,30,0,0,0,0,0,4,2,13
,2018_51143,39.738456,-104.9976405,3/23/2018 8:00,8:00,3,0,0,14TH AVENUE WEST & SPEER BOULEVARD NORTH,1,1,0,0,1,1,,0,30,0,0,0,0,0,4,2,13
,2018_51144,39.758337,-105.009291,11/27/2018 19:25,19:25,5,0,0,16TH STREET & CENTRAL STREET APPROXIMATELY,1,3,0,0,2,4,,0,25,0,0,0,0,0,4,1,5
,2018_51145,39.738456,-104.9976405,4/19/2018 11:14,11:14,15,0,0,14TH AVENUE WEST & SPEER BOULEVARD NORTH,1,1,0,0,1,4,,0,25,0,0,0,0,0,4,2,14
,2018_51146,39.738456,-104.9976405,4/24/2018 10:54,10:54,3,0,1,14TH AVENUE WEST & SPEER BOULEVARD NORTH,2,1,0,1,1,3,,0,35,0,0,0,0,1,4,2,14
,2018_51147,39.738456,-104.9976405,5/4/2018 22:05,22:05,3,0,0,14TH AVENUE WEST & SPEER BOULEVARD,1,3,0,0,1,1,,0,30,0,0,0,0,0,4,2,13
,2018_51148,39.749589,-105.0036098,5/22/2018 11:25,11:25,15,0,0,14TH STREET WEST & SPEER BOULEVARD NORTH,1,1,0,0,1,1,,0,35,0,0,0,0,0,4,2,13
,2018_51149,39.738456,-104.9976405,6/5/2018 13:11,13:11,3,0,0,14TH AVENUE WEST & SPEER BOULEVARD NORTH,1,1,0,0,1,1,,0,25,0,0,0,0,0,4,2,14
,2018_51150,39.73860021,-104.9970264,8/6/2018 6:45,6:45,12,0,0,14TH AVENUE 800 BLOCK WEST & SPEER BOULEVARD SOUTHBOUND LNS,1,3,0,0,1,4,,0,,0,0,0,0,0,4,2,13
,2018_51151,39.738456,-104.9976405,8/19/2018 16:30,16:30,3,0,1,14TH AVENUE WEST & SPEER BOULEVARD NORTH,1,1,0,0,1,1,,0,35,0,0,0,0,1,4,2,4
,2018_51152,39.738456,-104.9976405,9/8/2018 18:39,18:39,3,0,0,14TH AVENUE WEST & SPEER BOULEVARD NORTH,1,1,0,0,1,1,,0,40,0,0,0,0,0,4,2,13
,2018_51153,39.738456,-104.9976405,10/28/2018 17:23,17:23,3,0,1,14TH AVENUE WEST & SPEER BOULEVARD NORTH,1,1,0,0,1,1,,0,35,0,0,0,0,1,4,2,13
,2018_51154,39.738456,-104.9976405,12/8/2018 7:36,7:36,3,0,0,14TH AVENUE WEST & SPEER BOULEVARD,1,1,0,0,1,1,,0,30,0,0,0,0,0,4,2,13
,2018_51155,39.73869,-104.898762,2/2/2018 16:55,16:55,3,0,0,14TH AVENUE EAST & SYRACUSE STREET NORTH,1,1,0,0,1,1,,0,0,0,0,0,0,0,4,3,1
,2018_51156,39.73869,-104.898762,3/26/2018 3:55,3:55,15,0,0,14TH AVENUE EAST & SYRACUSE STREET NORTH,1,1,0,0,1,1,,0,30,0,0,0,0,0,4,2,7
,2018_51157,39.73869,-104.898762,4/9/2018 17:22,17:22,10,0,0,14TH AVENUE EAST & SYRACUSE STREET NORTH,1,1,0,0,1,1,,0,30,0,0,0,0,0,4,2,8
,2018_51158,39.73869,-104.898762,9/15/2018 13:20,13:20,10,0,0,14TH AVENUE EAST & SYRACUSE STREET NORTH,1,1,0,0,1,1,,0,30,0,0,0,0,0,4,2,1
,2018_51159,39.73869,-104.8952295,7/15/2018 20:26,20:26,3,0,2,14TH AVENUE EAST & TAMARAC STREET NORTH,2,2,0,1,1,1,,0,25,0,0,0,0,1,4,2,1
,2018_51160,39.741327,-104.9919615,3/6/2018 9:55,9:55,3,0,1,14TH STREET & TREMONT PLACE,1,1,0,0,1,1,,0,25,0,0,0,0,2,4,2,13
,2018_51161,39.73869,-104.896413,3/1/2018 17:45,17:45,3,0,1,14TH AVENUE EAST & TRENTON STREET NORTH,1,1,0,0,1,1,,0,,0,0,0,0,1,4,2,13
,2018_51162,39.73869,-104.892858,2/7/2018 13:38,13:38,15,0,0,14TH AVENUE EAST & UINTA STREET NORTH,1,1,0,0,1,3,,0,30,0,0,0,0,0,4,2,13
,2018_51163,39.73869,-104.892858,6/23/2018 22:57,22:57,3,0,0,14TH AVENUE EAST & UINTA STREET NORTH,1,3,0,0,1,1,,0,30,0,0,0,0,0,4,2,13
,2018_51164,39.738681,-104.89401,7/4/2018 11:00,11:00,3,0,0,14TH AVENUE EAST & ULSTER STREET NORTH,1,1,0,0,1,1,,0,25,0,0,0,0,0,4,2,8
,2018_51165,39.73869,-104.8905495,4/15/2018 13:00,13:00,3,0,0,14TH AVENUE EAST & VERBENA STREET NORTH,1,1,0,0,1,1,,0,30,0,0,0,0,0,4,2,3
,2018_51166,39.73869,-104.8905495,9/22/2018 23:16,23:16,3,0,0,14TH AVENUE EAST & VERBENA STREET NORTH,1,3,0,0,1,1,,0,25,0,0,0,0,0,4,2,8
,2018_51167,39.738375,-104.9622525,8/24/2018 15:14,15:14,3,0,0,14TH AVENUE EAST & VINE STREET NORTH,1,1,0,0,1,1,,0,25,0,0,0,0,0,4,3,7
,2018_51168,39.73869,-104.8893795,2/5/2018 12:45,12:45,10,0,0,14TH AVENUE EAST & WABASH STREET NORTH,1,1,0,0,1,1,,0,30,0,0,0,0,0,4,2,13
,2018_51169,39.73869,-104.8893795,6/10/2018 16:58,16:58,3,0,0,14TH AVENUE EAST & WABASH STREET NORTH,1,1,0,0,1,1,,0,25,0,0,0,0,0,4,3,8
,2018_51170,39.73869,-104.8893795,12/10/2018 11:44,11:44,10,0,0,14TH AVENUE 8400 BLOCK EAST & WABASH STREET NORTH,1,1,0,0,1,1,,0,30,0,0,0,0,0,4,2,13
,2018_51171,39.73842,-104.9787315,1/1/2018 13:41,13:41,3,0,0,14TH AVENUE EAST & WASHINGTON STREET NORTH,1,1,0,0,1,1,,0,25,0,0,0,0,0,4,2,13
,2018_51172,39.73842,-104.9787315,1/17/2018 14:07,14:07,3,0,0,14TH AVENUE EAST & WASHINGTON STREET NORTH,1,1,0,0,1,1,,0,30,0,0,0,0,0,4,3,13
,2018_51173,39.73842,-104.9787315,8/3/2018 14:20,14:20,3,0,0,14TH AVENUE EAST & WASHINGTON STREET NORTH,2,1,0,1,1,1,,0,30,0,0,0,0,0,4,3,13
,2018_51174,39.749022,-105.0024915,1/21/2018 11:01,11:01,5,0,0,14TH STREET & WAZEE STREET,4,1,1,2,2,1,,0,15,0,0,0,0,0,4,1,14
,2018_51175,39.738384,-104.965992,5/24/2018 16:51,16:51,3,0,1,14TH AVENUE EAST & WILLIAMS STREET NORTH,1,1,0,0,1,1,,0,30,0,0,0,0,1,4,2,8
,2018_51176,39.738384,-104.965992,7/3/2018 13:56,13:56,6,0,0,14TH AVENUE EAST & WILLIAMS STREET NORTH,1,1,0,0,1,4,,0,25,0,0,0,0,0,4,4,14
,2018_51177,39.738384,-104.965992,12/26/2018 16:03,16:03,10,0,0,14TH AVENUE EAST & WILLIAMS STREET NORTH,1,1,0,0,1,1,,0,30,0,0,0,0,0,4,2,13
,2018_51178,39.738699,-104.888169,4/9/2018 18:01,18:01,10,0,0,14TH AVENUE EAST & WILLOW STREET NORTH,1,1,0,0,1,1,,0,30,0,0,0,0,0,4,2,13
,2018_51179,39.738699,-104.888169,7/24/2018 3:10,3:10,3,0,0,14TH AVENUE EAST & WILLOW STREET NORTH,1,3,0,0,1,1,,0,25,0,0,0,0,0,4,2,14
,2018_51180,39.73869,-104.88582,1/3/2018 8:35,8:35,3,0,0,14TH AVENUE EAST & XENIA STREET NORTH,1,1,0,0,1,1,,0,25,0,0,0,0,0,4,2,7
,2018_51181,39.73869,-104.88582,3/21/2018 8:27,8:27,3,0,0,14TH AVENUE EAST & XENIA STREET NORTH,1,1,0,0,1,1,,0,25,0,0,0,0,0,4,2,13
,2018_51182,39.73869,-104.88582,4/4/2018 10:35,10:35,3,0,2,14TH AVENUE EAST & XENIA STREET NORTH,1,1,0,0,1,1,,0,25,0,0,0,0,2,4,2,7
,2018_51183,39.73869,-104.88582,10/23/2018 20:15,20:15,15,0,0,14TH AVENUE EAST & XENIA STREET NORTH,1,3,0,0,1,1,,0,30,0,0,0,0,0,4,2,1
,2018_51184,39.738366,-104.9598225,2/6/2018 21:50,21:50,3,0,0,14TH AVENUE EAST & YORK STREET NORTH,1,1,0,0,1,1,,0,30,0,0,0,0,0,4,2,3
,2018_51185,39.738366,-104.9598225,4/21/2018 10:01,10:01,3,0,0,14TH AVENUE EAST & YORK STREET NORTH,2,1,0,2,1,1,,0,30,0,0,0,0,0,4,2,13
,2018_51186,39.738366,-104.9598225,6/15/2018 7:47,7:47,3,0,0,14TH AVENUE EAST & YORK STREET NORTH,1,1,0,0,1,1,,0,30,0,0,0,0,0,4,2,3
,2018_51187,39.74891161,-104.9994818,2/20/2018 8:55,8:55,12,0,0,15TH STREET & 1500 BLOCK,4,1,0,0,1,4,,0,25,0,0,0,0,0,4,2,13
,2018_51188,39.74891161,-104.9994818,9/3/2018 17:24,17:24,12,0,1,15TH STREET & 1600 BLOCK,1,1,0,0,1,3,,0,30,0,0,0,0,1,4,2,12
,2018_51189,39.74891161,-104.9994818,10/30/2018 8:51,8:51,15,0,0,15TH STREET & 400 BLOCK,1,1,0,0,1,4,,0,30,0,0,0,0,0,4,2,13
,2018_51190,39.746898,-104.996871,4/8/2018 3:26,3:26,3,0,0,15TH STREET & ARAPAHOE STREET,1,3,0,0,1,1,,0,30,0,0,0,0,0,4,2,3
,2018_51191,39.749634,-105.0003405,2/19/2018 7:50,7:50,3,0,0,15TH STREET & BLAKE STREET,5,1,0,2,1,1,,0,25,0,0,0,0,0,4,2,16
,2018_51193,39.749634,-105.0003405,3/5/2018 9:45,9:45,15,0,0,15TH STREET & BLAKE STREET,1,1,0,0,1,1,,0,25,0,0,0,0,0,4,2,13
,2018_51194,39.749634,-105.0003405,3/12/2018 0:45,0:45,5,0,1,15TH STREET & BLAKE STREET,1,3,0,0,3,1,,0,30,0,0,0,0,2,4,1,5
,2018_51195,39.749634,-105.0003405,6/7/2018 22:59,22:59,5,0,0,15TH STREET & BLAKE STREET,1,3,0,0,2,1,,0,25,0,0,0,0,0,4,1,5
,2018_51196,39.749634,-105.0003405,11/3/2018 22:58,22:58,12,0,1,15TH STREET & BLAKE STREET,1,3,0,0,1,1,,0,25,0,0,0,0,1,4,2,13
,2018_51198,39.740895,-104.9889735,12/26/2018 15:20,15:20,3,0,0,15TH STREET & CLEVELAND PLACE,1,1,0,0,1,1,,0,30,0,0,0,0,0,4,2,8
,2018_51199,39.741606,-104.98995,2/13/2018 9:10,9:10,3,0,0,15TH STREET & COURT PLACE,1,1,0,0,1,1,,0,30,0,0,0,0,0,4,5,13
,2018_51200,39.741606,-104.98995,5/5/2018 15:14,15:14,15,0,0,15TH STREET & COURT PLACE,1,1,0,0,1,1,,0,25,0,0,0,0,0,4,2,14
,2018_51201,39.741606,-104.98995,7/7/2018 7:54,7:54,10,0,0,15TH STREET & COURT PLACE,1,1,0,0,1,1,,0,30,0,0,0,0,0,4,2,8
,2018_51202,39.741606,-104.98995,12/20/2018 14:18,14:18,3,0,2,15TH STREET & COURT PLACE,1,1,0,0,1,1,,0,30,0,0,0,0,1,4,2,13
,2018_51203,39.74625,-104.995971,2/22/2018 13:25,13:25,5,0,0,15TH STREET & CURTIS STREET,1,1,0,0,3,3,,0,25,0,0,0,0,0,4,1,13
,2018_51204,39.74625,-104.995971,9/3/2018 7:43,7:43,3,0,0,15TH STREET & CURTIS STREET,1,1,0,0,1,1,,0,30,0,0,0,0,0,4,2,3
,2018_51205,39.748257,-104.998662,5/16/2018 12:01,12:01,15,0,0,15TH STREET & LARIMER STREET,1,1,1,0,1,1,,0,,0,0,0,0,0,4,2,13
,2018_51206,39.748257,-104.998662,9/10/2018 21:04,21:04,12,0,0,15TH STREET & LARIMER STREET,1,3,1,0,1,1,,0,30,0,0,0,0,0,4,2,16
,2018_51207,39.748257,-104.998662,10/2/2018 20:52,20:52,3,0,0,15TH STREET & LARIMER STREET,1,3,1,0,1,1,,0,30,0,0,0,0,0,4,5,13
,2018_51208,39.747609,-104.997762,8/28/2018 18:00,18:00,6,0,0,15TH STREET & LAWRENCE STREET,1,3,0,0,1,4,,0,30,0,0,0,0,0,4,2,13
,2018_51209,39.744891,-104.99427,8/24/2018 6:03,6:03,15,0,0,15TH STREET & STOUT STREET,1,1,0,0,1,1,,0,30,0,0,0,0,0,4,2,13
,2018_51210,39.74895,-104.9995305,7/1/2018 2:11,2:11,15,0,0,15TH STREET & MARKET STREET,1,3,0,0,1,1,,0,30,0,0,0,0,0,4,2,5
,2018_51211,39.74895,-104.9995305,7/7/2018 17:55,17:55,3,0,1,15TH STREET & MARKET STREET,1,1,1,0,1,1,,0,30,0,0,0,0,1,4,2,7
,2018_51212,39.74895,-104.9995305,10/12/2018 11:59,11:59,10,0,0,15TH STREET 1300 BLOCK & MARKET STREET,1,1,0,0,1,1,,0,30,0,0,0,0,0,4,2,1
,2018_51213,39.756456,-105.009309,2/25/2018 14:40,14:40,1,0,0,15TH STREET & PLATTE STREET,1,1,0,0,1,1,,0,35,0,0,0,0,0,4,2,13
,2018_51214,39.756456,-105.009309,5/25/2018 8:34,8:34,1,0,0,15TH STREET & PLATTE STREET,1,1,0,0,1,1,,0,25,0,0,0,0,0,4,2,14
,2018_51215,39.756456,-105.009309,6/1/2018 17:00,17:00,12,0,0,15TH STREET & PLATTE STREET,1,1,0,0,1,1,,0,20,0,0,0,0,0,4,2,13
,2018_51216,39.756456,-105.009309,7/21/2018 1:08,1:08,3,0,0,15TH STREET & PLATTE STREET,1,3,0,0,1,1,,0,25,0,0,0,0,0,4,3,13
,2018_51217,39.744891,-104.99427,3/26/2018 0:00,0:00,15,0,0,15TH STREET & STOUT STREET,1,1,0,0,1,1,,0,25,0,0,0,0,0,4,2,14
,2018_51218,39.744891,-104.99427,6/17/2018 7:28,7:28,3,0,1,15TH STREET & STOUT STREET,1,1,0,0,1,1,,0,30,0,0,0,0,1,4,2,1
,2018_51219,39.751623,-105.002991,2/19/2018 19:35,19:35,1,0,0,15TH STREET & WEWATTA STREET,4,3,0,2,1,1,,0,30,0,0,0,0,0,4,2,13
,2018_51220,39.751623,-105.002991,6/2/2018 13:30,13:30,15,0,0,15TH STREET & WEWATTA STREET,1,1,0,0,1,1,,0,35,0,0,0,0,0,4,2,13
,2018_51221,39.751623,-105.002991,6/17/2018 12:28,12:28,3,0,1,15TH STREET & WEWATTA STREET,1,1,0,0,1,1,,0,30,0,0,0,0,1,4,2,8
,2018_51222,39.751623,-105.002991,3/2/2018 12:15,12:15,15,0,0,15TH STREET & WEWETTA STREET,1,1,0,0,1,1,,0,25,0,0,0,0,0,4,2,14
,2018_51223,39.750939,-105.0021,9/12/2018 13:12,13:12,15,0,0,15TH STREET & WYNKOOP STREET,1,1,0,0,1,4,,0,25,0,0,0,0,0,4,2,14
,2018_51224,39.750939,-105.0021,9/30/2018 14:50,14:50,1,0,1,15TH STREET & WYNKOOP STREET,1,1,0,0,1,1,,0,30,0,0,0,1,2,4,2,8
,2018_51225,39.750939,-105.0021,12/8/2018 21:51,21:51,15,0,0,15TH STREET & WYNKOOP STREET,1,3,0,0,1,1,,0,25,0,0,0,0,0,4,2,8
,2018_51226,39.74804739,-104.9959072,8/31/2018 12:06,12:06,12,0,0,16TH STREET & 2500 BLOCK,1,1,1,0,1,2,,0,30,0,0,0,0,0,4,2,13
,2018_51227,39.741678,-104.97618,3/7/2018 15:28,15:28,3,0,0,16TH AVENUE EAST & EMERSON AVENUE NORTH,1,1,0,0,1,1,,0,30,0,0,0,0,0,4,2,14
,2018_51228,39.741678,-104.97618,7/26/2018 11:22,11:22,3,0,1,16TH AVENUE EAST & EMERSON STREET NORTH,1,1,0,0,1,1,,0,25,0,0,0,1,1,4,2,13
,2018_51229,39.741948,-104.928669,7/19/2018 15:30,15:30,6,0,0,16TH AVENUE EAST & FAIRFAX STREET,1,1,0,0,1,4,,0,25,0,0,0,0,0,4,2,1
,2018_51230,39.741633,-104.968449,12/3/2018 7:30,7:30,3,0,1,16TH AVENUE EAST & FRANKLIN STREET NORTH,1,1,0,0,1,1,,0,25,0,0,0,0,1,4,2,13
,2018_51231,39.741588,-104.9610105,3/2/2018 11:30,11:30,3,0,0,16TH AVENUE EAST & GAYLORD STREET NORTH,1,1,0,0,1,1,,0,25,0,0,0,0,0,4,2,14
,2018_51232,39.741588,-104.9610105,3/8/2018 15:06,15:06,3,0,0,16TH AVENUE EAST & GAYLORD STREET NORTH,1,1,0,0,1,1,,0,30,0,0,0,0,0,4,2,1
,2018_51233,39.741588,-104.9610105,3/9/2018 13:00,13:00,3,0,0,16TH AVENUE EAST & GAYLORD STREET NORTH,1,1,0,0,1,1,,0,,0,0,0,0,0,4,2,13
,2018_51234,39.741651,-104.972148,3/7/2018 12:35,12:35,3,0,1,16TH AVENUE EAST & MARION STREET NORTH,1,1,0,0,1,1,,0,25,0,0,0,0,1,4,2,13
,2018_51235,39.741651,-104.972148,11/26/2018 15:45,15:45,3,0,0,16TH AVENUE EAST & MARION STREET NORTH,1,2,0,0,1,1,,0,35,0,0,0,0,0,4,2,13
,2018_51236,39.741669,-104.9747985,4/12/2018 18:03,18:03,3,0,0,16TH AVENUE EAST & OGDEN STREET NORTH,1,1,0,0,1,1,,0,25,0,0,0,0,0,4,2,3
,2018_51237,39.74166,-104.9810895,1/4/2018 13:07,13:07,3,0,1,16TH AVENUE EAST & PENNSYLVANIA STREET NORTH,1,1,0,0,1,1,,0,30,0,0,0,0,1,4,2,1
,2018_51238,39.741966,-104.89284,6/30/2018 11:55,11:55,3,0,0,16TH AVENUE EAST & UINTA STREET NORTH,1,1,0,0,1,1,,0,25,0,0,0,0,0,4,2,13
,2018_51239,39.74166,-104.9787315,4/23/2018 16:35,16:35,1,0,1,16TH AVENUE EAST & WASHINGTON STREET NORTH,1,1,0,0,1,1,,0,25,0,0,0,0,1,4,2,14
,2018_51240,39.741966,-104.885811,4/6/2018 11:57,11:57,3,0,0,16TH AVENUE EAST & XENIA STREET NORTH,2,1,0,2,1,1,,0,35,0,0,0,0,0,4,2,8
,2018_51241,39.743811,-104.9566815,1/4/2018 15:14,15:14,5,0,1,17TH AVENUE EAST & ESPLANADE NORTH,1,2,0,0,2,1,,0,30,0,0,0,0,1,4,1,14
,2018_51242,39.741606,-104.959809,10/3/2018 11:45,11:45,12,0,0,16TH AVENUE EAST & YORK STREET NORTH,1,1,0,0,1,1,,0,25,0,0,0,0,0,4,2,16
,2018_51243,39.741966,-104.885811,4/18/2018 8:30,8:30,3,0,0,16TH AVENUE EAST & ZENIA STREET NORTH,1,1,0,0,1,1,,0,25,0,0,0,0,0,4,2,7
,2018_51244,39.741939,-105.0520725,2/22/2018 15:53,15:53,3,0,2,16TH AVENUE WEST & ZENOBIA STREET NORTH,1,1,1,0,1,1,,0,,0,0,0,0,1,4,2,13
,2018_51245,39.75459159,-105.0022073,6/18/2018 9:45,9:45,15,0,0,17TH STREET & 1300 BLOCK,2,1,0,1,1,3,,0,30,0,0,0,0,0,4,2,13
,2018_51246,39.74394717,-105.0383954,9/19/2018 0:05,0:05,6,0,1,17TH AVENUE & 1800 BLOCK EAST,1,4,0,0,1,4,,0,35,0,0,0,0,1,4,2,5
,2018_51247,39.75459159,-105.0022073,8/21/2018 9:54,9:54,6,0,0,17TH STREET & 2600 BLOCK,1,1,0,0,1,4,,0,25,0,0,0,0,0,4,2,13
,2018_51248,39.743226,-104.9711187,2/16/2018 17:20,17:20,12,0,0,17TH AVENUE EAST & 2800 BLOCK,1,2,0,0,1,1,,0,30,0,0,0,0,0,4,3,7
,2018_51249,39.74394717,-105.0383954,8/10/2018 17:10,17:10,12,0,0,17TH AVENUE & 3300 BLOCK EAST,1,1,0,0,1,4,,0,30,0,0,0,0,0,4,2,1
,2018_51250,39.743226,-104.9711187,8/18/2018 20:51,20:51,6,0,0,17TH AVENUE EAST & 3600 BLOCK EAST,1,3,0,0,3,4,,0,30,0,0,0,0,0,4,3,12
,2018_51251,39.74394717,-105.0383954,8/30/2018 15:43,15:43,15,0,0,17TH AVENUE & 3900 BLOCK EAST,1,1,0,0,1,4,,0,30,0,0,0,0,0,4,2,8
,2018_51252,39.743226,-104.9711187,2/22/2018 10:05,10:05,6,0,0,17TH AVENUE EAST & 4400 BLOCK,1,1,0,0,1,4,,0,,0,0,0,0,0,4,2,13
,2018_51253,39.74394717,-105.0383954,5/24/2018 18:44,18:44,6,0,0,17TH AVENUE & 5800 BLOCK EAST,1,1,0,0,1,4,,0,35,0,0,0,0,0,4,2,13
,2018_51254,39.74368267,-104.9080657,6/13/2018 17:05,17:05,12,0,0,17TH AVENUE 6900 BLOCK EAST & 6900 BLOCK EAST,1,1,0,0,1,4,,0,30,0,0,0,0,0,4,2,7
,2018_51255,39.75459159,-105.0022073,3/1/2018 12:41,12:41,15,0,0,17TH STREET & 700 BLOCK,1,1,0,0,1,4,,0,25,0,0,0,0,0,4,2,13
,2018_51256,39.74394717,-105.0383954,4/4/2018 16:40,16:40,12,0,1,17TH AVENUE & 7100BLK EAST,1,1,0,0,1,4,,0,30,0,0,0,0,1,4,2,1
,2018_51257,39.74394717,-105.0383954,9/21/2018 15:06,15:06,12,0,0,17TH AVENUE & 7600 BLOCK EAST,1,1,0,0,1,4,,0,30,0,0,0,0,0,4,2,1
,2018_51258,39.74394717,-105.0383954,9/12/2018 8:49,8:49,12,0,0,17TH AVENUE & 800 BLOCK EAST,1,1,0,0,1,2,,0,35,0,0,0,1,0,4,2,13
,2018_51259,39.743793,-104.9488425,3/12/2018 15:57,15:57,12,0,0,17TH AVENUE EAST & ADAMS STREET NORTH,1,1,1,0,1,4,,0,30,0,0,0,0,0,4,2,3
,2018_51260,39.743397,-104.9389335,5/8/2018 8:45,8:45,12,0,0,17TH AVENUE EAST & ALBION STREET NORTH,1,1,0,0,1,1,,0,35,0,0,0,0,0,4,2,3
,2018_51261,39.743397,-104.9389335,12/29/2018 8:36,8:36,5,0,0,17TH AVENUE EAST & ALBION STREET NORTH,1,1,0,0,2,4,,0,30,0,0,0,0,0,4,1,2
,2018_51262,39.748797,-104.994459,1/25/2018 10:53,10:53,15,0,0,17TH STREET & ARAPAHOE STREET,1,1,0,0,1,3,,0,,0,0,0,0,0,4,2,13
,2018_51263,39.748797,-104.994459,5/31/2018 13:45,13:45,3,0,2,17TH STREET & ARAPAHOE STREET,1,1,0,0,1,3,,0,30,0,0,0,0,1,4,2,13
,2018_51264,39.748797,-104.994459,6/24/2018 2:42,2:42,3,0,0,17TH STREET & ARAPAHOE STREET,1,3,0,0,1,1,,0,30,0,0,0,0,0,4,2,14
,2018_51265,39.748797,-104.994459,9/30/2018 10:00,10:00,3,0,0,17TH STREET & ARAPAHOE STREET,1,1,0,0,1,1,,0,30,0,0,0,0,0,4,2,13
,2018_51266,39.748797,-104.994459,10/15/2018 6:10,6:10,3,0,1,17TH STREET & ARAPAHOE STREET,1,3,0,0,1,1,,0,30,0,0,0,0,1,4,2,13
,2018_51267,39.743388,-104.93721,10/18/2018 15:48,15:48,3,0,0,17TH AVENUE EAST & BELLAIRE STREET NORTH,1,1,0,0,1,1,,0,25,0,0,0,0,0,4,2,1
,2018_51268,39.751461,-104.99796,4/27/2018 9:22,9:22,12,0,0,17TH STREET & BLAKE STREET,1,1,0,0,1,1,,0,25,0,0,0,0,0,4,3,14
,2018_51269,39.751461,-104.99796,7/26/2018 9:10,9:10,6,0,0,17TH STREET EAST & BLAKE STREET,1,1,0,0,1,1,,0,30,0,0,0,0,0,4,2,13
,2018_51270,39.751461,-104.99796,9/19/2018 12:20,12:20,15,0,0,17TH STREET & BLAKE STREET,1,1,0,0,1,1,,0,25,0,0,0,0,0,4,2,14
,2018_51271,39.743397,-104.9873895,5/6/2018 12:55,12:55,15,0,0,17TH AVENUE EAST & BROADWAY NORTH,1,1,0,0,1,1,,0,30,0,0,0,0,0,4,2,16
,2018_51272,39.743397,-104.9873895,10/26/2018 12:12,12:12,15,0,0,17TH AVENUE EAST & BROADWAY STREET NORTH,1,1,0,0,1,1,,0,30,0,0,0,0,0,4,2,14
,2018_51273,39.743271,-104.9775525,7/15/2018 15:35,15:35,3,0,1,17TH AVENUE EAST & CLARKSON STREET NORTH,2,1,0,1,1,1,,0,30,0,0,0,0,1,4,2,13
,2018_51274,39.743271,-104.9775525,9/6/2018 15:22,15:22,3,0,1,17TH AVENUE EAST & CLARKSON STREET NORTH,1,1,0,0,1,1,,0,30,0,0,0,0,2,4,2,8
,2018_51275,39.743793,-104.947659,1/21/2018 21:57,21:57,3,0,1,17TH AVENUE EAST & COOK STREET NORTH,5,3,1,0,1,1,,0,25,0,0,0,0,1,4,2,13
,2018_51276,39.748131,-104.9935905,3/21/2018 6:10,6:10,5,0,0,17TH STREET & CURTIS STREET,1,1,0,0,1,1,,0,30,0,0,0,0,0,4,1,13
,2018_51277,39.748131,-104.9935905,12/12/2018 13:20,13:20,15,0,0,17TH STREET & CURTIS STREET,1,1,0,0,1,1,,0,,0,0,0,0,0,4,2,8