id,drcog_id,latitude,longitude,crashtime,time,crashtype,numbkilled,numbinjurd,drcoglocat,rdconditin,lightngcon,roadcntgrd,weatherco,location,roaddescrp,schoolzone,constrzone,splimit,bikeinv,pedinv,sctrinv,motoinv,svrty,rdsystem,ttlvehcls,hcf
,2018_51421,39.744855,-104.9873895,10/25/2018 11:41,11:41,3,0,0,18TH AVENUE EAST & BROADWAY STREET NORTH,1,1,0,0,1,1,,0,30,0,0,0,0,0,4,2,13
,2018_51422,39.745053,-104.9873895,11/14/2018 17:23,17:23,15,0,0,18TH STREET & BROADWAY NORTH,1,3,1,0,1,1,,0,30,0,0,0,0,0,4,2,8
,2018_51423,39.744855,-104.9873895,11/16/2018 15:15,15:15,15,0,0,18TH AVENUE EAST & BROADWAY NORTH,1,1,0,0,1,1,,0,30,0,0,0,0,0,4,2,8
,2018_51424,39.745053,-104.9873895,11/30/2018 13:32,13:32,15,0,0,18TH STREET & BROADWAY NORTH,1,1,0,0,1,1,,0,30,0,0,0,0,0,4,2,13
,2018_51425,39.747024,-104.989761,4/19/2018 16:53,16:53,15,0,0,18TH STREET & CALIFORNIA STREET,1,1,0,0,1,1,,0,25,0,0,0,0,0,4,2,13
,2018_51426,39.744828,-104.9775615,1/21/2018 16:07,16:07,3,0,0,18TH AVENUE EAST & CLARKSON STREET NORTH,4,2,0,2,1,1,,0,30,0,0,0,0,0,4,2,3
,2018_51427,39.744828,-104.9775615,6/1/2018 7:04,7:04,3,0,0,18TH AVENUE EAST & CLARKSON STREET NORTH,1,1,0,0,1,1,,0,30,0,0,0,0,0,4,3,13
,2018_51428,39.744819,-104.972139,5/18/2018 10:45,10:45,15,0,0,18TH AVENUE EAST & MARION STREET NORTH,1,1,0,0,1,1,,0,30,0,0,0,0,0,4,2,14
,2018_51429,39.744828,-104.9711692,3/19/2018 15:19,15:19,12,0,0,18TH AVENUE EAST & DOWINIG STREET NORTH,1,1,0,0,1,1,,0,25,0,0,0,0,0,4,2,1
,2018_51430,39.744846,-104.973399,3/24/2018 3:49,3:49,3,0,0,18TH AVENUE EAST & DOWNING STREET NORTH,1,3,0,0,1,1,,0,30,0,0,0,0,0,4,2,2
,2018_51431,39.744846,-104.973399,5/10/2018 14:49,14:49,12,0,0,18TH AVENUE EAST & DOWNING STREET NORTH,1,1,0,0,1,1,,0,25,0,0,0,0,0,4,2,14
,2018_51432,39.748185,-104.98644,2/20/2018 7:53,7:53,3,0,0,20TH STREET & WELTON STREET,4,1,1,0,1,1,,0,,0,0,0,0,0,4,2,13
,2018_51433,39.744846,-104.973399,9/19/2018 23:35,23:35,3,0,0,18TH AVENUE EAST & DOWNING STREET NORTH,1,3,0,0,1,1,,0,30,0,0,0,0,0,4,2,4
,2018_51434,39.744837,-104.976171,7/23/2018 9:30,9:30,10,0,1,18TH AVENUE EAST & EMERSON STREET NORTH,1,1,0,0,1,1,,0,30,0,0,0,1,1,4,2,8
,2018_51435,39.744828,-104.968422,6/29/2018 8:41,8:41,15,0,0,18TH AVENUE EAST & FRANKLIN STREET NORTH,1,1,0,0,1,1,,0,25,0,0,0,0,0,4,2,14
,2018_51436,39.744819,-104.9610015,2/16/2018 15:15,15:15,10,0,1,18TH AVENUE EAST & GAYLORD STREET NORTH,1,1,0,0,1,1,,0,35,0,0,0,0,1,4,2,13
,2018_51437,39.744819,-104.9610015,7/13/2018 8:30,8:30,12,0,0,18TH AVENUE EAST & GAYLORD STREET NORTH,1,1,0,0,1,1,,0,30,0,0,0,0,0,4,2,14
,2018_51438,39.744828,-104.9672205,1/12/2018 8:54,8:54,15,0,1,18TH AVENUE EAST & GILPIN STREET NORTH,1,1,1,0,1,1,,0,30,0,0,0,0,1,4,2,13
,2018_51439,39.744828,-104.9672205,11/7/2018 13:47,13:47,3,0,0,18TH AVENUE EAST & GILPIN STREET NORTH,1,1,0,0,1,1,,0,35,0,0,0,0,0,4,2,16
,2018_51440,39.74481,-104.983569,6/1/2018 18:51,18:51,12,0,0,18TH AVENUE EAST & GRANT STREET NORTH,1,1,0,0,1,1,,0,30,0,0,0,0,0,4,2,1
,2018_51441,39.74481,-104.983569,7/1/2018 20:42,20:42,10,0,1,18TH AVENUE EAST & GRANT STREET NORTH,1,3,0,0,1,1,,0,30,0,0,0,1,2,4,2,13
,2018_51442,39.74481,-104.983569,7/17/2018 14:20,14:20,10,0,0,18TH AVENUE EAST & GRANT STREET NORTH,1,1,0,0,1,1,,0,30,0,0,0,0,0,4,2,8
,2018_51443,39.744837,-104.964759,1/29/2018 0:51,0:51,10,0,0,18TH AVENUE EAST & HIGH STREET NORTH,1,3,0,0,1,1,,0,30,0,0,0,0,0,4,2,5
,2018_51444,39.71833604,-104.9763196,1/1/2018 5:30,5:30,6,0,0,FIRST AVENUE & 2726 WEST,1,3,0,0,1,4,,0,25,0,0,0,0,0,4,2,1
,2018_51445,39.744828,-104.9696505,6/17/2018 12:00,12:00,15,0,0,18TH AVENUE 1700 BLOCK EAST & HUMBOLDT STREET NORTH,1,1,0,0,1,4,,0,30,0,0,0,0,0,4,2,13
,2018_51446,39.744828,-104.9696505,10/25/2018 16:16,16:16,3,0,1,18TH AVENUE EAST & HUMBOLDT STREET NORTH,1,1,0,0,1,1,,0,30,0,0,0,0,1,4,2,8
,2018_51447,39.745134,-105.02991,4/6/2018 11:45,11:45,3,0,0,18TH AVENUE WEST & IRVING STREET NORTH,2,1,1,2,1,1,,0,30,0,0,0,0,0,4,2,13
,2018_51448,39.744828,-104.9708925,12/13/2018 2:25,2:25,3,0,1,18TH AVENUE EAST & LAFAYETTE STREET NORTH,1,3,0,0,1,1,,0,35,0,0,0,0,1,4,2,5
,2018_51449,39.750381,-104.9941305,2/23/2018 13:05,13:05,3,0,3,18TH STREET & LAWRENCE STREET,2,1,0,0,1,1,,0,25,0,0,0,0,1,4,2,13
,2018_51450,39.750381,-104.9941305,4/11/2018 20:20,20:20,3,0,5,18TH STREET & LAWRENCE STREET,1,3,0,0,1,1,,0,30,0,0,0,0,2,4,2,8
,2018_51451,39.74481,-104.9861205,3/15/2018 21:30,21:30,3,0,0,18TH AVENUE EAST & LINCOLN STREET NORTH,2,3,0,1,1,1,,0,25,0,0,0,0,0,4,2,13
,2018_51452,39.74481,-104.9861205,4/28/2018 9:59,9:59,15,0,0,18TH AVENUE EAST & LINCOLN STREET NORTH,1,1,0,0,1,1,,0,30,0,0,0,0,0,4,2,7
,2018_51453,39.74481,-104.9861205,5/28/2018 19:29,19:29,3,0,0,18TH AVENUE EAST & LINCOLN STREET NORTH,1,2,1,0,1,1,,0,30,0,0,0,0,0,4,2,16
,2018_51454,39.74481,-104.9861205,6/6/2018 23:12,23:12,3,0,1,18TH AVENUE EAST & LINCOLN STREET NORTH,1,3,0,0,1,1,,0,30,0,0,0,0,1,4,4,8
,2018_51455,39.74481,-104.9861205,6/23/2018 12:55,12:55,3,0,0,18TH AVENUE & LINCOLN STREET NORTH,1,1,1,0,1,1,,0,30,0,0,0,0,0,4,2,14
,2018_51456,39.750381,-104.9941305,5/8/2018 14:58,14:58,2,0,1,18TH STREET & LAWRENCE STREET,1,1,0,0,1,1,,0,30,1,0,0,0,2,4,2,13
,2018_51457,39.74481,-104.9861205,6/30/2018 22:22,22:22,3,0,0,18TH AVENUE & LINCOLN STREET,1,3,0,0,1,1,,0,35,0,0,0,0,0,4,2,5
,2018_51458,39.74481,-104.9861205,7/10/2018 16:32,16:32,3,0,1,18TH AVENUE EAST & LINCOLN STREET NORTH,1,1,0,0,1,1,,0,30,0,0,0,0,2,4,2,3
,2018_51459,39.74481,-104.9861205,7/17/2018 12:03,12:03,3,0,0,18TH AVENUE EAST & LINCOLN STREET NORTH,1,1,0,0,1,1,,0,30,0,0,0,0,0,4,2,14
,2018_51460,39.74481,-104.9861205,7/20/2018 11:58,11:58,3,0,1,18TH AVENUE EAST & LINCOLN STREET NORTH,1,1,1,0,1,1,,0,25,0,0,0,0,1,4,3,13
,2018_51461,39.74481,-104.9861205,7/23/2018 11:50,11:50,3,0,1,18TH AVENUE EAST & LINCOLN STREET NORTH,1,1,1,0,1,1,,0,30,0,0,0,0,1,4,2,13
,2018_51462,39.74481,-104.9861205,7/24/2018 16:20,16:20,1,0,0,18TH AVENUE EAST & LINCOLN STREET NORTH,1,1,1,0,1,1,,0,30,0,0,0,0,0,4,2,13
,2018_51463,39.74481,-104.9861205,8/26/2018 16:00,16:00,3,0,0,18TH AVENUE EAST & LINCOLN STREET NORTH,1,1,1,0,1,1,,0,35,0,0,0,0,0,4,2,14
,2018_51464,39.74481,-104.9861205,9/8/2018 20:20,20:20,3,0,0,18TH AVENUE EAST & LINCOLN AVENUE NORTH,1,3,0,0,1,1,,0,30,0,0,0,0,0,4,2,3
,2018_51465,39.74481,-104.9861205,9/27/2018 7:01,7:01,3,0,0,18TH AVENUE EAST & LINCOLN STREET NORTH,1,1,0,0,1,1,,0,30,0,0,0,0,0,4,2,13
,2018_51466,39.74481,-104.9861205,10/29/2018 11:35,11:35,3,0,0,18TH AVENUE EAST & LINCOLN STREET NORTH,1,1,1,0,1,1,,0,30,0,0,0,0,0,4,2,13
,2018_51467,39.74481,-104.9861205,11/25/2018 2:20,2:20,3,0,0,18TH AVENUE & LINCOLN STREET NORTH,5,3,0,2,1,1,,0,30,0,0,0,0,0,4,2,13
,2018_51468,39.74481,-104.9861205,11/25/2018 4:46,4:46,3,0,0,18TH AVENUE EAST & LINCOLN STREET NORTH,5,3,0,2,1,1,,0,30,0,0,0,0,0,4,2,13
,2018_51469,39.744819,-104.982372,9/15/2018 17:15,17:15,3,0,0,18TH AVENUE EAST & LOGAN STREET NORTH,1,1,0,0,1,1,,0,30,0,0,0,0,0,4,2,13
,2018_51470,39.744819,-104.982372,11/30/2018 12:19,12:19,3,0,0,18TH AVENUE EAST & LOGAN STREET NORTH,1,1,0,0,1,1,,0,25,0,0,0,0,0,4,2,13
,2018_51471,39.71833604,-104.9763196,3/22/2018 14:00,14:00,6,0,0,FIRST AVENUE & 2760 WEST,1,1,0,0,1,4,,0,,0,0,0,0,0,4,2,13
,2018_51472,39.744819,-104.9634585,6/17/2018 22:24,22:24,3,0,1,18TH AVENUE EAST & RACE STREET NORTH,2,3,0,0,1,1,,0,35,0,0,0,0,1,4,2,5
,2018_51473,39.74481,-104.9848695,9/28/2018 12:44,12:44,15,0,0,18TH AVENUE EAST & SHERMAN STREET NORTH,1,1,0,0,1,1,,0,25,0,0,0,0,0,4,2,14
,2018_51474,39.747708,-104.9906115,12/6/2018 7:01,7:01,3,0,2,18TH STREET & STOUT STREET,1,1,0,0,1,1,,0,30,0,0,0,0,2,4,2,13
,2018_51475,39.744828,-104.9622435,4/1/2018 14:45,14:45,3,0,0,18TH AVENUE EAST & VINE STREET NORTH,1,1,0,0,1,1,,0,25,0,0,0,0,0,4,2,16
,2018_51476,39.744828,-104.9622435,12/10/2018 8:17,8:17,15,0,0,18TH AVENUE 2100 BLOCK EAST & VINE STREET NORTH,1,1,0,0,1,4,,0,30,0,0,0,0,0,4,2,7
,2018_51477,39.753099,-104.9976225,6/22/2018 18:18,18:18,6,0,0,18TH STREET & WAZEE STREET,1,1,0,0,1,1,,0,25,0,0,0,0,0,4,2,13
,2018_51478,39.753099,-104.9976225,7/30/2018 14:30,14:30,6,0,0,18TH STREET & WAZEE STREET,1,1,0,0,1,4,,0,25,0,0,0,0,0,4,2,13
,2018_51479,39.746367,-104.988861,4/5/2018 17:45,17:45,12,0,0,18TH STREET & WELTON STREET,1,1,0,0,1,1,,0,30,0,0,0,0,0,4,2,8
,2018_51480,39.746367,-104.988861,7/4/2018 11:16,11:16,3,0,0,18TH STREET & WELTON STREET,1,1,0,0,1,1,,0,30,0,0,0,0,0,4,2,13
,2018_51481,39.744819,-104.965992,6/16/2018 14:09,14:09,10,0,1,18TH AVENUE EAST & WILLIAMS STREET,1,1,0,0,1,1,,0,30,0,0,0,0,2,4,2,13
,2018_51482,39.753783,-104.998509,2/13/2018 11:17,11:17,12,0,0,18TH STREET & WYNKOOP STREET,1,1,0,0,1,1,,0,25,0,0,0,0,0,4,2,13
,2018_51483,39.744783,-104.9598225,4/24/2018 22:05,22:05,3,0,2,18TH AVENUE EAST & YORK STREET NORTH,2,3,0,0,1,1,,0,30,0,0,0,0,1,4,2,13
,2018_51484,39.744783,-104.9598225,4/26/2018 6:46,6:46,3,0,0,18TH AVENUE EAST & YORK STREET NORTH,1,1,0,0,1,1,,0,35,0,0,0,0,0,4,2,13
,2018_51485,39.744783,-104.9598225,6/17/2018 22:41,22:41,5,0,0,18TH AVENUE EAST & YORK STREET NORTH,2,3,0,1,3,1,,0,,0,0,0,0,0,4,2,13
,2018_51486,39.744783,-104.9598225,9/18/2018 12:37,12:37,3,0,0,18TH AVENUE EAST & YORK STREET NORTH,1,1,0,0,1,1,,0,30,0,0,0,0,0,4,2,3
,2018_51487,39.744783,-104.9598225,10/15/2018 9:30,9:30,3,0,0,18TH AVENUE EAST & YORK STREET NORTH,1,1,0,0,1,1,,0,30,0,0,0,0,0,4,2,13
,2018_51488,39.75784589,-105.0013491,4/16/2018 8:50,8:50,3,0,0,19TH STREET & 1600 BLOCK,1,1,0,0,1,2,,0,30,0,0,0,0,0,4,2,13
,2018_51489,39.74597981,-104.9659156,2/20/2018 14:15,14:15,12,0,0,19TH AVENUE 1800 BLOCK EAST & 19TH AVENUE 1800 BLOCK EAST,2,1,0,0,1,2,,0,10,0,0,0,0,0,4,2,13
,2018_51490,39.74636222,-105.030275,10/29/2018 9:31,9:31,15,0,1,19TH AVENUE & 300 BLOCK EAST,1,1,0,0,1,4,,0,25,0,0,0,1,1,4,3,13
,2018_51491,39.75066,-104.991984,6/7/2018 19:49,19:49,3,0,2,19TH STREET & ARAPAHOE STREET,1,1,0,0,1,1,,0,25,0,0,0,0,2,4,3,8
,2018_51492,39.75066,-104.991984,7/9/2018 17:12,17:12,3,0,0,19TH STREET & ARAPAHOE STREET,1,1,0,0,1,1,,0,30,0,0,0,0,0,4,2,3
,2018_51493,39.753333,-104.995521,1/10/2018 8:18,8:18,12,0,0,19TH STREET & BLAKE STREET,1,1,0,0,1,1,,0,35,0,0,0,0,0,4,2,13
,2018_51494,39.753333,-104.995521,12/27/2018 22:55,22:55,15,0,0,19TH STREET & BLAKE STREET,1,3,0,0,1,1,,0,25,0,0,0,0,0,4,2,13
,2018_51495,39.746169,-104.9873805,2/2/2018 20:05,20:05,10,0,0,19TH AVENUE EAST & BROADWAY STREET NORTH,1,3,0,0,1,1,,0,35,0,0,0,0,0,4,2,13
,2018_51496,39.746169,-104.9873805,7/11/2018 11:53,11:53,1,0,0,19TH AVENUE EAST & BROADWAY NORTH,1,1,0,0,1,1,,0,30,0,0,0,0,0,4,2,7
,2018_51497,39.746169,-104.9873805,9/20/2018 10:48,10:48,3,0,0,19TH AVENUE EAST & BROADWAY STREET NORTH,1,1,0,0,1,1,,0,30,0,0,0,0,0,4,2,14
,2018_51498,39.760722,-105.00633,12/20/2018 19:37,19:37,1,0,0,19TH STREET & CENTRAL STREET,1,3,0,0,1,1,,0,25,0,0,0,0,0,4,2,8
,2018_51500,39.746178,-104.9775795,4/16/2018 12:15,12:15,3,0,0,19TH AVENUE EAST & CLARKSON STREET NORTH,1,1,0,0,1,1,,0,30,0,0,0,0,0,4,2,13
,2018_51501,39.746178,-104.9775795,12/27/2018 19:47,19:47,3,0,1,19TH AVENUE EAST & CLARKSON STREET NORTH,1,3,0,0,1,1,,0,30,0,0,0,0,1,4,2,13
,2018_51502,39.746106,-104.935473,7/13/2018 8:15,8:15,3,0,0,19TH AVENUE EAST & CLERMONT STREET NORTH,1,1,0,0,1,1,,0,25,0,0,0,0,0,4,2,13
,2018_51503,39.745944,-104.973381,7/31/2018 10:03,10:03,3,0,0,19TH AVENUE EAST & DOWNING STREET NORTH,1,1,0,0,1,1,,0,25,0,0,0,0,0,4,2,13
,2018_51504,39.746169,-104.976162,12/28/2018 12:01,12:01,3,0,0,19TH AVENUE EAST & EMERSON STREET NORTH,1,1,0,0,1,1,,0,25,0,0,0,0,0,4,2,14
,2018_51505,39.751344,-104.9929605,1/25/2018 13:50,13:50,10,0,0,19TH STREET & LAWRENCE STREET,1,1,0,0,1,1,,0,30,0,0,0,0,0,4,2,8
,2018_51506,39.753999,-104.984289,9/17/2018 16:04,16:04,1,0,0,24TH STREET & CHAMPA STREET,1,1,0,0,1,1,,0,,0,0,0,0,0,4,2,13
,2018_51507,39.746187,-104.9861025,6/21/2018 14:10,14:10,1,0,0,19TH AVENUE EAST & LINCOLN STREET NORTH,1,1,1,0,1,1,,0,30,0,0,0,0,0,4,2,13
,2018_51508,39.746187,-104.982318,7/31/2018 9:21,9:21,15,0,0,19TH AVENUE EAST & LOGAN STREET NORTH,1,1,0,0,1,4,,0,25,0,0,0,0,0,4,2,1
,2018_51509,39.752676,-104.9946705,3/31/2018 14:42,14:42,3,0,0,19TH STREET & MARKET STREET,1,1,0,0,1,1,,0,30,0,0,0,0,0,4,2,7
,2018_51510,39.746196,-104.98482,6/18/2018 14:02,14:02,3,0,1,19TH AVENUE EAST & SHERMAN STREET NORTH,1,1,1,0,1,1,,0,35,0,0,0,0,2,4,2,8
,2018_51511,39.748653,-104.989419,2/9/2018 17:50,17:50,15,0,0,19TH STREET & STOUT STREET,2,3,0,0,1,1,,0,30,0,0,0,0,0,4,2,13
,2018_51512,39.748653,-104.989419,8/14/2018 8:45,8:45,3,0,0,19TH STREET & STOUT STREET,1,1,0,0,1,1,,0,25,0,0,0,0,0,4,2,13
,2018_51513,39.754008,-104.996412,9/24/2018 18:16,18:16,15,0,0,19TH STREET & WAZEE STREET,1,2,0,0,1,1,,0,25,0,0,0,0,0,4,2,13
,2018_51514,39.754008,-104.996412,10/2/2018 8:05,8:05,15,0,0,19TH STREET & WAZEE STREET,1,1,0,0,1,1,,0,25,0,0,0,0,0,4,2,13
,2018_51515,39.71833604,-104.9763196,10/3/2018 8:25,8:25,3,0,0,FIRST AVENUE & 5100 BLOCK WEST,1,1,0,0,1,1,,0,30,0,0,0,0,0,4,2,3
,2018_51516,39.718341,-104.987502,6/18/2018 10:34,10:34,15,0,0,FIRST AVENUE WEST & BROADWAY STREET NORTH,1,1,0,0,1,1,,0,25,0,0,0,0,0,4,2,15
,2018_51517,39.718341,-104.987502,9/8/2018 0:25,0:25,15,0,0,FIRST AVENUE WEST & BROADWAY STREET NORTH,1,3,0,0,1,1,,0,35,0,0,0,0,0,4,2,13
,2018_51518,39.718377,-104.9921325,5/31/2018 13:10,13:10,3,0,0,FIRST AVENUE WEST & CHEROKEE STREET NORTH,1,1,0,0,1,1,,0,25,0,0,0,0,0,4,2,3
,2018_51519,39.718197,-104.955831,2/23/2018 10:06,10:06,15,0,0,FIRST AVENUE EAST & CLAYTON STREET NORTH,2,1,0,0,1,4,,0,35,0,0,0,0,0,4,2,13
,2018_51520,39.718197,-104.955831,6/5/2018 15:20,15:20,1,0,0,FIRST AVENUE EAST & CLAYTON LANE NORTH,1,1,0,0,1,1,,0,25,0,0,0,0,0,4,2,8
,2018_51521,39.718197,-104.955831,6/19/2018 7:50,7:50,1,0,0,FIRST AVENUE EAST & CLAYTON LANE NORTH,1,1,0,0,1,1,,0,30,0,0,0,0,0,4,2,13
,2018_51522,39.718197,-104.955831,10/24/2018 16:20,16:20,12,0,0,FIRST AVENUE EAST & CLAYTON LANE NORTH,1,1,0,0,1,1,,0,30,0,0,0,0,0,4,2,3
,2018_51523,39.718197,-104.955831,10/24/2018 18:30,18:30,1,0,0,FIRST AVENUE EAST & CLAYTON STREET NORTH,1,3,0,0,1,1,,0,35,0,0,0,0,0,4,2,13
,2018_51524,39.717819,-104.947371,6/11/2018 8:27,8:27,3,0,0,FIRST AVENUE EAST & COOK STREET NORTH,1,1,0,0,1,1,,0,30,0,0,0,0,0,4,2,13
,2018_51525,39.717819,-104.947371,10/2/2018 10:20,10:20,1,0,0,FIRST AVENUE EAST & COOK STREET NORTH,1,1,0,0,1,1,,0,30,0,0,0,0,0,4,2,7
,2018_51526,39.718026,-104.9546205,1/18/2018 8:54,8:54,12,0,0,FIRST AVENUE EAST & DETROIT STREET NORTH,1,1,0,0,1,3,,0,30,0,0,0,0,0,4,2,13
,2018_51527,39.718026,-104.9546205,2/23/2018 19:03,19:03,1,0,1,FIRST AVENUE EAST & DETROIT STREET NORTH,1,3,0,2,1,1,,0,30,0,0,0,0,1,4,2,8
,2018_51528,39.718026,-104.9546205,6/2/2018 11:40,11:40,12,0,0,FIRST AVENUE EAST & DETROIT STREET NORTH,1,1,0,0,1,4,,0,30,0,0,0,0,0,4,3,13
,2018_51529,39.718026,-104.9546205,6/8/2018 12:27,12:27,12,0,0,FIRST AVENUE EAST & DETROIT STREET NORTH,1,1,0,0,1,4,,0,30,0,0,0,0,0,4,2,3
,2018_51530,39.718026,-104.9546205,6/19/2018 17:00,17:00,12,0,0,FIRST AVENUE EAST & DETROIT STREET NORTH,1,1,0,0,1,1,,0,25,0,0,0,0,0,4,2,16
,2018_51531,39.718026,-104.9546205,8/4/2018 2:32,2:32,12,0,1,FIRST AVENUE EAST & DETROIT STREET NORTH,1,3,0,0,1,1,,0,40,0,0,0,0,2,4,3,3
,2018_51532,39.718026,-104.9546205,10/4/2018 9:32,9:32,12,0,0,FIRST AVENUE EAST & DETROIT STREET NORTH,1,1,0,0,1,1,,0,30,0,0,0,0,0,4,2,3
,2018_51533,39.718026,-104.9546205,10/23/2018 15:40,15:40,12,0,0,FIRST AVENUE EAST & DETROIT STREET NORTH,1,1,0,0,1,1,,0,25,0,0,0,0,0,4,3,2
,2018_51534,39.718728,-104.9732775,4/3/2018 12:14,12:14,3,0,0,FIRST AVENUE EAST & DOWNING STREET NORTH,1,1,0,0,1,1,,0,35,0,0,0,0,0,4,2,13
,2018_51535,39.718728,-104.9732775,4/28/2018 23:49,23:49,10,0,0,FIRST AVENUE EAST & DOWNING STREET NORTH,1,3,0,0,1,1,,0,30,0,0,0,0,0,4,2,7
,2018_51536,39.718206,-104.9535495,1/4/2018 12:38,12:38,12,0,0,FIRST AVENUE EAST & FILLMORE STREET NORTH,1,1,0,0,1,3,,0,30,0,0,0,0,0,4,2,13
,2018_51537,39.718206,-104.9535495,7/10/2018 15:30,15:30,15,0,0,FIRST AVENUE EAST & FILMORE STREET NORTH,1,1,0,0,1,1,,0,30,0,0,0,0,0,4,2,16
,2018_51538,39.718341,-104.9667795,7/6/2018 23:39,23:39,5,0,0,FIRST AVENUE EAST & GILPIN STREET NORTH,1,3,0,0,3,1,,0,30,0,0,0,0,0,4,1,5
,2018_51539,39.71781,-104.941341,10/28/2018 13:41,13:41,3,0,0,FIRST AVENUE EAST & HARRISON STREET,1,1,0,0,1,1,,0,25,0,0,0,0,0,4,2,3
,2018_51540,39.718341,-104.9654205,1/11/2018 17:25,17:25,12,0,0,FIRST AVENUE EAST & HIGH STREET NORTH,1,1,0,0,1,1,,0,35,0,0,0,0,0,4,2,16
,2018_51541,39.718341,-104.9654205,1/16/2018 13:55,13:55,12,0,2,FIRST AVENUE EAST & HIGH STREET NORTH,1,1,0,0,1,1,,0,30,0,0,0,0,1,4,3,13
,2018_51542,39.718341,-104.9654205,11/13/2018 8:30,8:30,12,0,0,FIRST AVENUE EAST & HIGH STREET NORTH,1,1,0,0,1,1,,0,25,0,0,0,0,0,4,2,13
,2018_51543,39.717846,-104.922243,1/3/2018 22:27,22:27,3,0,0,FIRST AVENUE EAST & HOLLY STREET NORTH,1,3,0,0,1,1,,0,25,0,0,0,0,0,4,2,3
,2018_51544,39.718161,-105.030009,8/21/2018 17:05,17:05,3,0,0,FIRST AVENUE WEST & IRVING STREET NORTH,2,1,0,0,1,1,,0,30,0,0,0,0,0,4,2,13
,2018_51545,39.718386,-105.000192,3/28/2018 14:58,14:58,3,0,0,FIRST AVENUE WEST & KALAMATH STREET NORTH,1,1,0,0,1,1,,0,35,0,0,0,0,0,4,2,13
,2018_51546,39.718386,-105.000192,5/23/2018 16:56,16:56,12,0,1,FIRST AVENUE WEST & KALAMATH STREET NORTH,1,1,0,0,1,1,,0,30,0,0,0,0,2,4,2,16
,2018_51547,39.718143,-105.033699,6/2/2018 21:26,21:26,3,0,1,FIRST AVENUE WEST & KING STREET NORTH,1,3,0,0,1,1,,0,25,0,0,0,0,1,4,2,13
,2018_51548,39.718161,-105.0324795,5/4/2018 15:40,15:40,12,0,0,FIRST AVENUE WEST & KNOX COURT NORTH,1,1,0,0,1,4,,0,25,0,0,0,0,0,4,2,13
,2018_51549,39.718161,-105.0324795,8/2/2018 17:35,17:35,3,0,0,FIRST AVENUE WEST & KNOX COURT NORTH,1,1,0,0,1,1,,0,30,0,0,0,0,0,4,2,14
,2018_51550,39.718161,-105.0324795,9/23/2018 19:39,19:39,1,0,1,FIRST AVENUE WEST & KNOX COURT NORTH,1,3,0,0,1,1,,0,35,0,0,0,0,2,4,2,13
,2018_51551,39.718359,-104.986269,2/1/2018 20:00,20:00,3,0,0,FIRST AVENUE EAST & LINCOLN STREET NORTH,1,3,0,0,1,1,,0,10,0,0,0,0,0,4,2,7
,2018_51552,39.718143,-105.0349095,5/11/2018 7:35,7:35,3,0,0,FIRST AVENUE WEST & LOWELL BOULEVARD NORTH,1,1,1,0,1,1,,0,30,0,0,0,0,0,4,2,7
,2018_51553,39.718143,-105.0349095,6/17/2018 18:24,18:24,3,0,1,FIRST AVENUE WEST & LOWELL BOULEVARD NORTH,2,2,0,1,1,1,,0,30,0,0,0,0,1,4,2,13
,2018_51554,39.718206,-104.952222,9/4/2018 14:53,14:53,12,0,0,FIRST AVENUE EAST & MILWAUKEE STREET NORTH,1,1,0,0,1,1,,0,,0,0,0,0,0,4,2,13
,2018_51555,39.718206,-104.952222,9/26/2018 15:20,15:20,12,0,0,FIRST AVENUE EAST & MILWAUKEE STREET NORTH,1,1,0,0,1,1,,0,30,0,0,0,0,0,4,2,13
,2018_51556,39.748896,-104.9874525,10/20/2018 14:00,14:00,3,0,0,20TH STREET & BROADWAY STREET NORTH,1,1,0,0,1,1,,0,35,0,0,0,0,0,4,2,13
,2018_51557,39.718143,-105.0396885,1/21/2018 12:15,12:15,3,0,0,FIRST AVENUE WEST & PERRY STREET,4,1,1,2,1,1,,0,30,0,0,0,0,0,4,2,3
,2018_51558,39.718143,-105.0396885,1/25/2018 10:45,10:45,3,0,1,FIRST AVENUE WEST & PERRY STREET NORTH,1,1,0,0,1,1,,0,30,0,0,0,0,2,4,2,13
,2018_51559,39.718143,-105.0396885,6/17/2018 15:05,15:05,3,0,1,FIRST AVENUE WEST & PERRY STREET NORTH,2,1,0,1,1,1,,0,30,0,0,0,0,1,4,2,13
,2018_51560,39.718143,-105.0396885,7/8/2018 18:35,18:35,3,0,0,FIRST AVENUE WEST & PERRY STREET NORTH,1,1,0,0,1,1,,0,30,0,0,0,0,0,4,2,7
,2018_51561,39.718143,-105.0396885,8/17/2018 9:50,9:50,3,0,2,FIRST AVENUE WEST & PERRY STREET NORTH,1,1,1,0,1,1,,0,40,0,0,0,0,1,4,2,13
,2018_51562,39.718143,-105.0396885,8/27/2018 11:25,11:25,3,0,0,FIRST AVENUE WEST & PERRY STREET NORTH,1,1,1,0,1,1,,0,30,0,0,0,1,0,4,2,13