id,drcog_id,latitude,longitude,crashtime,time,crashtype,numbkilled,numbinjurd,drcoglocat,rdconditin,lightngcon,roadcntgrd,weatherco,location,roaddescrp,schoolzone,constrzone,splimit,bikeinv,pedinv,sctrinv,motoinv,svrty,rdsystem,ttlvehcls,hcf
,2018_51564,39.718368,-104.984982,7/13/2018 9:10,9:10,3,0,0,FIRST AVENUE EAST & SHERMAN STREET NORTH,1,1,0,0,1,1,,0,25,0,0,0,0,0,4,2,13
,2018_51565,39.717801,-104.950818,2/16/2018 7:39,7:39,12,0,0,FIRST AVENUE EAST & STEELE STREET NORTH,5,1,0,0,1,4,,0,25,0,0,0,0,0,4,2,16
,2018_51566,39.717801,-104.950818,2/16/2018 8:55,8:55,12,0,0,FIRST AVENUE EAST & STEELE STREET NORTH,5,1,0,0,1,1,,0,35,0,0,0,0,0,4,2,13
,2018_51567,39.717801,-104.950818,4/11/2018 17:45,17:45,12,0,0,FIRST AVENUE EAST & STEELE STREET NORTH,1,3,0,0,1,1,,0,30,0,0,0,0,0,4,2,14
,2018_51568,39.717801,-104.950818,9/16/2018 21:16,21:16,5,0,0,FIRST AVENUE EAST & STEELE STREET NORTH,1,3,0,0,2,1,,0,25,0,0,0,0,0,4,1,4
,2018_51569,39.722922,-104.891598,9/17/2018 22:20,22:20,3,0,2,FIRST AVENUE EAST & UINTA WAY NORTH,1,3,0,0,1,1,,0,30,0,0,0,0,1,4,2,13
,2018_51570,39.718188,-104.9593095,7/24/2018 17:45,17:45,15,0,0,FIRST AVENUE EAST & UNIVERSITY BOULEVARD NORTH,1,1,0,0,1,1,,0,30,0,0,0,0,0,4,2,13
,2018_51571,39.718188,-104.9593095,9/24/2018 21:22,21:22,1,0,0,FIRST AVENUE EAST & UNIVERSITY BOULEVARD NORTH,2,3,0,1,1,1,,0,30,0,0,0,0,0,4,2,13
,2018_51572,39.718188,-104.9593095,10/1/2018 14:30,14:30,12,0,0,FIRST AVENUE EAST & UNIVERSITY BOULEVARD NORTH,1,1,0,0,1,1,,0,30,0,0,0,0,0,4,2,16
,2018_51573,39.718161,-105.0469605,6/2/2018 19:22,19:22,12,0,4,FIRST AVENUE WEST & WINONA COURT NORTH,1,1,0,0,1,1,,0,35,0,0,0,0,1,4,3,5
,2018_51574,39.718188,-105.0494085,9/16/2018 20:15,20:15,12,0,0,FIRST AVENUE WEST & XAVIER STREET NORTH,1,4,0,0,1,1,,0,25,0,0,0,0,0,4,2,13
,2018_51575,39.718188,-105.0494085,10/29/2018 12:13,12:13,1,0,0,FIRST AVENUE WEST & XAVIER STREET NORTH,1,1,0,0,1,1,,0,25,0,0,0,0,0,4,2,13
,2018_51576,39.718404,-104.8749885,2/24/2018 21:30,21:30,5,0,0,FIRST AVENUE 9913 BLOCK EAST & YOSEMITE STREET NORTH APPROXIMATELY,1,3,0,0,3,2,,0,35,0,0,0,0,0,4,1,13
,2018_51577,39.747591,-105.0205095,2/15/2018 11:15,11:15,6,0,0,2030 CLAY STREET ALLEY & 20TH AVENUE WEST,1,1,0,0,1,4,,0,25,0,0,0,0,0,4,2,14
,2018_51578,39.75760393,-104.9985579,5/6/2018 2:10,2:10,12,0,1,20TH STREET & 1200 BLOCK,1,3,0,0,1,4,,0,30,0,0,0,0,1,4,2,13
,2018_51579,39.75760393,-104.9985579,10/29/2018 13:44,13:44,12,0,0,20TH STREET & 2100 BLOCK,1,1,1,0,1,3,,0,35,0,0,0,0,0,4,4,3
,2018_51580,39.751578,-104.990841,10/18/2018 23:00,23:00,3,0,0,20TH STREET & ARAPAHOE STREET,1,3,0,0,1,1,,0,30,0,0,0,0,0,4,2,7
,2018_51581,39.748887,-104.987448,1/1/2018 4:44,4:44,15,0,0,20TH STREET & BROADWAY NORTH,1,3,0,0,1,1,,0,35,0,0,0,0,0,4,2,13
,2018_51582,39.748887,-104.987448,1/18/2018 17:59,17:59,12,0,0,20TH STREET & BROADWAY NORTH,1,3,1,0,1,3,,0,30,0,0,0,0,0,4,2,8
,2018_51583,39.748896,-104.9874525,1/27/2018 1:15,1:15,15,0,0,20TH STREET & BROADWAY STREET NORTH,1,3,0,0,1,1,,0,30,0,0,0,0,0,4,2,7
,2018_51584,39.748887,-104.987448,1/29/2018 17:06,17:06,10,0,0,20TH STREET & BROADWAY NORTH,1,3,0,0,1,1,,0,30,0,0,0,0,0,4,2,13
,2018_51585,39.748887,-104.987448,3/6/2018 16:09,16:09,15,0,0,20TH STREET & BROADWAY NORTH,1,1,0,0,1,1,,0,30,0,0,0,0,0,4,2,8
,2018_51586,39.748887,-104.987448,3/15/2018 22:17,22:17,5,0,0,20TH STREET & BROADWAY NORTH,2,3,0,1,3,1,,0,30,0,0,0,0,0,4,1,16
,2018_51587,39.748896,-104.9874525,4/5/2018 12:13,12:13,15,0,0,20TH STREET & BROADWAY STREET NORTH,1,1,0,0,1,1,,0,25,0,0,0,0,0,4,2,14
,2018_51588,39.748896,-104.9874525,4/22/2018 22:50,22:50,15,0,0,20TH STREET & BROADWAY STREET NORTH,1,3,0,0,1,1,,0,,0,0,0,0,0,4,2,13
,2018_51589,39.748887,-104.987448,5/9/2018 15:53,15:53,12,0,0,20TH STREET & BROADWAY NORTH,1,1,0,0,1,3,,0,30,0,0,0,0,0,4,2,8
,2018_51590,39.748896,-104.9874525,5/12/2018 10:17,10:17,15,0,0,20TH STREET & BROADWAY STREET NORTH,1,1,0,0,1,1,,0,30,0,0,0,0,0,4,2,14
,2018_51591,39.748887,-104.987448,5/31/2018 11:44,11:44,15,0,0,20TH STREET & BROADWAY NORTH,1,1,0,0,1,3,,0,30,0,0,0,0,0,4,2,16
,2018_51592,39.748896,-104.9874525,6/7/2018 14:11,14:11,15,0,0,20TH STREET & BROADWAY STREET NORTH,1,1,0,0,1,1,,0,30,0,0,0,0,0,4,2,8
,2018_51593,39.748887,-104.987448,8/9/2018 13:32,13:32,10,0,0,20TH STREET & BROADWAY NORTH,1,1,0,0,1,1,,0,25,0,0,0,0,0,4,2,13
,2018_51594,39.74754912,-104.9872882,8/11/2018 13:34,13:34,15,0,0,20TH AVENUE EAST & BROADWAY NORTH,1,1,0,0,1,1,,0,30,0,0,0,0,0,4,2,8
,2018_51595,39.748896,-104.9874525,9/24/2018 23:00,23:00,15,0,0,20TH STREET & BROADWAY STREET NORTH,1,3,0,0,1,1,,0,30,0,0,0,0,0,4,2,13
,2018_51596,39.748896,-104.9874525,10/3/2018 12:38,12:38,3,0,0,20TH STREET & BROADWAY STREET NORTH,1,1,0,0,1,1,,0,30,0,0,0,0,0,4,2,14
,2018_51597,39.748896,-104.9874525,10/4/2018 12:57,12:57,15,0,0,20TH STREET & BROADWAY STREET NORTH,1,1,0,0,1,1,,0,25,0,0,0,0,0,4,2,13
,2018_51598,39.748896,-104.9874525,10/15/2018 10:35,10:35,15,0,0,20TH STREET & BROADWAY STREET NORTH,1,1,0,0,1,1,,0,30,0,0,0,0,0,4,2,13
,2018_51599,39.748896,-104.9874525,10/16/2018 10:40,10:40,15,0,0,20TH STREET & BROADWAY STREET NORTH,1,1,0,0,1,1,,0,25,0,0,0,0,0,4,2,13
,2018_51600,39.748896,-104.9874525,11/1/2018 17:19,17:19,10,0,2,20TH STREET & BROADWAY STREET NORTH,1,2,0,0,1,1,,0,30,0,0,0,0,1,4,5,14
,2018_51601,39.748887,-104.9874525,1/24/2018 6:38,6:38,10,0,0,20TH STREET & CALIFORNIA STREET,1,1,0,0,1,1,,0,25,0,0,0,0,0,4,2,14
,2018_51602,39.748887,-104.9874525,9/7/2018 9:48,9:48,3,0,0,20TH STREET & CALIFORNIA STREET,1,1,0,0,1,1,,0,25,0,0,0,0,0,4,2,13
,2018_51603,39.748887,-104.9874525,9/9/2018 14:22,14:22,3,0,0,20TH STREET & CALIFORANIA STREET,1,1,0,0,1,1,,0,30,0,0,0,0,0,4,2,8
,2018_51604,39.748887,-104.9874525,9/23/2018 9:45,9:45,10,0,1,20TH STREET & CALIFORNIA STREET,1,1,0,0,1,1,,0,30,0,0,0,0,1,4,2,13
,2018_51605,39.748887,-104.9874525,11/17/2018 15:21,15:21,3,0,1,20TH STREET & CALIFORNIA STREET,2,1,0,2,1,1,,0,25,0,0,0,0,1,4,2,8
,2018_51606,39.750264,-104.9891625,10/21/2018 15:09,15:09,3,0,1,20TH STREET & CHAMPA STREET,1,1,0,0,1,1,,0,35,0,0,0,0,2,4,2,16
,2018_51607,39.750264,-104.9891625,10/29/2018 22:53,22:53,3,0,0,20TH STREET & CHAMPA STREET,1,3,0,0,1,1,,0,30,0,0,0,0,0,4,2,13
,2018_51608,39.757662,-104.9986305,5/20/2018 18:00,18:00,12,0,0,20TH STREET & CHESTNUT PLACE,1,1,0,0,1,3,,0,,0,0,0,0,0,4,2,13
,2018_51609,39.757662,-104.9986305,6/9/2018 21:16,21:16,1,0,3,20TH STREET & CHESTNUT PLACE,1,3,0,0,1,1,,0,35,0,0,0,0,1,4,2,1
,2018_51610,39.757662,-104.9986305,7/17/2018 18:54,18:54,12,0,1,20TH STREET & CHESTNUT PLACE,1,1,1,0,1,3,,0,30,0,0,0,0,1,4,2,13
,2018_51611,39.757662,-104.9986305,9/23/2018 0:30,0:30,12,0,0,20TH STREET & CHESTNUT PLACE,1,3,0,0,1,1,,0,25,0,0,0,0,0,4,2,13
,2018_51612,39.757662,-104.9986305,11/23/2018 8:00,8:00,3,0,0,20TH STREET & CHESTNUT PLACE,1,1,0,0,1,1,,0,25,0,0,0,0,0,4,2,14
,2018_51613,39.757662,-104.9986305,11/26/2018 8:12,8:12,12,0,0,20TH STREET 2000 BLOCK & CHESTNUT STREET,1,1,1,0,1,1,,0,30,0,0,0,0,0,4,2,13
,2018_51614,39.757662,-104.9986305,12/31/2018 23:55,23:55,1,0,1,20TH STREET & CHESTNUT PLACE,4,3,1,2,1,1,,0,30,0,0,0,0,1,4,3,13
,2018_51615,39.747546,-104.9861115,10/3/2018 9:39,9:39,15,0,0,20TH AVENUE EAST & LINCOLN STREET NORTH,1,1,0,0,1,1,,0,30,0,0,0,0,0,4,2,14
,2018_51616,39.74751,-104.977557,10/22/2018 8:57,8:57,3,0,0,20TH AVENUE EAST & CLARKSON STREET NORTH,1,1,0,0,1,1,,0,25,0,0,0,0,0,4,2,14
,2018_51617,39.750921,-104.98995,6/9/2018 23:25,23:25,3,0,1,20TH STREET & CURTIS STREET,1,3,0,0,1,1,,0,30,0,0,0,0,2,4,2,7
,2018_51618,39.746961,-104.9733495,4/25/2018 9:24,9:24,12,0,0,20TH AVENUE EAST & DOWNING STREET NORTH,1,1,0,0,1,1,,0,25,0,0,0,0,0,4,2,7
,2018_51619,39.746961,-104.9733495,10/12/2018 7:55,7:55,3,0,0,20TH AVENUE EAST & DOWNING STREET NORTH,1,2,0,0,1,1,,0,20,0,0,0,0,0,4,2,12
,2018_51620,39.752271,-104.9917995,4/9/2018 8:08,8:08,12,0,0,20TH STREET 1200 BLOCK & LARIMER / LAWRENCE ALLEY,2,1,0,1,1,4,,0,25,0,0,0,0,0,4,2,13
,2018_51621,39.752271,-104.9917995,4/10/2018 21:35,21:35,15,0,0,20TH STREET & LAWRENCE STREET,1,3,0,0,1,1,,0,,0,0,0,0,0,4,2,13
,2018_51622,39.752271,-104.9917995,6/16/2018 2:58,2:58,15,0,0,20TH STREET & LAWRENCE STREET,1,3,0,0,1,1,,0,30,0,0,0,0,0,4,2,5
,2018_51623,39.752271,-104.9917995,10/7/2018 20:23,20:23,1,0,0,20TH STREET & LAWRENCE STREET,2,1,0,1,1,1,,0,30,0,0,0,0,0,4,2,13
,2018_51624,39.759588,-105.0017805,3/14/2018 21:10,21:10,3,0,0,20TH STREET & LITTLE RAVEN STREET,1,3,1,0,1,1,,0,25,0,0,0,0,0,4,2,14
,2018_51625,39.759588,-105.0017805,5/15/2018 18:40,18:40,3,0,0,20TH STREET & LITTLE RAVEN STREET,1,1,1,0,1,1,,0,45,0,0,0,0,0,4,2,13
,2018_51626,39.759588,-105.0017805,6/17/2018 12:20,12:20,12,0,0,20TH STREET & LITTLE RAVEN STREET,1,1,1,0,1,4,,0,35,0,0,0,0,0,4,3,16
,2018_51627,39.759588,-105.0017805,6/23/2018 13:59,13:59,3,0,2,20TH STREET & LITTLE RAVEN STREET,1,1,0,0,1,1,,0,25,0,0,0,0,1,4,2,3
,2018_51628,39.759588,-105.0017805,7/3/2018 9:01,9:01,1,0,0,20TH STREET & LITTLE RAVEN STREET,1,1,0,0,1,1,,0,25,0,0,0,0,0,4,2,14
,2018_51629,39.753612,-104.993451,2/18/2018 1:51,1:51,15,0,0,20TH STREET & MARKET STREET,1,3,0,0,1,1,,0,30,0,0,0,0,0,4,2,5
,2018_51630,39.753612,-104.993451,5/10/2018 15:00,15:00,1,0,2,20TH STREET & MARKET STREET,1,1,0,0,1,1,,0,30,0,0,0,0,1,4,2,8
,2018_51631,39.753612,-104.993451,6/2/2018 17:10,17:10,10,0,0,20TH STREET & MARKET STREET,1,1,0,0,1,1,,0,35,0,0,0,0,0,4,2,13
,2018_51632,39.753612,-104.993451,7/27/2018 18:38,18:38,12,0,0,20TH STREET & MARKET STREET,1,1,0,0,1,1,,0,35,0,0,0,0,0,4,2,14
,2018_51633,39.753612,-104.993451,8/7/2018 21:30,21:30,12,0,0,20TH STREET & MARKET STREET,1,3,0,0,1,1,,0,25,0,0,0,0,0,4,2,6
,2018_51634,39.7618065,-105.0054908,2/28/2018 1:55,1:55,5,0,1,20TH STREET & OSAGE STREET NORTH,1,3,0,0,4,3,,0,35,0,0,0,0,2,4,1,5
,2018_51635,39.747537,-104.9810895,7/25/2018 7:21,7:21,3,0,1,20TH AVENUE EAST & PENNSYLVANIA AVENUE NORTH,1,1,0,0,1,1,,0,25,0,0,0,0,1,4,2,13
,2018_51636,39.74958,-104.988249,6/2/2018 6:44,6:44,3,0,1,20TH STREET & STOUT STREET,1,1,0,0,1,1,,0,30,0,0,0,0,1,4,2,2
,2018_51637,39.74958,-104.988249,6/30/2018 17:56,17:56,10,0,0,20TH STREET & STOUT STREET,1,1,0,0,1,1,,0,30,0,0,0,0,0,4,2,13
,2018_51638,39.754989,-104.995143,10/14/2018 1:12,1:12,3,0,0,20TH STREET & WAZEE STREET,2,3,0,2,1,1,,0,25,0,0,0,0,0,4,2,16
,2018_51639,39.748185,-104.98644,4/9/2018 7:17,7:17,3,0,0,20TH STREET & WELTON STREET,1,1,0,0,1,1,,0,25,0,0,0,0,0,4,2,14
,2018_51640,39.748185,-104.98644,5/30/2018 10:39,10:39,15,0,0,20TH STREET & WELTON STREET,1,1,0,0,1,1,,0,30,0,0,0,0,0,4,2,13
,2018_51641,39.748185,-104.98644,9/15/2018 13:17,13:17,3,0,0,20TH STREET & WELTON STREET,1,1,0,0,1,1,,0,30,0,0,0,0,0,4,2,4
,2018_51642,39.748185,-104.98644,10/3/2018 17:07,17:07,3,0,0,20TH STREET & WELTON STREET,1,1,1,0,1,1,,0,30,0,0,0,0,0,4,2,8
,2018_51643,39.749499,-104.8868505,2/15/2018 18:15,18:15,3,0,0,21ST AVENUE EAST & CENTRAL PARK BOULEVARD,2,3,0,2,1,1,,0,35,0,0,0,0,0,4,3,13
,2018_51644,39.751866,-104.988762,4/4/2018 11:40,11:40,3,0,0,21ST STREET & CURTIS STREET,1,1,0,0,1,1,,0,25,0,0,0,0,0,4,2,16
,2018_51645,39.74877,-105.0299415,3/22/2018 7:40,7:40,6,0,0,21ST AVENUE WEST & IRVING STREET NORTH,1,1,0,0,1,3,,0,25,0,0,0,0,0,4,2,13
,2018_51646,39.753207,-104.990562,10/17/2018 7:20,7:20,3,0,0,21ST STREET & LAWRENCE STREET,1,1,0,0,1,1,,0,25,0,0,0,0,0,4,2,13
,2018_51647,39.754557,-104.992218,6/22/2018 16:21,16:21,8,0,1,21ST STREET & MARKET STREET,1,1,0,0,1,1,,0,35,0,0,0,0,1,4,2,14
,2018_51648,39.754557,-104.992218,7/4/2018 23:13,23:13,12,0,0,21ST STREET & MARKET STREET,1,3,0,0,1,1,,0,25,0,0,0,0,0,4,2,16
,2018_51649,39.748617,-104.903451,2/21/2018 7:58,7:58,1,0,0,21ST AVENUE EAST & QUEBEC STREET NORTH,1,1,0,0,1,1,,0,25,0,0,0,0,0,4,2,13
,2018_51650,39.748617,-104.903451,7/16/2018 15:52,15:52,3,0,0,21ST AVENUE EAST & QUEBEC STREET NORTH,1,1,0,0,1,1,,0,30,0,0,0,0,0,4,2,8
,2018_51651,39.748617,-104.903451,9/4/2018 15:41,15:41,3,0,0,21ST AVENUE EAST & QUEBEC STREET NORTH,1,1,0,0,1,1,,0,25,0,0,0,0,0,4,2,14
,2018_51652,39.752667,-104.98743,4/17/2018 11:50,11:50,15,0,0,22ND STREET & BROADWAY STREET NORTH,1,1,0,0,1,1,,0,,0,0,0,0,0,4,2,13
,2018_51653,39.748617,-104.903451,10/31/2018 10:00,10:00,3,0,0,21ST AVENUE EAST & QUEBEC STREET NORTH,1,1,0,0,1,1,,0,25,0,0,0,0,0,4,2,13
,2018_51654,39.748743,-105.0428295,1/4/2018 14:30,14:30,3,0,0,21ST AVENUE WEST & STUART STREET WEST,1,1,0,0,1,1,,0,20,0,0,0,0,0,4,2,3
,2018_51655,39.749184,-104.9853105,5/1/2018 9:03,9:03,15,0,0,21ST STREET & WELTON STREET,1,1,0,0,1,1,,0,25,0,0,0,0,0,4,2,14
,2018_51656,39.757104,-104.996502,3/22/2018 7:27,7:27,3,0,0,21ST STREET & WEWATTA STREET,1,1,1,0,1,1,,0,25,0,0,0,0,0,4,2,13
,2018_51657,39.757104,-104.996502,12/5/2018 8:05,8:05,3,0,2,21ST STREET & WEWATTA STREET,1,1,1,0,1,1,,0,25,0,0,0,0,2,4,2,13
,2018_51658,39.748932,-104.8875615,4/13/2018 17:49,17:49,5,0,0,21ST AVENUE EAST & WILLOW COURT NORTH,1,1,0,0,3,6,,0,25,0,0,0,0,0,4,1,10
,2018_51659,39.749679,-104.8818578,4/29/2018 16:05,16:05,15,0,0,22ND AVENUE & 1319,1,1,0,0,1,4,,0,25,0,0,0,0,0,4,2,13
,2018_51660,39.749679,-104.8818578,9/24/2018 10:59,10:59,6,0,0,22ND AVENUE & 2718 BLOCK,1,1,0,0,1,4,,0,25,0,0,0,0,0,4,2,14
,2018_51661,39.753432,-104.988402,2/10/2018 20:30,20:30,12,0,0,22ND STREET & ARAPAHOE STREET,5,3,0,2,1,1,,0,30,0,0,0,0,0,4,2,13
,2018_51662,39.753432,-104.988402,5/19/2018 10:10,10:10,12,0,0,22ND STREET & ARAPAHOE STREET,1,1,0,0,1,1,,0,30,0,0,0,0,0,4,3,14
,2018_51663,39.75615,-104.991912,7/3/2018 5:27,5:27,3,0,0,22ND STREET & BLAKE STREET,1,1,0,0,1,1,,0,25,0,0,0,0,0,4,2,13
,2018_51664,39.75615,-104.991912,9/11/2018 10:00,10:00,3,0,1,22ND STREET & BLAKE STREET,1,1,0,0,1,1,,0,30,0,0,0,0,1,4,2,13
,2018_51665,39.752667,-104.98743,1/19/2018 23:30,23:30,15,0,0,22ND STREET & BROADWAY NORTH,1,3,0,0,1,1,,0,,0,0,0,0,0,4,2,13
,2018_51666,39.752667,-104.98743,4/6/2018 1:20,1:20,15,0,0,22ND STREET & BROADWAY STREET NORTH,1,3,0,0,1,1,,0,35,0,0,0,0,0,4,2,13
,2018_51667,39.752667,-104.98743,4/26/2018 17:56,17:56,12,0,0,22ND STREET & BROADWAY NORTH,1,1,0,0,1,1,,0,30,0,0,0,0,0,4,2,8
,2018_51668,39.752667,-104.98743,5/25/2018 5:00,5:00,10,0,0,22ND AVENUE & BROADWAY STREET NORTH,1,2,0,0,1,1,,0,35,0,0,0,0,0,4,2,7
,2018_51669,39.752667,-104.98743,6/11/2018 9:45,9:45,15,0,0,22ND STREET & BROADWAY STREET NORTH,1,1,0,0,1,1,,0,30,0,0,0,0,0,4,2,13
,2018_51670,39.752667,-104.98743,7/21/2018 21:28,21:28,15,0,0,22ND STREET & BROADWAY STREET,1,3,0,0,1,1,,0,35,0,0,0,0,0,4,2,7
,2018_51671,39.752667,-104.98743,8/18/2018 12:46,12:46,15,0,0,22ND STREET & BROADWAY NORTH,1,1,0,0,1,1,,0,30,0,0,0,0,0,4,2,16
,2018_51672,39.752667,-104.98743,10/6/2018 2:10,2:10,10,0,0,22ND STREET & BROADWAY STREET NORTH,2,3,0,1,1,1,,0,30,0,0,0,0,0,4,2,7
,2018_51673,39.752667,-104.98743,12/25/2018 9:53,9:53,3,0,0,22ND STREET & BROADWAY NORTH,1,1,0,0,1,1,,0,30,0,0,0,0,0,4,2,13
,2018_51674,39.752127,-104.9866605,5/2/2018 0:00,0:00,15,0,0,22ND STREET & CHAMPA STREET,1,1,0,0,1,1,,0,30,0,0,0,0,0,4,2,8
,2018_51675,39.74949,-104.9769495,8/29/2018 7:21,7:21,3,0,1,22ND AVENUE EAST & CLARKSON STREET NORTH,1,1,0,0,1,1,,0,25,0,0,0,0,1,4,2,13
,2018_51676,39.749238,-104.935059,2/28/2018 15:28,15:28,3,0,1,22ND AVENUE EAST & CLERMONT STREET NORTH,1,1,0,0,1,1,,0,25,0,0,0,0,1,4,2,1
,2018_51677,39.752757,-104.9875515,9/9/2018 20:49,20:49,3,0,1,22ND STREET & CURTIS STREET,1,3,0,0,1,1,,0,25,0,0,0,0,1,4,2,5
,2018_51678,39.749472,-104.973381,1/9/2018 11:10,11:10,3,0,0,22ND AVENUE EAST & DOWNING STREET NORTH,1,1,0,0,1,1,,0,30,0,0,0,0,0,4,2,13
,2018_51679,39.749472,-104.973381,5/14/2018 17:30,17:30,1,0,1,22ND AVENUE EAST & DOWNING STREET NORTH,1,1,0,0,1,1,,0,35,0,0,0,0,1,4,2,16
,2018_51680,39.749472,-104.973381,10/22/2018 16:20,16:20,3,0,3,22ND AVENUE EAST & DOWNING STREET NORTH,1,1,0,0,1,1,,0,30,0,0,0,0,2,4,2,13
,2018_51681,39.75417,-104.9893335,1/24/2018 11:05,11:05,3,0,1,22ND STREET & LAWRENCE STREET,1,1,0,0,1,1,,0,30,0,0,0,0,2,4,2,13
,2018_51683,39.748761,-104.9823135,2/16/2018 9:06,9:06,12,0,0,22ND STREET & TREMONT PLACE,5,1,0,0,1,4,,0,25,0,0,0,0,0,4,2,14
,2018_51684,39.75705,-104.9928885,3/6/2018 2:57,2:57,5,0,1,22ND STREET & WAZEE STREET,1,3,0,0,3,1,,0,35,0,0,0,0,1,4,1,2
,2018_51685,39.75705,-104.9928885,4/6/2018 14:13,14:13,15,0,0,22ND STREET & WAZEE STREET,2,1,0,2,1,4,,0,30,0,0,0,0,0,4,2,8
,2018_51686,39.75705,-104.9928885,9/5/2018 18:12,18:12,15,0,0,22ND STREET & WAZEE STREET,2,1,0,1,1,4,,0,30,0,0,0,0,0,4,2,1
,2018_51687,39.749436,-104.965929,12/30/2018 2:08,2:08,3,0,0,22ND AVENUE & WILLIAMS STREET NORTH,1,3,0,0,1,1,,0,25,0,0,0,0,0,4,2,13
,2018_51688,39.7510155,-104.89824,7/27/2018 2:05,2:05,5,0,0,23RD AVENUE & 2510 WEST,1,3,1,0,2,3,,0,30,0,0,0,0,0,4,1,7
,2018_51689,39.7510155,-104.89824,8/9/2018 17:11,17:11,12,0,0,23RD AVENUE & 3000 BLOCK EAST,1,1,0,0,1,4,,0,25,0,0,0,0,0,4,2,3
,2018_51690,39.7510155,-104.89824,10/26/2018 7:33,7:33,12,0,0,23RD AVENUE & 3200 BLOCK EAST,1,1,0,0,1,4,,0,30,0,0,0,0,0,4,2,3
,2018_51691,39.7510155,-104.89824,1/3/2018 21:13,21:13,6,0,0,23RD AVENUE & 3617 WEST,1,3,0,0,1,4,,0,30,0,0,0,0,0,4,2,14
,2018_51692,39.751029,-104.937228,9/15/2018 10:45,10:45,3,0,0,23RD AVENUE EAST & BELLAIRE STREET NORTH,1,1,0,0,1,1,,0,30,0,0,0,0,0,4,2,13
,2018_51693,39.749616,-104.8866795,9/28/2018 17:57,17:57,5,0,0,23RD AVENUE EAST & CENTRAL PARK BOULEVARD NORTH,1,1,0,0,3,1,,0,30,0,0,0,0,0,4,1,2
,2018_51694,39.751038,-104.933943,2/23/2018 10:30,10:30,3,0,2,23RD AVENUE EAST & CHERRY STREET NORTH,1,1,0,0,1,1,,0,20,0,0,0,0,1,4,2,7
,2018_51695,39.7518165,-105.014691,1/7/2018 10:47,10:47,12,0,0,23RD AVENUE WEST & CHILDRENS MUSEUM DRIVE,1,1,0,0,1,1,,0,30,0,0,0,0,0,4,2,13
,2018_51696,39.750741,-104.9769585,7/23/2018 23:14,23:14,3,0,0,23RD AVENUE EAST & CLARKSON STREET NORTH,1,3,0,0,1,1,,0,25,0,0,0,0,0,4,3,7
,2018_51697,39.7512,-105.0205185,5/18/2018 20:28,20:28,12,0,0,23RD AVENUE WEST & CLAY STREET NORTH,1,3,0,0,1,1,,0,25,0,0,0,0,0,4,2,3
,2018_51698,39.7512,-105.0205185,7/14/2018 18:55,18:55,12,0,0,23RD AVENUE WEST & CLAY STREET NORTH,1,1,1,0,1,1,,0,25,0,0,0,0,0,4,2,13
,2018_51699,39.751218,-105.022053,7/8/2018 22:27,22:27,6,0,0,23RD AVENUE WEST & DECATUR STREET NORTH,1,3,1,0,1,1,,0,25,0,0,0,0,0,4,3,13
,2018_51700,39.751218,-105.022053,8/16/2018 9:04,9:04,6,0,0,23RD AVENUE WEST & DECATUR STREET NORTH,1,1,0,0,1,1,,0,30,0,0,0,0,0,4,2,14
,2018_51701,39.7512,-105.023601,3/15/2018 7:54,7:54,12,0,0,23RD AVENUE WEST & ELIOT STREET NORTH,1,1,0,0,1,1,,0,30,0,0,0,0,0,4,3,7
,2018_51702,39.751047,-104.9305095,6/21/2018 19:36,19:36,3,0,0,23RD AVENUE EAST & EUDORA STREET NORTH,1,1,0,0,1,1,,0,25,0,0,0,0,0,4,2,13
,2018_51703,39.750705,-104.968413,4/27/2018 13:20,13:20,3,0,0,23RD AVENUE EAST & FRANKLIN STREET NORTH,1,1,0,0,1,1,,0,25,0,0,0,0,0,4,2,13
,2018_51704,39.750705,-104.968413,7/14/2018 18:50,18:50,3,0,3,23RD AVENUE EAST & FRANKLIN STREET NORTH,1,1,0,0,1,1,,0,30,0,0,0,0,1,4,2,7
,2018_51705,39.750705,-104.968413,9/24/2018 14:22,14:22,1,0,0,23RD AVENUE EAST & FRANKLIN STREET NORTH,1,1,0,0,1,1,,0,25,0,0,0,0,0,4,2,13
,2018_51706,39.750705,-104.968413,11/9/2018 17:14,17:14,3,0,2,23RD AVENUE EAST & FRANKLIN STREET NORTH,1,2,0,0,1,1,,0,25,0,0,0,0,1,4,2,3
,2018_51707,39.750705,-104.968413,11/29/2018 11:34,11:34,3,0,0,23RD AVENUE EAST & FRANKLIN STREET NORTH,1,1,0,0,1,1,,0,25,0,0,0,0,0,4,2,13
,2018_51708,39.750705,-104.968413,12/13/2018 14:56,14:56,3,0,0,23RD AVENUE EAST & FRANKLIN STREET NORTH,1,1,0,0,1,1,,0,35,0,0,0,0,0,4,2,13