id,drcog_id,latitude,longitude,crashtime,time,crashtype,numbkilled,numbinjurd,drcoglocat,rdconditin,lightngcon,roadcntgrd,weatherco,location,roaddescrp,schoolzone,constrzone,splimit,bikeinv,pedinv,sctrinv,motoinv,svrty,rdsystem,ttlvehcls,hcf
,2018_51709,39.750705,-104.960988,3/20/2018 16:59,16:59,3,0,0,23RD AVENUE EAST & GAYLORD STREET NORTH,1,1,0,0,1,1,,0,25,0,0,0,0,0,4,2,1
,2018_51710,39.750705,-104.960988,4/4/2018 17:45,17:45,3,0,1,23RD AVENUE EAST & GAYLORD STREET NORTH,1,1,0,0,1,1,,0,25,0,0,0,0,1,4,3,1
,2018_51711,39.750705,-104.960988,4/20/2018 15:45,15:45,3,0,0,23RD AVENUE EAST & GAYLORD STREET NORTH,2,1,0,1,1,1,,0,25,0,0,0,0,0,4,2,13
,2018_51712,39.750705,-104.960988,8/19/2018 11:10,11:10,3,0,1,23RD AVENUE EAST & GAYLORD STREET NORTH,1,1,0,0,1,1,,0,30,0,0,0,0,1,4,2,16
,2018_51713,39.750705,-104.960988,11/6/2018 7:20,7:20,3,0,0,23RD AVENUE EAST & GAYLORD STREET NORTH,1,1,0,0,1,1,,0,25,0,0,0,0,0,4,2,7
,2018_51714,39.750705,-104.960988,11/20/2018 17:29,17:29,3,0,0,23RD AVENUE EAST & GAYLORD STREET NORTH,1,3,0,0,1,1,,0,25,0,0,0,0,0,4,2,8
,2018_51715,39.750705,-104.960988,12/14/2018 15:59,15:59,3,0,0,23RD AVENUE EAST & GAYLORD STREET NORTH,1,1,0,0,1,1,,0,25,0,0,0,0,0,4,2,1
,2018_51716,39.751056,-104.92227,9/22/2018 12:50,12:50,6,0,0,23RD AVENUE EAST & HOLLY STREET NORTH,1,1,0,0,3,3,,0,25,0,0,0,0,0,4,2,10
,2018_51717,39.751056,-104.92227,11/17/2018 21:55,21:55,12,0,0,23RD AVENUE EAST & HOLLY STREET NORTH,2,3,0,2,1,1,,0,,0,0,0,0,0,4,2,5
,2018_51718,39.751056,-104.9234535,6/18/2018 15:45,15:45,3,0,0,23RD AVENUE EAST & HUDSON STREET NORTH,1,1,0,0,1,1,,0,30,0,0,0,0,0,4,2,13
,2018_51719,39.751056,-104.9234535,9/5/2018 10:23,10:23,12,0,0,23RD AVENUE EAST & HUDSON STREET NORTH,1,1,0,0,1,3,,0,30,0,0,0,0,0,4,2,3
,2018_51720,39.751056,-104.9234535,11/16/2018 13:25,13:25,3,0,0,23RD AVENUE EAST & HUDSON STREET NORTH,1,1,0,0,1,1,,0,20,0,0,0,0,0,4,2,7
,2018_51721,39.751065,-104.91993,4/28/2018 17:20,17:20,12,0,0,23RD AVENUE EAST & IVY STREET NORTH,1,1,0,0,1,1,,0,30,0,0,0,0,0,4,2,16
,2018_51722,39.751074,-104.9175405,9/6/2018 17:19,17:19,12,0,0,23RD AVENUE EAST & KEARNEY STREET NORTH,1,1,0,0,1,1,,0,30,0,0,0,0,0,4,2,13
,2018_51723,39.750723,-104.9708925,10/9/2018 8:30,8:30,3,0,1,23RD AVENUE EAST & LAFAYETTE STREET NORTH,1,1,0,0,1,1,,0,25,0,0,0,0,1,4,2,7
,2018_51724,39.751191,-105.03459,6/13/2018 11:45,11:45,3,0,0,23RD AVENUE WEST & LOWELL BOULEVARD NORTH,1,1,0,0,1,1,,0,30,0,0,0,0,0,4,2,13
,2018_51725,39.751011,-104.903442,3/31/2018 11:02,11:02,3,0,0,23RD AVENUE EAST & QUEBEC STREET NORTH,1,1,0,0,1,1,,0,35,0,0,0,0,0,4,2,16
,2018_51726,39.751011,-104.903442,12/14/2018 11:23,11:23,1,0,0,23RD AVENUE EAST & QUEBEC STREET NORTH,1,1,0,0,1,1,,0,25,0,0,0,0,0,4,2,13
,2018_51727,39.750714,-104.9634315,4/10/2018 7:39,7:39,3,0,0,23RD AVENUE EAST & RACE STREET NORTH,1,1,0,0,1,1,,0,25,0,0,0,0,0,4,2,13
,2018_51728,39.750714,-104.96223,4/12/2018 17:15,17:15,3,0,0,23RD AVENUE EAST & VINE STREET NORTH,1,1,0,0,1,1,,0,25,0,0,0,0,0,4,4,1
,2018_51729,39.756681,-104.98779,10/7/2018 15:45,15:45,3,0,0,24TH STREET EAST & LARIMER STREET,1,1,0,0,1,1,,0,30,0,0,0,0,0,4,2,13
,2018_51730,39.750705,-104.9659425,7/10/2018 18:39,18:39,3,0,1,23RD AVENUE EAST & WILLIAMS STREET NORTH,1,1,0,0,1,1,,0,25,0,0,0,0,1,4,2,13
,2018_51731,39.758004,-104.9895405,10/15/2018 12:30,12:30,10,0,0,24TH STREET & BLAKE STREET,1,1,0,0,1,1,,0,25,0,0,0,0,0,4,2,13
,2018_51732,39.75642,-104.987421,8/21/2018 15:00,15:00,3,0,0,24TH STREET & BROADWAY STREET NORTH,2,1,0,1,1,1,,0,30,0,0,0,0,0,4,2,13
,2018_51733,39.75642,-104.987421,10/31/2018 10:07,10:07,15,0,0,24TH STREET & BROADWAY STREET NORTH,1,1,0,0,1,1,,0,25,0,0,0,0,0,4,2,13
,2018_51734,39.753999,-104.984289,4/28/2018 23:00,23:00,3,0,1,24TH STREET & CHAMPA STREET,1,3,0,0,1,1,,0,30,0,0,0,1,2,4,2,1
,2018_51735,39.756681,-104.98779,6/25/2018 18:44,18:44,1,0,0,24TH STREET & LARIMER STREET,1,1,0,0,1,1,,0,30,0,0,0,0,0,4,2,1
,2018_51736,39.755997,-104.986881,10/7/2018 13:30,13:30,3,0,1,24TH STREET & LAWRENCE STREET,1,3,0,1,1,1,,0,30,0,0,0,0,1,4,2,13
,2018_51737,39.753306,-104.9834205,3/22/2018 23:58,23:58,3,0,1,24TH STREET & STOUT STREET,1,3,0,0,1,1,,0,30,0,0,0,0,1,4,2,5
,2018_51738,39.753306,-104.9834205,8/28/2018 15:00,15:00,3,0,0,24TH STREET & STOUT STREET,1,1,0,0,1,1,,0,30,0,0,0,0,0,4,2,13
,2018_51739,39.751938,-104.9598,1/25/2018 17:53,17:53,12,0,0,24TH AVENUE EAST & YORK STREET NORTH,1,3,1,0,1,4,,0,30,0,0,0,0,0,4,5,1
,2018_51740,39.75462881,-104.9826556,5/29/2018 21:55,21:55,6,0,0,25TH STREET & 1200 BLOCK,1,3,0,0,1,4,,0,25,0,0,0,1,0,4,2,5
,2018_51741,39.75347003,-104.8971515,8/22/2018 17:00,17:00,6,0,0,25TH AVENUE & 1900 BLOCK EAST,1,1,0,0,1,4,,0,25,0,0,0,0,0,4,2,1
,2018_51742,39.75381,-104.8907295,9/11/2018 10:10,10:10,3,0,0,25TH AVENUE EAST & CENTRAL PARK BOULEVARD NORTH,1,1,0,0,1,1,,0,25,0,0,0,0,0,4,2,13
,2018_51743,39.75381,-104.8907295,12/16/2018 1:38,1:38,5,0,0,25TH DRIVE EAST & CENTRAL PARK BOULEVARD,1,3,0,0,3,1,,0,30,0,0,0,0,0,4,1,14
,2018_51744,39.753243,-104.975739,2/16/2018 15:04,15:04,3,0,0,25TH AVENUE EAST & EMERSON STREET NORTH,1,1,0,0,1,1,,0,25,0,0,0,0,0,4,2,1
,2018_51745,39.753243,-104.975739,8/23/2018 12:23,12:23,3,0,1,25TH AVENUE EAST & EMERSON STREET N,1,1,0,0,1,1,,0,25,0,0,0,0,1,4,4,13
,2018_51746,39.752235,-104.9795685,7/9/2018 8:45,8:45,3,0,0,25TH STREET & GLENARM PLACE,1,1,0,0,1,1,,0,25,0,0,0,0,0,4,2,7
,2018_51747,39.75489,-105.0159195,12/9/2018 0:11,0:11,5,0,0,26TH AVENUE WEST & ZUNI STREET NORTH,1,3,0,0,3,3,,0,25,0,0,0,0,0,4,1,5
,2018_51748,39.753189,-104.9647095,2/3/2018 17:22,17:22,6,0,0,25TH AVENUE EAST & HIGH STREET NORTH,1,2,0,0,1,4,,0,20,0,0,0,0,0,4,3,5
,2018_51749,39.753639,-105.0299505,5/8/2018 19:38,19:38,3,0,0,25TH AVENUE WEST & IRVING STREET NORTH,1,1,0,0,1,1,,0,25,0,0,0,0,0,4,2,13
,2018_51750,39.757617,-104.9865705,4/12/2018 18:00,18:00,6,0,0,25TH STREET & LARIMER STREET,1,2,0,0,1,4,,0,30,0,0,0,0,0,4,2,13
,2018_51751,39.757617,-104.9865705,10/11/2018 8:47,8:47,3,0,1,25TH STREET & LARIMER STREET,1,1,0,0,1,1,,0,20,0,0,0,0,1,4,2,13
,2018_51752,39.753387,-104.9069385,10/26/2018 6:49,6:49,3,0,0,25TH AVENUE & OLIVE STREET NORTH,1,2,0,0,1,1,,0,25,0,0,0,0,0,4,2,16
,2018_51753,39.752928,-104.9804685,1/23/2018 8:20,8:20,7,0,0,25TH STREET & WELTON STREET,5,1,0,0,1,1,,0,25,0,0,0,0,0,4,2,7
,2018_51754,39.752928,-104.9804685,2/23/2018 11:25,11:25,3,0,0,25TH STREET & WELTON STREET,1,1,0,0,1,1,,0,30,0,0,0,0,0,4,2,13
,2018_51755,39.752928,-104.9804685,6/20/2018 16:40,16:40,1,0,0,25TH STREET & WELTON STREET,1,1,0,0,1,1,,0,,0,0,0,0,0,4,2,13
,2018_51756,39.752928,-104.9804685,9/20/2018 17:00,17:00,1,0,1,25TH STREET & WELTON STREET,1,1,0,0,1,1,,0,25,0,0,0,0,1,4,2,1
,2018_51757,39.75652353,-104.9826823,10/20/2018 1:56,1:56,6,0,0,26TH STREET & 1300 BLOCK,1,3,0,0,1,4,,0,30,0,0,0,0,0,4,2,1
,2018_51758,39.75720095,-104.9836935,5/8/2018 7:36,7:36,15,0,0,26TH STREET 1100 BLOCK & 26TH STREET 1100 BLOCK,1,1,0,0,1,2,,0,25,0,0,0,0,0,4,2,1
,2018_51759,39.75467489,-104.8948115,5/7/2018 6:14,6:14,6,0,0,26TH AVENUE & 2800 BLOCK WEST,1,1,0,0,1,4,,0,,0,0,0,0,0,4,7,13
,2018_51760,39.754827,-105.0177825,2/5/2018 8:24,8:24,3,0,0,26TH AVENUE WEST & ALCOTT STREET NORTH,1,1,0,0,1,1,,0,35,0,0,0,0,0,4,2,14
,2018_51761,39.754818,-105.0205095,11/4/2018 13:15,13:15,3,0,0,26TH AVENUE WEST & CLAY STREET NORTH,1,1,0,0,1,1,,0,25,0,0,0,0,0,4,2,8
,2018_51762,39.754548,-104.973372,2/16/2018 7:55,7:55,8,0,0,26TH AVENUE EAST & DOWNING STREET NORTH,5,1,0,0,1,1,,0,30,0,0,0,0,0,4,2,13
,2018_51763,39.754548,-104.973372,10/31/2018 18:50,18:50,12,0,0,26TH AVENUE EAST & DOWNING STREET NORTH,1,3,0,0,1,1,,0,25,0,0,0,0,0,4,2,13
,2018_51764,39.754836,-105.023601,5/11/2018 7:43,7:43,3,0,0,26TH AVENUE WEST & ELIOT STREET NORTH,1,1,0,0,1,1,,0,25,0,0,0,0,0,4,2,14
,2018_51765,39.754836,-105.023601,5/14/2018 14:10,14:10,12,0,1,26TH AVENUE WEST & ELIOT STREET NORTH,1,1,1,0,1,1,,0,30,0,0,0,0,1,4,2,13
,2018_51766,39.754836,-105.023601,7/16/2018 8:08,8:08,3,0,0,26TH AVENUE WEST & ELIOT STREET NORTH,1,1,0,0,1,1,,0,25,0,0,0,0,0,4,2,13
,2018_51767,39.754692,-104.92938,1/3/2018 10:48,10:48,12,0,0,26TH AVENUE EAST & ELM STREET NORTH,1,1,0,0,1,1,,0,30,0,0,0,0,0,4,2,16
,2018_51768,39.754701,-104.9269905,11/9/2018 8:30,8:30,3,0,0,26TH AVENUE EAST & FOREST STREET NORTH,1,1,0,0,1,1,,0,20,0,0,0,0,0,4,2,7
,2018_51769,39.75489,-105.0159195,12/14/2018 0:57,0:57,5,0,0,26TH AVENUE WEST & ZUNI STREET NORTH,1,3,0,0,4,1,,0,25,0,0,0,0,0,4,1,1
,2018_51770,39.754458,-104.9610105,3/11/2018 15:03,15:03,3,0,1,26TH AVENUE EAST & GAYLORD STREET NORTH,1,1,0,0,1,1,,0,25,0,0,0,0,1,4,2,14
,2018_51771,39.754458,-104.9610105,3/20/2018 17:42,17:42,3,0,2,26TH AVENUE EAST & GAYLORD STREET NORTH,1,1,0,0,1,1,,0,25,0,0,0,0,1,4,2,1
,2018_51772,39.754458,-104.9610105,3/29/2018 7:40,7:40,3,0,1,26TH AVENUE EAST & GAYLORD STREET NORTH,2,1,0,2,1,1,,0,25,0,0,0,0,1,4,2,1
,2018_51773,39.754458,-104.9610105,4/2/2018 17:36,17:36,3,0,0,26TH AVENUE EAST & GAYLORD STREET NORTH,1,1,0,0,1,1,,0,25,0,0,0,0,0,4,3,13
,2018_51774,39.754458,-104.9610105,4/3/2018 18:02,18:02,6,0,0,26TH AVENUE EAST & GAYLORD STREET NORTH,1,1,0,0,1,1,,0,25,0,0,0,0,0,4,2,13
,2018_51775,39.754701,-104.92578,1/24/2018 12:40,12:40,3,0,0,26TH AVENUE EAST & GLENCOE STREET NORTH,1,1,0,0,1,1,,0,30,0,0,0,0,0,4,2,13
,2018_51776,39.754503,-104.9696235,9/19/2018 12:53,12:53,10,0,1,26TH AVENUE EAST & HUMBOLDT STREET NORTH,1,1,0,0,1,1,,0,30,0,0,0,0,1,4,2,1
,2018_51777,39.754827,-105.0299415,10/5/2018 10:54,10:54,12,0,0,26TH AVENUE WEST & IRVING STREET NORTH,1,1,0,0,1,1,,0,30,0,0,0,0,0,4,2,14
,2018_51778,39.75444,-104.942952,6/22/2018 7:13,7:13,12,0,0,26TH AVENUE & JACKSON STREET,1,1,0,0,1,1,,0,30,0,0,0,0,0,4,2,16
,2018_51779,39.754458,-104.9585805,5/9/2018 7:22,7:22,12,0,0,26TH AVENUE EAST & JOSEPHINE STREET NORTH,1,1,0,0,1,1,,0,30,0,0,0,0,0,4,2,3
,2018_51780,39.754494,-104.970879,12/16/2018 16:15,16:15,12,0,0,26TH AVENUE EAST & LAFAYETTE STREET NORTH,1,2,0,0,1,1,,0,25,0,0,0,0,0,4,2,13
,2018_51781,39.757887,-104.984469,2/22/2018 18:20,18:20,3,0,0,26TH STREET & LAWRENCE STREET,5,4,0,2,1,1,,0,,0,0,0,0,0,4,2,13
,2018_51782,39.757887,-104.984469,10/6/2018 9:59,9:59,3,0,0,26TH STREET WEST & LAWRENCE STREET,1,1,0,0,1,1,,0,30,0,0,0,0,0,4,2,14
,2018_51783,39.757887,-104.984469,12/7/2018 8:22,8:22,3,0,2,26TH STREET & LAWRENCE STREET,1,1,0,0,1,1,,0,30,0,0,0,0,1,4,2,13
,2018_51784,39.75471,-104.912829,1/2/2018 14:11,14:11,3,0,0,26TH AVENUE EAST & MONACO STREET NORTH,1,1,0,0,1,1,,0,30,0,0,0,0,0,4,2,3
,2018_51785,39.754872,-105.0393195,5/22/2018 13:24,13:24,5,0,1,26TH AVENUE WEST & PERRY STREET NORTH,1,1,1,0,3,1,,0,30,0,0,0,0,1,4,1,13
,2018_51786,39.75444,-104.949909,3/6/2018 15:16,15:16,1,0,0,26TH AVENUE EAST & STEELE STREET NORTH,1,1,0,0,1,1,,0,30,0,0,0,0,0,4,2,1
,2018_51787,39.75444,-104.949909,12/31/2018 11:10,11:10,12,0,0,26TH AVENUE EAST & STEELE STREET NORTH,5,1,1,2,1,1,,0,30,0,0,0,0,0,4,2,7
,2018_51788,39.754872,-105.042834,8/7/2018 16:55,16:55,12,0,0,26TH AVENUE WEST & STUART STREET NORTH,1,1,0,0,1,1,,0,30,0,0,0,0,0,4,2,13
,2018_51789,39.754458,-104.962221,4/10/2018 16:44,16:44,3,0,0,26TH AVENUE EAST & VINE STREET NORTH,1,1,0,0,1,1,,0,25,0,0,0,0,0,4,2,13
,2018_51790,39.759201,-104.9862105,1/10/2018 9:55,9:55,15,0,0,26TH STREET & WALNUT STREET,1,1,0,0,1,1,,0,30,0,0,0,0,0,4,2,7
,2018_51791,39.759201,-104.9862105,6/25/2018 14:33,14:33,3,0,0,26TH STREET & WALNUT STREET,1,1,0,0,1,1,,0,25,0,0,0,0,0,4,2,13
,2018_51792,39.753855,-104.9792715,4/30/2018 12:00,12:00,6,0,0,26TH STREET & WELTON STREET,1,1,0,0,1,1,,0,25,0,0,0,0,0,4,2,13
,2018_51793,39.754629,-104.978187,9/27/2018 15:37,15:37,3,0,0,26TH AVENUE EAST & WELTON STREET,1,1,0,0,1,1,,0,35,0,0,0,0,0,4,2,8
,2018_51794,39.753855,-104.9792715,12/29/2018 15:57,15:57,3,0,0,26TH STREET & WELTON STREET,1,2,0,0,1,1,,0,25,0,0,0,0,0,4,2,1
,2018_51795,39.754476,-104.9659515,4/15/2018 16:30,16:30,12,0,0,26TH AVENUE EAST & WILLIAMS STREET NORTH,1,1,0,0,1,1,,0,30,0,0,0,0,0,4,2,2
,2018_51796,39.754863,-105.0487515,4/6/2018 19:41,19:41,5,0,0,26TH AVENUE WEST & WOLFF STREET NORTH,2,3,0,2,3,4,,0,30,0,0,0,0,0,4,1,3
,2018_51797,39.754449,-104.9598,3/29/2018 15:15,15:15,15,0,0,26TH AVENUE EAST & YORK STREET NORTH,1,1,0,0,1,1,,1,30,0,0,0,0,0,4,2,13
,2018_51798,39.754449,-104.9598,4/23/2018 0:38,0:38,3,0,2,26TH AVENUE EAST & YORK STREET NORTH,1,3,0,0,1,1,,0,30,0,0,0,0,1,4,2,8
,2018_51799,39.754449,-104.9598,6/13/2018 12:51,12:51,12,0,1,26TH AVENUE EAST & YORK STREET NORTH,1,1,0,0,1,3,,0,30,0,0,0,0,1,4,2,13
,2018_51800,39.754449,-104.9598,6/22/2018 13:40,13:40,3,0,0,26TH AVENUE EAST & YORK STREET NORTH,1,1,0,0,1,1,,0,30,0,0,0,0,0,4,2,3
,2018_51801,39.754449,-104.9598,8/10/2018 15:33,15:33,3,0,0,26TH AVENUE EAST & YORK STREET NORTH,1,1,0,0,1,1,,0,30,0,0,0,0,0,4,2,16
,2018_51802,39.754449,-104.9598,9/24/2018 16:50,16:50,1,0,0,26TH AVENUE EAST & YORK STREET NORTH,1,1,0,0,1,1,,0,30,0,0,0,0,0,4,2,1
,2018_51803,39.756807,-104.9806395,9/15/2018 1:03,1:03,3,0,0,27TH STREET & CHAMPA STREET,1,3,0,0,1,1,,0,25,0,0,0,0,0,4,2,16
,2018_51804,39.756024,-105.0205095,10/15/2018 8:20,8:20,3,0,2,27TH AVENUE WEST & CLAY STREET NORTH,1,1,0,0,1,1,,0,25,0,0,0,0,1,4,2,13
,2018_51805,39.757464,-104.9815215,3/3/2018 16:00,16:00,3,0,0,27TH STREET & CURTIS STREET,1,1,0,0,1,1,,0,25,0,0,0,0,0,4,2,8
,2018_51806,39.757464,-104.9815215,7/23/2018 13:40,13:40,9,0,1,27TH STREET & CURTIS STREET,1,1,0,0,1,1,,0,25,0,0,0,0,1,4,2,14
,2018_51807,39.757464,-104.9815215,11/28/2018 13:21,13:21,3,0,2,27TH STREET & CURTIS STREET,1,1,0,0,1,1,,0,30,0,0,0,0,1,4,2,16
,2018_51808,39.756033,-105.022062,4/8/2018 16:00,16:00,6,0,0,27TH AVENUE 2800 BLOCK WEST & DECATUR STREET NORTH,1,1,0,0,1,4,,0,25,0,0,0,0,0,4,2,13
,2018_51809,39.756042,-105.0276105,7/30/2018 16:21,16:21,3,0,0,27TH AVENUE WEST & HAZEL COURT NORTH,1,1,1,0,1,1,,0,25,0,0,0,0,0,4,2,16
,2018_51810,39.760128,-104.9850315,10/10/2018 13:17,13:17,6,0,0,27TH STREET 1400 BLOCK & LARIMER / WALNUT ALLEY,1,1,0,0,1,5,,0,25,0,0,0,0,0,4,2,13
,2018_51811,39.759498,-104.9841405,10/17/2018 19:03,19:03,3,0,0,27TH STREET & LARIMER STREET,1,3,0,0,1,1,,0,30,0,0,0,0,0,4,2,14
,2018_51812,39.758823,-104.983272,8/29/2018 17:26,17:26,3,0,0,27TH STREET & LAWRENCE STREET,1,1,0,0,1,1,,0,25,0,0,0,0,0,4,2,16
,2018_51813,39.756132,-104.979771,4/13/2018 8:03,8:03,3,0,4,27TH STREET & STOUT STREET,1,1,0,0,1,1,,0,25,0,0,0,0,2,4,2,13
,2018_51814,39.760128,-104.9850315,1/12/2018 13:01,13:01,15,0,0,27TH STREET & WALNUT STREET,1,1,0,0,1,1,,0,30,0,0,0,0,0,4,2,13
,2018_51815,39.760128,-104.9850315,1/12/2018 21:45,21:45,10,0,0,27TH STREET & WALNUT STREET,1,3,0,0,1,1,,0,30,0,0,0,0,0,4,2,8
,2018_51816,39.756474,-105.014529,6/18/2018 11:46,11:46,3,0,1,27TH AVENUE WEST & WYANDOT STREET NORTH,1,1,0,0,1,1,,0,30,0,0,0,0,1,4,2,14
,2018_51817,39.755709,-104.9598,8/26/2018 11:34,11:34,6,0,0,27TH AVENUE 2300 BLOCK EAST & YORK STREET NORTH,1,1,0,0,1,3,,0,30,0,0,0,0,0,4,3,6
,2018_51818,39.755709,-104.9598,9/12/2018 13:51,13:51,12,0,0,27TH AVENUE EAST & YORK STREET NORTH,1,1,0,0,1,1,,0,25,0,0,0,0,0,4,2,13
,2018_51819,39.755709,-104.9598,12/10/2018 15:02,15:02,3,0,2,27TH AVENUE EAST & YORK STREET NORTH,1,1,0,0,1,1,,0,25,0,0,0,0,2,4,2,1
,2018_51820,39.75821851,-104.9800671,9/19/2018 17:45,17:45,3,0,0,28TH STREET & 1300 BLOCK,2,1,0,1,1,5,,0,15,0,0,0,0,0,4,2,13
,2018_51821,39.756384,-104.977692,2/11/2018 21:27,21:27,3,0,0,28TH STREET & CALIFORNIA STREET,1,3,0,0,1,1,,0,25,0,0,0,0,0,4,2,13
,2018_51822,39.756501,-104.9339115,7/23/2018 15:56,15:56,3,0,1,28TH AVENUE EAST & CHERRY STREET NORTH,2,1,0,1,1,1,,0,25,0,0,0,0,1,4,2,13
,2018_51823,39.757518,-104.8658625,9/27/2018 15:07,15:07,3,0,0,28TH PLACE EAST & HAVANA STREET NORTH,1,1,0,0,1,1,,0,25,0,0,0,0,0,4,2,13
,2018_51824,39.760425,-104.982948,3/2/2018 20:45,20:45,3,0,0,28TH STREET & LARIMER STREET,1,3,0,0,1,1,,0,25,0,0,0,0,0,4,2,1
,2018_51825,39.758418,-104.996151,5/19/2018 17:55,17:55,6,0,0,29TH AVENUE WEST & DELGANY STREET,1,2,0,0,1,1,,0,15,0,0,0,0,0,4,2,13
,2018_51826,39.75696,-104.9523975,4/13/2018 15:10,15:10,3,0,0,28TH AVENUE EAST & MILWAUKEE STREET NORTH,1,1,0,0,1,1,,0,25,0,0,0,0,0,4,2,7
,2018_51827,39.755988,-104.9033115,3/12/2018 14:22,14:22,12,0,1,28TH AVENUE EAST & QUEBEC STREET NORTH,1,1,0,0,1,1,,0,25,0,0,0,0,1,4,2,16
,2018_51828,39.755988,-104.9033115,4/28/2018 14:54,14:54,12,0,0,28TH AVENUE EAST & QUEBEC STREET NORTH,1,1,0,0,1,4,,0,20,0,0,0,0,0,4,2,13
,2018_51829,39.755988,-104.9033115,7/19/2018 17:36,17:36,12,0,0,28TH AVENUE EAST & QUEBEC STREET NORTH,1,1,0,0,1,1,,0,30,0,0,0,0,0,4,2,13
,2018_51830,39.760677,-104.98086,10/30/2018 15:51,15:51,3,0,0,29TH STREET & LAWRENCE STREET,1,1,0,0,1,1,,0,25,0,0,0,0,0,4,2,1
,2018_51831,39.755961,-104.8990005,2/7/2018 9:20,9:20,3,0,0,28TH AVENUE EAST & SYRACUSE STREET NORTH,1,1,0,0,1,1,,0,25,0,0,0,0,0,4,2,13
,2018_51832,39.755961,-104.8990005,9/29/2018 15:15,15:15,3,0,0,28TH AVENUE EAST & SYRACUSE STREET NORTH,1,1,0,0,1,1,,0,25,0,0,0,0,0,4,2,8
,2018_51833,39.755961,-104.8990005,11/24/2018 10:15,10:15,3,0,0,28TH AVENUE EAST & SYRACUSE STREET NORTH,1,1,0,6,1,1,,0,25,0,0,0,0,0,4,2,13
,2018_51834,39.7611,-104.9837895,10/24/2018 8:14,8:14,3,0,0,28TH STREET & WALNUT STREET,1,1,0,0,1,1,,0,25,0,0,0,0,0,4,2,14
,2018_51835,39.756969,-104.959791,10/3/2018 16:23,16:23,1,0,0,28TH AVENUE EAST & YORK STREET NORTH,1,1,0,0,1,1,,0,30,0,0,0,0,0,4,2,1
,2018_51836,39.75836644,-104.9214109,1/25/2018 7:59,7:59,6,0,0,29TH AVENUE EAST & 7300 BLOCK,1,1,0,0,1,4,,0,25,0,0,0,0,0,4,2,13
,2018_51837,39.758283,-104.9394195,7/13/2018 18:40,18:40,12,0,1,29TH AVENUE EAST & ALBION STREET NORTH,1,1,0,0,1,1,,0,30,0,0,0,1,1,4,2,13
,2018_51838,39.758283,-104.9394195,7/20/2018 13:36,13:36,3,0,0,29TH AVENUE EAST & ALBION STREET NORTH,1,1,0,0,1,1,,0,30,0,0,0,0,0,4,2,13
,2018_51839,39.759327,-104.9790915,9/29/2018 16:43,16:43,3,0,0,29TH STREET & CURTIS STREET,1,1,0,0,1,1,,0,25,0,0,0,0,0,4,2,16
,2018_51840,39.758463,-105.0220485,1/6/2018 15:00,15:00,3,0,0,29TH AVENUE WEST & DECATUR STREET NORTH,1,1,0,0,1,1,,0,25,0,0,0,0,0,4,2,8
,2018_51841,39.75822,-104.9733585,3/11/2018 3:09,3:09,5,0,0,29TH AVENUE EAST & DOWNING STREET NORTH,1,3,0,0,3,1,,0,35,0,0,0,0,0,4,1,16
,2018_51842,39.75822,-104.9733585,9/17/2018 15:03,15:03,3,0,0,29TH AVENUE EAST & DOWNING STREET NORTH,1,1,0,0,1,1,,0,30,0,0,0,0,0,4,2,14
,2018_51843,39.75822,-104.9733585,9/24/2018 18:21,18:21,12,0,0,29TH AVENUE EAST & DOWNING STREET NORTH,1,1,0,0,1,1,,0,30,0,0,0,0,0,4,2,16
,2018_51844,39.75822,-104.9733585,10/21/2018 1:50,1:50,5,0,0,29TH AVENUE EAST & DOWNING STREET NORTH,1,3,0,0,3,1,,0,30,0,0,0,0,0,4,1,1
,2018_51845,39.758364,-104.928219,12/29/2018 17:50,17:50,3,0,0,29TH AVENUE EAST & FAIRFAX STREET NORTH,1,3,0,0,1,1,,0,25,0,0,0,0,0,4,2,1
,2018_51846,39.75849,-105.0252795,8/11/2018 23:02,23:02,12,0,0,29TH AVENUE WEST & FEDERAL BOULEVARD NORTH,1,3,0,0,1,3,,0,35,0,0,0,0,0,4,2,13
,2018_51847,39.758364,-104.9269905,6/21/2018 12:32,12:32,3,0,0,29TH AVENUE EAST & FOREST STREET NORTH,1,1,0,0,1,1,,0,25,0,0,0,0,0,4,2,7
,2018_51848,39.758859,-104.867721,3/31/2018 14:27,14:27,10,0,0,29TH DRIVE EAST & GENEVA COURT NORTH,1,1,0,0,1,2,,0,35,0,0,0,0,0,4,2,3
,2018_51849,39.758499,-105.026841,11/4/2018 13:00,13:00,12,0,0,29TH AVENUE WEST & GROVE STREET NORTH,1,1,0,0,1,3,,0,30,0,0,0,0,0,4,3,13
,2018_51850,39.758814,-104.86305,1/11/2018 21:38,21:38,3,0,0,29TH DRIVE EAST & HAVANA STREET NORTH,1,3,0,0,1,1,,0,35,0,0,0,0,0,4,2,14