id,drcog_id,latitude,longitude,crashtime,time,crashtype,numbkilled,numbinjurd,drcoglocat,rdconditin,lightngcon,roadcntgrd,weatherco,location,roaddescrp,schoolzone,constrzone,splimit,bikeinv,pedinv,sctrinv,motoinv,svrty,rdsystem,ttlvehcls,hcf
,2018_52694,39.72730822,-104.9703761,9/26/2018 2:00,2:00,5,0,0,SEVENTH AVENUE & 4300 BLOCK WEST,1,4,0,0,2,4,,0,25,0,0,0,0,0,4,1,13
,2018_52695,39.727332,-104.948379,2/27/2018 18:21,18:21,12,0,0,SEVENTH AVENUE EAST & ADAMS STREET NORTH,1,3,1,0,1,3,,0,25,0,0,0,0,0,4,2,12
,2018_52696,39.727305,-104.97294,2/22/2018 5:55,5:55,5,0,0,SEVENTH AVENUE EAST & DOWNING STREET NORTH,1,2,0,0,2,1,,0,30,0,0,0,0,0,4,1,5
,2018_52697,39.727287,-104.9694705,12/29/2018 22:21,22:21,3,0,0,SEVENTH AVENUE EAST & HUMBOLDT STREET NORTH,1,3,0,0,1,1,,0,30,0,0,0,0,0,4,2,7
,2018_52698,39.727296,-104.9975595,4/26/2018 20:01,20:01,6,0,0,SEVENTH AVENUE WEST & INCA STREET NORTH,1,2,0,0,1,5,,0,,0,0,0,0,0,4,2,13
,2018_52699,39.727296,-104.9975595,6/28/2018 13:53,13:53,3,0,0,SEVENTH AVENUE WEST & INCA STREET NORTH,1,1,0,0,1,1,,0,25,0,0,0,0,0,4,2,14
,2018_52700,39.727323,-105.0002235,2/7/2018 15:10,15:10,3,0,0,SEVENTH AVENUE WEST & KALAMATH STREET NORTH,1,1,1,0,1,1,,0,30,0,0,0,0,0,4,2,16
,2018_52702,39.727323,-105.0002235,12/18/2018 8:23,8:23,3,0,1,SEVENTH AVENUE WEST & KALAMATH STREET NORTH,1,1,0,0,1,1,,0,30,0,0,0,0,1,4,2,14
,2018_52703,39.727269,-104.986152,6/7/2018 23:50,23:50,3,0,2,SEVENTH AVENUE EAST & LINCOLN STREET NORTH,1,3,0,0,1,1,,0,30,0,0,0,0,2,4,2,16
,2018_52704,39.727323,-105.001632,6/15/2018 11:35,11:35,3,0,0,SEVENTH AVENUE WEST & LIPAN STREET NORTH,1,1,0,0,1,1,,0,25,0,0,0,0,0,4,2,14
,2018_52705,39.728232,-105.036201,9/14/2018 17:55,17:55,3,0,0,SEVENTH AVENUE WEST & MEADE STREET NORTH,1,1,0,0,1,1,,0,25,0,0,0,0,0,4,2,1
,2018_52706,39.727269,-104.979951,5/18/2018 9:30,9:30,3,0,0,SEVENTH AVENUE EAST & PEARL STREET NORTH,1,1,0,0,1,2,,0,25,0,0,0,0,0,4,2,14
,2018_52707,39.728241,-105.039459,11/20/2018 7:57,7:57,3,0,0,SEVENTH AVENUE WEST & PERRY STREET NORTH,1,1,0,0,1,1,,0,35,0,0,0,0,0,4,2,14
,2018_52708,39.726882,-104.904612,7/5/2018 17:24,17:24,3,0,0,SEVENTH AVENUE EAST & POPLAR STREET NORTH,1,1,0,0,1,1,,0,25,0,0,0,0,0,4,2,4
,2018_52709,39.727089,-104.9636295,6/9/2018 16:47,16:47,12,0,0,SEVENTH AVENUE EAST & RACE STREET NORTH,1,1,0,0,1,1,,0,30,0,0,0,0,0,4,2,13
,2018_52710,39.72726,-104.978799,8/26/2018 14:50,14:50,15,0,0,SEVENTH AVENUE EAST & WASHINGTON STREET NORTH,1,1,1,0,1,1,,0,30,0,0,0,0,0,4,2,16
,2018_52711,39.72726,-104.978799,12/5/2018 7:07,7:07,3,0,0,SEVENTH AVENUE EAST & WASHINGTON STREET NORTH,1,1,1,0,1,1,,0,30,0,0,0,0,0,4,2,3
,2018_52712,39.729114,-104.988852,10/24/2018 9:11,9:11,15,0,0,EIGHTH AVENUE WEST & ACOMA STREET NORTH,1,1,1,0,1,1,,0,30,0,0,0,0,0,4,2,16
,2018_52713,39.72908073,-104.9712008,1/4/2018 10:15,10:15,12,0,0,EIGHTH AVENUE EAST & 200 BLOCK,1,1,1,0,1,3,,0,30,0,0,0,0,0,4,2,13
,2018_52714,39.72919337,-104.9138565,3/16/2018 16:30,16:30,15,0,0,EIGHTH AVENUE & 6400 BLOCK EAST EIGHTH AVENUE,1,1,0,0,1,4,,0,30,0,0,0,0,0,4,2,7
,2018_52715,39.729087,-104.987412,1/19/2018 21:25,21:25,3,0,0,EIGHTH AVENUE EAST & BROADWAY NORTH,1,3,0,0,1,1,,0,35,0,0,0,0,0,4,2,13
,2018_52716,39.729087,-104.987412,1/20/2018 16:15,16:15,3,0,0,EIGHTH AVENUE WEST & BROADWAY NORTH,1,2,0,0,1,1,,0,35,0,0,0,0,0,4,2,13
,2018_52717,39.729087,-104.987412,2/3/2018 14:30,14:30,10,0,0,EIGHTH AVENUE & BROADWAY NORTH,1,1,0,0,1,1,,0,30,0,0,0,0,0,4,2,13
,2018_52718,39.729087,-104.987412,2/16/2018 12:05,12:05,10,0,0,EIGHTH AVENUE EAST & BROADWAY STREET NORTH,2,1,0,0,1,1,,0,30,0,0,0,0,0,4,2,13
,2018_52719,39.729087,-104.987412,3/15/2018 9:20,9:20,3,0,2,EIGHTH AVENUE EAST & BROADWAY NORTH,1,1,0,0,1,1,,0,30,0,0,0,0,2,4,2,13
,2018_52720,39.729087,-104.987412,4/10/2018 0:08,0:08,3,0,1,EIGHTH AVENUE EAST & BROADWAY NORTH,1,3,0,0,1,1,,0,30,0,0,0,0,1,4,2,13
,2018_52721,39.729087,-104.987412,5/8/2018 11:43,11:43,12,0,1,EIGHTH AVENUE EAST & BROADWAY NORTH,1,1,0,0,1,1,,0,30,0,0,0,0,1,4,2,13
,2018_52722,39.729087,-104.987412,5/20/2018 1:06,1:06,3,0,0,EIGHTH AVENUE EAST & BROADWAY STREET NORTH,1,3,0,0,1,1,,0,30,0,0,0,0,0,4,2,13
,2018_52723,39.729087,-104.987412,7/2/2018 18:06,18:06,10,0,0,EIGHTH AVENUE EAST & BROADWAY NORTH,1,1,0,0,1,1,,0,25,0,0,0,0,0,4,2,13
,2018_52724,39.729087,-104.987412,7/8/2018 13:19,13:19,3,0,1,EIGHTH AVENUE EAST & BROADWAY NORTH,1,1,0,0,1,1,,0,30,0,0,0,0,2,4,2,13
,2018_52725,39.729087,-104.987412,9/7/2018 14:08,14:08,15,0,0,EIGHTH AVENUE EAST & BROADWAY STREET NORTH,1,1,0,0,1,1,,0,30,0,0,0,0,0,4,2,16
,2018_52726,39.729087,-104.987412,10/1/2018 16:22,16:22,15,0,0,EIGHTH AVENUE EAST & BROADWAY STREET NORTH,1,1,0,0,1,3,,0,35,0,0,0,0,0,4,2,13
,2018_52727,39.72933,-105.0192315,5/14/2018 14:37,14:37,1,0,0,EIGHTH AVENUE WEST & BRYANT STREET NORTH,1,1,0,0,1,1,,0,35,0,0,0,0,0,4,2,16
,2018_52728,39.72933,-105.0197985,2/2/2018 14:15,14:15,3,0,0,EIGHTH AVENUE WEST & CANOSA COURT NORTH,1,1,0,0,1,1,,0,30,0,0,0,0,0,4,2,13
,2018_52729,39.72916131,-104.9683343,12/29/2018 16:23,16:23,12,0,0,EIGHTH AVENUE 1599 EAST & CHEESEMAN PARK BATHROOMS,1,4,0,0,1,4,,0,,0,0,0,0,0,4,2,13
,2018_52730,39.729222,-104.933988,12/13/2018 6:23,6:23,12,0,0,EIGHTH AVENUE EAST & CHERRY STREET NORTH,1,2,0,0,1,1,,0,30,0,0,0,0,0,4,2,1
,2018_52731,39.72906,-104.9775795,6/4/2018 20:38,20:38,3,0,0,EIGHTH AVENUE EAST & CLARKSON STREET NORTH,1,2,0,0,1,1,,0,30,0,0,0,0,0,4,2,13
,2018_52732,39.729123,-104.957892,9/25/2018 18:22,18:22,3,0,0,EIGHTH AVENUE EAST & COLUMBINE STREET NORTH,1,2,0,0,1,1,,0,30,0,0,0,0,0,4,2,13
,2018_52733,39.729069,-104.97411,11/27/2018 19:31,19:31,3,0,0,EIGHTH AVENUE EAST & CORONA STREET NORTH,1,3,0,0,1,1,,0,35,0,0,0,0,0,4,2,13
,2018_52734,39.729231,-104.931612,10/22/2018 18:32,18:32,3,0,0,EIGHTH AVENUE EAST & DAHLIA STREET NORTH,1,3,0,0,1,1,,0,25,0,0,0,0,0,4,2,1
,2018_52735,39.729312,-105.02172,3/15/2018 11:30,11:30,14,0,0,EIGHTH AVENUE WEST & DECATUR STREET NORTH,1,1,0,0,1,1,,0,30,0,0,0,0,0,4,2,16
,2018_52736,39.729312,-105.02172,6/5/2018 8:47,8:47,1,0,0,EIGHTH AVENUE WEST & DECATUR STREET NORTH,1,1,0,0,1,1,,0,30,0,0,0,0,0,4,2,14
,2018_52737,39.728943,-104.9928615,1/5/2018 16:30,16:30,3,0,0,EIGHTH AVENUE WEST & DELAWARE STREET NORTH,1,1,0,0,1,1,,0,25,0,0,0,0,0,4,2,13
,2018_52738,39.728943,-104.9928615,2/2/2018 17:00,17:00,3,0,0,EIGHTH AVENUE WEST & DELAWARE STREET NORTH,1,1,0,0,1,1,,0,30,0,0,0,0,0,4,2,1
,2018_52739,39.728943,-104.9928615,2/10/2018 17:08,17:08,5,0,0,EIGHTH AVENUE WEST & DELAWARE STREET NORTH,2,1,0,2,1,1,,0,5,0,0,0,0,0,4,2,13
,2018_52740,39.728943,-104.9928615,10/7/2018 20:44,20:44,10,0,0,EIGHTH AVENUE WEST & DELAWARE STREET NORTH,2,3,0,1,1,1,,0,35,0,0,0,0,0,4,2,7
,2018_52741,39.728934,-104.994072,2/8/2018 9:26,9:26,10,0,0,EIGHTH AVENUE WEST & ELATI STREET NORTH,1,1,0,0,1,1,,0,30,0,0,0,0,0,4,2,13
,2018_52742,39.729231,-104.929398,11/16/2018 10:20,10:20,3,0,1,EIGHTH AVENUE EAST & ELM STREET NORTH,1,1,0,0,1,1,,0,25,0,0,0,0,2,4,2,7
,2018_52743,39.729231,-104.9283,9/7/2018 9:55,9:55,3,0,0,EIGHTH AVENUE EAST & FAIRFAX STREET NORTH,1,1,0,0,1,1,,0,30,0,0,0,0,0,4,2,7
,2018_52744,39.729231,-104.9271885,4/22/2018 0:23,0:23,6,0,0,EIGHTH AVENUE EAST & FOREST STREET NORTH,1,3,0,0,1,3,,0,30,0,0,0,0,0,4,2,13
,2018_52745,39.728907,-104.996439,9/27/2018 14:43,14:43,15,0,0,EIGHTH AVENUE WEST & GALAPAGO STREET NORTH,1,1,0,0,1,1,,0,30,0,0,0,0,0,4,2,13
,2018_52746,39.729123,-104.9439825,8/31/2018 22:30,22:30,12,0,0,EIGHTH AVENUE EAST & GARFIELD STREET NORTH,1,3,0,0,1,1,,0,35,0,0,0,0,0,4,2,3
,2018_52747,39.729078,-104.9836095,5/18/2018 21:11,21:11,15,0,0,EIGHTH AVENUE & GRANT STREET,1,3,0,0,1,1,,0,35,0,0,0,0,0,4,3,16
,2018_52748,39.729078,-104.9836095,11/1/2018 19:37,19:37,15,0,0,EIGHTH AVENUE EAST & GRANT STREET NORTH,1,3,0,0,1,1,,0,30,0,0,0,0,0,4,2,4
,2018_52749,39.729078,-104.9836095,12/6/2018 6:59,6:59,3,0,0,EIGHTH AVENUE EAST & GRANT STREET NORTH,1,3,0,0,1,1,,0,25,0,0,0,0,0,4,2,14
,2018_52750,39.729249,-104.9250105,4/7/2018 20:30,20:30,12,0,0,EIGHTH AVENUE EAST & GRAPE STREET NORTH,1,3,0,0,1,1,,0,30,0,0,0,0,0,4,3,16
,2018_52751,39.729123,-104.9418495,7/27/2018 14:28,14:28,3,0,1,EIGHTH AVENUE EAST & HARRISON STREET,1,1,0,1,1,1,,0,20,0,0,0,0,1,4,2,13
,2018_52752,39.729123,-104.9418495,12/3/2018 13:38,13:38,3,0,0,EIGHTH AVENUE EAST & HARRISON STREET NORTH,1,1,0,0,1,1,,0,25,0,0,0,0,0,4,2,8
,2018_52753,39.72924,-104.922801,2/9/2018 17:45,17:45,12,0,0,EIGHTH AVENUE EAST & HOLLY STREET NORTH,1,3,3,2,1,1,,0,30,0,0,0,0,0,4,2,16
,2018_52754,39.72924,-104.922801,6/13/2018 20:04,20:04,1,0,0,EIGHTH AVENUE EAST & HOLLY STREET NORTH,1,1,0,0,1,1,,0,30,0,0,0,0,0,4,2,1
,2018_52755,39.72924,-104.922801,6/30/2018 14:39,14:39,12,0,0,EIGHTH AVENUE EAST & HOLLY STREET NORTH,1,1,0,0,1,1,,0,30,0,0,0,0,0,4,2,13
,2018_52756,39.72924,-104.923899,3/6/2018 17:30,17:30,15,0,0,EIGHTH AVENUE EAST & HUDSON STREET NORTH,1,2,1,0,1,1,,0,35,0,0,0,0,0,4,3,1
,2018_52757,39.728898,-104.997582,6/29/2018 16:39,16:39,3,0,0,EIGHTH AVENUE WEST & INCA STREET NORTH,1,1,3,0,1,1,,0,25,0,0,0,0,0,4,2,13
,2018_52758,39.728898,-104.997582,11/19/2018 21:07,21:07,3,0,1,EIGHTH AVENUE WEST & INCA STREET NORTH,1,3,0,0,1,1,,0,30,0,0,0,0,1,4,2,5
,2018_52759,39.729312,-105.0300675,4/16/2018 23:23,23:23,5,0,0,EIGHTH AVENUE WEST & IRVING STREET NORTH,1,3,1,0,3,1,,0,25,0,0,0,0,0,4,1,9
,2018_52760,39.729258,-104.920551,3/20/2018 7:36,7:36,3,0,1,EIGHTH AVENUE EAST & IVY STREET NORTH,1,1,0,0,1,1,,0,30,0,0,0,0,1,4,3,13
,2018_52761,39.729123,-104.9429115,1/8/2018 15:54,15:54,10,0,0,EIGHTH AVENUE EAST & JACKSON STREET NORTH,1,1,0,0,1,1,,0,30,0,0,0,0,0,4,2,8
,2018_52762,39.729258,-104.9183595,10/13/2018 11:30,11:30,3,0,0,EIGHTH AVENUE EAST & JASMINE STREET NORTH,1,1,1,0,1,1,,0,25,0,0,0,0,0,4,2,8
,2018_52763,39.729123,-104.959071,3/5/2018 19:28,19:28,3,0,0,EIGHTH AVENUE EAST & JOSEPHINE STREET NORTH,1,3,0,0,1,1,,0,30,0,0,0,0,0,4,2,1
,2018_52764,39.729123,-104.959071,3/5/2018 19:48,19:48,3,0,0,EIGHTH AVENUE EAST & JOSEPHINE STREET NORTH,1,3,0,0,1,1,,0,30,0,0,0,0,0,4,2,14
,2018_52765,39.729294,-105.032511,6/20/2018 9:02,9:02,10,0,0,EIGHTH AVENUE WEST & KNOX COURT NORTH,1,1,0,0,1,3,,0,25,0,0,0,0,0,4,2,8
,2018_52766,39.729123,-104.959071,7/14/2018 21:30,21:30,3,0,0,EIGHTH AVENUE EAST & JOSEPHINE STREET NORTH,1,3,0,0,1,1,,0,30,0,0,0,0,0,4,2,13
,2018_52767,39.729123,-104.959071,7/29/2018 12:26,12:26,3,0,1,EIGHTH AVENUE EAST & JOSEPHINE STREET NORTH,1,1,0,0,1,1,,0,30,0,0,0,0,1,4,2,14
,2018_52768,39.729123,-104.959071,8/18/2018 5:40,5:40,3,0,0,EIGHTH AVENUE EAST & JOSEPHINE STREET NORTH,1,1,0,0,1,1,,0,30,0,0,0,0,0,4,2,16
,2018_52769,39.729123,-104.959071,12/2/2018 10:35,10:35,3,0,0,EIGHTH AVENUE EAST & JOSEPHINE STREET NORTH,1,1,0,0,1,1,,0,30,0,0,0,0,0,4,2,13
,2018_52770,39.728952,-105.0001785,2/10/2018 11:50,11:50,12,0,0,EIGHTH AVENUE WEST & KALAMATH STREET NORTH,10,1,0,2,1,1,,0,35,0,0,0,0,0,4,2,13
,2018_52771,39.728952,-105.0001785,6/24/2018 0:35,0:35,15,0,0,EIGHTH AVENUE WEST & KALAMATH STREET NORTH,1,3,0,0,1,1,,0,35,0,0,0,0,0,4,2,13
,2018_52772,39.728952,-105.0001785,8/13/2018 16:45,16:45,3,0,0,EIGHTH AVENUE WEST & KALAMATH STREET NORTH,1,1,0,0,1,1,,0,35,0,0,0,0,0,4,2,16
,2018_52773,39.728952,-105.0001785,9/13/2018 15:24,15:24,15,0,0,EIGHTH AVENUE WEST & KALAMATH STREET NORTH,1,1,0,0,1,4,,0,,0,0,0,0,0,4,2,13
,2018_52774,39.728952,-105.0001785,9/26/2018 19:15,19:15,3,0,0,EIGHTH AVENUE WEST & KALAMATH STREET NORTH,1,2,0,0,1,1,,0,35,0,0,0,0,0,4,2,7
,2018_52775,39.728952,-105.0001785,10/9/2018 7:18,7:18,15,0,0,EIGHTH AVENUE WEST & KALAMATH STREET NORTH,2,1,0,1,1,3,,0,35,0,0,0,0,0,4,2,14
,2018_52776,39.728952,-105.0001785,11/2/2018 18:18,18:18,5,0,0,EIGHTH AVENUE WEST & KALAMATH STREET NORTH,1,3,0,0,2,4,,0,35,0,0,0,0,0,4,1,5
,2018_52777,39.729258,-104.917248,2/1/2018 8:36,8:36,3,0,0,EIGHTH AVENUE EAST & KEARNEY STREET NORTH,1,1,0,0,1,1,,0,30,0,0,0,0,0,4,2,13
,2018_52778,39.729087,-104.9706,2/2/2018 14:45,14:45,3,0,2,EIGHTH AVENUE EAST & LAFAYETTE STREET NORTH,1,1,0,0,1,1,,0,25,0,0,0,0,2,4,2,13
,2018_52779,39.729087,-104.9706,2/27/2018 14:46,14:46,3,0,0,EIGHTH AVENUE EAST & LAFAYETTE STREET NORTH,1,1,0,0,1,1,,0,30,0,0,0,0,0,4,2,13
,2018_52780,39.729087,-104.9706,6/30/2018 0:50,0:50,3,0,0,EIGHTH AVENUE EAST & LAFAYETTE STREET NORTH,1,3,0,0,1,1,,0,30,0,0,0,0,0,4,2,13
,2018_52781,39.729087,-104.986152,4/2/2018 12:36,12:36,15,0,0,EIGHTH AVENUE EAST & LINCOLN AVENUE NORTH,1,1,0,0,1,1,,0,25,0,0,0,0,0,4,2,14
,2018_52782,39.729087,-104.986152,4/16/2018 8:46,8:46,15,0,0,EIGHTH AVENUE EAST & LINCOLN STREET NORTH,1,1,0,0,1,1,,0,25,0,0,0,0,0,4,2,14
,2018_52783,39.729087,-104.986152,4/16/2018 9:11,9:11,5,0,0,EIGHTH AVENUE EAST & LINCOLN STREET NORTH,1,1,0,0,3,1,,0,25,0,0,0,0,0,4,1,10
,2018_52784,39.729087,-104.986152,10/27/2018 23:00,23:00,15,0,0,EIGHTH AVENUE EAST & LINCOLN STREET NORTH,1,3,0,0,1,1,,0,30,0,0,0,0,0,4,2,8
,2018_52785,39.728961,-105.001623,8/9/2018 17:11,17:11,3,0,0,EIGHTH AVENUE WEST & LIPAN STREET NORTH,1,1,0,0,1,1,,0,25,0,0,0,0,0,4,2,13
,2018_52786,39.728961,-105.001623,11/14/2018 17:43,17:43,3,0,0,EIGHTH AVENUE WEST & LIPAN STREET NORTH,1,3,0,0,1,1,,0,25,0,0,0,0,0,4,2,1
,2018_52787,39.729267,-104.9139315,1/3/2018 16:45,16:45,3,0,0,EIGHTH AVENUE EAST & LOCUST STREET NORTH,1,3,0,0,1,1,,0,30,0,0,0,0,0,4,2,7
,2018_52788,39.729267,-104.9139315,4/20/2018 15:04,15:04,3,0,0,EIGHTH AVENUE EAST & LOCUST STREET NORTH,1,1,0,0,1,1,,0,25,0,0,0,0,0,4,2,1
,2018_52789,39.729267,-104.9139315,6/7/2018 16:51,16:51,3,0,1,EIGHTH AVENUE EAST & LOCUST STREET NORTH,1,1,0,0,1,1,,0,25,0,0,0,0,1,4,2,13
,2018_52790,39.729267,-104.9139315,11/14/2018 15:59,15:59,3,0,1,EIGHTH AVENUE EAST & LOCUST STREET NORTH,1,1,0,0,1,1,,0,25,0,0,0,0,1,4,2,1
,2018_52791,39.729078,-104.982399,6/26/2018 13:21,13:21,10,0,0,EIGHTH AVENUE EAST & LOGAN STREET NORTH,1,1,0,0,1,1,,0,25,0,0,0,0,0,4,2,13
,2018_52792,39.729069,-104.971761,10/11/2018 17:20,17:20,3,0,0,EIGHTH AVENUE EAST & MARION STREET NORTH,2,1,0,1,1,1,,0,25,0,0,0,0,0,4,2,16
,2018_52793,39.728943,-105.0028425,3/6/2018 7:57,7:57,3,0,0,EIGHTH AVENUE WEST & MARIPOSA STREET NORTH,1,1,0,0,1,1,,0,25,0,0,0,0,0,4,2,13
,2018_52794,39.728943,-105.0028425,6/18/2018 8:00,8:00,3,0,0,EIGHTH AVENUE WEST & MARIPOSA STREET NORTH,1,1,0,0,1,1,,0,35,0,0,0,0,0,4,2,14
,2018_52795,39.728943,-105.0028425,11/30/2018 22:12,22:12,3,0,0,EIGHTH AVENUE WEST & MARIPOSA STREET NORTH,2,3,0,0,1,1,,0,30,0,0,0,0,0,4,2,8
,2018_52796,39.728907,-104.9986395,3/12/2018 23:07,23:07,3,0,0,EIGHTH AVENUE WEST & SANTA FE DRIVE NORTH,1,3,0,0,1,1,,0,30,0,0,0,0,0,4,2,12
,2018_52797,39.729276,-104.912811,3/3/2018 11:10,11:10,12,0,0,EIGHTH AVENUE EAST & MONACO PARKWAY NORTH,1,1,0,0,1,3,,0,30,0,0,0,0,0,4,4,7
,2018_52798,39.729321,-105.0159285,6/14/2018 13:17,13:17,3,0,0,EIGHTH AVENUE WEST & ZUNI STREET NORTH,1,1,0,0,1,1,,0,35,0,0,0,0,0,4,2,13
,2018_52799,39.729276,-104.9093505,1/15/2018 13:45,13:45,1,0,0,EIGHTH AVENUE EAST & NEWPORT STREET NORTH,2,1,0,2,1,1,,0,25,0,0,0,0,0,4,2,13
,2018_52800,39.729078,-104.9752395,3/15/2018 21:23,21:23,1,0,0,EIGHTH AVENUE EAST & OGDEN STREET NORTH,2,3,0,1,1,1,,0,25,0,0,0,0,0,4,2,13
,2018_52801,39.72408872,-105.0055906,8/22/2018 17:25,17:25,8,0,2,EIGHTH AVENUE WEST & OSAGE STREET NORTH,1,2,1,0,1,4,,0,35,0,0,0,0,2,4,3,1
,2018_52802,39.729051,-104.98113,5/28/2018 16:27,16:27,15,0,0,EIGHTH AVENUE EAST & PENNSYLVANIA STREET NORTH,1,1,0,0,1,4,,0,35,0,0,0,0,0,4,2,13
,2018_52803,39.729051,-104.98113,9/4/2018 17:33,17:33,12,0,0,EIGHTH AVENUE EAST & PENNSYLVANIA STREET NORTH,1,1,0,0,1,1,,0,35,0,0,0,0,0,4,3,13
,2018_52804,39.729267,-104.903469,5/11/2018 11:15,11:15,12,0,1,EIGHTH AVENUE EAST & QUEBEC STREET NORTH,1,1,1,0,1,1,,0,30,0,0,0,0,1,4,3,15
,2018_52805,39.729267,-104.903469,10/30/2018 19:01,19:01,3,0,0,EIGHTH AVENUE EAST & QUEBEC STREET NORTH,2,1,0,2,1,1,,0,25,0,0,0,0,0,4,2,13
,2018_52806,39.728907,-104.9986395,1/15/2018 10:25,10:25,6,0,0,EIGHTH AVENUE WB 800 BLOCK WEST & SANTA FE DRIVE NORTH,5,1,0,2,1,4,,0,35,0,0,0,0,0,4,2,14
,2018_52807,39.728907,-104.9986395,7/1/2018 8:05,8:05,3,0,4,EIGHTH AVENUE WEST & SANTA FE DRIVE NORTH,1,1,0,0,1,1,,0,35,0,0,0,0,2,4,3,13
,2018_52808,39.728907,-104.9986395,7/4/2018 18:22,18:22,3,0,1,EIGHTH AVENUE WEST & SANTA FE DRIVE NORTH,1,1,0,0,1,1,,0,30,0,0,0,0,1,4,2,3
,2018_52809,39.728907,-104.9986395,7/7/2018 9:56,9:56,3,0,0,EIGHTH AVENUE WEST & SANTA FE DRIVE NORTH,1,1,0,0,1,1,,0,30,0,0,0,0,0,4,2,13
,2018_52810,39.728907,-104.9986395,12/27/2018 14:05,14:05,3,0,1,EIGHTH AVENUE WEST & SANTA FE DRIVE NORTH,1,1,0,0,1,1,,0,0,0,0,0,0,2,4,2,1
,2018_52811,39.729078,-104.9848605,1/16/2018 16:28,16:28,15,0,0,EIGHTH AVENUE EAST & SHERMAN STREET NORTH,1,1,0,0,1,1,,0,25,0,0,0,0,0,4,2,13
,2018_52812,39.729078,-104.9848605,8/10/2018 12:54,12:54,12,0,0,EIGHTH AVENUE EAST & SHERMAN STREET NORTH,1,1,0,0,1,1,,0,35,0,0,0,0,0,4,2,13
,2018_52813,39.728943,-104.9906115,1/19/2018 15:25,15:25,3,0,0,EIGHTH AVENUE WEST & SPEER BOULEVARD NORTH,1,1,0,0,1,1,,0,30,0,0,0,0,0,4,2,16
,2018_52814,39.728943,-104.9906115,1/28/2018 23:48,23:48,3,0,0,EIGHTH AVENUE WEST & SPEER BOULEVARD NORTH,1,3,0,0,1,1,,0,35,0,0,0,0,0,4,2,13
,2018_52815,39.728943,-104.9906115,2/21/2018 10:38,10:38,3,0,0,EIGHTH AVENUE WEST & SPEER BOULEVARD NORTH,1,1,0,0,1,1,,0,35,0,0,0,0,0,4,4,1
,2018_52816,39.728943,-104.9906115,4/5/2018 10:02,10:02,3,0,1,EIGHTH AVENUE WEST & SPEER BOULEVARD NORTH,1,1,0,0,1,1,,0,30,0,0,0,0,1,4,3,13
,2018_52817,39.728943,-104.9906115,5/15/2018 17:36,17:36,15,0,0,EIGHTH AVENUE WEST & SPEER BOULEVARD,1,1,0,0,1,1,,0,30,0,0,0,0,0,4,2,16
,2018_52818,39.728943,-104.9906115,5/22/2018 22:08,22:08,3,0,0,EIGHTH AVENUE WEST & SPEER BOULEVARD,1,3,0,0,1,1,,0,35,0,0,0,0,0,4,2,8
,2018_52819,39.730518,-105.0001695,11/2/2018 18:31,18:31,12,0,0,NINTH AVENUE WEST & KALAMATH STREET NORTH,1,3,0,0,1,1,,0,30,0,0,0,0,0,4,2,1
,2018_52820,39.728943,-104.9906115,7/20/2018 15:20,15:20,15,0,0,EIGHTH AVENUE WEST & SPEER BOULEVARD NORTH,1,1,0,0,1,1,,0,30,0,0,0,0,0,4,2,13
,2018_52821,39.728943,-104.9906115,10/17/2018 16:17,16:17,15,0,0,EIGHTH AVENUE WEST & SPEER BOULEVARD NORTH,1,1,1,0,1,1,,0,30,0,0,0,0,0,4,2,13
,2018_52822,39.728943,-104.9906115,10/25/2018 0:34,0:34,3,0,4,EIGHTH AVENUE WEST & SPEER BOULEVARD NORTH,1,3,0,0,1,1,,0,35,0,0,0,0,1,4,2,13
,2018_52823,39.728943,-104.9906115,12/24/2018 13:30,13:30,3,0,0,EIGHTH AVENUE WEST & SPEER BOULEVARD,1,1,0,0,1,1,,0,30,0,0,0,0,0,4,3,13
,2018_52824,39.728943,-104.9906115,12/29/2018 9:52,9:52,3,0,3,EIGHTH AVENUE WEST & SPEER BOULEVARD,1,1,0,0,1,1,,0,30,0,0,0,0,2,4,2,13
,2018_52825,39.728943,-104.9906115,12/30/2018 2:37,2:37,3,0,0,EIGHTH AVENUE WEST & SPEER BOULEVARD,1,3,0,0,1,1,,0,35,0,0,0,0,0,4,2,7
,2018_52826,39.72987,-104.898771,2/4/2018 9:17,9:17,5,0,0,EIGHTH AVENUE EAST & SYRACUSE STREET NORTH,1,3,0,0,4,1,,0,25,0,0,0,0,0,4,1,13
,2018_52827,39.729249,-105.012072,2/7/2018 8:25,8:25,12,0,0,EIGHTH AVENUE BRIDGE WEST & UMATILLA STREET,1,1,1,0,1,4,,0,45,0,0,0,0,0,4,2,14
,2018_52828,39.729321,-105.0132105,8/13/2018 17:15,17:15,12,0,0,EIGHTH AVENUE WEST & VALLEJO STREET NORTH,1,1,0,0,1,1,,0,30,0,0,0,0,0,4,2,3
,2018_52829,39.729069,-104.9787495,3/9/2018 12:53,12:53,10,0,0,EIGHTH AVENUE EAST & WASHINGTON STREET NORTH,1,1,0,0,1,1,,0,30,0,0,0,0,0,4,2,1
,2018_52830,39.72933,-105.013989,2/16/2018 12:54,12:54,3,0,0,EIGHTH AVENUE WEST & WYANDOT STREET NORTH,1,1,1,0,1,1,,0,30,0,0,0,0,0,4,2,13
,2018_52831,39.72933,-105.013989,3/15/2018 10:34,10:34,3,0,0,EIGHTH AVENUE WEST & WYANDOT STREET NORTH,1,1,0,0,1,1,,0,30,0,0,0,0,0,4,2,14