id,drcog_id,latitude,longitude,crashtime,time,crashtype,numbkilled,numbinjurd,drcoglocat,rdconditin,lightngcon,roadcntgrd,weatherco,location,roaddescrp,schoolzone,constrzone,splimit,bikeinv,pedinv,sctrinv,motoinv,svrty,rdsystem,ttlvehcls,hcf
,2018_52832,39.729123,-104.960232,1/4/2018 8:50,8:50,3,0,0,EIGHTH AVENUE EAST & YORK STREET NORTH,1,1,0,0,1,1,,0,30,0,0,0,0,0,4,2,13
,2018_52833,39.729123,-104.960232,3/31/2018 9:12,9:12,3,0,0,EIGHTH AVENUE EAST & YORK STREET NORTH,1,1,0,0,1,1,,0,30,0,0,0,0,0,4,2,13
,2018_52834,39.729123,-104.960232,9/21/2018 21:29,21:29,3,0,0,EIGHTH AVENUE EAST & YORK STREET NORTH,1,3,1,0,1,1,,0,30,0,0,0,0,0,4,2,12
,2018_52835,39.729321,-105.0159285,4/16/2018 14:39,14:39,3,0,1,EIGHTH AVENUE WEST & ZUNI STREET NORTH,1,1,0,0,1,1,,0,30,0,0,0,0,2,4,2,13
,2018_52836,39.73109623,-105.0205033,6/19/2018 13:40,13:40,6,0,0,NINTH AVENUE 2700 BLOCK WEST & 2700 BLOCK WEST,1,1,0,0,1,4,,0,25,0,0,0,0,0,4,2,7
,2018_52837,39.73044424,-104.9731854,9/18/2018 7:17,7:17,15,0,0,NINTH AVENUE & 3900 BLOCK EAST,1,1,0,1,1,4,,0,25,0,0,0,0,0,4,2,13
,2018_52838,39.730428,-104.987394,4/3/2018 7:04,7:04,3,0,1,NINTH AVENUE WEST & BROADWAY,1,1,0,0,1,1,,0,30,0,0,0,0,2,4,2,3
,2018_52839,39.730428,-104.987394,9/13/2018 8:00,8:00,13,0,0,NINTH AVENUE WEST & BROADWAY STREET NORTH,1,1,1,0,1,1,,0,25,0,0,0,0,0,4,2,7
,2018_52840,39.730437,-104.977602,9/12/2018 18:14,18:14,3,0,5,NINTH AVENUE EAST & CLARKSON STREET NORTH,1,2,0,0,1,1,,0,30,0,0,0,0,1,4,3,3
,2018_52841,39.730437,-104.977602,9/30/2018 11:30,11:30,3,0,0,NINTH AVENUE EAST & CLARKSON STREET NORTH,1,1,0,0,1,1,,0,30,0,0,0,0,0,4,2,16
,2018_52842,39.730473,-104.970627,11/13/2018 23:00,23:00,6,0,0,NINTH AVENUE EAST & LAFAYETTE STREET NORTH,5,3,0,2,1,4,,0,25,0,0,0,0,0,4,2,13
,2018_52843,39.731022,-104.93514,6/22/2018 10:30,10:30,12,0,0,NINTH AVENUE EAST & CLERMONT STREET NORTH,1,1,0,0,1,4,,0,30,0,0,0,0,0,4,3,7
,2018_52844,39.730437,-104.974101,3/14/2018 20:58,20:58,15,0,0,NINTH AVENUE EAST & CORONA STREET NORTH,1,3,0,0,1,1,,0,25,0,0,0,0,0,4,2,14
,2018_52845,39.73104,-104.931612,11/6/2018 16:19,16:19,3,0,0,NINTH AVENUE EAST & DAHLIA STREET NORTH,1,1,0,0,1,1,,0,25,0,0,0,0,0,4,2,1
,2018_52846,39.731175,-105.021711,7/19/2018 18:27,18:27,3,0,0,NINTH AVENUE WEST & DECATUR STREET NORTH,1,1,0,0,1,1,,0,25,0,0,0,0,0,4,2,8
,2018_52847,39.73104,-104.932782,4/26/2018 9:40,9:40,6,0,0,NINTH AVENUE 4600 BLOCK EAST & DEXTER STREET NORTH,1,2,0,0,1,3,,0,20,0,0,0,0,0,4,2,13
,2018_52848,39.730509,-104.952879,7/31/2018 14:41,14:41,3,0,0,NINTH AVENUE EAST & FILLMORE STREET NORTH,1,1,0,0,1,1,,0,25,0,0,0,0,0,4,2,3
,2018_52849,39.730509,-104.9592105,12/4/2018 8:01,8:01,3,0,0,NINTH AVENUE EAST & JOSEPHINE STREET NORTH,1,1,1,0,1,1,,0,25,0,0,0,0,0,4,2,3
,2018_52850,39.730518,-105.0001695,2/8/2018 16:41,16:41,3,0,0,NINTH AVENUE WEST & KALAMATH STREET NORTH,1,1,0,0,1,1,,0,25,0,0,0,0,0,4,2,13
,2018_52851,39.730518,-105.0001695,4/12/2018 15:30,15:30,3,0,0,NINTH AVENUE WEST & KALAMATH STREET NORTH,1,1,0,0,1,1,,0,30,0,0,0,0,0,4,3,7
,2018_52852,39.731121,-105.0321195,1/29/2018 7:54,7:54,3,0,0,NINTH AVENUE WEST & KNOX COURT NORTH,1,1,0,0,1,1,,0,35,0,0,0,0,0,4,2,14
,2018_52853,39.731121,-105.0321195,8/19/2018 19:34,19:34,3,0,2,NINTH AVENUE WEST & KNOX COURT NORTH,1,2,1,0,1,1,,0,25,0,0,0,0,1,4,2,13
,2018_52854,39.730446,-104.9823315,2/16/2018 10:09,10:09,12,0,0,NINTH AVENUE EAST & LOGAN STREET NORTH,5,1,0,2,1,1,,0,30,0,0,0,0,0,4,2,7
,2018_52855,39.730446,-104.9823315,11/29/2018 13:56,13:56,5,0,0,NINTH AVENUE EAST & LOGAN STREET NORTH,1,1,0,0,2,3,,0,,0,0,0,0,0,4,1,13
,2018_52856,39.730482,-104.912811,7/17/2018 8:15,8:15,12,0,0,NINTH AVENUE EAST & MONACO STREET NORTH,1,1,0,0,1,1,,0,35,0,0,0,0,0,4,2,13
,2018_52857,39.738357,-104.954148,11/6/2018 12:10,12:10,3,0,0,14TH AVENUE EAST & DETROIT STREET NORTH,1,1,0,0,1,1,,0,35,0,0,0,0,0,4,2,13
,2018_52858,39.730437,-104.9752485,2/6/2018 11:19,11:19,3,0,0,NINTH AVENUE EAST & OGDEN STREET NORTH,1,1,0,0,1,1,,0,25,0,0,0,0,0,4,2,14
,2018_52859,39.730428,-104.9799285,12/10/2018 15:10,15:10,3,0,2,NINTH AVENUE EAST & PEARL STREET NORTH,1,1,1,0,1,1,,0,25,0,0,0,0,1,4,2,2
,2018_52860,39.730428,-104.9811615,12/24/2018 1:30,1:30,6,0,0,NINTH AVENUE 600 BLOCK & PENNSYLVANIA STREET NORTH,1,3,0,0,1,4,,0,30,0,0,0,0,0,4,2,5
,2018_52861,39.730509,-104.998671,12/19/2018 8:05,8:05,1,0,0,NINTH AVENUE WEST & SANTA FE DRIVE NORTH,1,1,0,0,1,1,,0,25,0,0,0,0,0,4,2,13
,2018_52862,39.730428,-104.9787405,10/16/2018 8:57,8:57,10,0,0,NINTH AVENUE EAST & WASHINGTON STREET NORTH,1,1,0,0,1,1,,0,30,0,0,0,0,0,4,2,13
,2018_52863,39.74553,-105.00687,4/17/2018 9:30,9:30,3,0,0,NINTH STREET & WALNUT STREET,1,1,0,0,1,3,,0,10,0,0,0,0,0,4,2,13
,2018_52864,39.718161,-105.026328,12/4/2018 9:13,9:13,15,0,0,FIRST AVENUE WEST & GROVE STREET NORTH,1,1,0,0,1,1,,0,30,0,0,0,0,0,4,2,7
,2018_52865,39.718206,-104.952222,11/26/2018 21:19,21:19,3,0,1,FIRST AVENUE EAST & MILWAUKEE STREET NORTH,1,3,0,0,1,1,,0,30,0,0,0,0,1,4,2,13
,2018_52866,39.718143,-105.0396885,12/3/2018 19:45,19:45,1,0,0,FIRST AVENUE WEST & PERRY STREET NORTH,1,3,0,0,1,1,,0,35,0,0,0,0,0,4,2,3
,2018_52867,39.738492,-105.052059,11/13/2018 10:48,10:48,15,0,0,14TH AVENUE WEST & ZENOBIA STREET NORTH,1,1,0,0,1,1,,0,30,0,0,0,0,0,4,2,13
,2018_52868,39.72411,-104.9546115,11/3/2018 10:20,10:20,3,0,1,FIFTH AVENUE EAST & DETROIT STREET NORTH,2,1,1,0,1,1,,0,25,0,0,0,0,1,4,2,13
,2018_52869,39.724506,-105.032502,11/17/2018 15:36,15:36,3,0,0,FIFTH AVENUE WEST & KNOX COURT NORTH,2,1,1,2,1,1,,0,20,0,0,0,0,0,4,2,1
,2018_52870,39.727287,-104.982381,12/3/2018 8:30,8:30,15,0,0,SEVENTH AVENUE EAST & LOGAN STREET NORTH,1,1,0,0,1,1,,0,30,0,0,0,0,0,4,2,13
,2018_52871,39.738357,-104.958702,11/12/2018 18:41,18:41,3,0,0,14TH AVENUE EAST & JOSEPHINE STREET NORTH,1,3,0,0,1,1,,0,30,0,0,0,0,0,4,2,13
,2018_52872,39.728943,-104.9928615,11/7/2018 15:48,15:48,15,0,0,EIGHTH AVENUE WEST & DELAWARE STREET NORTH,1,2,0,0,1,3,,0,35,0,0,0,0,0,4,2,7
,2018_52873,39.729078,-104.9836095,11/10/2018 20:46,20:46,10,0,0,EIGHTH AVENUE EAST & GRANT STREET NORTH,1,3,1,0,1,1,,0,30,0,0,0,0,0,4,2,8
,2018_52874,39.729087,-104.986152,11/7/2018 7:22,7:22,15,0,0,EIGHTH AVENUE EAST & LINCOLN STREET NORTH,1,1,0,0,1,1,,0,30,0,0,0,0,0,4,2,14
,2018_52875,39.729321,-105.03513,11/11/2018 22:30,22:30,5,0,0,EIGHTH AVENUE WEST & LOWELL BOULEVARD NORTH,5,3,0,2,3,1,,0,25,0,0,0,0,0,4,1,7
,2018_52876,39.728943,-104.9906115,12/10/2018 15:26,15:26,3,0,0,EIGHTH AVENUE WEST & SPEER BOULEVARD,1,1,0,0,1,1,,0,30,0,0,0,0,0,4,2,8
,2018_52877,39.730428,-104.9873895,11/28/2018 11:17,11:17,12,0,2,NINTH AVENUE EAST & BROADWAY NORTH,1,1,1,0,1,1,,0,25,0,0,0,0,1,4,3,14
,2018_52878,39.735153,-104.982318,12/12/2018 0:00,0:00,3,0,0,12TH AVENUE EAST & LOGAN STREET NORTH,1,1,0,0,1,1,,0,25,0,0,0,0,0,4,2,13
,2018_52879,39.734361,-105.0356115,11/12/2018 9:21,9:21,5,0,0,12TH AVENUE WEST & NEWTON STREET NORTH,4,1,0,2,4,3,,0,25,0,0,0,0,0,4,1,14
,2018_52880,39.736764,-104.947272,11/2/2018 22:04,22:04,10,0,0,13TH AVENUE EAST & COOK STREET NORTH,1,3,0,0,1,1,,0,30,0,0,0,0,0,4,2,8
,2018_52881,39.736872,-104.9941215,12/7/2018 14:48,14:48,5,0,0,13TH AVENUE WEST & ELATI STREET NORTH,1,1,0,0,1,1,,0,25,0,0,0,0,0,4,1,14
,2018_52882,39.736746,-104.941818,11/6/2018 12:28,12:28,10,0,0,13TH AVENUE EAST & HARRISON STREET NORTH,1,1,0,0,1,1,,0,30,0,0,0,0,0,4,2,8
,2018_52883,39.736872,-104.971851,11/30/2018 15:20,15:20,10,0,0,13TH AVENUE EAST & MARION STREET NORTH,1,2,1,0,1,1,,0,30,0,0,0,0,0,4,2,13
,2018_52884,39.736836,-104.912811,11/27/2018 17:14,17:14,3,0,0,13TH AVENUE EAST & MONACO STREET NORTH,1,3,0,0,1,1,,0,30,0,0,0,0,0,4,2,14
,2018_52885,39.736872,-104.9964795,11/8/2018 10:25,10:25,15,0,0,13TH AVENUE WEST & SPEER BOULEVARD,1,1,0,0,1,1,,0,30,0,0,0,0,0,4,2,13
,2018_52886,39.73833,-104.9139405,11/9/2018 17:43,17:43,10,0,0,14TH AVENUE EAST & LOCUST STREET NORTH,1,3,0,0,1,1,,0,30,0,0,0,0,0,4,2,8
,2018_52887,39.738672,-104.908131,11/16/2018 16:40,16:40,3,0,2,14TH AVENUE EAST & ONEIDA STREET NORTH,1,2,0,0,1,1,,0,30,0,0,0,0,1,4,2,1
,2018_52888,39.738672,-104.908131,11/26/2018 16:56,16:56,12,0,1,14TH AVENUE EAST & ONEIDA STREET NORTH,1,1,0,0,1,4,,0,30,0,0,0,0,1,4,2,13
,2018_52889,39.738438,-104.9799105,11/3/2018 10:02,10:02,6,0,0,14TH AVENUE EAST & PEARL STREET NORTH,1,1,0,0,1,1,,0,25,0,0,0,0,0,4,2,14
,2018_52890,39.738483,-105.0393195,11/6/2018 18:12,18:12,3,0,0,14TH AVENUE WEST & PERRY STREET NORTH,1,3,0,0,1,1,,0,25,0,0,0,0,0,4,2,13
,2018_52891,39.73869,-104.9011515,11/5/2018 11:02,11:02,15,0,0,14TH AVENUE EAST & ROSLYN STREET NORTH,1,1,0,0,1,1,,0,35,0,0,0,0,0,4,2,13
,2018_52892,39.738456,-104.9976405,11/17/2018 16:45,16:45,3,0,0,14TH AVENUE WEST & SPEER BOULEVARD NORTHBOUND,2,3,0,2,1,1,,0,30,0,0,0,0,0,4,3,7
,2018_52893,39.74328,-104.9861115,11/5/2018 10:20,10:20,10,0,0,17TH AVENUE EAST & LINCOLN STREET NORTH,1,1,1,0,1,1,,0,25,0,0,0,0,0,4,2,13
,2018_52894,39.743757,-104.90814,12/13/2018 17:30,17:30,3,0,0,17TH AVENUE EAST & ONEIDA STREET NORTH,1,3,0,0,1,1,,0,35,0,0,0,0,0,4,2,14
,2018_52895,39.744828,-104.9672205,11/25/2018 11:20,11:20,10,0,1,18TH AVENUE EAST & GILPIN STREET NORTH,2,1,0,0,1,1,,0,30,0,0,0,0,2,4,2,8
,2018_52896,39.746187,-104.9861025,11/3/2018 0:01,0:01,3,0,0,19TH AVENUE EAST & LINCOLN STREET NORTH,1,3,0,0,1,1,,0,30,0,0,0,0,0,4,2,13
,2018_52897,39.745629,-104.903478,11/26/2018 18:44,18:44,3,0,0,19TH AVENUE EAST & QUEBEC STREET NORTH,2,3,0,0,1,1,,0,30,0,0,0,0,0,4,2,1
,2018_52898,39.747564,-105.034581,11/20/2018 8:25,8:25,10,0,0,20TH AVENUE WEST & LOWELL BOULEVARD NORTH,1,1,0,0,1,1,,0,25,0,0,0,0,0,4,2,13
,2018_52899,39.746934,-104.959809,11/17/2018 0:42,0:42,6,0,0,20TH AVENUE EAST & YORK STREET NORTH,1,3,0,0,1,1,,0,35,0,0,0,0,0,4,2,5
,2018_52900,39.750741,-104.9769585,11/9/2018 8:47,8:47,3,0,0,23RD AVENUE EAST & CLARKSON STREET NORTH,1,1,0,0,1,1,,0,25,0,0,0,0,0,4,3,13
,2018_52901,39.751047,-104.9128605,12/11/2018 15:53,15:53,15,0,0,23RD AVENUE EAST & MONACO STREET NORTH,1,3,0,0,1,1,,0,30,0,0,0,0,0,4,3,1
,2018_52902,39.75347003,-104.8971515,12/11/2018 11:21,11:21,12,0,0,25TH AVENUE & 1000 BLOCK EAST ALLEY,1,1,0,0,1,5,,0,30,0,0,0,0,0,4,2,13
,2018_52903,39.757248,-105.0205095,11/2/2018 18:39,18:39,3,0,0,28TH AVENUE WEST & CLAY STREET NORTH,1,3,0,0,1,1,,0,25,0,0,0,0,0,4,2,13
,2018_52904,39.76032045,-105.0331567,11/25/2018 11:30,11:30,6,0,0,30TH AVENUE & 2000 BLOCK WEST,5,1,1,0,1,4,,0,25,0,0,0,0,0,4,2,13
,2018_52905,39.762108,-105.0300315,12/1/2018 17:20,17:20,12,0,0,32ND AVENUE WEST & IRVING STREET NORTH,1,3,0,0,1,1,,0,30,0,0,0,0,0,4,2,13
,2018_52906,39.76381263,-104.9170929,11/8/2018 6:52,6:52,15,0,0,33RD AVENUE & 7200 BLOCK EAST,1,1,0,0,1,2,,0,25,0,0,0,0,0,4,2,8
,2018_52907,39.763233,-104.9318415,11/16/2018 7:42,7:42,15,0,0,33RD AVENUE EAST & DAHLIA STREET NORTH,1,1,0,0,1,1,,0,30,0,0,0,0,0,4,2,13
,2018_52908,39.763827,-104.905782,12/11/2018 9:00,9:00,3,0,0,33RD AVENUE EAST & PONTIAC STREET NORTH,1,1,0,0,1,1,,0,30,0,0,0,0,0,4,2,1
,2018_52909,39.763827,-104.903451,11/27/2018 16:17,16:17,3,0,0,33RD AVENUE EAST & QUEBEC STREET NORTH,1,1,0,0,1,1,,0,35,0,0,0,0,0,4,2,13
,2018_52910,39.765771,-104.972121,11/28/2018 8:07,8:07,6,0,0,35TH AVENUE 1300 BLOCK EAST & MARION STREET NORTH,1,1,0,0,1,4,,0,25,0,0,0,0,0,4,2,3
,2018_52911,39.765636,-105.01119,11/8/2018 8:08,8:08,3,0,0,35TH AVENUE WEST & TEJON STREET NORTH,1,1,0,0,1,1,,0,30,0,0,0,0,0,4,2,13
,2018_52912,39.76843577,-104.8882947,12/10/2018 13:42,13:42,6,0,0,37TH AVENUE & 11900 BLOCK EAST,1,1,0,0,1,4,,0,30,0,0,0,0,0,4,2,13
,2018_52913,39.7928105,-104.9486986,2/23/2018 12:06,12:06,6,0,0,ADAMS STREET & 5397 NORTH,1,1,0,0,1,2,,0,,0,0,0,0,0,4,2,13
,2018_52914,39.76924488,-104.9176145,11/25/2018 10:02,10:02,14,0,0,38TH AVENUE & 4400 BLOCK WEST,5,1,0,0,1,3,,0,35,0,0,0,0,0,4,2,7
,2018_52915,39.76924488,-104.9176145,11/26/2018 19:33,19:33,5,0,0,38TH AVENUE & 12775 BLOCK EAST,1,3,0,0,2,4,,0,30,0,0,0,0,0,4,1,1
,2018_52916,39.769506,-105.0381315,11/6/2018 17:43,17:43,15,0,0,38TH AVENUE WEST & OSCEOLA STREET NORTH,1,3,0,0,1,1,,0,35,0,0,0,0,0,4,2,13
,2018_52917,39.769281,-105.0147,11/5/2018 18:08,18:08,6,0,1,38TH AVENUE WEST & WYANDOT STREET NORTH,1,1,0,0,1,4,,0,35,0,0,0,0,1,4,4,5
,2018_52918,39.772881,-104.96592,11/14/2018 10:15,10:15,1,0,0,40TH AVENUE EAST & WILLIAMS STREET NORTH,1,1,0,0,1,1,,0,30,0,0,0,0,0,4,2,1
,2018_52919,39.772773,-104.768811,11/14/2018 7:09,7:09,3,0,0,41ST AVENUE EAST & ANDES WAY NORTH,1,1,0,0,1,1,,0,25,0,0,0,0,0,4,2,3
,2018_52920,39.774285,-105.002973,11/30/2018 15:25,15:25,6,0,0,42ND AVENUE WEST & MARIPOSA STREET NORTH,1,1,0,0,1,1,,0,20,0,0,0,0,0,4,2,1
,2018_52921,39.776589,-104.8263885,12/1/2018 0:46,0:46,3,0,0,44TH AVENUE EAST & DEL RIO COURT NORTH,2,3,0,4,1,1,,0,25,0,0,0,0,0,4,2,1
,2018_52922,39.776679,-105.0287715,12/11/2018 10:32,10:32,3,0,0,44TH AVENUE WEST & HOOKER STREET NORTH,1,1,0,0,1,1,,0,25,0,0,0,0,0,4,2,13
,2018_52923,39.782439,-104.863284,11/13/2018 15:30,15:30,3,0,0,47TH AVENUE EAST & IRONTON STREET NORTH,1,1,0,0,1,1,,0,35,0,0,0,0,0,4,2,7
,2018_52924,39.782394,-104.8470885,12/1/2018 13:32,13:32,1,0,0,47TH AVENUE EAST & PEORIA STREET NORTH,1,1,0,0,1,1,,0,45,0,0,0,0,0,4,2,7
,2018_52925,39.784077,-104.9900805,11/5/2018 15:49,15:49,1,0,0,48TH AVENUE WEST & WARNER PLACE WEST,1,1,0,0,1,1,,0,35,0,0,0,0,0,4,2,13
,2018_52926,39.783798,-104.9593005,11/29/2018 9:00,9:00,3,0,0,48TH AVENUE EAST & YORK STREET NORTH,1,1,0,0,1,1,,0,30,0,0,0,0,0,4,2,13
,2018_52927,39.789585,-104.8308525,12/10/2018 8:30,8:30,3,0,0,51ST AVENUE EAST & XANADU STREET NORTH,1,1,0,0,1,1,,0,25,0,0,0,0,0,4,2,14
,2018_52928,39.790998,-104.94513,11/18/2018 9:21,9:21,3,0,0,52ND AVENUE EAST & MONROE STREET NORTH APPROXIMATELY,1,1,0,0,1,2,,0,25,0,0,0,0,0,4,2,13
,2018_52929,39.790269,-104.809779,12/2/2018 20:20,20:20,15,0,0,53RD AVENUE EAST & CHAMBERS ROAD NORTH,1,1,0,0,1,1,,0,45,0,0,0,0,0,4,2,14
,2018_52930,39.796308,-104.8472595,11/16/2018 11:40,11:40,3,0,0,55TH AVENUE EAST & PEORIA STREET NORTH,1,1,0,0,1,1,,0,25,0,0,0,0,0,4,2,13
,2018_52931,39.825144,-104.691519,11/6/2018 10:40,10:40,3,0,1,71ST AVENUE EAST & JACKSON GAP STREET NORTH,1,1,1,0,1,1,,0,,0,0,0,0,1,4,2,13
,2018_52932,39.83202,-104.71554,11/8/2018 13:04,13:04,14,0,0,75TH AVENUE EAST & GUN CLUB ROAD NORTH,1,1,0,0,1,1,,0,35,0,0,0,0,0,4,2,13
,2018_52933,39.838032,-104.7097305,11/26/2018 15:20,15:20,3,0,0,78TH AVENUE EAST & CALAWBA COURT NORTH,1,1,0,0,1,1,,0,25,0,0,0,0,0,4,2,8
,2018_52935,39.718359,-104.9891715,1/3/2018 16:04,16:04,3,0,1,ACOMA STREET NORTH & FIRST AVENUE WEST,1,2,0,0,1,1,,0,25,0,0,0,0,1,4,2,13
,2018_52936,39.718359,-104.9891715,4/15/2018 11:59,11:59,3,0,1,ACOMA STREET NORTH & FIRST AVENUE WEST,1,1,0,0,1,1,,0,20,0,0,0,0,1,4,2,8
,2018_52937,39.78668933,-104.9887194,7/24/2018 15:40,15:40,6,0,0,ACOMA STREET & 2300 BLOCK SOUTH,1,1,0,0,1,4,,0,25,0,0,0,0,0,4,2,3
,2018_52938,39.78668933,-104.9887194,9/10/2018 15:05,15:05,6,0,0,ACOMA STREET & 2387 SOUTH,1,2,0,0,1,4,,0,15,0,0,0,0,0,4,2,13
,2018_52939,39.720933,-104.9891895,9/4/2018 16:13,16:13,3,0,1,ACOMA STREET NORTH & THIRD AVENUE WEST,1,1,1,0,1,1,,0,25,0,0,0,0,1,4,2,8
,2018_52940,39.729114,-104.988852,10/25/2018 11:40,11:40,3,0,0,ACOMA STREET NORTH & EIGHTH AVENUE WEST,1,1,0,0,1,1,,0,30,0,0,0,0,0,4,2,16
,2018_52941,39.680316,-104.9888115,5/22/2018 9:38,9:38,3,0,1,ACOMA STREET SOUTH & ASBURY AVENUE WEST,1,1,0,0,1,1,,0,25,0,0,0,1,1,4,2,13
,2018_52942,39.687588,-104.98878,2/8/2018 16:37,16:37,12,0,0,ACOMA STREET SOUTH & IOWA AVENUE WEST,1,1,0,0,1,1,,0,25,0,0,0,0,0,4,2,13
,2018_52943,39.682107,-104.9888115,11/9/2018 15:28,15:28,3,0,0,ACOMA STREET SOUTH & JEWELL AVENUE WEST,1,1,0,0,1,1,,0,25,0,0,0,0,0,4,2,1
,2018_52944,39.685779,-104.988762,7/25/2018 17:34,17:34,3,0,0,ACOMA STREET SOUTH & MEXICO AVENUE WEST,1,1,0,0,1,1,,0,25,0,0,0,0,0,4,2,16
,2018_52945,39.736746,-104.948379,4/17/2018 9:41,9:41,3,0,0,ADAMS STREET NORTH & 13TH AVENUE EAST,1,1,0,0,1,1,,0,30,0,0,0,0,0,4,2,14
,2018_52946,39.7928105,-104.9486986,7/14/2018 19:17,19:17,6,0,0,ADAMS STREET & 1500 BLOCK NORTH,1,2,0,0,1,3,,0,30,0,0,0,0,0,4,2,14
,2018_52947,39.786183,-104.9487615,7/22/2018 21:29,21:29,3,0,1,ADAMS STREET NORTH & BEEKMAN PLACE EAST,2,3,0,0,1,1,,0,25,0,0,0,0,1,4,2,1
,2018_52948,39.676581,-104.949378,9/20/2018 8:45,8:45,3,0,0,ADAMS STREET SOUTH & WARREN AVENUE EAST,1,1,0,0,1,1,,0,25,0,0,0,0,0,4,2,13
,2018_52949,39.78386319,-104.7945905,2/25/2018 19:05,19:05,3,0,0,AIRPORT WAY NORTH & GREEN VALLEY RANCH BOULEVARD,1,1,0,0,1,1,,0,35,0,0,0,0,0,4,2,1
,2018_52950,39.764997,-104.8836195,3/21/2018 7:22,7:22,12,0,1,AKRON STREET NORTH & 35TH AVENUE EAST,1,1,0,0,1,1,,0,25,0,0,0,0,1,4,2,13
,2018_52951,39.711123,-104.9678932,6/16/2018 0:55,0:55,15,0,0,ALAMEDA PARKWAY 18300 WEST & 18300 WEST,1,4,0,0,1,1,,0,,0,0,0,0,0,4,2,13
,2018_52952,39.711123,-104.9678932,9/9/2018 21:30,21:30,6,0,0,ALAMEDA PARKWAY & 18300 WEST,1,3,1,0,5,7,,0,,0,0,0,0,0,3,5,5
,2018_52953,39.711123,-104.9678932,2/15/2018 17:05,17:05,3,0,0,ALAMEDA AVENUE EAST & 4100 BLOCK PARKING LOT,1,2,0,0,1,2,,0,35,0,0,0,0,0,4,2,13
,2018_52954,39.71115,-104.937669,4/23/2018 23:45,23:45,15,0,0,ALAMEDA AVENUE & 4200 BLOCK EAST ALAMEDA AVENUE,1,3,0,0,1,4,,0,35,0,0,0,0,0,4,2,3
,2018_52955,39.711123,-104.9678932,9/2/2018 15:50,15:50,1,0,0,ALAMEDA AVENUE & 4200 EAST,1,1,0,0,1,1,,0,,0,0,0,0,0,4,2,13
,2018_52956,39.711123,-104.9678932,9/13/2018 17:05,17:05,1,0,0,ALAMEDA AVENUE EAST & 4200 EAST,1,1,1,0,1,1,,0,35,0,0,0,0,0,4,3,13
,2018_52957,39.711123,-104.9678932,7/15/2018 14:25,14:25,12,0,0,ALAMEDA AVENUE & 9600 BLOCK EAST,2,1,0,1,1,3,,0,40,0,0,0,0,0,4,3,3
,2018_52958,39.71115,-105.022692,5/6/2018 15:10,15:10,12,0,0,ALAMEDA AVENUE 10000 BLOCK EAST & ALAMEDA AVENUE 10000 BLOCK EAST,1,1,0,0,1,2,,0,40,0,0,0,0,0,4,2,8
,2018_52959,39.71115,-105.022692,5/15/2018 8:46,8:46,5,0,0,ALAMEDA AVENUE 2370 WEST & ALAMEDA AVENUE 2370 WEST,1,3,0,0,3,4,,0,,0,0,0,0,0,4,1,13
,2018_52960,39.711159,-104.9900085,1/2/2018 9:32,9:32,3,0,0,ALAMEDA AVENUE WEST & BANNOCK STREET SOUTH,1,1,0,0,1,1,,0,35,0,0,0,0,0,4,2,3
,2018_52961,39.711159,-104.9900085,1/20/2018 13:41,13:41,3,0,0,ALAMEDA AVENUE WEST & BANNOCK STREET SOUTH,1,1,0,0,1,1,,0,30,0,0,0,0,0,4,2,4
,2018_52962,39.711159,-104.9900085,1/29/2018 8:30,8:30,1,0,0,ALAMEDA AVENUE WEST & BANNOCK STREET SOUTH,1,1,0,0,1,1,,0,35,0,0,0,0,0,4,2,13
,2018_52963,39.711159,-104.9900085,3/23/2018 9:18,9:18,3,0,0,ALAMEDA AVENUE WEST & BANNOCK STREET SOUTH,1,1,0,0,1,1,,0,30,0,0,0,0,0,4,2,13
,2018_52964,39.711159,-104.9900085,8/23/2018 17:21,17:21,1,0,2,ALAMEDA AVENUE WEST & BANNOCK STREET SOUTH,1,1,0,0,1,1,,0,,0,0,0,0,1,4,3,13
,2018_52965,39.711159,-104.9900085,8/25/2018 17:11,17:11,3,0,0,ALAMEDA AVENUE WEST & BANNOCK STREET SOUTH,1,1,0,0,1,1,,0,30,0,0,0,0,0,4,2,16
,2018_52966,39.711159,-104.9900085,11/2/2018 11:48,11:48,1,0,1,ALAMEDA AVENUE WEST & BANNOCK STREET SOUTH,1,1,0,0,1,1,,0,35,0,0,0,0,1,4,2,13
,2018_52967,39.711159,-104.9900085,11/26/2018 9:55,9:55,3,0,0,ALAMEDA AVENUE WEST & BANNOCK STREET SOUTH,1,1,0,0,1,1,,0,35,0,0,0,0,0,4,2,10
,2018_52968,39.711159,-104.9900085,12/11/2018 15:00,15:00,12,0,0,ALAMEDA AVENUE WEST & BANNOCK STREET SOUTH,1,1,0,0,1,1,,0,30,0,0,0,0,0,4,2,13
,2018_52969,39.71115,-104.987592,7/1/2018 21:23,21:23,12,0,1,ALAMEDA AVENUE WEST & BROADWAY SOUTH,1,3,0,0,1,1,,0,35,0,0,0,0,1,4,2,13
,2018_52970,39.71115,-104.987592,7/6/2018 18:45,18:45,12,0,0,ALAMEDA AVENUE WEST & BROADWAY SOUTH,1,1,0,0,1,1,,0,30,0,0,0,0,0,4,2,1