id,drcog_id,latitude,longitude,crashtime,time,crashtype,numbkilled,numbinjurd,drcoglocat,rdconditin,lightngcon,roadcntgrd,weatherco,location,roaddescrp,schoolzone,constrzone,splimit,bikeinv,pedinv,sctrinv,motoinv,svrty,rdsystem,ttlvehcls,hcf
,2018_52971,39.71115,-104.987592,8/30/2018 14:00,14:00,12,0,0,ALAMEDA AVENUE EAST & BROADWAY STREET SOUTH,1,1,0,0,1,1,,0,30,0,0,0,0,0,4,2,1
,2018_52972,39.711168,-104.99238,8/8/2018 17:50,17:50,12,0,1,ALAMEDA AVENUE WEST & CHEROKEE STREET SOUTH,1,1,0,0,1,1,,0,30,0,0,0,0,1,4,2,7
,2018_52973,39.711168,-104.99238,8/15/2018 6:50,6:50,15,0,0,ALAMEDA AVENUE WEST & CHEROKEE STREET SOUTH,1,1,1,0,1,4,,0,30,0,0,0,0,0,4,2,1
,2018_52974,39.711168,-104.99238,10/9/2018 16:43,16:43,15,0,0,ALAMEDA AVENUE WEST & CHEROKEE STREET SOUTH,1,1,0,0,1,1,,0,35,0,0,0,0,0,4,2,1
,2018_52975,39.711573,-104.947092,6/27/2018 13:05,13:05,15,0,0,ALAMEDA AVENUE EAST & CHERRY CREEK NORTH DRIVE EAST,1,1,0,0,1,1,,0,30,0,0,0,0,0,4,2,13
,2018_52976,39.711573,-104.947092,7/9/2018 11:13,11:13,15,0,0,ALAMEDA AVENUE EAST & CHERRY CREEK NORTH DRIVE EAST,1,1,0,0,1,1,,0,35,0,0,0,0,0,4,2,1
,2018_52977,39.711186,-104.9482305,9/11/2018 13:01,13:01,12,0,2,ALAMEDA AVENUE EAST & CHERRY CREEK DRIVE NORTH,1,1,0,0,1,1,,0,30,0,0,0,0,2,4,3,10
,2018_52978,39.711573,-104.947092,11/25/2018 11:25,11:25,12,0,0,ALAMEDA AVENUE EAST & CHERRY CREEK NORTH DRIVE EAST,5,1,0,0,1,1,,0,25,0,0,0,0,0,4,2,13
,2018_52979,39.711114,-104.97807,4/26/2018 15:52,15:52,1,0,0,ALAMEDA AVENUE EAST & CLARKSON STREET SOUTH,1,1,1,0,1,1,,0,30,0,0,0,0,0,4,2,8
,2018_52980,39.708144,-104.879142,4/16/2018 17:59,17:59,12,0,0,ALAMEDA AVENUE EAST & CLINTON STREET SOUTH,1,1,0,0,1,1,,0,,0,0,0,0,0,4,2,13
,2018_52981,39.708144,-104.879142,5/17/2018 16:02,16:02,1,0,0,ALAMEDA AVENUE EAST & CLINTON STREET,1,1,0,0,1,1,,0,40,0,0,0,0,0,4,2,13
,2018_52982,39.708144,-104.879142,7/24/2018 7:00,7:00,12,0,0,ALAMEDA AVENUE EAST & CLINTON STREET APPROXIMATELY,1,1,0,0,1,3,,0,35,0,0,0,0,0,4,2,3
,2018_52983,39.708144,-104.879142,11/26/2018 17:30,17:30,10,0,0,ALAMEDA AVENUE EAST & CLINTON STREET SOUTH,1,3,0,0,1,1,,0,35,0,0,0,0,0,4,2,10
,2018_52984,39.711321,-104.931612,1/27/2018 2:05,2:05,15,0,0,ALAMEDA AVENUE EAST & DAHLIA STREET SOUTH,1,3,1,0,1,4,,0,35,0,0,0,0,0,4,2,13
,2018_52985,39.711321,-104.931612,8/20/2018 19:19,19:19,3,0,0,ALAMEDA AVENUE EAST & DAHLIA STREET SOUTH,1,3,1,0,1,1,,0,35,0,0,0,0,0,4,2,7
,2018_52986,39.709026,-104.8754385,2/15/2018 8:15,8:15,12,0,0,ALAMEDA AVENUE EAST & DAYTON STREET SOUTH,1,1,0,0,1,1,,0,35,0,0,0,0,0,4,2,13
,2018_52987,39.709026,-104.8754385,2/17/2018 14:52,14:52,3,0,1,ALAMEDA AVENUE EAST & DAYTON STREET SOUTH,1,1,0,0,1,1,,0,40,0,0,0,0,1,4,2,13
,2018_52988,39.709026,-104.8754385,3/31/2018 13:20,13:20,15,0,1,ALAMEDA AVENUE EAST & DAYTON STREET SOUTH,1,1,0,0,1,1,,0,40,0,0,0,0,1,4,2,13
,2018_52989,39.709026,-104.8754385,7/2/2018 16:20,16:20,12,0,0,ALAMEDA AVENUE EAST & DAYTON STREET SOUTH,1,1,0,0,1,1,,0,30,0,0,0,0,0,4,2,13
,2018_52990,39.709026,-104.8754385,7/15/2018 15:50,15:50,12,0,0,ALAMEDA AVENUE EAST & DAYTON STREET SOUTH,1,1,1,0,1,1,,0,35,0,0,0,0,0,4,2,3
,2018_52991,39.709026,-104.8754385,7/17/2018 14:10,14:10,12,0,0,ALAMEDA AVENUE EAST & DAYTON STREET SOUTH,1,1,0,0,1,1,,0,35,0,0,0,0,0,4,2,3
,2018_52992,39.709026,-104.8754385,9/10/2018 21:46,21:46,15,0,0,ALAMEDA AVENUE EAST & DAYTON STREET SOUTH,1,3,0,0,1,4,,0,35,0,0,0,0,0,4,2,3
,2018_52993,39.709026,-104.8754385,10/13/2018 0:00,0:00,12,0,0,ALAMEDA AVENUE EAST & DAYTON STREET SOUTH,1,3,0,0,1,1,,0,35,0,0,0,0,0,4,2,1
,2018_52994,39.711105,-104.97339,5/14/2018 16:57,16:57,12,0,1,ALAMEDA AVENUE EAST & DOWNING STREET SOUTH,1,1,0,0,1,1,,0,30,0,0,0,0,1,4,2,16
,2018_52995,39.711105,-104.97339,5/25/2018 9:02,9:02,3,0,0,ALAMEDA AVENUE EAST & DOWNING STREET SOUTH,1,1,0,0,1,1,,0,30,0,0,0,0,0,4,2,8
,2018_52996,39.711105,-104.97339,6/28/2018 10:46,10:46,12,0,0,ALAMEDA AVENUE EAST & DOWNING STREET SOUTH,1,1,0,0,1,3,,0,30,0,0,0,0,0,4,2,16
,2018_52997,39.711114,-104.976909,6/19/2018 7:40,7:40,3,0,2,ALAMEDA AVENUE EAST & EMERSON STREET EAST,1,1,0,0,1,1,,0,35,0,0,0,0,1,4,2,1
,2018_52998,39.711114,-104.976909,7/28/2018 12:57,12:57,3,0,1,ALAMEDA AVENUE EAST & EMERSON STREET SOUTH,1,5,0,0,1,1,,0,25,0,0,0,0,2,4,2,16
,2018_52999,39.711114,-104.976909,9/4/2018 18:30,18:30,3,0,0,ALAMEDA AVENUE EAST & EMERSON STREET NORTH,1,1,0,0,1,1,,0,30,0,0,0,0,0,4,2,13
,2018_53000,39.711114,-104.976909,9/13/2018 8:28,8:28,13,0,1,ALAMEDA AVENUE EAST & EMERSON STREET SOUTH,1,1,0,0,1,1,,0,30,0,0,0,0,2,4,2,13
,2018_53001,39.711114,-104.976909,9/21/2018 19:48,19:48,12,0,0,ALAMEDA AVENUE EAST & EMERSON STREET SOUTH,1,3,0,0,1,1,,0,35,0,0,0,0,0,4,3,16
,2018_53002,39.711186,-104.892912,1/6/2018 13:15,13:15,15,0,0,ALAMEDA AVENUE EAST & FAIRMOUNT DRIVE SOUTH,1,1,0,0,1,1,,0,40,0,0,0,0,0,4,2,13
,2018_53003,39.711186,-104.892912,2/5/2018 17:55,17:55,12,0,0,ALAMEDA AVENUE EAST & FAIRMOUNT DRIVE EAST,1,3,0,0,1,1,,0,30,0,0,0,0,0,4,2,13
,2018_53004,39.711186,-104.892912,4/12/2018 18:18,18:18,12,0,0,ALAMEDA AVENUE EAST & FAIRMOUNT DRIVE SOUTH,1,1,0,0,1,1,,0,40,0,0,0,0,0,4,2,13
,2018_53005,39.711186,-104.892912,6/24/2018 13:55,13:55,3,0,2,ALAMEDA AVENUE EAST & FAIRMONT DRIVE EAST,2,1,0,1,1,1,,0,30,0,0,0,0,1,4,2,7
,2018_53006,39.711186,-104.892912,11/6/2018 17:50,17:50,1,0,0,ALAMEDA AVENUE EAST & FAIRMOUNT DRIVE EAST,1,3,0,0,1,1,,0,30,0,0,0,0,0,4,2,13
,2018_53007,39.711177,-104.926959,1/3/2018 6:32,6:32,12,0,0,ALAMEDA AVENUE EAST & FOREST STREET SOUTH,1,1,0,0,1,1,,0,35,0,0,0,0,0,4,2,3
,2018_53008,39.711123,-104.968692,7/13/2018 8:46,8:46,12,0,0,ALAMEDA AVENUE EAST & FRANKLIN STREET SOUTH,1,1,0,0,1,3,,0,30,0,0,0,0,0,4,4,12
,2018_53009,39.71016,-104.870754,9/26/2018 16:45,16:45,12,0,0,ALAMEDA AVENUE EAST & GALENA WAY SOUTH,1,1,0,0,1,1,,0,30,0,0,0,0,0,4,2,13
,2018_53010,39.71016,-104.870754,10/12/2018 17:17,17:17,12,0,0,ALAMEDA AVENUE EAST & GALENA WAY SOUTH,1,1,0,0,1,1,,0,30,0,0,0,0,0,4,3,13
,2018_53011,39.71016,-104.870754,10/13/2018 18:00,18:00,12,0,2,ALAMEDA AVENUE EAST & GALENA WAY SOUTH,1,1,0,0,1,1,,0,35,0,0,0,0,1,4,2,13
,2018_53012,39.711186,-104.997132,11/17/2018 7:30,7:30,3,0,4,ALAMEDA AVENUE WEST & SANTA FE DRIVE SOUTH,2,1,0,1,1,1,,0,30,0,0,0,0,2,4,2,1
,2018_53013,39.71016,-104.870754,12/17/2018 13:49,13:49,1,0,1,ALAMEDA AVENUE EAST & GALENA WAY SOUTH,1,1,0,0,1,1,,0,35,0,0,0,0,1,4,2,13
,2018_53014,39.711447,-104.943771,1/25/2018 16:37,16:37,3,0,0,ALAMEDA AVENUE EAST & GARFIELD STREET NORTH,1,1,0,0,1,1,,0,30,0,0,0,0,0,4,2,8
,2018_53015,39.711447,-104.943771,2/16/2018 12:05,12:05,15,0,0,ALAMEDA AVENUE EAST & GARFIELD STREET SOUTH,5,1,0,0,1,1,,0,30,0,0,0,0,0,4,2,13
,2018_53016,39.711447,-104.943771,9/6/2018 16:58,16:58,12,0,0,ALAMEDA AVENUE EAST & GARFIELD STREET SOUTH,1,1,0,0,1,1,,0,30,0,0,0,0,0,4,2,16
,2018_53017,39.711123,-104.9617215,10/3/2018 8:06,8:06,3,0,0,ALAMEDA AVENUE EAST & GAYLORD STREET SOUTH,1,1,0,0,1,1,,0,35,0,0,0,0,0,4,2,13
,2018_53018,39.711123,-104.9674905,10/26/2018 21:00,21:00,15,0,0,ALAMEDA AVENUE EAST & GILPIN STREET SOUTH,1,3,0,0,1,1,,0,35,0,0,0,1,0,4,2,14
,2018_53019,39.711177,-104.9258115,2/15/2018 0:50,0:50,3,0,0,ALAMEDA AVENUE EAST & GLENCOE STREET SOUTH,1,3,0,0,1,1,,0,30,0,0,0,0,0,4,2,7
,2018_53020,39.71115,-104.984019,11/6/2018 16:51,16:51,3,0,0,ALAMEDA AVENUE EAST & GRANT STREET SOUTH,1,3,0,0,1,1,,0,30,0,0,0,0,0,4,2,3
,2018_53021,39.7116,-104.941359,7/16/2018 10:12,10:12,12,0,0,ALAMEDA AVENUE EAST & HARRISON STREET SOUTH,1,1,0,0,1,1,,0,30,0,0,0,0,0,4,2,2
,2018_53022,39.7116,-104.941359,10/14/2018 17:50,17:50,5,0,0,ALAMEDA AVENUE EAST & HARRISON STREET SOUTH,1,2,0,0,2,1,,0,25,0,0,0,0,0,4,1,5
,2018_53023,39.711213,-104.922279,4/12/2018 16:37,16:37,12,0,0,ALAMEDA AVENUE EAST & HOLLY STREET SOUTH,1,1,1,0,1,1,,0,30,0,0,0,0,0,4,3,12
,2018_53024,39.711213,-104.922279,9/22/2018 17:30,17:30,3,0,1,ALAMEDA AVENUE EAST & HOLLY STREET SOUTH,1,1,0,0,1,1,,0,35,0,0,0,0,2,4,2,1
,2018_53025,39.711213,-104.922279,10/31/2018 21:39,21:39,3,0,1,ALAMEDA AVENUE EAST & HOLLY STREET NORTH,1,3,1,0,1,1,,0,35,0,0,0,0,1,4,3,16
,2018_53026,39.711168,-105.029982,6/16/2018 2:12,2:12,3,0,0,ALAMEDA AVENUE WEST & IRVING STREET SOUTH,1,3,0,0,1,1,,0,25,0,0,0,0,0,4,2,14
,2018_53027,39.711339,-104.921118,12/17/2018 7:15,7:15,12,0,0,ALAMEDA AVENUE EAST & IVY STREET SOUTH,1,1,0,0,1,1,,0,30,0,0,0,0,0,4,2,16
,2018_53028,39.711195,-104.998401,1/26/2018 12:26,12:26,1,0,0,ALAMEDA AVENUE WEST & KALAMATH STREET NORTH,1,1,0,0,1,1,,0,35,0,0,0,0,0,4,2,13
,2018_53029,39.711195,-104.998401,10/3/2018 14:50,14:50,12,0,0,ALAMEDA AVENUE WEST & KALAMATH STREET SOUTH,1,1,0,0,1,1,,0,25,0,0,0,0,0,4,2,3
,2018_53030,39.711366,-104.917662,4/20/2018 10:20,10:20,3,0,0,ALAMEDA AVENUE EAST & KEARNEY STREET SOUTH,1,1,0,0,1,1,,0,25,0,0,0,0,0,4,2,16
,2018_53031,39.71115,-104.9863905,7/28/2018 6:55,6:55,3,0,0,ALAMEDA AVENUE EAST & LINCOLN STREET SOUTH,1,1,0,0,1,1,,0,30,0,0,0,0,0,4,2,16
,2018_53032,39.71115,-104.9863905,10/29/2018 6:15,6:15,1,0,1,ALAMEDA AVENUE EAST & LINCOLN STREET SOUTH,1,3,0,0,1,1,,0,30,0,0,0,0,1,4,2,13
,2018_53033,39.71115,-104.9863905,11/21/2018 16:30,16:30,12,0,0,ALAMEDA AVENUE EAST & LINCOLN STREET SOUTH,1,2,0,0,1,1,,0,25,0,0,0,0,0,4,3,16
,2018_53034,39.71115,-104.9827905,3/29/2018 21:00,21:00,12,0,0,ALAMEDA AVENUE EAST & LOGAN STREET SOUTH,1,3,0,0,1,1,,0,25,0,0,0,0,0,4,2,5
,2018_53035,39.71115,-104.9827905,7/19/2018 6:59,6:59,1,0,0,ALAMEDA AVENUE EAST & LOGAN STREET SOUTH,1,1,0,0,1,1,,0,30,0,0,0,0,0,4,2,13
,2018_53036,39.71115,-104.9827905,8/22/2018 12:21,12:21,12,0,0,ALAMEDA AVENUE EAST & LOGAN STREET SOUTH,1,1,0,0,1,1,,0,30,0,0,0,0,0,4,2,13
,2018_53037,39.71115,-104.9827905,9/10/2018 11:00,11:00,6,0,0,ALAMEDA AVENUE EAST & LOGAN STREET SOUTH,1,1,0,0,1,1,,0,30,0,0,0,0,0,4,2,13
,2018_53038,39.711546,-104.9461605,5/7/2018 15:54,15:54,15,0,0,ALAMEDA AVENUE EAST & MADISON STREET SOUTH,1,1,0,0,1,1,,0,30,0,0,0,0,0,4,2,8
,2018_53039,39.711402,-104.9111505,7/10/2018 8:08,8:08,3,0,0,ALAMEDA AVENUE EAST & MAGNOLIA STREET SOUTH,1,1,0,0,1,3,,0,35,0,0,0,0,0,4,2,13
,2018_53040,39.711366,-104.9129595,2/28/2018 11:35,11:35,1,0,0,ALAMEDA AVENUE EAST & MONACO STREET SOUTH,1,1,0,0,1,1,,0,40,0,0,0,0,0,4,2,13
,2018_53041,39.711366,-104.9129595,3/15/2018 15:07,15:07,12,0,0,ALAMEDA AVENUE EAST & MONACO STREET SOUTH,1,1,0,0,1,4,,0,35,0,0,0,0,0,4,2,16
,2018_53042,39.711366,-104.9129595,4/9/2018 6:00,6:00,15,0,0,ALAMEDA AVENUE EAST & MONACO STREET SOUTH,1,2,0,0,1,1,,0,,0,0,0,0,0,4,2,13
,2018_53043,39.711366,-104.9129595,4/9/2018 7:50,7:50,15,0,0,ALAMEDA AVENUE EAST & MONACO STREET SOUTH,1,1,0,0,1,1,,0,35,0,0,0,0,0,4,2,5
,2018_53044,39.711366,-104.9129595,4/30/2018 12:54,12:54,1,0,1,ALAMEDA AVENUE EAST & MONACO STREET SOUTH,1,1,0,0,1,1,,0,35,0,0,0,0,1,4,3,13
,2018_53045,39.711366,-104.9129595,5/27/2018 17:22,17:22,12,0,0,ALAMEDA AVENUE EAST & MONACO STREET SOUTH,1,1,0,0,1,1,,0,30,0,0,0,0,0,4,2,10
,2018_53046,39.711366,-104.9129595,7/17/2018 14:31,14:31,1,0,1,ALAMEDA AVENUE EAST & MONACO STREET SOUTH,1,1,0,0,1,1,,0,35,0,0,0,0,1,4,2,8
,2018_53047,39.783996,-104.8466205,1/22/2018 16:30,16:30,3,0,0,ALBROOK DRIVE EAST & PEORIA STREET NORTH,1,1,0,0,1,1,,0,,0,0,0,0,0,4,2,13
,2018_53048,39.711366,-104.9129595,8/21/2018 8:25,8:25,1,0,0,ALAMEDA AVENUE EAST & MONACO STREET SOUTH,1,1,0,0,1,1,,0,35,0,0,0,0,0,4,2,1
,2018_53049,39.711366,-104.9129595,9/17/2018 17:21,17:21,1,0,0,ALAMEDA AVENUE EAST & MONACO STREET SOUTH,1,1,0,0,1,1,,0,35,0,0,0,0,0,4,2,13
,2018_53050,39.711366,-104.9129595,10/17/2018 16:15,16:15,15,0,0,ALAMEDA AVENUE EAST & MONACO STREET SOUTH,1,1,0,0,1,1,,0,25,0,0,0,0,0,4,2,13
,2018_53051,39.711366,-104.9129595,11/16/2018 23:09,23:09,1,0,0,ALAMEDA AVENUE EAST & MONACO STREET SOUTH,1,3,0,0,1,1,,0,35,0,0,0,0,0,4,2,7
,2018_53052,39.711447,-104.944968,6/12/2018 17:32,17:32,12,0,1,ALAMEDA AVENUE EAST & MONROE STREET SOUTH,1,1,0,0,1,1,,0,35,0,0,0,0,1,4,2,13
,2018_53053,39.711447,-104.944968,6/21/2018 9:06,9:06,3,0,0,ALAMEDA AVENUE EAST & MONROE STREET SOUTH,1,1,0,0,1,1,,0,25,0,0,0,0,0,4,2,13
,2018_53054,39.711114,-104.9756895,4/19/2018 22:24,22:24,3,0,0,ALAMEDA AVENUE EAST & OGDEN STREET SOUTH,1,3,0,0,1,1,,0,35,0,0,0,0,0,4,2,5
,2018_53055,39.711195,-104.9064885,2/18/2018 12:10,12:10,3,0,0,ALAMEDA AVENUE EAST & OLIVE WAY SOUTH,1,1,0,0,1,1,,0,25,0,0,0,0,0,4,2,16
,2018_53056,39.711195,-104.9064885,4/19/2018 17:22,17:22,3,0,1,ALAMEDA AVENUE EAST & OLIVE WAY SOUTH,1,1,0,0,1,1,,0,35,0,0,0,0,1,4,4,13
,2018_53057,39.711195,-104.9064885,8/17/2018 17:10,17:10,3,0,0,ALAMEDA AVENUE EAST & OLIVE WAY SOUTH,1,1,0,0,1,1,,0,25,0,0,0,0,0,4,2,13
,2018_53058,39.711195,-104.9064885,9/25/2018 15:37,15:37,3,0,0,ALAMEDA AVENUE EAST & OLIVE WAY SOUTH,1,1,0,0,1,1,,0,35,0,0,0,0,0,4,2,13
,2018_53059,39.711195,-104.9064885,10/2/2018 18:00,18:00,1,0,0,ALAMEDA AVENUE EAST & OLIVE WAY SOUTH,1,1,0,0,1,1,,0,30,0,0,0,0,0,4,2,13
,2018_53060,39.711123,-104.980383,6/24/2018 14:45,14:45,3,0,1,ALAMEDA AVENUE EAST & PEARL STREET SOUTH,1,1,0,0,1,1,,0,30,0,0,0,0,1,4,2,13
,2018_53061,39.711123,-104.980383,8/9/2018 16:55,16:55,3,0,0,ALAMEDA AVENUE EAST & PEARL STREET SOUTH,1,3,0,0,1,1,,0,25,0,0,0,0,0,4,2,13
,2018_53062,39.711348,-104.9035005,2/8/2018 13:10,13:10,1,0,0,ALAMEDA AVENUE EAST & QUEBEC STREET SOUTH,1,1,0,0,1,1,,0,35,0,0,0,0,0,4,2,16
,2018_53063,39.711348,-104.9035005,4/25/2018 17:20,17:20,1,0,0,ALAMEDA AVENUE EAST & QUEBEC STREET SOUTH,1,1,0,0,1,1,,0,35,0,0,0,0,0,4,2,13
,2018_53064,39.711348,-104.9035005,5/4/2018 18:50,18:50,12,0,0,ALAMEDA AVENUE EAST & QUEBEC STREET SOUTH,1,1,0,0,1,1,,0,35,0,0,0,0,0,4,4,13
,2018_53065,39.711348,-104.9035005,9/25/2018 13:45,13:45,6,0,0,ALAMEDA AVENUE EAST & QUEBEC STREET SOUTH,1,1,0,0,1,3,,0,30,0,0,0,0,0,4,2,12
,2018_53066,39.711186,-104.997132,2/19/2018 18:18,18:18,1,0,1,ALAMEDA AVENUE EAST & SANTA FE DRIVE SOUTH,5,3,0,2,1,1,,0,30,0,0,0,0,1,4,2,13
,2018_53067,39.711186,-104.997132,3/29/2018 6:06,6:06,1,0,0,ALAMEDA AVENUE WEST & SANTA FE DRIVE SOUTH,2,2,0,0,1,1,,0,35,0,0,0,0,0,4,2,3
,2018_53068,39.711186,-104.997132,4/3/2018 13:50,13:50,12,0,0,ALAMEDA AVENUE WEST & SANTA FE DRIVE SOUTH,1,1,0,0,1,1,,0,35,0,0,0,0,0,4,2,13
,2018_53069,39.711186,-104.997132,4/9/2018 21:40,21:40,1,0,0,ALAMEDA AVENUE WEST & SANTA FE DRIVE SOUTH,1,3,0,0,1,1,,0,35,0,0,0,0,0,4,2,13
,2018_53070,39.711186,-104.997132,4/17/2018 13:31,13:31,15,0,0,ALAMEDA AVENUE WEST & SANTA FE DRIVE SOUTH,1,1,0,0,1,1,,0,35,0,0,0,0,0,4,2,1
,2018_53071,39.711186,-104.997132,5/16/2018 9:15,9:15,15,0,0,ALAMEDA AVENUE WEST & SANTA FE DRIVE SOUTH,1,1,0,0,1,1,,0,35,0,0,0,0,0,4,2,13
,2018_53072,39.711186,-104.997132,5/25/2018 15:00,15:00,12,0,0,ALAMEDA AVENUE WEST & SANTA FE DRIVE SOUTH,1,1,0,0,1,1,,0,30,0,0,0,0,0,4,2,13
,2018_53073,39.711186,-104.997132,6/23/2018 16:13,16:13,12,0,0,ALAMEDA AVENUE WEST & SANTA FE DRIVE SOUTH,1,1,0,0,1,1,,0,35,0,0,0,0,0,4,2,13
,2018_53074,39.711186,-104.997132,9/7/2018 11:50,11:50,15,0,0,ALAMEDA AVENUE WEST & SANTA FE DRIVE SOUTH,1,1,0,0,1,1,,0,30,0,0,0,0,0,4,2,13
,2018_53075,39.711186,-104.997132,9/23/2018 18:50,18:50,1,0,0,ALAMEDA AVENUE WEST & SANTA FE DRIVE SOUTH,1,3,0,0,1,1,,0,30,0,0,0,0,0,4,2,13
,2018_53076,39.711186,-104.997132,12/6/2018 18:45,18:45,1,0,2,ALAMEDA AVENUE WEST & SANTA FE DRIVE SOUTH,1,3,0,0,1,1,,0,35,0,0,0,0,1,4,2,13
,2018_53077,39.71115,-104.98518,7/30/2018 18:04,18:04,3,0,0,ALAMEDA AVENUE EAST & SHERMAN STREET SOUTH,1,1,0,0,1,1,,0,35,0,0,0,0,0,4,2,8
,2018_53078,39.71115,-104.98518,8/25/2018 11:53,11:53,12,0,1,ALAMEDA AVENUE WEST & SHERMAN STREET SOUTH,1,1,0,0,1,1,,0,30,0,0,0,0,2,4,2,16
,2018_53079,39.711123,-104.9593005,1/20/2018 13:59,13:59,1,0,1,ALAMEDA AVENUE EAST & UNIVERSITY BOULEVARD SOUTH,1,1,2,0,1,1,,0,30,0,0,0,0,1,4,2,13
,2018_53080,39.711123,-104.9593005,3/8/2018 9:30,9:30,1,0,0,ALAMEDA AVENUE EAST & UNIVERSITY BOULEVARD SOUTH,1,1,0,0,1,1,,0,30,0,0,0,0,0,4,2,13
,2018_53081,39.711123,-104.9593005,8/1/2018 16:50,16:50,12,0,0,ALAMEDA AVENUE EAST & UNIVERSITY BOULEVARD SOUTH,1,1,0,0,1,1,,0,30,0,0,0,0,0,4,2,13
,2018_53082,39.711123,-104.9593005,8/17/2018 7:55,7:55,15,0,0,ALAMEDA AVENUE EAST & UNIVERSITY BOULEVARD SOUTH,1,1,0,0,1,1,,0,,0,0,0,0,0,4,2,13
,2018_53083,39.711114,-104.97924,6/27/2018 12:42,12:42,3,0,2,ALAMEDA AVENUE EAST & WASHINGTON STREET SOUTH,1,1,0,0,1,1,,0,30,0,0,0,0,1,4,2,16
,2018_53084,39.711114,-104.97924,8/21/2018 15:20,15:20,3,0,0,ALAMEDA AVENUE EAST & WASHINGTON STREET SOUTH,2,1,0,1,1,1,,0,30,0,0,0,0,0,4,2,1
,2018_53085,39.711114,-104.97924,9/27/2018 13:10,13:10,12,0,0,ALAMEDA AVENUE EAST & WASHINGTON STREET SOUTH,1,1,1,0,1,1,,0,30,0,0,0,0,0,4,3,16
,2018_53086,39.711123,-104.9663205,8/17/2018 12:42,12:42,3,0,1,ALAMEDA AVENUE EAST & WILLIAMS STREET SOUTH,1,1,1,0,1,1,,0,30,0,0,0,0,1,4,3,13
,2018_53087,39.707064,-104.8854105,1/22/2018 18:23,18:23,1,0,0,ALAMEDA AVENUE EAST & XENIA STREET SOUTH,2,3,0,0,1,1,,0,30,0,0,0,0,0,4,2,13
,2018_53088,39.707064,-104.8854105,7/10/2018 19:26,19:26,15,0,0,ALAMEDA AVENUE EAST & XENIA STREET SOUTH,1,1,0,0,1,1,,0,40,0,0,0,0,0,4,2,13
,2018_53089,39.75640111,-104.9394285,11/11/2018 16:00,16:00,12,0,0,ALBION STREET & 4055 BLOCK NORTH,2,1,0,2,1,4,,0,25,0,0,0,0,0,4,2,13
,2018_53090,39.743397,-104.9389335,10/28/2018 15:45,15:45,3,0,0,ALBION STREET NORTH & 17TH AVENUE EAST,1,1,0,0,1,1,,0,25,0,0,0,0,0,4,2,16
,2018_53091,39.75640111,-104.9394285,2/7/2018 9:25,9:25,3,0,0,ALBION STREET & 4000 BLOCK NORTH,1,1,0,0,1,1,,0,25,0,0,0,0,0,4,2,13
,2018_53092,39.716226,-104.9395275,3/15/2018 16:40,16:40,3,0,0,ALBION STREET & 4000 BLOCK NORTH ALBION STREET,1,1,0,0,1,2,,0,30,0,0,0,0,0,4,2,1
,2018_53093,39.773394,-104.938344,2/14/2018 18:35,18:35,12,0,3,ALBION STREET NORTH & 40TH AVENUE EAST,1,3,0,0,1,1,,0,25,0,0,0,0,1,4,2,14
,2018_53094,39.674808,-104.9395905,6/13/2018 14:08,14:08,15,0,0,ALBION STREET SOUTH & ILIFF AVENUE EAST,1,1,0,0,1,1,,0,25,0,0,0,0,0,4,2,7
,2018_53095,39.685671,-104.939478,12/12/2018 17:14,17:14,1,0,0,ALBION STREET SOUTH & MEXICO AVENUE EAST,1,2,0,0,1,1,,0,,0,0,0,0,0,4,2,13
,2018_53096,39.77899533,-104.8392457,10/13/2018 21:30,21:30,3,0,0,ALBROOK DRIVE & 12950 BLOCK EAST,2,3,0,2,1,2,,0,30,0,0,0,0,0,4,2,13
,2018_53097,39.78063,-104.8417695,2/24/2018 12:10,12:10,3,0,0,ALBROOK DRIVE EAST & 46TH AVENUE EAST,1,1,0,0,1,1,,0,25,0,0,0,0,0,4,2,7
,2018_53098,39.777165,-104.8334085,9/20/2018 15:27,15:27,1,0,0,ALBROOK DRIVE EAST & CARSON STREET NORTH,1,1,0,0,1,1,,0,30,0,0,0,0,0,4,2,16
,2018_53099,39.776337,-104.830632,12/22/2018 11:53,11:53,14,0,0,ALBROOK DRIVE EAST & CORNISH WAY NORTH,1,1,0,0,1,1,,0,25,0,0,0,0,0,4,2,7
,2018_53100,39.77658,-104.8315005,8/10/2018 1:40,1:40,12,0,0,ALBROOK DRIVE 14300 EAST & CRYSTAL STREET NORTH,1,3,0,0,1,4,,0,,0,0,0,0,0,4,2,13
,2018_53101,39.784167,-104.831298,5/26/2018 20:52,20:52,3,0,0,ANDREWS DRIVE EAST & CROWN BOULEVARD NORTH,1,3,0,0,1,1,,0,35,0,0,0,0,0,4,2,13
,2018_53102,39.781107,-104.842611,4/17/2018 18:21,18:21,3,0,0,ALBROOK DRIVE EAST & TULSA COURT NORTH,1,1,0,6,1,1,,0,25,0,0,0,0,0,4,2,13
,2018_53103,39.781107,-104.842611,8/3/2018 21:36,21:36,1,0,1,ALBROOK DRIVE EAST & TULSA COURT NORTH,1,3,0,0,1,1,,0,25,0,0,0,0,1,4,2,13
,2018_53104,39.781107,-104.842611,10/12/2018 18:21,18:21,3,0,0,ALBROOK DRIVE EAST & TULSA COURT NORTH,1,1,0,0,1,1,,0,25,0,0,0,0,0,4,2,3
,2018_53105,39.7326198,-105.018245,12/4/2018 0:45,0:45,6,0,0,ALCOTT WAY & 900 BLOCK NORTH,1,4,0,0,1,4,,0,30,0,0,0,0,0,4,3,14