id,drcog_id,latitude,longitude,crashtime,time,crashtype,numbkilled,numbinjurd,drcoglocat,rdconditin,lightngcon,roadcntgrd,weatherco,location,roaddescrp,schoolzone,constrzone,splimit,bikeinv,pedinv,sctrinv,motoinv,svrty,rdsystem,ttlvehcls,hcf
,2018_53387,39.743433,-105.0171795,8/15/2018 16:38,16:38,5,0,1,BRYANT STREET NORTH & MILE HIGH STADIUM CIRCLE,1,1,1,0,3,1,,0,30,0,0,0,0,1,4,1,5
,2018_53388,39.68443393,-104.9645685,10/25/2018 17:24,17:24,3,0,0,BUCHTEL BOULEVARD EAST & 3900 BLOCK EAST,1,2,0,0,1,2,,0,30,0,0,0,0,0,4,2,3
,2018_53389,39.681909,-104.9550885,1/17/2018 7:36,7:36,12,0,0,BUCHTEL BOULEVARD EAST & CLAYTON STREET SOUTH,1,1,0,0,1,4,,0,30,0,0,0,0,0,4,2,13
,2018_53390,39.681909,-104.9550885,6/25/2018 17:00,17:00,3,0,0,BUCHTEL BOULEVARD EAST & CLAYTON STREET SOUTH,1,1,0,0,1,1,,0,30,0,0,0,0,0,4,4,13
,2018_53391,39.68942606,-104.9745684,6/12/2018 14:00,14:00,1,0,0,BUCHTEL BOULEVARD & CORONA STREET SOUTH,1,1,0,0,1,1,,0,30,0,0,0,0,0,4,2,7
,2018_53392,39.68942606,-104.9745684,6/27/2018 15:55,15:55,14,0,0,BUCHTEL BOULEVARD EAST & CORONA STREET SOUTH,1,1,0,0,1,1,,0,30,0,0,0,0,0,4,2,13
,2018_53393,39.6927,-104.9769495,3/9/2018 8:35,8:35,3,0,0,BUCHTEL BOULEVARD EAST & EMERSON STREET SOUTH,1,1,0,0,1,1,,0,25,0,0,0,0,0,4,2,13
,2018_53394,39.691503,-104.9769585,5/22/2018 19:29,19:29,3,0,0,BUCHTEL BOULEVARD & EMERSON STREET SOUTH,1,1,0,0,1,1,,0,35,0,0,0,0,0,4,2,16
,2018_53395,39.692997,-104.97726,3/26/2018 10:11,10:11,15,0,0,BUCHTEL BOULEVARD EAST & LOUISIANA AVENUE EAST,1,1,0,0,1,1,,0,30,0,0,0,0,0,4,2,14
,2018_53396,39.692997,-104.978781,5/24/2018 19:55,19:55,3,0,0,BUCHTEL BOULEVARD & LOUISIANA AVENUE EAST,1,1,0,0,1,1,,0,30,0,0,0,0,0,4,2,3
,2018_53397,39.692997,-104.97726,10/6/2018 17:01,17:01,15,0,0,BUCHTEL BOULEVARD SOUTH & LOUISIANA AVENUE EAST,1,1,1,0,1,1,,0,30,0,0,0,0,0,4,2,16
,2018_53398,39.682764,-104.959332,7/4/2018 9:36,9:36,1,0,0,BUCHTEL BOULEVARD & UNIVERSITY BOULEVARD SOUTH,1,1,0,0,1,1,,0,35,0,0,0,0,0,4,2,13
,2018_53399,39.682764,-104.959332,11/23/2018 19:16,19:16,1,0,0,BUCHTEL BOULEVARD EAST & UNIVERSITY BOULEVARD SOUTH,1,3,0,0,1,1,,0,35,0,0,0,0,0,4,2,16
,2018_53400,39.696615,-104.9814135,9/13/2018 10:00,10:00,15,0,0,BUCHTEL BOULEVARD SOUTH & MISSISSIPPI AVENUE EAST,1,1,0,0,1,1,,0,30,0,0,0,0,0,4,2,1
,2018_53401,39.70654427,-104.978073,9/13/2018 9:00,9:00,15,0,0,BUTCHEL BOULEVARD NORTH & CLARKSON STREET SOUTH,1,1,0,0,1,1,,0,30,0,0,0,0,0,4,2,8
,2018_53402,39.67400649,-104.9594049,9/27/2018 18:50,18:50,1,0,0,BUTCHEL BOULEVARD EAST & UNIVERSITY BOULEVARD SOUTH,1,2,1,0,1,1,,0,30,0,0,0,0,0,4,2,13
,2018_53403,39.712149,-105.011019,4/1/2018 12:30,12:30,5,0,0,BYERS PLACE WEST & TEJON STREET SOUTH,1,1,0,0,2,1,,0,25,0,0,0,0,0,4,1,7
,2018_53404,39.743298,-104.994621,6/2/2018 9:55,9:55,12,0,1,CALIFORNIA STREET & 14TH STREET,1,1,0,0,1,1,,0,30,0,0,0,0,1,4,2,16
,2018_53405,39.74605959,-104.9910316,3/22/2018 8:40,8:40,10,0,0,CALIFORNIA STREET & 1801,1,1,0,0,1,2,,0,25,0,0,0,0,0,4,2,13
,2018_53406,39.747024,-104.989761,5/2/2018 17:23,17:23,15,0,0,CALIFORNIA STREET & 18TH STREET,2,1,0,1,1,1,,0,30,0,0,0,0,0,4,2,9
,2018_53407,39.750759,-104.9849415,3/24/2018 11:59,11:59,15,0,0,CALIFORNIA STREET & 22ND STREET,1,1,0,0,1,1,,0,30,0,0,0,0,0,4,2,8
,2018_53408,39.750759,-104.9849415,9/29/2018 18:20,18:20,3,0,0,CALIFORNIA STREET & 22ND STREET,1,1,0,0,1,1,,0,30,0,0,0,0,0,4,2,13
,2018_53409,39.756384,-104.977692,4/3/2018 14:44,14:44,3,0,0,CALIFORNIA STREET & 28TH STREET,1,1,0,0,1,1,,0,25,0,0,0,0,0,4,2,16
,2018_53410,39.748887,-104.9874525,7/30/2018 9:18,9:18,15,0,0,CALIFORNIA STREET & BROADWAY NORTH,1,1,0,0,1,3,,0,30,0,0,0,0,0,4,2,13
,2018_53411,39.748896,-104.9874525,9/21/2018 12:27,12:27,3,0,0,CALIFORNIA STREET & BROADWAY STREET NORTH,1,1,0,0,1,1,,0,25,0,0,0,0,0,4,2,13
,2018_53412,39.748887,-104.9874525,11/14/2018 16:51,16:51,15,0,0,CALIFORNIA STREET & BROADWAY NORTH,1,2,0,0,1,1,,1,35,0,0,0,0,0,4,2,14
,2018_53413,39.74701263,-104.9896679,11/7/2018 7:30,7:30,6,0,0,CALIFORNIA STREET 1800 BLOCK & 18TH STREET,1,2,0,0,1,4,,0,,0,0,0,0,0,4,2,13
,2018_53414,39.750759,-104.9849415,11/27/2018 9:45,9:45,3,0,0,CALIFORNIA STREET & 22ND STREET,1,1,0,0,1,1,,0,25,0,0,0,0,0,4,2,13
,2018_53415,39.711177,-105.019209,9/25/2018 16:29,16:29,3,0,2,CANOSA COURT SOUTH & ALAMEDA AVENUE WEST,1,1,0,0,1,1,,0,25,0,0,0,0,1,4,2,7
,2018_53416,39.711177,-105.019209,11/30/2018 16:02,16:02,12,0,0,CANOSA COURT SOUTH & ALAMEDA AVENUE WEST,1,1,0,0,1,1,,0,25,0,0,0,0,0,4,2,13
,2018_53417,39.777165,-104.8334085,11/15/2018 15:58,15:58,8,0,0,CARSON STREET NORTH & ALBROOK DRIVE EAST,1,1,0,0,1,1,,0,35,0,0,0,0,0,4,2,1
,2018_53418,39.794958,-104.820147,5/22/2018 7:39,7:39,3,0,1,CARSON STREET NORTH & CRYSTAL WAY NORTH,1,1,0,0,1,1,,0,25,0,0,0,0,2,4,2,7
,2018_53419,39.79763549,-104.7662602,8/31/2018 12:13,12:13,15,0,0,CATHAY STREET & 4905 NORTH,1,1,0,0,5,7,,0,5,0,0,0,0,0,3,2,14
,2018_53420,39.785049,-104.76495,11/19/2018 10:46,10:46,10,0,0,CATHAY COURT NORTH & ARGONNE STREET NORTH,1,1,0,0,1,1,,0,35,0,0,0,0,0,4,2,13
,2018_53421,39.712896,-104.9763539,11/30/2018 14:06,14:06,12,0,0,CEDAR AVENUE & 1200 BLOCK WEST,1,1,0,0,1,4,,0,25,0,0,0,0,0,4,2,8
,2018_53422,39.712896,-104.9763539,8/26/2018 21:13,21:13,5,0,0,CEDAR AVENUE & 460 EAST,1,4,0,0,3,5,,0,25,0,0,0,0,0,4,1,5
,2018_53423,39.712896,-104.9763539,8/25/2018 18:00,18:00,12,0,0,CEDAR AVENUE & 6400 BLOCK EAST,1,1,0,0,1,4,,0,25,0,0,0,0,0,4,2,3
,2018_53424,39.713013,-105.0203295,4/10/2018 12:45,12:45,3,0,1,CEDAR AVENUE WEST & CLAY STREET SOUTH,1,1,1,0,1,1,,0,25,0,0,0,0,1,4,2,13
,2018_53425,39.713013,-105.0203295,4/28/2018 17:14,17:14,3,0,1,CEDAR AVENUE WEST & CLAY STREET SOUTH,1,1,0,0,1,1,,0,25,0,0,0,0,1,4,2,1
,2018_53426,39.713067,-104.93163,10/16/2018 12:28,12:28,3,0,0,CEDAR AVENUE EAST & DAHLIA STREET SOUTH,1,1,0,0,1,1,,0,25,0,0,0,0,0,4,2,13
,2018_53427,39.71295,-104.98392,8/25/2018 21:00,21:00,3,0,2,CEDAR AVENUE EAST & GRANT STREET SOUTH,1,3,0,0,1,1,,0,25,0,0,0,1,2,4,2,8
,2018_53428,39.713085,-104.922261,5/4/2018 13:25,13:25,3,0,0,CEDAR AVENUE EAST & HOLLY STREET SOUTH,1,1,0,0,1,1,,0,20,0,0,0,0,0,4,2,13
,2018_53429,39.713085,-104.922261,8/7/2018 16:15,16:15,12,0,0,CEDAR AVENUE EAST & HOLLY STREET SOUTH,1,1,0,0,1,1,,0,25,0,0,0,0,0,4,2,13
,2018_53430,39.713382,-105.0324795,8/21/2018 8:30,8:30,3,0,3,CEDAR AVENUE WEST & KNOX COURT SOUTH,1,1,0,0,1,1,,0,25,0,0,0,0,1,4,2,13
,2018_53431,39.713103,-104.9129415,7/25/2018 13:30,13:30,15,0,0,CEDAR AVENUE EAST & MONACO STREET SOUTH,1,1,0,0,1,1,,0,30,0,0,0,0,0,4,2,12
,2018_53432,39.712914,-104.9815485,7/29/2018 11:35,11:35,3,0,0,CEDAR AVENUE EAST & PENNSYLVANIA STREET SOUTH,1,1,0,0,1,1,,0,25,0,0,0,0,0,4,2,13
,2018_53433,39.713049,-105.01101,6/18/2018 10:39,10:39,3,0,0,CEDAR AVENUE WEST & TEJON STREET SOUTH,1,1,0,0,1,1,,0,25,0,0,0,0,0,4,2,16
,2018_53434,39.705696,-104.9875785,3/26/2018 13:32,13:32,3,0,1,CENTER AVENUE EAST & BROADWAY SOUTH,1,1,1,0,1,1,,0,30,0,0,0,0,2,4,3,13
,2018_53435,39.70692,-104.87781,12/17/2018 17:37,17:37,6,0,0,CENTER AVENUE 9300 BLOCK EAST & CLINTON STREET SOUTH,1,2,0,0,1,4,,0,25,0,0,0,0,0,4,3,10
,2018_53436,39.70566,-104.9769315,6/7/2018 13:51,13:51,3,0,1,CENTER AVENUE EAST & EMERSON STREET SOUTH,1,1,0,0,1,1,,0,25,0,0,0,0,2,4,2,16
,2018_53437,39.705705,-104.9839605,10/10/2018 7:32,7:32,3,0,0,CENTER AVENUE EAST & GRANT STREET SOUTH,1,1,0,0,1,1,,0,25,0,0,0,0,0,4,2,3
,2018_53438,39.705831,-105.0275385,7/23/2018 6:07,6:07,3,0,0,CENTER AVENUE WEST & HAZEL COURT SOUTH,2,1,0,0,1,1,,0,25,0,0,0,0,0,4,2,13
,2018_53439,39.70584,-105.029829,10/17/2018 16:21,16:21,1,0,1,CENTER AVENUE WEST & IRVING STREET SOUTH,1,1,1,1,1,1,,0,25,0,0,0,0,1,4,3,3
,2018_53440,39.705696,-104.9827995,1/24/2018 18:01,18:01,3,0,0,CENTER AVENUE EAST & LOGAN STREET SOUTH,1,3,0,0,1,1,,0,25,0,0,0,0,0,4,2,13
,2018_53441,39.705696,-104.9827995,2/21/2018 17:04,17:04,3,0,0,CENTER AVENUE EAST & LOGAN STREET SOUTH,2,1,0,2,1,1,,0,30,0,0,0,0,0,4,2,13
,2018_53442,39.75741,-105.0105015,1/16/2018 10:09,10:09,1,0,0,CENTRAL STREET & 15TH STREET,1,1,0,0,1,1,,0,25,0,0,0,0,0,4,2,14
,2018_53443,39.75928383,-105.008086,3/11/2018 22:12,22:12,6,0,2,CENTRAL STREET & 1800 BLOCK,1,3,0,0,1,4,,0,25,0,0,0,0,1,4,3,5
,2018_53444,39.75928383,-105.008086,7/18/2018 8:35,8:35,15,0,0,CENTRAL STREET & 1800 BLOCK,1,1,0,0,1,4,,0,35,0,0,0,0,0,4,2,14
,2018_53445,39.749616,-104.8866795,1/17/2018 17:27,17:27,1,0,0,CENTRAL PARK BOULEVARD NORTH & 23RD AVENUE EAST,1,1,0,0,1,1,,0,30,0,0,0,0,0,4,2,13
,2018_53446,39.75381,-104.8907295,5/12/2018 16:57,16:57,3,0,0,CENTRAL PARK BOULEVARD NORTH & 25TH DRIVE EAST,1,1,0,0,1,1,,0,35,0,0,0,0,0,4,2,13
,2018_53447,39.75381,-104.8907295,10/13/2018 15:40,15:40,3,0,0,CENTRAL PARK BOULEVARD NORTH & 25TH DRIVE EAST,1,1,0,0,1,1,,0,,0,0,0,0,0,4,2,13
,2018_53448,39.756141,-104.8907115,3/16/2018 11:20,11:20,15,0,0,CENTRAL PARK BOULEVARD NORTH & 28TH AVENUE EAST,1,1,0,0,1,4,,0,30,0,0,0,0,0,4,2,13
,2018_53449,39.765069,-104.8903515,5/15/2018 10:03,10:03,3,0,1,CENTRAL PARK BOULEVARD NORTH & 35TH AVENUE EAST,1,1,0,0,1,1,,0,30,0,0,0,0,2,4,2,13
,2018_53450,39.767346,-104.890509,3/28/2018 18:31,18:31,5,0,0,CENTRAL PARK BOULEVARD NORTH & 36TH AVENUE EAST,2,1,0,2,3,1,,0,30,0,0,0,0,0,4,1,2
,2018_53451,39.767346,-104.890509,10/1/2018 7:25,7:25,12,0,0,CENTRAL PARK BOULEVARD NORTH & 36TH AVENUE EAST,1,1,0,0,1,1,,0,35,0,0,0,0,0,4,2,13
,2018_53452,39.780882,-104.88294,4/29/2018 18:14,18:14,1,0,0,CENTRAL PARK BOULEVARD & 46TH PLACE EAST,1,1,0,0,1,1,,0,45,0,0,0,0,0,4,2,13
,2018_53453,39.780882,-104.88294,8/19/2018 15:33,15:33,1,0,1,CENTRAL PARK BOULEVARD NORTH & 46TH PLACE EAST,1,1,0,0,1,1,,0,40,0,0,0,0,1,4,2,7
,2018_53454,39.780882,-104.88294,9/1/2018 13:40,13:40,1,0,0,CENTRAL PARK BOULEVARD NORTH & 46TH PLACE EAST,1,1,0,0,1,1,,0,35,0,0,0,0,0,4,2,7
,2018_53455,39.780882,-104.88294,9/16/2018 12:00,12:00,1,0,0,CENTRAL PARK BOULEVARD NORTH & 46TH AVENUE EAST,1,1,0,0,1,1,,0,35,0,0,0,0,0,4,2,8
,2018_53456,39.780882,-104.88294,12/18/2018 12:55,12:55,9,0,0,CENTRAL PARK BOULEVARD & 46TH AVENUE EAST,1,1,0,0,1,1,,0,35,0,0,0,0,0,4,2,13
,2018_53457,39.798297,-104.88447,2/21/2018 16:40,16:40,3,0,0,CENTRAL PARK BOULEVARD & 56TH AVENUE EAST,1,1,0,0,1,1,,0,45,0,0,0,0,0,4,2,3
,2018_53458,39.798297,-104.88447,5/22/2018 15:43,15:43,1,0,0,CENTRAL PARK BOULEVARD NORTH & 56TH AVENUE EAST,1,1,0,0,1,1,,0,45,0,0,0,0,0,4,2,13
,2018_53459,39.80034527,-104.884462,2/13/2018 8:18,8:18,3,0,0,CENTRAL PARK BOULEVARD & 5400 NORTH,1,1,0,0,1,1,,0,35,0,0,0,0,0,4,2,13
,2018_53460,39.798297,-104.88447,9/13/2018 16:53,16:53,1,0,0,CENTRAL PARK BOULEVARD NORTH & 56TH AVENUE EAST,1,1,0,0,1,1,,0,35,0,0,0,0,0,4,2,13
,2018_53461,39.798297,-104.88447,9/22/2018 16:51,16:51,12,0,0,CENTRAL PARK BOULEVARD NORTH & 56TH AVENUE EAST,1,1,0,0,1,1,,0,15,0,0,0,0,0,4,2,3
,2018_53462,39.798297,-104.88447,12/2/2018 15:39,15:39,1,0,1,CENTRAL PARK BOULEVARD & 56TH AVENUE EAST,1,1,0,0,1,1,,0,45,0,0,0,0,2,4,2,13
,2018_53463,39.759876,-104.8907475,3/23/2018 9:25,9:25,3,0,1,CENTRAL PARK BOULEVARD & MLK BOULEVARD EAST,1,1,0,0,1,1,,0,35,0,0,0,0,1,4,2,13
,2018_53464,39.759876,-104.8907475,6/27/2018 12:34,12:34,12,0,1,CENTRAL PARK BOULEVARD NORTH & MLK BOULEVARD,1,1,0,0,1,1,,0,35,0,0,0,0,1,4,2,12
,2018_53465,39.759876,-104.8907475,7/3/2018 6:53,6:53,3,0,0,CENTRAL PARK BOULEVARD NORTH & MLK BOULEVARD EAST,1,1,0,0,1,1,,0,35,0,0,0,0,0,4,2,3
,2018_53466,39.759876,-104.8907475,7/6/2018 22:21,22:21,3,0,1,CENTRAL PARK BOULEVARD & MLK BOULEVARD,1,3,1,0,1,1,,0,35,0,0,0,0,1,4,2,13
,2018_53467,39.759876,-104.8907475,7/24/2018 16:27,16:27,3,0,0,CENTRAL PARK BOULEVARD NORTH & MLK BOULEVARD EAST,1,1,0,0,1,1,,0,30,0,0,0,0,0,4,2,13
,2018_53468,39.759876,-104.8907475,8/19/2018 22:12,22:12,3,0,0,CENTRAL PARK BOULEVARD NORTH & MLK BOULEVARD EAST,1,3,0,0,1,1,,0,30,0,0,0,0,0,4,2,13
,2018_53469,39.759876,-104.8907475,9/18/2018 0:23,0:23,3,0,0,CENTRAL PARK BOULEVARD & MLK BOULEVARD EAST,1,3,0,0,1,1,,0,30,0,0,0,0,0,4,2,13
,2018_53470,39.759876,-104.8907475,10/17/2018 20:01,20:01,3,0,0,CENTRAL PARK BOULEVARD NORTH & MLK BOULEVARD EAST,1,3,0,0,1,3,,0,35,0,0,0,0,0,4,2,8
,2018_53471,39.759876,-104.8907475,11/25/2018 5:25,5:25,12,0,0,CENTRAL PARK BOULEVARD & MLK BOULEVARD,5,2,0,0,1,1,,0,30,0,0,0,0,0,4,2,7
,2018_53472,39.747456,-104.8846905,6/28/2018 15:52,15:52,12,0,0,CENTRAL PARK BOULEVARD NORTH & MONTVIEW BOULEVARD,1,1,0,0,1,1,,0,35,0,0,0,0,0,4,3,13
,2018_53473,39.747456,-104.8846905,7/29/2018 10:00,10:00,12,0,0,CENTRAL PARK BOULEVARD NORTH & MONTVIEW BOULEVARD EAST,1,1,0,0,1,3,,0,25,0,0,0,0,0,4,2,3
,2018_53474,39.747456,-104.8846905,11/24/2018 13:45,13:45,14,0,0,CENTRAL PARK BOULEVARD & MONTVIEW BOULEVARD,2,1,0,1,1,3,,0,35,0,0,0,0,0,4,2,13
,2018_53475,39.785733,-104.8830885,2/15/2018 11:20,11:20,3,0,0,CENTRAL PARK BOULEVARD & NORTHFIELD BOULEVARD,1,1,0,0,1,1,,0,35,0,0,0,0,0,4,2,7
,2018_53476,39.785733,-104.8830885,2/20/2018 7:03,7:03,3,0,0,CENTRAL PARK BOULEVARD & NORTHFIELD BOULEVARD,5,2,0,0,1,1,,0,35,0,0,0,0,0,4,2,13
,2018_53477,39.749328,-104.99031,7/6/2018 1:53,1:53,3,0,1,CHAMPA STREET & 19TH STREET,1,3,1,0,1,1,,0,30,0,0,0,0,2,4,2,13
,2018_53478,39.785733,-104.8830885,10/26/2018 15:55,15:55,12,0,0,CENTRAL PARK BOULEVARD NORTH & NORTHFIELD BOULEVARD EAST,1,1,0,0,1,1,,0,35,0,0,0,0,0,4,3,12
,2018_53479,39.785733,-104.8830885,12/28/2018 13:10,13:10,3,0,0,CENTRAL PARK BOULEVARD & NORTHFIELD BOULEVARD,1,1,0,0,1,1,,0,35,0,0,0,0,0,4,2,7
,2018_53480,39.785733,-104.8830885,12/29/2018 15:25,15:25,3,0,0,CENTRAL PARK BOULEVARD & NORTHFIELD BOULEVARD,1,1,0,0,1,1,,0,40,0,0,0,0,0,4,2,1
,2018_53481,39.791349,-104.882661,6/5/2018 20:55,20:55,12,0,1,CENTRAL PARK BOULEVARD NORTH & PRAIRIE MEADOW DRIVE,1,3,0,0,1,1,,0,35,0,0,0,0,2,4,2,12
,2018_53482,39.756807,-104.9806395,9/25/2018 13:00,13:00,3,0,0,CHAMPA STREET & 27TH STREET,1,1,0,0,1,1,,0,25,0,0,0,0,0,4,2,14
,2018_53483,39.750678,-104.88852,6/21/2018 15:08,15:08,3,0,0,CENTRAL PARK BOULEVARD & XANTHIA WAY NORTH,1,1,0,0,1,1,,0,35,0,0,0,0,0,4,2,7
,2018_53484,39.79800997,-104.8095822,11/2/2018 13:06,13:06,3,0,0,CHAMBERS ROAD & 4200 BLOCK NORTH,1,1,0,0,1,2,,0,,0,0,0,0,0,4,2,13
,2018_53485,39.773187,-104.809932,8/1/2018 21:14,21:14,12,0,2,CHAMBERS ROAD NORTH & 40TH AVENUE EAST,1,3,0,0,1,1,,0,40,0,0,0,0,1,4,2,13
,2018_53486,39.773187,-104.809932,8/15/2018 7:15,7:15,1,0,0,CHAMBERS ROAD NORTH & 40TH AVENUE EAST,1,1,0,0,1,1,,0,40,0,0,0,0,0,4,2,13
,2018_53487,39.773187,-104.809932,11/27/2018 6:28,6:28,12,0,0,CHAMBERS ROAD NORTH & 40TH AVENUE EAST,1,1,0,0,1,1,,0,35,0,0,0,0,0,4,2,4
,2018_53488,39.776571,-104.8099095,1/12/2018 17:10,17:10,1,0,2,CHAMBERS ROAD NORTH & 46TH AVENUE EAST,2,3,0,1,1,1,,0,40,0,0,0,0,1,4,2,16
,2018_53489,39.790269,-104.809779,6/4/2018 2:49,2:49,1,0,0,CHAMBERS ROAD NORTH & 53RD AVENUE EAST,1,3,0,0,1,1,,0,40,0,0,0,0,0,4,2,13
,2018_53490,39.775041,-104.8099185,3/30/2018 8:25,8:25,15,0,0,CHAMBERS ROAD NORTH & ANDREWS DRIVE EAST,1,1,0,0,1,1,,0,,0,0,0,0,0,4,2,13
,2018_53491,39.775041,-104.8099185,10/31/2018 18:02,18:02,1,0,1,CHAMBERS ROAD NORTH & ANDREWS DRIVE,1,2,0,0,1,1,,0,40,0,0,0,0,1,4,2,13
,2018_53492,39.775041,-104.8099185,11/13/2018 17:08,17:08,12,0,0,CHAMBERS ROAD NORTH & ANDREWS DRIVE EAST,1,3,0,0,1,1,,0,40,0,0,0,0,0,4,2,13
,2018_53493,39.780333,-104.80986,11/18/2018 18:30,18:30,12,0,0,CHAMBERS ROAD NORTH & BOLLING DRIVE EAST,1,3,0,0,1,1,,0,35,0,0,0,0,0,4,2,13
,2018_53494,39.780333,-104.80986,12/31/2018 15:20,15:20,1,0,0,CHAMBERS ROAD NORTH & BOLLING DRIVE EAST,5,1,0,6,1,1,,0,40,0,0,0,0,0,4,3,13
,2018_53495,39.783708,-104.8098285,9/1/2018 23:00,23:00,1,0,0,CHAMBERS ROAD NORTH & GATEWAY AVENUE EAST,1,3,0,0,1,1,,0,40,0,0,0,0,0,4,3,7
,2018_53496,39.783708,-104.8098285,11/20/2018 13:41,13:41,3,0,2,CHAMBERS ROAD NORTH & GATEWAY AVENUE EAST,1,1,0,0,1,1,,0,40,0,0,0,0,1,4,2,7
,2018_53497,39.78378,-104.809653,5/23/2018 15:33,15:33,15,0,0,CHAMBERS ROAD NORTH & GREEN VALLEY RANCH BOULEVARD EAST,1,1,0,0,1,1,,0,40,0,0,0,0,0,4,2,13
,2018_53498,39.78378,-104.809653,2/19/2018 10:46,10:46,12,0,0,CHAMBERS ROAD 4800 BLOCK NORTH & GREEN VALLEY RANCH BOULEVARD,2,1,0,2,1,1,,0,35,0,0,0,0,0,4,2,13
,2018_53499,39.78378,-104.809653,3/23/2018 21:49,21:49,3,0,0,CHAMBER ROAD NORTH & GREEN VALLEY RANCH BOULEVARD EAST,1,3,0,0,1,1,,0,40,0,0,0,0,0,4,2,7
,2018_53500,39.78378,-104.809653,3/24/2018 20:03,20:03,1,0,0,CHAMBERS ROAD NORTH & GREEN VALLEY RANCH BOULEVARD EAST,1,3,0,0,1,1,,0,,0,0,0,0,0,4,2,13
,2018_53501,39.78378,-104.809653,4/29/2018 15:12,15:12,3,0,1,CHAMBERS ROAD NORTH & GREEN VALLEY RANCH BOULEVARD EAST,1,1,0,0,1,1,,0,35,0,0,0,0,1,4,2,13
,2018_53502,39.78378,-104.809653,8/31/2018 15:47,15:47,12,0,0,CHAMBERS ROAD NORTH & GREEN VALLEY RANCH BOULEVARD EAST,1,1,0,0,1,4,,0,35,0,0,0,0,0,4,3,16
,2018_53503,39.78378,-104.809653,10/9/2018 19:14,19:14,1,0,0,CHAMBERS ROAD NORTH & GREEN VALLEY RANCH BOULEVARD EAST,1,2,0,0,1,1,,0,35,0,0,0,0,0,4,2,13
,2018_53504,39.78378,-104.809653,12/19/2018 18:00,18:00,15,0,0,CHAMBERS ROAD NORTH & GREEN VALLEY RANCH BOULEVARD EAST,1,3,0,0,1,1,,0,35,0,0,0,0,0,4,2,13
,2018_53505,39.794787,-104.809761,1/3/2018 17:45,17:45,3,0,0,CHAMBERS ROAD NORTH & MAXWELL PLACE EAST,1,1,0,0,1,1,,0,25,0,0,0,0,0,4,2,1
,2018_53506,39.794787,-104.809761,8/31/2018 20:42,20:42,1,0,2,CHAMBERS ROAD NORTH & MAXWELL PLACE EAST,1,3,0,0,1,1,,0,35,0,0,0,0,1,4,2,5
,2018_53507,39.744657,-104.996358,4/20/2018 10:35,10:35,15,0,0,CHAMPA STREET & 14TH STREET APPROXIMATELY,1,1,0,0,1,1,,0,25,0,0,0,0,0,4,2,14
,2018_53508,39.745566,-104.995152,6/15/2018 10:40,10:40,15,0,0,CHAMPA STREET & 15TH STREET,1,1,0,0,1,1,,0,25,0,0,0,0,0,4,2,14
,2018_53509,39.745566,-104.995152,6/15/2018 12:32,12:32,15,0,0,CHAMPA STREET & 15TH STREET,1,1,0,0,1,4,,0,25,0,0,0,0,0,4,2,14
,2018_53510,39.745566,-104.995152,11/2/2018 12:48,12:48,15,0,0,CHAMPA STREET & 15TH STREET,1,1,0,0,1,3,,0,25,0,0,0,0,0,4,2,14
,2018_53511,39.74328724,-104.9980985,2/15/2018 11:50,11:50,15,0,0,CHAMPA STREET & 1700 BLOCK,1,1,0,0,1,4,,0,25,0,0,0,0,0,4,2,13
,2018_53512,39.74328724,-104.9980985,10/4/2018 10:57,10:57,6,0,0,CHAMPA STREET & 1700 BLOCK,1,1,0,0,1,4,,0,25,0,0,0,0,0,4,2,13
,2018_53513,39.748401,-104.9915115,4/9/2018 8:54,8:54,10,0,0,CHAMPA STREET & 18TH STREET,1,1,0,0,1,1,,0,25,0,0,0,0,0,4,2,14
,2018_53514,39.752127,-104.9866605,3/6/2018 16:25,16:25,10,0,0,CHAMPA STREET & 22ND STREET,1,1,0,0,1,1,,0,30,0,0,0,0,0,4,2,13
,2018_53515,39.752127,-104.9866605,12/18/2018 14:30,14:30,15,0,0,CHAMPA STREET & 22ND STREET,1,1,0,0,1,1,,0,30,0,0,0,0,0,4,2,8
,2018_53516,39.757761,-104.97942,5/31/2018 7:36,7:36,3,0,0,CHAMPA STREET & 28TH STREET,1,1,0,0,1,1,,0,25,0,0,0,0,0,4,2,13
,2018_53517,39.751551,-104.987421,1/14/2018 13:05,13:05,10,0,0,CHAMPA STREET & BROADWAY NORTH,1,1,0,0,1,1,,0,30,0,0,0,0,0,4,2,13
,2018_53518,39.751551,-104.987421,3/7/2018 13:50,13:50,10,0,0,CHAMPA STREET & BROADWAY STREET NORTH,1,1,0,0,1,1,,0,30,0,0,0,0,0,4,2,8
,2018_53519,39.751551,-104.987421,8/3/2018 22:54,22:54,3,0,2,CHAMPA STREET & BROADWAY NORTH,1,3,0,0,1,1,,0,30,0,0,0,0,2,4,2,5
,2018_53520,39.751551,-104.987421,9/26/2018 9:14,9:14,3,0,0,CHAMPA STREET & BROADWAY STREET NORTH,1,1,0,0,1,1,,0,30,0,0,0,0,0,4,2,14
,2018_53521,39.74658002,-104.9937298,5/15/2018 9:10,9:10,6,0,0,CHAMPA STREET 1606 & CHAMPA STREET 1606,1,1,0,0,1,4,,0,25,0,0,0,0,0,4,2,14
,2018_53522,39.753063,-104.9854905,4/8/2018 15:59,15:59,15,0,1,CHAMPA STREET & PARK AVENUE WEST,1,1,0,0,1,1,,0,30,0,0,0,0,2,4,2,4