id,drcog_id,latitude,longitude,crashtime,time,crashtype,numbkilled,numbinjurd,drcoglocat,rdconditin,lightngcon,roadcntgrd,weatherco,location,roaddescrp,schoolzone,constrzone,splimit,bikeinv,pedinv,sctrinv,motoinv,svrty,rdsystem,ttlvehcls,hcf
,2018_53806,39.78996341,-104.9759505,4/12/2018 19:25,19:25,6,0,0,EMERSON STREET & 2500 BLOCK NORTH,1,2,0,0,1,4,,0,25,0,0,0,0,0,4,2,13
,2018_53807,39.745872,-104.9761485,11/13/2018 13:00,13:00,3,0,1,EMERSON STREET NORTH & PARK AVENUE WEST,1,1,0,0,1,1,,0,30,0,0,0,0,1,4,2,4
,2018_53808,39.760074,-104.874237,12/19/2018 12:52,12:52,3,0,1,EMPORIA STREET EAST & MLK BOULEVARD,1,1,0,0,1,1,,0,30,0,0,0,0,2,4,2,13
,2018_53809,39.7972935,-104.7603914,5/18/2018 10:40,10:40,12,0,1,ESPANA STREET 4055 NORTH & ESPANA STREET 4055 NORTH,1,1,0,0,1,4,,0,25,0,0,0,0,2,4,3,14
,2018_53810,39.74076893,-104.9569694,8/31/2018 14:51,14:51,6,0,0,ESPLANADE PARKWAY & 1600 BLOCK NORTH,1,1,0,0,1,4,,0,25,0,0,0,0,0,4,2,7
,2018_53811,39.616461,-105.0966495,2/20/2018 12:40,12:40,3,0,0,ESTES STREET SOUTH & BERRY AVENUE WEST,4,1,0,0,1,1,,0,25,0,0,0,0,0,4,2,7
,2018_53812,39.736476,-104.930379,8/30/2018 10:32,10:32,3,0,2,EUDORA STREET NORTH & 13TH AVENUE EAST,1,1,0,0,1,1,,0,25,0,0,0,0,2,4,2,10
,2018_53813,39.67845326,-104.9971478,11/10/2018 14:12,14:12,15,0,0,EVANS AVENUE & 4000 BLOCK EAST,1,1,0,0,1,4,,0,30,0,0,0,0,0,4,2,13
,2018_53814,39.67845326,-104.9971478,9/2/2018 7:20,7:20,15,0,0,EVANS AVENUE & 200 BLOCK WEST,1,1,0,0,1,4,,0,30,0,0,0,0,0,4,2,13
,2018_53815,39.67845326,-104.9971478,1/23/2018 10:00,10:00,3,0,0,EVANS AVENUE WEST & 3100 BLOCK,1,1,0,0,1,2,,0,30,0,0,0,0,0,4,2,13
,2018_53816,39.678498,-104.9875605,4/16/2018 4:30,4:30,5,0,0,EVANS AVENUE WEST & 3162 WEST EVANS AVENUE,1,3,0,0,3,4,,0,35,0,0,0,0,0,4,3,2
,2018_53817,39.678417,-104.9642316,8/24/2018 14:22,14:22,15,0,0,EVANS AVENUE EAST & 4100 BLOCK EAST,1,1,0,0,1,4,,0,35,0,0,0,0,0,4,2,7
,2018_53818,39.67845326,-104.9971478,7/6/2018 15:20,15:20,12,0,0,EVANS AVENUE & 5700 BLOCK EAST,1,1,0,0,1,4,,0,30,0,0,0,0,0,4,2,3
,2018_53819,39.678048,-104.9202,6/13/2018 18:50,18:50,12,0,0,EVANS AVENUE 5800 BLOCK EAST & 5800 BLOCK EAST,1,1,0,0,1,4,,0,30,0,0,0,0,0,4,3,13
,2018_53820,39.678327,-104.914368,6/12/2018 16:35,16:35,14,0,0,EVANS AVENUE 6300 BLOCK EAST & 6300 BLOCK EAST,1,1,0,0,1,4,,0,30,0,0,0,0,0,4,2,13
,2018_53821,39.67845326,-104.9971478,12/19/2018 13:00,13:00,15,0,0,EVANS AVENUE & 6300 BLOCK EAST,1,1,0,0,1,4,,0,30,0,0,0,0,0,4,2,13
,2018_53822,39.67845326,-104.9971478,10/20/2018 15:54,15:54,12,0,0,EVANS AVENUE & 6900 BLOCK EAST,1,1,0,0,1,3,,0,35,0,0,0,0,0,4,2,13
,2018_53823,39.67845326,-104.9971478,10/26/2018 19:06,19:06,14,0,0,EVANS AVENUE & 700 BLOCK EAST,1,3,0,0,1,4,,0,35,0,0,0,0,0,4,2,1
,2018_53824,39.678462,-104.98878,10/12/2018 7:00,7:00,12,0,0,EVANS AVENUE WEST & ACOMA STREET SOUTH,1,1,0,0,1,1,,0,15,0,0,0,0,0,4,2,13
,2018_53825,39.678426,-104.9395905,8/3/2018 17:10,17:10,1,0,0,EVANS AVENUE EAST & ALBION STREET SOUTH,1,1,0,0,1,1,,0,35,0,0,0,0,0,4,2,13
,2018_53826,39.678426,-104.9395905,8/23/2018 19:31,19:31,1,0,2,EVANS AVENUE EAST & ALBION STREET SOUTH,1,2,0,0,1,1,,0,30,0,0,0,0,1,4,2,14
,2018_53827,39.678435,-104.98995,7/20/2018 16:21,16:21,10,0,0,EVANS AVENUE WEST & BANNOCK STREET SOUTH,1,1,0,0,1,1,,0,25,0,0,0,0,0,4,2,14
,2018_53828,39.678435,-104.98995,8/2/2018 15:10,15:10,12,0,0,EVANS AVENUE WEST & BANNOCK STREET SOUTH,1,1,1,0,1,1,,0,25,0,0,0,0,0,4,2,13
,2018_53829,39.678435,-104.98995,10/1/2018 17:29,17:29,9,0,0,EVANS AVENUE WEST & BANNOCK STREET SOUTH,1,1,0,0,1,1,,0,35,0,0,0,0,0,4,2,13
,2018_53830,39.678426,-104.93631,4/19/2018 17:52,17:52,15,0,0,EVANS AVENUE EAST & BIRCH STREET SOUTH,1,1,0,0,1,3,,0,35,0,0,0,0,0,4,2,13
,2018_53831,39.678426,-104.93631,9/28/2018 14:50,14:50,12,0,0,EVANS AVENUE EAST & BIRCH STREET SOUTH,1,1,0,0,1,1,,0,35,0,0,0,0,0,4,2,7
,2018_53832,39.678498,-104.9875605,1/20/2018 14:34,14:34,12,0,0,EVANS AVENUE EAST & BROADWAY SOUTH,1,1,0,0,1,1,,0,30,0,0,0,0,0,4,3,7
,2018_53833,39.678498,-104.9875605,1/29/2018 17:40,17:40,15,0,0,EVANS AVENUE EAST & BROADWAY STREET SOUTH,1,3,0,0,1,1,,0,,0,0,0,0,0,4,2,13
,2018_53834,39.678498,-104.9875605,4/7/2018 10:38,10:38,3,0,0,EVANS AVENUE EAST & BROADWAY STREET SOUTH,1,1,1,0,1,1,,0,30,0,0,0,0,0,4,2,3
,2018_53835,39.678498,-104.9875605,5/11/2018 11:50,11:50,12,0,0,EVANS AVENUE EAST & BROADWAY SOUTH,1,1,0,0,1,3,,0,35,0,0,0,0,0,4,2,8
,2018_53836,39.678498,-104.9875605,10/27/2018 18:09,18:09,10,0,0,EVANS AVENUE EAST & BROADWAY STREET SOUTH,1,2,0,0,1,3,,0,30,0,0,0,0,0,4,2,13
,2018_53837,39.678678,-105.018021,3/7/2018 7:40,7:40,1,0,0,EVANS AVENUE WEST & BRYANT STREET SOUTH,1,1,0,0,1,1,,0,30,0,0,0,0,0,4,2,7
,2018_53838,39.678543,-104.9781195,12/12/2018 17:23,17:23,3,0,0,EVANS AVENUE EAST & CLARKSON STREET SOUTH,1,4,1,0,1,1,,0,25,0,0,0,0,0,4,2,13
,2018_53839,39.67866,-105.020352,1/10/2018 15:44,15:44,3,0,1,EVANS AVENUE WEST & CLAY STREET SOUTH,1,1,0,0,1,1,,0,35,0,0,0,0,2,4,2,13
,2018_53840,39.67866,-105.020352,5/21/2018 16:46,16:46,1,0,0,EVANS AVENUE WEST & CLAY STREET,1,1,0,0,1,1,,0,35,0,0,0,0,0,4,2,7
,2018_53841,39.67866,-105.020352,10/5/2018 11:57,11:57,1,0,0,EVANS AVENUE WEST & CLAY STREET SOUTH,1,1,0,0,1,1,,0,25,0,0,0,0,0,4,2,16
,2018_53842,39.678435,-104.9352615,3/19/2018 12:57,12:57,1,0,0,EVANS AVENUE EAST & CLERMONT STREET SOUTH,1,1,0,0,1,1,,0,35,0,0,0,0,0,4,2,16
,2018_53843,39.678435,-104.9352615,9/7/2018 8:41,8:41,12,0,0,EVANS AVENUE EAST & CLERMONT AVENUE SOUTH,1,1,0,0,1,1,,0,40,0,0,0,0,0,4,2,12
,2018_53844,39.678435,-104.9352615,9/12/2018 8:50,8:50,10,0,0,EVANS AVENUE EAST & CLERMONT STREET SOUTH,1,1,0,0,1,1,,0,30,0,0,0,0,0,4,2,8
,2018_53845,39.678435,-104.9352615,10/5/2018 17:01,17:01,15,0,0,EVANS AVENUE EAST & CLERMONT STREET SOUTH,1,1,0,0,1,1,,0,35,0,0,0,0,0,4,3,9
,2018_53846,39.678381,-104.9565105,8/7/2018 10:22,10:22,1,0,0,EVANS AVENUE EAST & COLUMBINE STREET SOUTH,1,1,0,0,1,1,,0,35,0,0,0,0,0,4,2,16
,2018_53847,39.678471,-104.9479785,7/18/2018 11:09,11:09,3,0,2,EVANS AVENUE EAST & COOK STREET SOUTH,1,1,0,0,1,1,,0,25,0,0,0,0,1,4,2,7
,2018_53848,39.678471,-104.9479785,8/17/2018 11:09,11:09,3,0,2,EVANS AVENUE EAST & COOK STREET SOUTH,1,1,0,0,1,1,,0,25,0,0,0,0,1,4,2,7
,2018_53850,39.678516,-104.9746005,7/25/2018 10:38,10:38,1,0,0,EVANS AVENUE EAST & CORONA STREET SOUTH,1,1,0,0,1,1,,0,30,0,0,0,0,0,4,2,8
,2018_53851,39.678453,-104.931612,1/11/2018 18:05,18:05,12,0,0,EVANS AVENUE EAST & DAHLIA STREET SOUTH,1,3,0,0,1,1,,0,,0,0,0,0,0,4,2,13
,2018_53852,39.678435,-104.912892,8/24/2018 17:51,17:51,15,0,0,EVANS AVENUE EAST & MONACO STREET SOUTH,1,1,0,0,1,3,,0,35,0,0,0,0,0,4,2,3
,2018_53853,39.678453,-104.931612,2/25/2018 10:03,10:03,12,0,1,EVANS AVENUE EAST & DAHLIA STREET SOUTH,1,1,0,0,1,1,,0,35,0,0,0,0,1,4,3,13
,2018_53854,39.678453,-104.931612,3/15/2018 7:57,7:57,3,0,0,EVANS AVENUE EAST & DAHLIA STREET SOUTH,1,1,0,0,1,1,,0,30,0,0,0,0,0,4,2,13
,2018_53855,39.678453,-104.931612,4/12/2018 18:30,18:30,15,0,0,EVANS AVENUE EAST & DAHLIA STREET SOUTH,1,1,0,0,1,3,,0,35,0,0,0,0,0,4,3,13
,2018_53856,39.678453,-104.931612,4/18/2018 15:03,15:03,3,0,0,EVANS AVENUE EAST & DAHLIA STREET SOUTH,1,1,0,0,1,1,,0,35,0,0,0,0,0,4,2,13
,2018_53857,39.678453,-104.931612,10/7/2018 19:13,19:13,1,0,0,EVANS AVENUE EAST & DAHLIA STREET SOUTH,2,3,0,1,1,1,,0,35,0,0,0,0,0,4,2,14
,2018_53858,39.678453,-104.931612,10/24/2018 14:30,14:30,12,0,0,EVANS AVENUE EAST & DAHLIA STREET SOUTH,1,1,0,0,1,1,,0,30,0,0,0,0,0,4,2,2
,2018_53859,39.678453,-104.931612,11/7/2018 8:50,8:50,10,0,0,EVANS AVENUE EAST & DAHLIA STREET SOUTH,1,1,0,0,1,1,,0,35,0,0,0,0,0,4,2,13
,2018_53860,39.678507,-104.9734395,5/2/2018 16:55,16:55,12,0,0,EVANS AVENUE EAST & DOWNING STREET SOUTH,14,5,3,7,1,14,,0,,0,0,0,0,0,4,2,13
,2018_53861,39.678507,-104.9734395,7/18/2018 19:20,19:20,12,0,0,EVANS AVENUE EAST & DOWNING STREET SOUTH,1,1,0,0,1,1,,0,30,0,0,0,0,0,4,3,1
,2018_53862,39.678507,-104.9734395,12/6/2018 14:53,14:53,1,0,0,EVANS AVENUE EAST & DOWNING STREET SOUTH,1,1,0,0,1,1,,0,25,0,0,0,0,0,4,2,13
,2018_53863,39.678489,-104.9687415,2/1/2018 16:43,16:43,12,0,0,EVANS AVENUE EAST & FRANKLIN STREET SOUTH,1,1,0,0,1,1,,0,30,0,0,0,0,0,4,2,13
,2018_53864,39.678489,-104.9687415,3/22/2018 7:34,7:34,1,0,0,EVANS AVENUE EAST & FRANKLIN STREET SOUTH,1,1,0,0,1,1,,0,30,0,0,0,0,0,4,2,7
,2018_53865,39.678489,-104.9687415,10/4/2018 16:49,16:49,12,0,0,EVANS AVENUE EAST & FRANKLIN STREET SOUTH,1,1,0,0,1,1,,0,35,0,0,0,0,0,4,2,13
,2018_53866,39.751074,-104.9950215,6/19/2018 12:48,12:48,10,0,0,LARIMER STREET & 18TH STREET,1,1,0,0,1,1,,0,,0,0,0,0,0,4,2,13
,2018_53867,39.678444,-104.9251905,1/3/2018 10:43,10:43,15,0,0,EVANS AVENUE EAST & GRAPE STREET SOUTH,1,1,0,0,1,4,,0,30,0,0,0,0,0,4,2,13
,2018_53868,39.678588,-105.027858,2/6/2018 7:53,7:53,12,0,0,EVANS AVENUE WEST & HAZEL COURT SOUTH,1,1,0,0,1,1,,0,30,0,0,0,0,0,4,2,16
,2018_53869,39.678588,-105.027858,5/18/2018 14:31,14:31,1,0,0,EVANS AVENUE WEST & HAZEL COURT SOUTH,1,1,0,0,1,1,,0,35,0,0,0,0,0,4,2,1
,2018_53870,39.678588,-105.027858,7/30/2018 6:41,6:41,1,0,0,EVANS AVENUE WEST & HAZEL COURT SOUTH,1,1,0,0,1,1,,0,25,0,0,0,0,0,4,2,16
,2018_53871,39.678588,-105.027858,11/8/2018 10:51,10:51,1,0,0,EVANS AVENUE WEST & HAZEL COURT SOUTH,1,1,0,0,1,1,,0,25,0,0,0,0,0,4,2,13
,2018_53872,39.678489,-104.9652315,1/18/2018 22:00,22:00,3,0,0,EVANS AVENUE EAST & HIGH STREET SOUTH,1,3,0,0,1,1,,0,35,0,0,0,0,0,4,2,16
,2018_53873,39.678489,-104.9652315,5/24/2018 11:59,11:59,1,0,0,EVANS AVENUE EAST & HIGH STREET SOUTH,1,1,0,0,1,1,,0,35,0,0,0,0,0,4,2,13
,2018_53874,39.678489,-104.9652315,7/8/2018 8:20,8:20,1,0,0,EVANS AVENUE EAST & HIGH STREET SOUTH,1,1,0,0,1,1,,0,30,0,0,0,0,0,4,2,8
,2018_53875,39.678489,-104.9652315,10/7/2018 7:44,7:44,3,0,0,EVANS AVENUE EAST & HIGH STREET SOUTH,1,1,0,0,1,1,,0,25,0,0,0,0,0,4,2,5
,2018_53876,39.678453,-104.9222295,1/21/2018 4:07,4:07,3,0,0,EVANS AVENUE EAST & HOLLY STREET SOUTH,4,3,0,2,1,1,,0,25,0,0,0,0,0,4,2,7
,2018_53877,39.678453,-104.9222295,3/29/2018 7:22,7:22,3,0,0,EVANS AVENUE EAST & HOLLY STREET SOUTH,1,1,0,0,1,1,,0,30,0,0,0,0,0,4,2,14
,2018_53878,39.678453,-104.9222295,5/27/2018 19:29,19:29,15,0,0,EVANS AVENUE EAST & HOLLY STREET SOUTH,1,1,0,0,1,1,,0,35,0,0,0,0,0,4,2,14
,2018_53879,39.678453,-104.9222295,6/13/2018 21:10,21:10,3,0,2,EVANS AVENUE EAST & HOLLY STREET SOUTH,1,3,0,0,1,1,,0,35,0,0,0,0,1,4,2,13
,2018_53880,39.68935197,-104.9699018,3/28/2018 5:55,5:55,5,0,0,FLORIDA AVENUE & 800 BLOCK WEST,1,3,0,0,3,4,,0,30,0,0,0,0,0,4,1,1
,2018_53881,39.678453,-104.9222295,6/24/2018 7:05,7:05,12,0,0,EVANS AVENUE EAST & HOLLY STREET SOUTH,1,1,0,0,1,1,,0,30,0,0,0,0,0,4,2,13
,2018_53882,39.678453,-104.9222295,8/1/2018 10:33,10:33,5,0,1,EVANS STREET EAST & HOLLY STREET SOUTH,1,1,0,0,3,1,,0,35,0,0,0,0,1,4,1,13
,2018_53883,39.678453,-104.9222295,8/5/2018 0:51,0:51,15,0,0,EVANS AVENUE EAST & HOLLY STREET SOUTH,1,3,0,0,1,1,,0,35,0,0,0,0,0,4,2,5
,2018_53884,39.678453,-104.9222295,8/24/2018 7:01,7:01,1,0,2,EVANS AVENUE EAST & HOLLY STREET SOUTH,1,1,0,0,1,1,,0,40,0,0,0,0,1,4,2,13
,2018_53885,39.678453,-104.9222295,12/13/2018 17:00,17:00,3,0,0,EVANS AVENUE EAST & HOLLY STREET SOUTH,1,3,0,0,1,1,,0,30,0,0,0,0,0,4,2,8
,2018_53886,39.678444,-104.923422,4/6/2018 7:50,7:50,1,0,0,EVANS AVENUE EAST & HUDSON STREET SOUTH,1,1,0,0,1,1,,0,30,0,0,0,0,0,4,2,7
,2018_53887,39.678498,-104.9699115,3/6/2018 11:44,11:44,1,0,0,EVANS AVENUE EAST & HUMBOLDT STREET SOUTH,1,1,0,0,1,1,,0,25,0,0,0,0,0,4,2,1
,2018_53888,39.678183,-105.029802,1/19/2018 15:05,15:05,3,0,2,EVANS AVENUE WEST & IRVING STREET SOUTH,1,1,0,0,1,1,,0,30,0,0,0,0,2,4,3,8
,2018_53889,39.678453,-104.920992,8/31/2018 11:30,11:30,15,0,0,EVANS AVENUE EAST & IVANHOE STREET SOUTH,1,1,0,0,1,4,,0,30,0,0,0,0,0,4,2,13
,2018_53890,39.678444,-104.9187915,9/2/2018 9:27,9:27,15,0,0,EVANS AVENUE EAST & JASMINE STREET SOUTH,1,1,0,0,1,1,,0,,0,0,0,0,0,4,2,13
,2018_53891,39.678444,-104.9187915,10/8/2018 14:30,14:30,3,0,0,EVANS AVENUE EAST & JASMINE STREET SOUTH,1,1,0,0,1,1,,0,30,0,0,0,0,0,4,2,13
,2018_53892,39.678498,-104.9994495,4/17/2018 11:51,11:51,3,0,2,EVANS AVENUE WEST & JASON STREET SOUTH,1,1,0,0,1,3,,0,35,0,0,0,1,2,4,2,13
,2018_53893,39.678462,-104.9579415,7/30/2018 16:44,16:44,12,0,0,EVANS AVENUE EAST & JOSEPHINE STREET SOUTH,1,1,0,0,1,1,,0,35,0,0,0,0,0,4,3,12
,2018_53894,39.678498,-104.9710995,9/12/2018 12:05,12:05,3,0,0,EVANS AVENUE EAST & LAFAYETTE STREET SOUTH,1,1,0,0,1,1,,0,35,0,0,0,0,0,4,2,3
,2018_53895,39.678462,-104.915952,2/6/2018 18:17,18:17,12,0,0,EVANS AVENUE EAST & LEYDEN STREET SOUTH,1,3,0,0,1,1,,0,30,0,0,0,0,0,4,2,12
,2018_53896,39.678462,-104.915952,2/7/2018 16:05,16:05,1,0,0,EVANS AVENUE EAST & LEYDEN STREET SOUTH,1,1,0,0,1,1,,0,35,0,0,0,0,0,4,2,13
,2018_53897,39.75995455,-104.92227,11/27/2018 0:44,0:44,5,0,0,HOLLY STREET & 2995 BLOCK NORTH,1,3,0,0,2,4,,0,25,0,0,0,0,0,4,1,13
,2018_53898,39.678462,-104.915952,9/17/2018 16:30,16:30,1,0,0,EVANS AVENUE EAST & LEYDEN STREET SOUTH,1,1,0,0,1,1,,0,30,0,0,0,0,0,4,2,16
,2018_53899,39.678534,-104.9863635,11/14/2018 17:22,17:22,15,0,0,EVANS AVENUE EAST & LINCOLN STREET SOUTH,1,3,0,0,1,3,,0,35,0,0,0,0,0,4,2,13
,2018_53900,39.678561,-104.9828715,1/2/2018 14:52,14:52,3,0,3,EVANS AVENUE EAST & LOGAN STREET SOUTH,1,1,0,0,1,1,,0,35,0,0,0,0,2,4,2,14
,2018_53901,39.678561,-104.9828715,3/21/2018 7:31,7:31,3,0,0,EVANS AVENUE EAST & LOGAN STREET SOUTH,1,1,0,0,1,1,,0,25,0,0,0,0,0,4,2,3
,2018_53902,39.678561,-104.9828715,3/27/2018 11:54,11:54,3,0,0,EVANS AVENUE EAST & LOGAN STREET SOUTH,1,1,0,0,1,1,,0,35,0,0,0,0,0,4,2,16
,2018_53903,39.678561,-104.9828715,9/2/2018 11:00,11:00,3,0,1,EVANS AVENUE EAST & LOGAN STREET SOUTH,1,3,1,0,1,1,,0,35,0,0,0,0,1,4,2,13
,2018_53904,39.678435,-104.912892,7/30/2018 6:35,6:35,12,0,0,EVANS AVENUE EAST & MONACO STREET SOUTH,1,1,1,0,1,1,,0,35,0,0,0,0,0,4,2,3
,2018_53905,39.678435,-104.912892,10/25/2018 7:36,7:36,15,0,0,EVANS AVENUE EAST & MONACO STREET SOUTH,1,1,0,0,1,1,,0,35,0,0,0,0,0,4,2,1
,2018_53906,39.678435,-104.912892,11/19/2018 11:00,11:00,15,0,0,EVANS AVENUE EAST & MONACO STREET SOUTH,1,1,0,0,1,1,,0,35,0,0,0,0,0,4,2,13
,2018_53907,39.678516,-104.9757615,10/23/2018 16:45,16:45,14,0,0,EVANS AVENUE EAST & OGDEN STREET SOUTH,1,1,0,0,1,1,,0,30,0,0,0,0,0,4,3,3
,2018_53908,39.678516,-104.9757615,12/20/2018 6:55,6:55,3,0,0,EVANS AVENUE EAST & OGDEN STREET SOUTH,1,1,0,0,1,1,,0,25,0,0,0,0,0,4,2,16
,2018_53909,39.679191,-105.0383205,4/10/2018 20:15,20:15,8,0,1,EVANS AVENUE WEST & PATTON COURT SOUTH,1,4,1,0,1,3,,0,30,0,0,0,0,1,4,2,13
,2018_53910,39.678552,-104.980482,9/23/2018 13:58,13:58,12,0,0,EVANS AVENUE EAST & PEARL STREET SOUTH,1,1,0,0,1,1,,0,35,0,0,0,0,0,4,2,7
,2018_53911,39.678588,-105.006402,7/8/2018 2:20,2:20,3,0,0,EVANS AVENUE WEST & PECOS STREET SOUTH,1,3,0,0,1,3,,0,35,0,0,0,0,0,4,2,13
,2018_53912,39.678525,-104.964048,11/28/2018 17:03,17:03,15,0,0,EVANS AVENUE EAST & RACE STREET SOUTH,1,1,0,0,1,1,,0,35,0,0,0,0,0,4,2,16
,2018_53913,39.679578,-105.0440895,10/3/2018 7:35,7:35,12,0,1,EVANS AVENUE WEST & TENNYSON STREET SOUTH,1,1,0,0,1,1,,0,30,0,0,0,0,1,4,2,3
,2018_53914,39.678498,-104.9664015,3/2/2018 17:34,17:34,3,0,0,EVANS AVENUE EAST & WILLIAMS STREET SOUTH,1,2,0,0,1,1,,0,25,0,0,0,0,0,4,2,8
,2018_53915,39.678372,-104.9593995,5/16/2018 19:35,19:35,12,0,0,EVANS AVENUE EAST & UNIVERSITY BOULEVARD SOUTH,1,1,0,0,1,1,,0,35,0,0,0,0,0,4,2,13
,2018_53916,39.678372,-104.9593995,6/13/2018 14:10,14:10,12,0,0,EVANS AVENUE EAST & UNIVERSITY BOULEVARD SOUTH,1,1,0,0,1,1,,0,30,0,0,0,0,0,4,2,3
,2018_53917,39.678372,-104.9593995,10/25/2018 14:35,14:35,1,0,0,EVANS AVENUE EAST & UNIVERSITY BOULEVARD SOUTH,1,1,0,0,1,1,,0,35,0,0,0,0,0,4,2,1
,2018_53918,39.678372,-104.9593995,12/20/2018 19:21,19:21,1,0,1,EVANS AVENUE EAST & UNIVERSITY BOULEVARD SOUTH,1,3,0,0,1,1,,0,30,0,0,0,0,1,4,2,8
,2018_53919,39.678678,-105.01335,11/10/2018 11:05,11:05,3,0,0,EVANS AVENUE WEST & VALLEJO STREET / ZUNI STREET SOUTH ALLEY,1,1,0,0,1,1,,0,25,0,0,0,0,0,4,2,14
,2018_53920,39.679272,-105.045939,11/1/2018 15:44,15:44,3,0,0,EVANS AVENUE WEST & VRAIN STREET SOUTH,1,1,0,0,1,1,,0,30,0,0,0,0,0,4,2,13
,2018_53921,39.678498,-104.9664015,3/7/2018 16:42,16:42,3,0,0,EVANS AVENUE EAST & WILLIAMS STREET SOUTH,1,1,0,0,1,1,,0,25,0,0,0,0,0,4,2,13
,2018_53922,39.678498,-104.9664015,6/29/2018 8:37,8:37,12,0,0,EVANS AVENUE EAST & WILLIAMS STREET SOUTH,1,1,0,0,1,3,,0,30,0,0,0,0,0,4,2,3
,2018_53923,39.678498,-104.9664015,10/27/2018 18:56,18:56,3,0,0,EVANS AVENUE EAST & WILLIAMS STREET SOUTH,1,4,0,0,1,1,,0,30,0,0,0,0,0,4,2,8
,2018_53924,39.679164,-105.048999,2/25/2018 11:28,11:28,12,0,0,EVANS AVENUE WEST & WOLCOTT COURT SOUTH,1,1,0,0,1,1,,0,30,0,0,0,0,0,4,2,1
,2018_53925,39.678696,-105.015681,7/2/2018 17:40,17:40,1,0,2,EVANS AVENUE WEST & ZUNI STREET SOUTH,1,1,0,0,1,3,,0,35,0,0,0,0,2,4,2,13
,2018_53926,39.703842,-104.9547284,1/15/2018 11:05,11:05,5,0,0,EXPOSITION AVENUE & 4499 WEST,5,1,1,2,2,1,,0,20,0,0,0,0,0,4,1,7
,2018_53927,39.703896,-105.020361,12/1/2018 15:43,15:43,3,0,0,EXPOSITION AVENUE WEST & CLAY STREET SOUTH,1,2,0,0,1,1,,0,25,0,0,0,0,0,4,2,16
,2018_53928,39.703869,-104.9617215,6/6/2018 18:05,18:05,3,0,0,EXPOSITION AVENUE EAST & GAYLORD STREET SOUTH,1,1,0,0,1,1,,0,25,0,0,0,0,0,4,2,5
,2018_53929,39.703869,-104.9617215,11/13/2018 11:02,11:02,3,0,0,EXPOSITION AVENUE EAST & GAYLORD STREET SOUTH,1,1,0,0,1,1,,0,25,0,0,0,0,0,4,2,8
,2018_53930,39.703869,-104.9617215,12/18/2018 12:13,12:13,3,0,0,EXPOSITION AVENUE EAST & GAYLORD STREET SOUTH,1,1,1,0,1,1,,0,25,0,0,0,0,0,4,2,13
,2018_53931,39.704013,-105.0275295,9/11/2018 7:33,7:33,3,0,0,EXPOSITION AVENUE WEST & HAZEL COURT SOUTH,1,1,0,0,1,1,,0,25,0,0,0,0,0,4,2,16
,2018_53933,39.703842,-104.9500125,2/16/2018 9:24,9:24,15,0,0,EXPOSITION AVENUE EAST & STEELE STREET SOUTH,5,1,0,0,1,1,,0,25,0,0,0,0,0,4,2,7
,2018_53934,39.65697,-105.029802,12/31/2018 15:25,15:25,5,0,0,FLOYD AVENUE WEST & IRVING STREET SOUTH,4,1,1,2,4,3,,0,25,0,0,0,0,0,4,1,14
,2018_53935,39.70386,-104.95935,3/22/2018 15:01,15:01,1,0,0,EXPOSITION AVENUE EAST & UNIVERSITY BOULEVARD SOUTH,1,1,0,0,1,3,,0,30,0,0,0,0,0,4,2,13
,2018_53936,39.751047,-104.928138,12/28/2018 13:36,13:36,3,0,1,FAIRFAX STREET NORTH & 23RD AVENUE EAST,1,1,0,0,1,1,,0,30,0,0,0,0,1,4,2,13
,2018_53937,39.7674,-104.9281605,7/7/2018 8:58,8:58,6,0,0,FAIRFAX STREET & 2946 BLOCK NORTH,1,1,0,0,1,4,,0,25,0,0,0,0,0,4,2,2
,2018_53938,39.7674,-104.9281605,6/9/2018 7:55,7:55,6,0,1,FAIRFAX AVENUE & 707 NORTH,1,1,0,0,2,4,,0,25,0,0,0,0,1,4,2,7
,2018_53939,39.71133,-104.8929075,3/13/2018 15:36,15:36,12,0,0,FAIRMOUNT DRIVE EAST & ALAMEDA AVENUE EAST,1,1,1,0,1,1,,0,30,0,0,0,0,0,4,2,16
,2018_53940,39.71133,-104.8929075,9/16/2018 5:50,5:50,5,0,0,FAIRMONT DRIVE EAST & ALAMEDA AVENUE EAST,1,2,0,0,2,1,,0,35,0,0,0,0,0,4,1,5
,2018_53941,39.715299,-104.894613,8/15/2018 20:33,20:33,15,0,0,FAIRMOUNT DRIVE EAST & BAYAUD AVENUE EAST,1,3,0,0,1,1,,0,30,0,0,0,0,0,4,2,4
,2018_53942,39.717081,-104.8955513,1/16/2018 12:30,12:30,3,0,0,FAIRMOUNT DRIVE EAST & LOWRY BOULEVARD EAST ROUNDABOUT,1,1,0,0,1,6,,0,25,0,0,0,0,0,4,3,1
,2018_53943,39.717081,-104.8955513,8/28/2018 17:16,17:16,15,0,0,FAIRMOUNT DRIVE EAST & LOWRY BOULEVARD EAST,1,1,0,0,1,6,,0,30,0,0,0,0,0,4,2,13
,2018_53944,39.717081,-104.8955513,9/19/2018 8:09,8:09,10,0,0,FAIRMOUNT DRIVE EAST & LOWRY BOULEVARD EAST,1,1,0,0,1,7,,0,15,0,0,0,0,0,4,2,13
,2018_53945,39.754827,-105.0252795,9/8/2018 14:30,14:30,12,0,0,FEDERAL BOULEVARD NORTH & 26TH AVENUE WEST,1,1,0,0,1,4,,0,35,0,0,0,0,0,4,2,13