id,drcog_id,latitude,longitude,crashtime,time,crashtype,numbkilled,numbinjurd,drcoglocat,rdconditin,lightngcon,roadcntgrd,weatherco,location,roaddescrp,schoolzone,constrzone,splimit,bikeinv,pedinv,sctrinv,motoinv,svrty,rdsystem,ttlvehcls,hcf
,2018_53946,39.754827,-105.0252795,9/26/2018 16:11,16:11,1,0,0,FEDERAL BOULEVARD NORTH & 26TH AVENUE WEST,1,1,0,0,1,1,,0,35,0,0,0,0,0,4,2,1
,2018_53947,39.760299,-105.0252885,9/4/2018 18:12,18:12,15,0,0,FEDERAL BOULEVARD NORTH & SPEER BOULEVARD NORTH,1,1,0,0,1,1,,0,35,0,0,0,0,0,4,2,13
,2018_53948,39.787884,-104.8123305,3/21/2018 20:03,20:03,3,0,1,FONTANA COURT NORTH & 52ND AVENUE EAST,1,2,0,0,1,1,,0,,0,0,0,0,2,4,2,13
,2018_53949,39.760299,-105.0252885,10/16/2018 10:13,10:13,3,0,1,FEDERAL BOULEVARD NORTH & SPEER BOULEVARD NORTH,1,1,0,0,1,1,,0,35,0,0,0,0,1,4,2,1
,2018_53950,39.743793,-104.9535405,3/26/2018 18:55,18:55,12,0,0,FILLMORE STREET NORTH & 17TH AVENUE EAST,2,3,1,1,1,4,,0,30,0,0,0,0,0,4,2,12
,2018_53951,39.783726,-104.9530095,5/16/2018 16:59,16:59,12,0,0,FILLMORE STREET NORTH & 48TH AVENUE EAST,1,1,0,0,1,2,,0,25,0,0,0,0,0,4,2,12
,2018_53952,39.730509,-104.952879,10/30/2018 13:48,13:48,3,0,0,FILLMORE STREET NORTH & NINTH AVENUE EAST,1,1,0,0,1,1,,0,25,0,0,0,0,0,4,2,13
,2018_53953,39.687507,-104.9535495,10/31/2018 15:30,15:30,3,0,0,FILLMORE STREET SOUTH & IOWA AVENUE EAST,1,1,0,0,1,1,,0,25,0,0,0,0,0,4,2,13
,2018_53954,39.654432,-105.045489,2/19/2018 17:14,17:14,6,0,0,HAMILTON PLACE WEST & WINONA COURT WEST,4,1,0,2,1,1,,0,,0,0,0,0,0,4,2,13
,2018_53955,39.79628192,-104.7586299,10/3/2018 7:24,7:24,15,0,0,FLANDERS WAY & 4700 BLOCK NORTH,1,1,0,0,1,4,,0,20,0,0,0,0,0,4,2,14
,2018_53956,39.79628192,-104.7586299,7/14/2018 14:28,14:28,6,0,0,FLANDERS WAY & 4950 BLOCK NORTH,1,1,0,0,1,4,,0,,0,0,0,0,0,4,2,13
,2018_53957,39.776535,-104.7588705,5/13/2018 18:18,18:18,5,0,0,FLANDERS STREET NORTH & DUNKIRK WAY NORTH,1,1,0,0,3,3,,0,30,0,0,0,0,0,4,1,14
,2018_53958,39.783663,-104.761188,5/18/2018 18:25,18:25,3,0,0,FLANDERS WAY NORTH & GREEN VALLEY RANCH BOULEVARD,1,1,0,0,1,1,,0,25,0,0,0,0,0,4,2,13
,2018_53959,39.78252,-104.8720905,4/9/2018 14:40,14:40,3,0,0,FLORENCE STREET NORTH & 47TH AVENUE EAST,1,1,0,0,1,1,,0,30,0,0,0,0,0,4,2,13
,2018_53960,39.68935197,-104.9699018,12/22/2018 18:00,18:00,6,0,1,FLORIDA AVENUE & 2860 BLOCK WEST,1,2,0,0,3,4,,0,25,0,0,0,0,1,4,2,10
,2018_53961,39.689388,-104.987511,1/29/2018 10:30,10:30,5,0,1,FLORIDA AVENUE EAST & 4715 EAST FLORIDA AVENUE,1,1,0,0,3,4,,0,30,0,0,0,0,1,4,1,10
,2018_53962,39.68935197,-104.9699018,3/1/2018 12:08,12:08,12,0,0,FLORIDA AVENUE & 5400 BLOCK EAST,1,1,0,0,1,4,,0,30,0,0,0,0,0,4,2,13
,2018_53964,39.689307,-104.9384115,7/7/2018 19:10,19:10,1,0,0,FLORIDA AVENUE & ASH STREET,1,1,0,0,1,1,,0,30,0,0,0,0,0,4,2,3
,2018_53965,39.689316,-104.936211,3/26/2018 17:25,17:25,12,0,0,FLORIDA AVENUE EAST & BIRCH STREET SOUTH,2,1,1,1,1,1,,0,30,0,0,0,0,0,4,2,13
,2018_53966,39.689388,-104.9744115,11/15/2018 8:50,8:50,8,0,0,FLORIDA AVENUE EAST & BUCHTEL BOULEVARD EAST,1,1,0,0,1,1,,0,30,0,0,0,0,0,4,2,3
,2018_53967,39.689379,-104.9781195,10/16/2018 17:17,17:17,3,0,1,FLORIDA AVENUE EAST & CLARKSON STREET SOUTH,1,2,0,0,1,1,,0,25,0,0,0,0,1,4,2,13
,2018_53968,39.689523,-105.020361,8/11/2018 16:41,16:41,3,0,1,FLORIDA AVENUE WEST & CLAY STREET SOUTH,1,1,0,0,1,1,,0,30,0,0,0,1,2,4,2,16
,2018_53969,39.689334,-104.931702,2/22/2018 14:50,14:50,3,0,0,FLORIDA AVENUE EAST & DAHLIA STREET SOUTH,1,1,0,0,1,1,,0,25,0,0,0,0,0,4,2,13
,2018_53970,39.689334,-104.931702,3/17/2018 10:54,10:54,3,0,0,FLORIDA AVENUE EAST & DAHLIA STREET SOUTH,1,1,0,0,1,1,,0,30,0,0,0,0,0,4,2,13
,2018_53971,39.689334,-104.931702,11/3/2018 12:36,12:36,1,0,0,FLORIDA AVENUE EAST & DAHLIA STREET SOUTH,1,1,0,0,1,1,,0,30,0,0,0,0,0,4,2,16
,2018_53972,39.689514,-105.021378,3/15/2018 18:11,18:11,12,0,0,FLORIDA AVENUE WEST & DALE COURT SOUTH,1,1,1,0,1,3,,0,30,0,0,0,0,0,4,3,3
,2018_53973,39.689514,-105.0227325,3/14/2018 15:47,15:47,9,0,1,FLORIDA AVENUE WEST & DECATUR STREET SOUTH,1,1,1,0,1,4,,0,35,0,0,0,1,1,4,1,13
,2018_53974,39.689514,-105.0227325,12/5/2018 7:28,7:28,15,0,0,FLORIDA AVENUE WEST & DECATUR STREET SOUTH,1,1,0,0,1,1,,0,30,0,0,0,0,0,4,2,7
,2018_53975,39.689334,-104.930532,5/6/2018 15:50,15:50,3,0,0,FLORIDA AVENUE EAST & EUDORA STREET SOUTH,1,1,0,0,1,1,,0,25,0,0,0,0,0,4,2,13
,2018_53976,39.689334,-104.9264595,4/25/2018 8:46,8:46,12,0,0,FLORIDA AVENUE EAST & GLENCOE STREET SOUTH,1,1,0,0,1,1,,0,25,0,0,0,0,0,4,2,13
,2018_53977,39.689343,-104.9254515,11/17/2018 16:29,16:29,14,0,0,FLORIDA AVENUE EAST & GRAPE STREET SOUTH,5,2,0,2,1,1,,0,30,0,0,0,0,0,4,2,14
,2018_53978,39.689343,-104.9243895,7/4/2018 18:15,18:15,12,0,0,FLORIDA AVENUE EAST & HUDSON STREET SOUTH,1,1,1,0,1,1,,0,30,0,0,0,0,0,4,2,3
,2018_53979,39.689469,-105.029712,2/11/2018 9:45,9:45,3,0,0,FLORIDA AVENUE WEST & IRVING STREET SOUTH,6,1,0,0,1,1,,0,25,0,0,0,0,0,4,5,13
,2018_53980,39.689451,-105.032502,1/8/2018 15:56,15:56,12,0,0,FLORIDA AVENUE WEST & KNOX COURT SOUTH,1,1,0,0,1,3,,0,30,0,0,0,0,0,4,2,16
,2018_53981,39.689352,-104.914053,6/27/2018 13:06,13:06,3,0,0,FLORIDA AVENUE EAST & LOCUST STREET SOUTH,1,1,0,0,1,1,,0,25,0,0,0,0,0,4,2,13
,2018_53982,39.689352,-104.914053,10/4/2018 16:24,16:24,3,0,0,FLORIDA AVENUE EAST & LOCUST STREET SOUTH,1,1,0,0,1,1,,0,30,0,0,0,0,0,4,2,3
,2018_53983,39.689451,-105.0343605,12/28/2018 17:56,17:56,3,0,0,FLORIDA AVENUE WEST & LOWELL BOULEVARD SOUTH,1,3,0,0,1,1,,0,25,0,0,0,0,0,4,2,13
,2018_53984,39.689379,-104.971077,5/11/2018 0:30,0:30,5,0,0,FLORIDA AVENUE EAST & MARION STREET SOUTH,1,3,1,0,2,3,,0,25,0,0,0,0,0,4,1,5
,2018_53985,39.689343,-104.912901,6/12/2018 17:55,17:55,1,0,0,FLORIDA AVENUE EAST & MONACO STREET SOUTH,1,1,0,0,1,1,,0,35,0,0,0,0,0,4,2,13
,2018_53986,39.689469,-105.0051195,6/3/2018 16:43,16:43,1,0,0,FLORIDA AVENUE WEST & OSAGE STREET SOUTH,1,1,0,0,1,3,,0,40,0,0,0,0,0,4,2,16
,2018_53987,39.689469,-105.0051195,7/7/2018 18:39,18:39,15,0,0,FLORIDA AVENUE WEST & OSAGE STREET SOUTH,1,1,1,0,1,1,,0,30,0,0,0,0,0,4,2,13
,2018_53988,39.689469,-105.0051195,9/9/2018 21:07,21:07,3,0,0,FLORIDA AVENUE WEST & OSAGE STREET SOUTH,1,3,0,0,1,1,,0,35,0,0,0,0,0,4,2,7
,2018_53989,39.689478,-105.0390585,3/15/2018 15:47,15:47,12,0,0,FLORIDA AVENUE WEST & PATTON COURT SOUTH,1,1,0,0,1,1,,0,,0,0,0,0,0,4,2,13
,2018_53990,39.689343,-104.9035995,4/5/2018 17:45,17:45,12,0,0,FLORIDA AVENUE EAST & QUEBEC STREET SOUTH,1,1,0,0,1,1,,0,25,0,0,0,0,0,4,2,1
,2018_53991,39.689343,-104.9035995,5/15/2018 17:02,17:02,15,0,0,FLORIDA AVENUE EAST & QUEBEC STREET SOUTH,1,1,0,0,1,1,,0,35,0,0,0,0,0,4,2,1
,2018_53992,39.689334,-104.896719,11/6/2018 17:17,17:17,12,0,0,FLORIDA AVENUE EAST & QUEBEC WAY SOUTH,1,3,0,0,1,1,,0,35,0,0,0,0,0,4,2,13
,2018_53993,39.689487,-105.04215,4/10/2018 19:51,19:51,3,0,0,FLORIDA AVENUE WEST & RALEIGH STREET SOUTH,1,3,0,0,1,1,,0,30,0,0,0,1,0,4,2,13
,2018_53994,39.68946,-105.0036556,7/13/2018 19:55,19:55,12,0,0,FLORIDA AVENUE WEST & RUBY HILL PARK ROAD 1,1,1,1,0,1,1,,0,15,0,0,0,0,0,4,2,5
,2018_53995,39.79540585,-104.9687426,8/4/2018 19:15,19:15,12,0,0,FRANKLIN STREET & 691 SOUTH,1,1,0,0,1,7,,0,15,0,0,0,0,0,4,2,1
,2018_53996,39.689316,-104.9512185,9/5/2018 19:15,19:15,12,0,0,FLORIDA AVENUE EAST & STREET PAUL STREET SOUTH,2,1,0,0,1,1,,0,25,0,0,0,0,0,4,2,3
,2018_53998,39.68955,-105.051051,9/26/2018 17:52,17:52,3,0,0,FLORIDA AVENUE WEST & YATES STREET SOUTH,1,1,0,0,1,1,,0,25,0,0,0,0,0,4,2,7
,2018_53999,39.689532,-105.01569,2/20/2018 11:40,11:40,3,0,0,FLORIDA AVENUE WEST & ZUNI STREET SOUTH,2,1,0,0,1,1,,0,30,0,0,0,0,0,4,2,13
,2018_54000,39.689532,-105.01569,6/12/2018 19:15,19:15,12,0,1,FLORIDA AVENUE WEST & ZUNI STREET SOUTH,1,1,2,0,1,3,,0,30,0,0,0,0,1,4,3,14
,2018_54001,39.689532,-105.01569,11/19/2018 17:34,17:34,1,0,1,FLORIDA AVENUE WEST & ZUNI STREET SOUTH,1,3,0,0,1,1,,0,,0,0,0,0,2,4,2,13
,2018_54002,39.6563305,-104.8822131,4/29/2018 14:19,14:19,6,0,0,FLOYD AVENUE & 3050 WEST,1,1,1,0,1,4,,0,25,0,0,0,0,0,4,3,3
,2018_54003,39.76845245,-104.926968,8/20/2018 13:11,13:11,6,0,0,FOREST STREET & 1636 NORTH,1,1,0,0,1,4,,0,25,0,0,0,0,0,4,2,13
,2018_54004,39.76845245,-104.926968,8/14/2018 17:40,17:40,10,0,0,FOREST STREET & 221 SOUTH,2,1,0,0,1,2,,0,25,0,0,0,0,0,4,2,3
,2018_54005,39.719403,-104.926932,5/8/2018 12:37,12:37,3,0,0,FOREST STREET NORTH & SECOND AVENUE EAST,1,1,0,0,1,1,,0,25,0,0,0,0,0,4,2,13
,2018_54006,39.70985176,-104.926959,2/2/2018 19:26,19:26,6,0,0,FOREST STREET SOUTH & 300 BLOCK,1,4,1,0,1,4,,0,25,0,0,0,0,0,4,3,5
,2018_54007,39.704049,-104.926977,11/24/2018 10:25,10:25,5,0,0,FOREST STREET 715 SOUTH & EXPOSITION AVENUE 4800 BLOCK EAST,1,1,0,0,3,4,,0,30,0,0,0,0,0,4,1,13
,2018_54008,39.774204,-104.994801,8/28/2018 12:30,12:30,12,0,1,FOX STREET NORTH & 42ND AVENUE WEST,1,1,1,0,1,1,,0,30,0,0,0,0,1,4,2,3
,2018_54009,39.78711,-104.99481,10/26/2018 11:25,11:25,3,0,0,FOX STREET NORTH & 50TH AVENUE WEST,1,1,0,0,1,1,,0,25,0,0,0,0,0,4,2,13
,2018_54010,39.738456,-104.9953095,12/11/2018 8:00,8:00,3,0,0,FOX STREET NORTH & 14TH AVENUE WEST,1,1,0,0,1,1,,0,25,0,0,0,0,0,4,2,13
,2018_54011,39.716577,-104.99517,2/15/2018 7:18,7:18,3,0,0,FOX STREET NORTH & ELLSWORTH AVENUE WEST,1,1,0,0,1,1,,0,25,0,0,0,0,0,4,2,8
,2018_54012,39.696678,-104.99445,10/9/2018 11:01,11:01,3,0,0,FOX STREET SOUTH & MISSISSIPPI AVENUE WEST,1,1,0,0,1,1,,0,25,0,0,0,0,0,4,2,3
,2018_54013,39.79540585,-104.9687426,10/5/2018 15:12,15:12,3,0,2,FRANKLIN STREET & 1300 BLOCK SOUTH,1,1,0,0,1,2,,0,25,0,0,0,0,1,4,2,13
,2018_54014,39.744828,-104.968422,1/22/2018 12:40,12:40,3,0,0,FRANKLIN STREET NORTH & 18TH AVENUE EAST,6,1,0,0,1,1,,0,30,0,0,0,0,0,4,2,13
,2018_54015,39.750705,-104.968413,5/27/2018 23:13,23:13,3,0,0,FRANKLIN STREET NORTH & 23RD AVENUE EAST,1,3,0,0,1,1,,0,25,0,0,0,0,0,4,2,5
,2018_54016,39.67251773,-104.9688352,4/19/2018 0:00,0:00,6,0,0,FRANKLIN STREET SOUTH & 2431 SOUTH FRANKLIN STREET,1,3,0,0,1,4,,0,30,0,0,0,0,0,4,2,13
,2018_54017,39.751983,-104.9684085,4/21/2018 14:25,14:25,3,0,1,FRANKLIN STREET NORTH & 24TH AVENUE EAST,2,1,0,1,1,1,,0,25,0,0,0,0,1,4,2,13
,2018_54018,39.79540585,-104.9687426,2/28/2018 2:00,2:00,6,0,0,FRANKLIN STREET & 3200 BLOCK NORTH,1,3,0,0,1,4,,0,30,0,0,0,0,0,4,3,14
,2018_54019,39.685716,-104.968728,6/3/2018 10:24,10:24,6,0,0,FRANKLIN STREET SOUTH & MEXICO AVENUE EAST,1,1,0,0,1,3,,0,25,0,0,0,0,0,4,2,3
,2018_54020,39.707478,-104.968701,3/7/2018 18:08,18:08,3,0,0,FRANKLIN STREET SOUTH & VIRGINIA AVENUE EAST,1,3,0,0,1,1,,0,30,0,0,0,0,0,4,2,13
,2018_54021,39.67972586,-104.935563,12/9/2018 22:06,22:06,5,0,0,FRONTAGE ROAD SOUTH  & COLORADO CENTER DRIVE EAST,1,4,0,0,4,4,,0,25,0,0,0,0,0,4,1,5
,2018_54022,39.754773,-104.87061,8/3/2018 8:15,8:15,12,0,0,FULTON STREET NORTH & 26TH AVENUE EAST,1,1,0,0,1,1,,0,25,0,0,0,0,0,4,2,16
,2018_54023,39.760056,-104.8705425,6/26/2018 16:25,16:25,3,0,0,FULTON STREET NORTH & MLK BOULEVARD,1,1,0,0,1,1,,0,35,0,0,0,0,0,4,2,13
,2018_54024,39.732102,-104.9964615,9/26/2018 8:44,8:44,3,0,1,GALAPAGO STREET NORTH & 10TH AVENUE WEST,1,1,0,0,1,1,,0,25,0,0,0,0,1,4,2,8
,2018_54025,39.734748,-104.996142,3/24/2018 2:00,2:00,6,0,0,GALAPAGO STREET 1150 NORTH & 1150 NORTH PLACE,1,3,0,0,1,2,,0,15,0,0,0,0,0,4,2,13
,2018_54026,39.733668,-104.9965605,12/8/2018 10:15,10:15,3,0,0,GALAPAGO STREET NORTH & 11TH AVENUE WEST,1,1,0,0,1,1,,0,30,0,0,0,0,0,4,2,13
,2018_54027,39.735441,-104.996862,8/26/2018 14:05,14:05,12,0,0,GALAPAGO STREET NORTH & 12TH AVENUE WEST,1,5,0,0,1,1,,0,25,0,0,0,0,0,4,2,14
,2018_54028,39.725703,-104.996412,8/5/2018 15:40,15:40,3,0,0,GALAPAGO STREET NORTH & SIXTH AVENUE WEST,1,1,0,0,1,1,,0,35,0,0,0,0,0,4,2,13
,2018_54029,39.725703,-104.996412,8/23/2018 13:15,13:15,3,0,0,GALAPAGO STREET NORTH & SIXTH AVENUE WEST,1,1,0,0,1,3,,0,25,0,0,0,0,0,4,2,13
,2018_54030,39.7702305,-104.9960565,6/8/2018 17:50,17:50,1,0,0,GALAPAGO STREET & 71 NORTH,1,1,0,0,1,4,,0,30,0,0,0,0,0,4,2,7
,2018_54031,39.70859759,-104.8697912,9/29/2018 14:17,14:17,6,0,0,GALENA WAY & 600 BLOCK SOUTH,1,1,0,0,3,4,,0,30,0,0,0,0,0,4,2,5
,2018_54032,39.708846,-104.8701195,1/16/2018 18:05,18:05,10,0,0,GALENA WAY SOUTH & DAKOTA AVENUE EAST,1,4,0,0,1,1,,0,25,0,0,0,0,0,4,2,13
,2018_54033,39.707226,-104.8683015,5/5/2018 0:26,0:26,3,0,1,GALENA STREET SOUTH & VIRGINIA AVENUE EAST,1,3,0,0,1,3,,0,25,0,0,0,0,2,4,2,13
,2018_54034,39.79368,-104.944023,11/29/2018 8:59,8:59,5,0,0,GARFIELD STREET & 455 BLOCK SOUTH,1,1,0,0,3,4,,0,25,0,0,0,0,0,4,1,14
,2018_54035,39.73833,-104.943978,8/10/2018 8:18,8:18,3,0,0,GARFIELD NORTH & 14TH AVENUE EAST,1,1,0,0,1,1,,0,30,0,0,0,0,0,4,2,5
,2018_54036,39.79368,-104.944023,8/2/2018 0:00,0:00,6,0,0,GARFIELD STREET & 350 BLOCK SOUTH,1,1,0,0,1,4,,0,25,0,0,0,0,0,4,2,13
,2018_54037,39.632823,-105.1015995,8/4/2018 6:00,6:00,5,0,0,GARRISON STREET SOUTH & GARLAND WAY SOUTH,1,4,0,0,3,1,,0,,0,0,0,0,0,4,1,13
,2018_54038,39.784896,-104.815188,1/19/2018 0:30,0:30,5,0,3,GATEWAY AVENUE EAST & ENID WAY NORTH,1,3,0,0,3,1,,0,35,0,0,0,0,1,4,1,5
,2018_54039,39.784896,-104.815188,1/24/2018 7:25,7:25,15,0,0,GATEWAY BOULEVARD EAST & ENID WAY NORTH,1,1,1,0,1,1,,0,35,0,0,0,0,0,4,2,7
,2018_54040,39.78441,-104.813532,9/28/2018 20:14,20:14,3,0,0,GATEWAY AVENUE EAST & FONTANA COURT NORTH,1,3,1,0,1,1,,0,30,0,0,0,0,0,4,2,13
,2018_54041,39.783879,-104.8117905,10/6/2018 20:53,20:53,3,0,0,GATEWAY AVENUE EAST & FRASER WAY NORTH,1,3,0,0,1,1,,0,45,0,0,0,0,0,4,2,7
,2018_54042,39.738375,-104.961006,8/21/2018 17:00,17:00,3,0,0,GAYLORD STREET NORTH & 14TH AVENUE EAST,2,1,0,1,1,1,,0,25,0,0,0,0,0,4,2,13
,2018_54043,39.78236116,-104.9613411,4/21/2018 11:35,11:35,6,0,0,GAYLORD STREET & 1800 BLOCK,1,1,0,0,1,4,,0,30,0,0,0,0,0,4,2,13
,2018_54044,39.67053551,-104.9616946,5/7/2018 8:55,8:55,8,0,0,GAYLORD STREET 2500 BLOCK NORTH & 26TH AVENUE EAST,1,1,0,0,1,4,,0,25,0,0,0,0,0,4,2,1
,2018_54045,39.759426,-105.0313791,7/5/2018 11:59,11:59,5,0,0,HAYWARD PLACE & 3470 WEST,1,1,0,0,3,4,,0,25,0,0,0,0,0,4,1,13
,2018_54046,39.782187,-104.8688415,3/23/2018 7:55,7:55,3,0,0,GENEVA STREET NORTH & 47TH AVENUE EAST,1,1,0,0,1,1,,0,30,0,0,0,0,0,4,2,1
,2018_54047,39.782187,-104.8688415,10/31/2018 6:11,6:11,3,0,1,GENEVA STREET NORTH & 47TH AVENUE EAST,2,3,0,1,1,1,,0,30,0,0,0,0,1,4,2,14
,2018_54048,39.70476,-105.0447915,5/6/2018 6:41,6:41,6,0,0,GILL PLACE 4400 BLOCK WEST & GILL PLACE 4400 BLOCK WEST,1,1,0,0,1,4,,0,25,0,0,0,0,0,4,2,1
,2018_54049,39.838059,-104.715459,5/12/2018 20:26,20:26,5,0,1,GUN CLUB ROAD NORTH & 78TH AVENUE EAST,2,4,0,4,2,1,,0,35,0,0,0,0,2,4,1,8
,2018_54050,39.704931,-105.0275295,5/18/2018 8:38,8:38,3,0,0,GILL PLACE WEST & HAZEL COURT SOUTH,1,1,0,0,1,1,,0,25,0,0,0,0,0,4,2,13
,2018_54051,39.704868,-105.0038595,2/1/2018 7:47,7:47,3,0,0,GILL PLACE WEST & NAVAJO STREET SOUTH,1,1,1,0,1,1,,0,25,0,0,0,0,0,4,2,13
,2018_54052,39.744828,-104.9672205,5/31/2018 6:07,6:07,3,0,1,GILPIN STREET NORTH & 18TH AVENUE EAST,1,1,0,0,1,1,,0,25,0,0,0,0,1,4,2,13
,2018_54053,39.744828,-104.9672205,8/15/2018 12:25,12:25,3,0,0,GILPIN STREET NORTH & 18TH AVENUE EAST,1,1,0,0,1,1,,0,30,0,0,0,0,0,4,2,14
,2018_54054,39.744828,-104.9672205,10/24/2018 15:27,15:27,3,0,1,GILPIN STREET NORTH & 18TH AVENUE EAST,1,1,0,0,1,1,,0,30,0,0,0,0,1,4,2,1
,2018_54055,39.680289,-104.9675715,2/21/2018 10:08,10:08,3,0,0,GILPIN STREET SOUTH & ASBURY AVENUE EAST,4,1,0,0,1,1,,0,25,0,0,0,0,0,4,2,13
,2018_54056,39.78041665,-104.9697301,6/30/2018 23:00,23:00,6,0,0,HUMBOLDT STREET & 3936 NORTH,1,4,0,0,1,4,,0,25,0,0,0,0,0,4,2,13
,2018_54057,39.667644,-104.9676615,7/12/2018 12:01,12:01,3,0,1,GILPIN STREET SOUTH & YALE AVENUE EAST,1,1,0,0,1,1,,0,25,0,0,0,0,1,4,2,1
,2018_54058,39.65511782,-104.8924485,11/21/2018 19:30,19:30,6,0,0,GIRARD AVENUE & 6167 BLOCK WEST,1,3,0,0,1,4,,0,25,0,0,0,0,0,4,2,3
,2018_54059,39.654054,-104.91282,10/12/2018 15:12,15:12,1,0,0,GIRARD AVENUE EAST & MONACO STREET SOUTH,1,1,0,0,1,2,,0,25,0,0,0,0,0,4,2,1
,2018_54060,39.741309,-104.9932215,4/5/2018 13:51,13:51,15,0,1,GLENARM PLACE & 1330 GLENARM PLACE,1,1,1,0,1,4,,0,25,0,0,0,0,1,4,2,13
,2018_54061,39.74104842,-104.9940303,9/24/2018 10:00,10:00,6,0,0,GLENARM PLACE & 2015 BLOCK,1,1,0,0,1,4,,0,25,0,0,0,0,0,4,2,14
,2018_54062,39.746169,-104.9873805,4/4/2018 14:24,14:24,10,0,0,GLENARM PLACE & BROADWAY,1,1,0,0,1,1,,0,35,0,0,0,0,0,4,2,8
,2018_54063,39.750372,-104.9819805,1/19/2018 17:25,17:25,3,0,0,GLENARM PLACE & PARK AVENUE WEST,1,3,0,0,1,1,,0,30,0,0,0,0,0,4,2,13
,2018_54064,39.750372,-104.9819805,9/24/2018 17:41,17:41,3,0,0,GLENARM PLACE & PARK AVENUE WEST,1,1,0,0,1,1,,0,25,0,0,0,0,0,4,2,14
,2018_54065,39.743379,-104.925789,5/16/2018 19:45,19:45,9,0,1,GLENCOE STREET NORTH & 17TH AVENUE EAST,1,2,0,0,1,1,,0,30,0,0,0,1,1,4,1,8
,2018_54067,39.763791,-104.925771,2/7/2018 14:45,14:45,3,0,0,GLENCOE STREET NORTH & 33RD AVENUE EAST,1,1,0,0,1,1,,0,25,0,0,0,0,0,4,2,16
,2018_54068,39.729996,-104.925762,7/30/2018 11:45,11:45,3,0,0,GLENCOE STREET NORTH & HALE PARKWAY,1,1,0,0,1,1,,0,30,0,0,0,0,0,4,2,13
,2018_54069,39.79251563,-104.8105555,11/23/2018 23:00,23:00,6,0,0,GRANBY STREET & 5394 BLOCK NORTH,1,4,0,0,1,4,,0,,0,0,0,0,0,4,2,14
,2018_54070,39.790773,-104.984721,12/8/2018 19:00,19:00,6,0,0,GRANT STREET & 616 BLOCK SOUTH,1,4,0,0,1,4,,0,25,0,0,0,0,0,4,2,1
,2018_54071,39.732039,-104.9836005,3/23/2018 15:50,15:50,3,0,0,GRANT STREET NORTH & 10TH AVENUE EAST,1,1,0,6,1,1,,0,30,0,0,0,0,0,4,2,8
,2018_54072,39.738438,-104.9836185,11/27/2018 13:09,13:09,3,0,0,GRANT STREET NORTH & 14TH AVENUE EAST,1,1,0,0,1,1,,0,30,0,0,0,0,0,4,2,3
,2018_54073,39.741687,-104.983569,11/22/2018 12:56,12:56,3,0,1,GRANT STREET NORTH & 16TH AVENUE EAST,1,1,0,0,1,1,,0,30,0,0,0,0,2,4,2,3
,2018_54074,39.74481,-104.983569,5/1/2018 2:29,2:29,3,0,0,GRANT STREET NORTH & 18TH AVENUE EAST,1,3,1,0,1,1,,0,30,0,0,0,0,0,4,2,5
,2018_54075,39.71835,-104.9837715,3/10/2018 14:30,14:30,3,0,0,GRANT STREET NORTH & FIRST AVENUE EAST,1,1,0,0,1,1,,0,25,0,0,0,0,0,4,2,16
,2018_54076,39.720933,-104.9837985,6/4/2018 17:00,17:00,3,0,0,GRANT STREET NORTH & THIRD AVENUE EAST,1,1,0,0,1,1,,0,25,0,0,0,0,0,4,2,13
,2018_54077,39.725631,-104.9836005,4/10/2018 11:40,11:40,3,0,0,GRANT STREET NORTH & SIXTH AVENUE EAST,1,1,0,0,1,1,,0,30,0,0,0,0,0,4,2,1
,2018_54078,39.725631,-104.9836005,7/22/2018 5:47,5:47,14,0,1,GRANT STREET NORTH & SIXTH AVENUE EAST,1,1,0,0,1,1,,0,30,0,0,0,0,1,4,2,13
,2018_54079,39.729078,-104.9836095,10/19/2018 14:08,14:08,3,0,0,GRANT STREET NORTH & EIGHTH AVENUE EAST,1,1,0,0,1,1,,0,35,0,0,0,0,0,4,2,13
,2018_54080,39.730437,-104.9836095,10/17/2018 12:35,12:35,15,0,0,GRANT STREET NORTH & NINTH AVENUE EAST,1,1,1,0,1,1,,0,30,0,0,0,0,0,4,2,8
,2018_54081,39.78041665,-104.9697301,4/14/2018 17:42,17:42,5,0,0,HUMBOLDT STREET & 2735 SOUTH,1,1,0,0,3,4,,0,,0,0,0,0,0,4,1,13
,2018_54082,39.680343,-104.9840595,8/29/2018 14:35,14:35,6,0,0,GRANT STREET SOUTH & ASBURY AVENUE EAST,1,1,0,0,1,3,,0,25,0,0,0,0,0,4,2,6
,2018_54083,39.723435,-104.9837895,8/29/2018 16:20,16:20,15,0,0,GRANT STREET NORTH & SPEER BOULEVARD EAST,1,1,0,0,1,1,,0,25,0,0,0,0,0,4,2,13
,2018_54084,39.723435,-104.9837895,11/7/2018 16:30,16:30,15,0,0,GRANT STREET NORTH & SPEER BOULEVARD NORTHBOUND LNS,1,1,0,0,1,4,,0,30,0,0,0,0,0,4,2,13
,2018_54085,39.69297,-104.9243985,2/24/2018 12:20,12:20,3,0,0,GRAPE STREET SOUTH & LOUISIANA AVENUE EAST,1,1,0,0,1,1,,0,30,0,0,0,0,0,4,2,2
,2018_54086,39.66503747,-104.8742556,1/15/2018 10:20,10:20,5,0,0,GREEN VALLEY & 19800 BLOCK EAST,5,1,0,2,3,4,,0,35,0,0,0,0,0,4,1,7