id,drcog_id,latitude,longitude,crashtime,time,crashtype,numbkilled,numbinjurd,drcoglocat,rdconditin,lightngcon,roadcntgrd,weatherco,location,roaddescrp,schoolzone,constrzone,splimit,bikeinv,pedinv,sctrinv,motoinv,svrty,rdsystem,ttlvehcls,hcf
,2018_54087,39.781863,-104.7394005,8/5/2018 4:00,4:00,5,0,0,GREENVALLEY RAN & 21100 EAST,1,3,0,0,3,4,,0,35,0,0,0,0,0,4,1,13
,2018_54088,39.77477659,-105.0264583,4/21/2018 13:43,13:43,6,0,0,GREEN COURT & 2771 SOUTH,2,1,1,1,5,4,,0,25,0,0,0,0,0,3,2,3
,2018_54089,39.65793035,-105.0338144,7/8/2018 8:00,8:00,5,0,0,GREENWOOD PLACE & 3400 BLOCK WEST,1,1,0,0,2,1,,0,35,0,0,0,0,0,4,1,7
,2018_54090,39.78386319,-104.7945905,6/26/2018 16:54,16:54,3,0,2,GREEN VALLEY RANCH BOULEVARD & AIRPORT WAY NORTH,1,1,0,0,1,1,,0,25,0,0,0,0,2,4,2,13
,2018_54091,39.783654,-104.7649095,10/16/2018 7:30,7:30,3,0,0,GREEN VALLEY RANCH EAST & ARGONNE STREET NORTH,1,1,0,0,1,1,,0,35,0,0,0,0,0,4,2,13
,2018_54092,39.783609,-104.791392,6/10/2018 19:12,19:12,1,0,3,GREEN VALLEY RANCH BOULEVARD EAST & PENA BOULEVARD NORTH,1,1,0,0,1,1,,0,40,0,0,0,0,2,4,2,3
,2018_54093,39.783609,-104.791392,6/18/2018 19:01,19:01,3,0,0,GREEN VALLEY RANCH BOULEVARD EAST & PENA BOULEVARD,1,1,0,0,1,1,,0,45,0,0,0,0,0,4,2,1
,2018_54094,39.783609,-104.791392,7/26/2018 13:49,13:49,12,0,0,GREEN VALLEY RANCH BOULEVARD EAST & PENA BOULEVARD INBOUND,1,1,0,0,1,1,,0,40,0,0,0,0,0,4,2,13
,2018_54095,39.783609,-104.791392,8/8/2018 16:54,16:54,1,0,2,GREEN VALLEY RANCH BOULEVARD & PENA BOULEVARD NORTH,1,1,0,0,1,1,,0,45,0,0,0,0,2,4,2,1
,2018_54096,39.783618,-104.7744585,6/29/2018 6:35,6:35,12,0,0,GREEN VALLEY RANCH BOULEVARD EAST & YAMPA STREET NORTH,1,1,0,0,1,1,,0,40,0,0,0,0,0,4,2,3
,2018_54097,39.7512,-105.0268095,5/23/2018 19:00,19:00,1,0,0,GROVE STREET NORTH & 23RD AVENUE WEST,1,1,0,0,1,1,,0,25,0,0,0,0,0,4,2,16
,2018_54098,39.77939812,-105.0267863,7/30/2018 11:46,11:46,6,0,0,GROVE STREET & 2900 BLOCK NORTH,1,1,0,0,1,4,,0,25,0,0,0,0,0,4,2,13
,2018_54099,39.68226,-105.026202,7/31/2018 13:59,13:59,3,0,0,GROVE STREET SOUTH & JEWELL AVENUE WEST,1,1,0,0,1,1,,0,30,0,0,0,0,0,4,2,13
,2018_54100,39.762351,-105.029091,7/22/2018 8:14,8:14,1,0,0,GROVE STREET NORTH & SPEER BOULEVARD NORTH,1,1,0,0,1,1,,0,30,0,0,0,0,0,4,2,13
,2018_54101,39.83202,-104.71554,3/27/2018 7:10,7:10,12,0,0,GUN CLUB ROAD NORTH & 75TH EAST,2,1,0,0,1,4,,0,45,0,0,0,0,0,4,2,12
,2018_54102,39.836493,-104.7155175,7/18/2018 9:45,9:45,12,0,0,GUN CLUB ROAD NORTH & 77TH AVENUE EAST,1,1,0,1,1,1,,0,35,0,0,0,0,0,4,2,13
,2018_54103,39.838059,-104.715459,10/30/2018 23:10,23:10,5,0,1,GUN CLUB ROAD EAST & 78TH AVENUE,2,3,0,1,3,1,,0,35,0,0,0,0,2,4,1,8
,2018_54104,39.781863,-104.7394005,4/8/2018 5:19,5:19,5,0,0,GREEN VALLEY RANCH BOULEVARD & 19350 BLOCK EAST,1,3,0,1,3,4,,0,35,0,0,0,0,0,4,1,5
,2018_54105,39.783618,-104.7574305,3/19/2018 0:52,0:52,5,0,0,GREEN VALLEY RANCH BOULEVARD & 48TH DRIVE EAST,6,3,0,2,3,1,,0,40,0,0,0,0,0,4,1,2
,2018_54106,39.78386319,-104.7945905,3/1/2018 16:00,16:00,12,0,0,GREEN VALLEY RANCH BOULEVARD 16000 BLOCK EAST & AIRPORT WAY NORTH,1,1,0,0,1,4,,0,45,0,0,0,0,0,4,2,12
,2018_54107,39.783663,-104.7649095,1/27/2018 2:11,2:11,10,0,1,GREEN VALLEY RANCH BOULEVARD & ARGONNE STREET NORTH,1,3,0,0,1,1,,0,40,0,0,0,0,2,4,2,5
,2018_54108,39.783663,-104.7649095,12/4/2018 12:35,12:35,5,0,1,GREEN VALLEY RANCH BOULEVARD & ARGONNE STREET NORTH,1,1,0,0,3,1,,0,40,0,0,0,0,2,4,1,13
,2018_54109,39.783663,-104.7649095,12/5/2018 17:55,17:55,15,0,0,GREEN VALLEY RANCH BOULEVARD & ARGONNE STREET NORTH,1,3,0,0,1,1,,0,35,0,0,0,0,0,4,2,13
,2018_54110,39.78378,-104.809653,7/26/2018 11:28,11:28,12,0,0,GREEN VALLEY RANCH BOULEVARD EAST & CHAMBERS ROAD NORTH,1,1,0,0,1,1,,0,40,0,0,0,0,0,4,2,3
,2018_54111,39.783663,-104.761188,1/17/2018 14:35,14:35,12,0,0,GREEN VALLEY RANCH BOULEVARD & FLANDERS WAY NORTH,1,1,0,0,1,1,,0,35,0,0,0,0,0,4,2,13
,2018_54112,39.78378,-104.809653,9/13/2018 14:33,14:33,12,0,1,GREEN VALLEY RANCH BLVDE & CHAMBERS ROAD NORTH,1,1,0,0,1,3,,0,35,0,0,0,0,3,4,2,14
,2018_54113,39.783663,-104.761188,8/9/2018 17:20,17:20,3,0,0,GREEN VALLEY RANCH BOULEVARD & FLANDERS WAY NORTH,1,1,1,0,1,1,,0,40,0,0,0,0,0,4,2,13
,2018_54114,39.782889,-104.7555,2/6/2018 15:40,15:40,12,0,0,GREEN VALLEY RANCH BOULEVARD & HIMALAYA ROAD NORTH,1,1,0,0,1,1,,0,30,0,0,0,0,0,4,2,13
,2018_54115,39.782889,-104.7555,4/17/2018 10:20,10:20,12,0,0,GREEN VALLEY RANCH BOULEVARD & HIMALAYA ROAD,1,1,0,0,1,1,,0,35,0,0,0,0,0,4,2,13
,2018_54116,39.73455,-104.9394915,7/17/2018 16:18,16:18,15,0,0,HALE PARKWAY & ALBION STREET NORTH,1,1,0,0,1,1,,0,20,0,0,0,0,0,4,2,13
,2018_54117,39.782889,-104.7555,11/18/2018 15:10,15:10,1,0,0,GREEN VALLEY RANCH BOULEVARD & HIMALAYA ROAD NORTH,1,1,0,0,1,1,,0,35,0,0,0,0,0,4,2,13
,2018_54118,39.781026,-104.7492405,4/1/2018 2:00,2:00,5,0,0,GREEN VALLEY RANCH BOULEVARD & JEBEL STREET NORTH,1,1,0,0,3,1,,0,40,0,0,0,0,0,4,1,5
,2018_54119,39.78378,-104.8017015,5/25/2018 12:10,12:10,3,0,1,GREEN VALLEY RANCH BOULEVARD & KITTREDGE STREET NORTH,1,1,0,0,1,1,,0,30,0,0,0,0,2,4,2,3
,2018_54120,39.78378,-104.8017015,12/12/2018 22:20,22:20,5,0,2,GREEN VALLEY RANCH BOULEVARD & KITTREDGE STREET NORTH,1,3,0,6,2,1,,0,40,0,0,0,0,1,4,1,2
,2018_54121,39.783771,-104.7979485,2/3/2018 18:15,18:15,3,0,0,GREEN VALLEY RANCH BOULEVARD & MEMPHIS STREET NORTH,1,3,0,0,1,3,,0,40,0,0,0,0,0,4,2,7
,2018_54122,39.783771,-104.7979485,7/1/2018 20:00,20:00,3,0,0,GREEN VALLEY RANCH BOULEVARD & MEMPHIS STREET NORTH,1,2,0,0,1,1,,0,45,0,0,0,0,0,4,2,7
,2018_54123,39.783771,-104.7979485,7/27/2018 16:15,16:15,12,0,1,GREEN VALLEY RANCH BOULEVARD EAST & MEMPHIS STREET NORTH,1,1,0,0,1,1,,0,30,0,0,0,0,1,4,3,7
,2018_54124,39.783771,-104.7979485,8/8/2018 8:15,8:15,1,0,0,GREEN VALLEY RANCH BOULEVARD EAST & MEMPHIS STREET,1,1,0,0,1,1,,0,40,0,0,0,0,0,4,2,7
,2018_54125,39.783609,-104.791392,2/24/2018 13:49,13:49,1,0,0,GREEN VALLEY RANCH BOULEVARD & PENA BOULEVARD INBOUND NORTHBOUND ON RAMP,1,1,0,0,1,1,,0,40,0,0,0,0,0,4,2,13
,2018_54126,39.783609,-104.791392,3/13/2018 17:07,17:07,12,0,0,GREEN VALLEY RANCH BOULEVARD & PENA BOULEVARD,1,1,0,0,1,1,,0,40,0,0,0,0,0,4,2,13
,2018_54127,39.783609,-104.791392,4/4/2018 15:32,15:32,12,0,0,GREEN VALLEY RANCH BOULEVARD & PENA BOULEVARD,2,1,0,0,1,1,,0,40,0,0,0,0,0,4,2,3
,2018_54128,39.783609,-104.791392,4/17/2018 10:19,10:19,12,0,0,GREEN VALLEY RANCH BOULEVARD & PENA BOULEVARD,1,1,0,0,1,1,,0,30,0,0,0,0,0,4,2,7
,2018_54129,39.768489,-104.86575,1/25/2018 18:43,18:43,1,0,0,HAVANA STREET NORTH & SMITH ROAD EAST,1,3,0,0,1,1,,0,35,0,0,0,0,0,4,2,14
,2018_54130,39.783609,-104.791392,4/19/2018 17:05,17:05,15,0,0,GREEN VALLEY RANCH BOULEVARD & PENA BOULEVARD,1,1,0,0,1,1,,0,35,0,0,0,0,0,4,2,13
,2018_54131,39.783609,-104.791392,5/10/2018 17:20,17:20,3,0,0,GREEN VALLEY RANCH BOULEVARD & PENA BOULEVARD,1,1,0,0,1,1,,0,35,0,0,0,0,0,4,2,13
,2018_54132,39.783609,-104.791392,7/19/2018 11:37,11:37,1,0,0,GREEN VALLEY RANCH BOULEVARD EAST & PENA BOULEVARD INBOUND,1,1,0,0,1,1,,0,40,0,0,0,0,0,4,2,13
,2018_54133,39.783609,-104.791392,7/24/2018 9:40,9:40,1,0,0,GREEN VALLEY RANCH BOULEVARD EAST & PENA BOULEVARD IN,1,1,0,0,1,1,,0,35,0,0,0,0,0,4,2,13
,2018_54134,39.783609,-104.791392,8/9/2018 11:52,11:52,1,0,0,GREEN VALLEY RANCH BOULEVARD EAST & PENA BOULEVARD,1,1,0,0,1,1,,0,35,0,0,0,0,0,4,2,13
,2018_54135,39.783609,-104.791392,8/14/2018 7:31,7:31,1,0,1,GREEN VALLEY RANCH BOULEVARD EAST & PENA BOULEVARD OUTBOUND,1,1,0,0,1,1,,0,40,0,0,0,0,1,4,2,13
,2018_54136,39.783609,-104.791392,8/19/2018 21:09,21:09,1,0,0,GREEN VALLEY RANCH BOULEVARD EAST & PENA BOULEVARD OUTBOUND,1,3,0,0,1,1,,0,40,0,0,0,0,0,4,2,13
,2018_54137,39.783609,-104.772222,7/16/2018 5:10,5:10,12,0,0,GREEN VALLEY RANCH BOULEVARD EAST & TOWER ROAD NORTH,1,2,0,4,1,1,,0,45,0,0,0,0,0,4,2,16
,2018_54138,39.783609,-104.791392,10/11/2018 8:10,8:10,12,0,0,GREEN VALLEY RANCH BOULEVARD EAST & PENA BOULEVARD INBOUND,1,1,1,0,1,1,,0,40,0,0,0,0,0,4,2,1
,2018_54139,39.783609,-104.791392,10/28/2018 16:30,16:30,1,0,1,GREEN VALLEY RANCH BOULEVARD EAST & PENA BOULEVARD,1,1,0,0,1,1,,0,45,0,0,0,0,1,4,2,13
,2018_54140,39.783609,-104.791392,11/10/2018 17:49,17:49,1,0,0,GREEN VALLEY RANCH BOULEVARD & PENA BOULEVARD,1,3,0,0,1,1,,0,45,0,0,0,0,0,4,2,13
,2018_54141,39.783609,-104.791392,11/17/2018 12:26,12:26,1,0,1,GREEN VALLEY RANCH BOULEVARD & PENA BOULEVARD,6,1,0,2,1,1,,0,40,0,0,0,0,1,4,2,13
,2018_54142,39.783609,-104.791392,12/14/2018 20:43,20:43,12,0,0,GREEN VALLEY RANCH BOULEVARD & PENA BOULEVARD,1,1,0,0,1,1,,0,25,0,0,0,0,0,4,2,13
,2018_54143,39.783816,-104.781681,9/14/2018 16:10,16:10,12,0,0,GREEN VALLEY RANCH BOULEVARD EAST & TELLURIDE STREET NORTH,1,1,0,0,1,1,,0,40,0,0,0,0,0,4,3,13
,2018_54144,39.783609,-104.772222,2/27/2018 8:40,8:40,12,0,0,GREEN VALLEY RANCH BOULEVARD & TOWER ROAD NORTH,1,1,0,0,1,1,,0,45,0,0,0,0,0,4,2,13
,2018_54145,39.783609,-104.772222,3/5/2018 21:10,21:10,12,0,1,GREEN VALLEY RANCH BOULEVARD & TOWER ROAD NORTH,1,3,0,0,1,1,,0,35,0,0,0,0,2,4,2,3
,2018_54146,39.783609,-104.772222,4/20/2018 7:20,7:20,1,0,0,GREEN VALLEY RANCH BOULEVARD & TOWER ROAD NORTH,1,1,0,0,1,1,,0,45,0,0,0,0,0,4,2,7
,2018_54147,39.783609,-104.772222,5/23/2018 4:00,4:00,5,0,0,GREEN VALLEY RANCH BOULEVARD & TOWER ROAD NORTH,1,1,0,0,2,1,,0,45,0,0,0,0,0,4,1,2
,2018_54148,39.783609,-104.772222,9/28/2018 16:46,16:46,5,0,0,GREEN VALLEY RANCH BOULEVARD EAST & TOWER ROAD NORTH,1,1,0,0,2,4,,0,,0,0,0,0,0,4,1,13
,2018_54149,39.783609,-104.772222,10/23/2018 21:45,21:45,12,0,0,GREEN VALLEY RANCH BOULEVARD 18500 BLOCK EAST & TOWER ROAD NORTH,1,3,0,0,1,3,,0,35,0,0,0,0,0,4,2,13
,2018_54150,39.783609,-104.772222,12/31/2018 9:56,9:56,3,0,0,GREEN VALLEY RANCH BOULEVARD EAST & TOWER ROAD NORTH,5,1,0,2,1,1,,0,35,0,0,0,0,0,4,2,13
,2018_54151,39.783618,-104.7744585,4/4/2018 17:51,17:51,12,0,0,GREEN VALLEY RANCH BOULEVARD & YAMPA STREET NORTH,1,1,0,0,1,1,,0,40,0,0,0,0,0,4,2,12
,2018_54152,39.783618,-104.7744585,4/30/2018 23:30,23:30,3,0,0,GREEN VALLEY RANCH BOULEVARD EAST & YAMPA STREET NORTH,1,3,0,0,1,1,,0,40,0,0,0,0,0,4,2,13
,2018_54153,39.783618,-104.7744585,7/30/2018 10:30,10:30,3,0,1,GREEN VALLEY RANCH BOULEVARD EAST & YAMPA STREET NORTH,1,1,0,0,1,1,,0,40,0,0,0,0,1,4,2,3
,2018_54154,39.783618,-104.7744585,11/23/2018 18:22,18:22,12,0,1,GREEN VALLEY RANCH BOULEVARD & YAMPA STREET NORTH,1,3,1,0,1,1,,0,35,0,0,0,0,1,4,2,12
,2018_54155,39.72924,-104.9247495,3/26/2018 20:42,20:42,9,0,0,HALE PARKWAY EAST & EIGHTH AVENUE EAST,10,3,1,2,1,1,,0,35,0,0,0,0,0,4,1,7
,2018_54156,39.732768,-104.931603,1/17/2018 7:20,7:20,3,0,0,HALE PARKWAY EAST & DAHLIA STREET NORTH,1,1,0,0,1,1,,0,25,0,0,0,0,0,4,2,13
,2018_54157,39.732768,-104.931603,3/20/2018 15:24,15:24,3,0,0,HALE PARKWAY & DAHLIA STREET,1,1,0,0,1,1,,0,25,0,0,0,0,0,4,2,13
,2018_54158,39.732768,-104.931603,12/13/2018 14:37,14:37,10,0,1,HALE PARKWAY EAST & DAHLIA STREET NORTH,1,1,0,0,1,1,,0,30,0,0,0,0,1,4,2,8
,2018_54159,39.732327,-104.930451,3/22/2018 18:20,18:20,3,0,0,HALE PARKWAY & EUDORA STREET NORTH,1,1,0,0,1,1,,0,25,0,0,0,0,0,4,2,1
,2018_54160,39.729996,-104.925762,10/23/2018 11:02,11:02,3,0,0,HALE PARKWAY EAST & GLENCOE STREET NORTH,1,1,0,0,1,1,,0,25,0,0,0,0,0,4,2,16
,2018_54161,39.652974,-105.066693,6/22/2018 17:25,17:25,12,0,0,HAMPDEN AVENUE WEST FRONTAGE ROAD SOUTH NOT CDOT & KENDALL STREET SOUTH,1,1,0,0,1,1,,0,35,0,0,0,0,0,4,2,5
,2018_54162,39.651759,-105.0531975,10/1/2018 6:34,6:34,3,0,0,HAMPDEN AVENUE SOUTH FRONTAGE ROAD & SHERIDAN BOULEVARD SOUTH,1,1,1,0,1,1,,0,35,0,0,0,0,0,4,2,16
,2018_54163,39.63854253,-104.8852174,6/8/2018 13:11,13:11,15,0,0,HAMPTON AVENUE EAST & YOSEMITE STREET SOUTH,1,1,0,0,1,1,,0,40,0,0,0,0,0,4,2,14
,2018_54164,39.63816,-104.912532,12/19/2018 8:23,8:23,12,0,0,HAPPY CANYON ROAD & MONACO STREET SOUTH,1,1,0,0,1,3,,0,30,0,0,0,0,0,4,2,13
,2018_54165,39.733641,-104.9418135,10/18/2018 8:02,8:02,1,0,0,HARRISON STREET NORTH & 11TH AVENUE EAST,1,1,0,0,1,1,,0,25,0,0,0,0,0,4,2,13
,2018_54166,39.79332381,-104.941695,11/21/2018 10:51,10:51,5,0,0,HARRISON STREET & 1200 BLOCK NORTH,1,1,0,0,3,3,,0,25,0,0,0,0,0,4,2,6
,2018_54167,39.716253,-104.941341,4/26/2018 0:47,0:47,5,0,0,HARRISON STREET & 3545 BLOCK NORTH HARRISON,1,3,0,0,3,3,,0,25,0,0,0,0,0,4,3,9
,2018_54168,39.79332381,-104.941695,12/18/2018 7:55,7:55,6,0,0,HARRISON STREET & 5300 BLOCK NORTH,1,1,0,0,1,4,,0,25,0,0,0,0,0,4,2,13
,2018_54169,39.729123,-104.9418495,1/13/2018 11:52,11:52,10,0,0,HARRISON STREET NORTH & EIGHTH AVENUE EAST,1,1,0,0,1,1,,0,30,0,0,0,0,0,4,2,8
,2018_54170,39.729123,-104.9418495,1/21/2018 16:29,16:29,3,0,0,HARRISON STREET NORTH & EIGHTH AVENUE EAST,4,1,0,2,1,1,,0,25,0,0,0,0,0,4,3,8
,2018_54171,39.730482,-104.941818,9/20/2018 6:44,6:44,6,0,0,HARRISON STREET NORTH & NINTH AVENUE EAST,1,2,0,0,1,1,,0,25,0,0,0,0,0,4,2,14
,2018_54172,39.714651,-104.941332,11/27/2018 18:28,18:28,10,0,0,HARRISON STREET SOUTH & BAYAUD AVENUE EAST,1,2,0,0,1,1,,0,30,0,0,0,0,0,4,2,8
,2018_54173,39.79277549,-104.9428621,9/27/2018 15:36,15:36,6,0,0,JACKSON STREET & 300 BLOCK SOUTH,1,1,0,0,1,4,,0,30,0,0,0,0,0,4,2,13
,2018_54174,39.83337,-104.6714175,10/23/2018 14:24,14:24,3,0,0,HARRY B COMBS STREET NORTH & 75TH AVENUE EAST,1,1,0,0,1,1,,0,45,0,0,0,0,0,4,2,1
,2018_54175,39.67127778,-104.9781226,4/1/2018 11:49,11:49,15,0,0,HARVARD AVENUE & 10065 EAST,1,1,0,0,1,4,,0,25,0,0,0,0,0,4,2,1
,2018_54176,39.67128,-104.987529,3/11/2018 1:42,1:42,5,0,0,HARVARD AVENUE & 3455 WEST HARVARD AVENUE,1,4,0,0,2,1,,0,25,0,0,0,0,0,4,1,5
,2018_54177,39.671568,-104.875299,6/5/2018 17:00,17:00,3,0,0,HARVARD AVENUE EAST & DAYTON WAY SOUTH,1,1,0,0,1,1,,0,25,0,0,0,0,0,4,2,16
,2018_54178,39.672288,-105.038649,3/3/2018 17:12,17:12,3,0,0,HARVARD AVENUE WEST & PATTON COURT SOUTH,1,1,0,0,1,1,,0,25,0,0,0,0,0,4,2,4
,2018_54179,39.672846,-105.041709,2/21/2018 7:25,7:25,3,0,0,HARVARD AVENUE WEST & RALEIGH STREET SOUTH,2,1,0,0,1,1,,0,25,0,0,0,0,0,4,2,3
,2018_54180,39.671316,-104.8699395,12/6/2018 16:54,16:54,3,0,0,HARVARD AVENUE EAST & VASSAR DRIVE EAST,1,2,0,0,1,1,,0,25,0,0,0,0,0,4,2,13
,2018_54181,39.758814,-104.86305,2/26/2018 17:52,17:52,6,0,0,HAVANA STREET & 2733 NORTH HAVANA STREET,1,1,0,0,1,4,,0,35,0,0,0,0,0,4,2,13
,2018_54182,39.772863,-104.8658895,5/18/2018 15:40,15:40,3,0,0,HAVANA STREET NORTH & 40TH AVENUE EAST,1,1,0,0,1,1,,0,40,0,0,0,0,0,4,2,13
,2018_54183,39.772863,-104.8658895,11/29/2018 14:32,14:32,1,0,0,HAVANA STREET NORTH & 40TH AVENUE EAST,1,1,0,0,1,1,,0,40,0,0,0,0,0,4,2,13
,2018_54184,39.77865,-104.865912,2/6/2018 17:49,17:49,12,0,0,HAVANA STREET NORTH & 45TH AVENUE EAST,1,1,0,0,1,1,,0,35,0,0,0,0,0,4,2,3
,2018_54185,39.77865,-104.865912,3/16/2018 17:20,17:20,3,0,0,HAVANA STREET NORTH & 45TH AVENUE EAST,1,1,1,0,1,1,,0,35,0,0,0,0,0,4,2,13
,2018_54186,39.77865,-104.865912,11/29/2018 6:30,6:30,1,0,0,HAVANA STREET & 45TH AVENUE EAST,1,2,0,0,1,1,,0,40,0,0,0,0,0,4,2,13
,2018_54187,39.782277,-104.865921,3/3/2018 15:58,15:58,12,0,0,HAVANA STREET NORTH & 47TH AVENUE EAST,1,1,0,0,1,1,,0,40,0,0,0,0,0,4,2,3
,2018_54188,39.782277,-104.865921,4/23/2018 4:23,4:23,3,0,1,HAVANA STREET NORTH & 47TH AVENUE EAST,1,1,0,1,1,1,,0,35,0,0,0,0,1,4,2,1
,2018_54189,39.782277,-104.865921,4/23/2018 8:16,8:16,3,0,1,HAVANA STREET NORTH & 47TH AVENUE EAST,1,1,0,0,1,1,,0,35,0,0,0,0,1,4,2,1
,2018_54190,39.782277,-104.865921,10/4/2018 10:21,10:21,10,0,1,HAVANA STREET NORTH & 47TH AVENUE EAST,1,1,0,0,1,1,,0,35,0,0,0,0,2,4,2,8
,2018_54191,39.78723741,-104.865971,10/27/2018 14:56,14:56,15,0,0,HAVANA STREET & 50TH AVENUE EAST,1,1,0,0,1,1,,0,35,0,0,0,0,0,4,2,13
,2018_54192,39.790107,-104.866029,4/1/2018 15:44,15:44,15,0,0,HAVANA STREET NORTH & 51ST AVENUE EAST,1,1,0,0,1,1,,0,35,0,0,0,0,0,4,2,13
,2018_54193,39.790107,-104.866029,4/24/2018 9:10,9:10,1,0,1,HAVANA STREET NORTH & 51ST AVENUE EAST,2,1,0,1,1,1,,0,40,0,0,0,0,1,4,2,1
,2018_54194,39.794553,-104.86602,9/7/2018 7:45,7:45,3,0,0,HAVANA STREET NORTH & 54TH AVENUE EAST,1,1,0,0,1,1,,0,45,0,0,0,0,0,4,2,13
,2018_54195,39.794553,-104.86602,9/27/2018 10:31,10:31,3,0,0,HAVANA STREET NORTH & 54TH AVENUE EAST,1,1,0,0,1,1,,0,45,0,0,0,0,0,4,2,13
,2018_54196,39.798387,-104.8660695,11/6/2018 17:34,17:34,15,0,0,HAVANA STREET & 56TH AVENUE EAST,1,3,0,0,1,3,,0,40,0,0,0,0,0,4,2,14
,2018_54197,39.6675,-104.866164,8/24/2018 17:21,17:21,8,0,0,HAVANNA STREET SOUTH & YALE AVENUE EAST,1,1,0,0,1,1,,0,40,0,0,0,0,0,4,2,1
,2018_54198,39.734748,-105.0275115,10/31/2018 14:13,14:13,3,0,0,HAZEL COURT NORTH & 12TH AVENUE WEST,1,1,0,0,1,1,,0,30,0,0,0,0,0,4,2,1
,2018_54199,39.75665842,-105.0276151,8/25/2018 14:20,14:20,5,0,0,HAZEL COURT & 1600 BLOCK SOUTH,1,1,1,0,3,4,,0,15,0,0,0,0,0,4,1,3
,2018_54200,39.678588,-105.027858,9/29/2018 12:20,12:20,3,0,0,HAZEL COURT SOUTH & EVANS AVENUE WEST,1,1,0,0,1,1,,0,30,0,0,0,0,0,4,2,16
,2018_54201,39.704931,-105.0275295,6/19/2018 13:27,13:27,3,0,0,HAZEL COURT SOUTH & GILL PLACE WEST,1,1,0,0,1,1,,0,25,0,0,0,0,0,4,2,13
,2018_54202,39.665016,-105.0279615,10/6/2018 16:55,16:55,6,0,0,HAZEL COURT 1900 BLOCK SOUTH & AMHERST AVENUE WEST,1,1,0,0,1,4,,0,25,0,0,0,0,0,4,2,7
,2018_54203,39.794148,-104.84226,1/8/2018 6:53,6:53,13,0,1,HICKMAN PLACE EAST & SCRANTON STREET NORTH,1,2,0,0,1,1,,0,25,0,0,0,0,2,4,2,7
,2018_54204,39.738384,-104.964741,2/26/2018 21:06,21:06,6,0,0,HIGH STREET & 14TH AVENUE EAST,1,3,0,0,1,4,,0,25,0,0,0,0,0,4,2,13
,2018_54205,39.7828145,-104.9645476,6/20/2018 19:00,19:00,6,0,0,HIGH STREET & 1500 BLOCK NORTH,1,5,0,0,1,4,,0,25,0,0,0,0,0,4,2,13
,2018_54206,39.743217,-104.96475,1/8/2018 14:53,14:53,3,0,2,HIGH STREET NORTH & 17TH AVENUE EAST,1,1,0,0,1,1,,0,35,0,0,0,0,1,4,2,14
,2018_54207,39.743217,-104.96475,5/3/2018 6:30,6:30,3,0,1,HIGH STREET NORTH & 17TH AVENUE EAST,2,1,0,1,1,1,,0,30,0,0,0,0,1,4,2,16
,2018_54208,39.743217,-104.96475,7/6/2018 7:17,7:17,3,0,0,HIGH STREET NORTH & 17TH AVENUE EAST,1,1,0,0,1,1,,0,25,0,0,0,0,0,4,2,13
,2018_54209,39.744837,-104.964759,9/4/2018 16:02,16:02,3,0,0,HIGH STREET NORTH & 18TH AVENUE EAST,1,1,0,0,1,1,,0,35,0,0,0,0,0,4,2,14
,2018_54210,39.74607,-104.964768,8/2/2018 8:15,8:15,15,0,1,HIGH STREET NORTH & 19TH AVENUE EAST,1,1,0,0,1,1,,0,25,0,0,0,0,1,4,2,13
,2018_54211,39.750714,-104.9646915,3/23/2018 8:32,8:32,3,0,1,HIGH STREET NORTH & 23RD AVENUE EAST,1,1,0,0,1,1,,0,30,0,0,0,0,1,4,2,13
,2018_54212,39.751974,-104.9647005,1/31/2018 12:20,12:20,3,0,0,HIGH STREET NORTH & 24TH AVENUE EAST,1,1,0,0,1,1,,0,25,0,0,0,0,0,4,2,13
,2018_54213,39.768147,-104.9647095,2/16/2018 7:21,7:21,3,0,0,HIGH STREET NORTH & 37TH AVENUE EAST,5,1,0,0,1,1,,0,25,0,0,0,0,0,4,2,13
,2018_54214,39.771477,-104.9643585,3/30/2018 19:25,19:25,6,0,0,HIGH STREET 3900 BLOCK NORTH & 3900 BLOCK NORTH,1,2,0,0,1,4,,0,25,0,0,0,0,0,4,2,13
,2018_54215,39.678489,-104.9652315,2/24/2018 20:42,20:42,5,0,0,HIGH STREET SOUTH & EVANS AVENUE EAST,1,3,0,0,3,4,,0,25,0,0,0,0,0,4,1,5
,2018_54216,39.648204,-104.9167485,7/9/2018 17:18,17:18,5,0,0,HILLCREST DRIVE SOUTH & KENYON AVENUE EAST,1,1,0,0,2,1,,0,25,0,0,0,0,0,4,1,13
,2018_54217,39.782889,-104.7555,7/17/2018 13:10,13:10,1,0,0,HIMALAYA WAY & GREEN VALLEY RANCH EAST,1,1,0,0,1,1,,0,30,0,0,0,0,0,4,2,7
,2018_54218,39.782889,-104.7555,3/11/2018 15:15,15:15,1,0,0,HIMALAYA BOULEVARD NORTH & GREEN VALLEY RANCH BOULEVARD,1,1,0,0,1,1,,0,35,0,0,0,0,0,4,2,13
,2018_54219,39.736674,-104.9223105,10/26/2018 9:41,9:41,3,0,0,HOLLY STREET NORTH & 13TH AVENUE EAST,1,1,0,0,1,1,,0,30,0,0,0,0,0,4,2,16
,2018_54220,39.717846,-104.922243,6/21/2018 6:50,6:50,3,0,0,HOLLY STREET NORTH & FIRST AVENUE EAST,1,1,1,0,1,1,,0,25,0,0,0,0,0,4,2,3