id,drcog_id,latitude,longitude,crashtime,time,crashtype,numbkilled,numbinjurd,drcoglocat,rdconditin,lightngcon,roadcntgrd,weatherco,location,roaddescrp,schoolzone,constrzone,splimit,bikeinv,pedinv,sctrinv,motoinv,svrty,rdsystem,ttlvehcls,hcf
,2018_54503,39.74604759,-105.0021933,7/13/2018 21:11,21:11,6,0,0,LARIMER STREET & 2900 BLOCK,1,3,0,0,1,4,,0,25,0,0,0,0,0,4,2,13
,2018_54504,39.765105,-104.976909,7/25/2018 12:39,12:39,3,0,0,LARIMER STREET & 33RD STREET,1,1,0,0,1,1,,0,30,0,0,0,0,0,4,2,13
,2018_54505,39.744936,-105.00471,5/5/2018 1:24,1:24,6,0,0,LARIMER STREET 3500 BLOCK & LARIMER STREET 3500 BLOCK,1,3,0,0,1,4,,0,,0,0,0,0,0,4,2,13
,2018_54506,39.760425,-104.982948,11/29/2018 11:02,11:02,3,0,0,LARIMER STREET & 28TH STREET,1,1,0,0,1,1,,0,30,0,0,0,0,0,4,2,13
,2018_54507,39.746412,-105.0014385,5/21/2018 0:10,0:10,3,0,1,LARIMER STREET & SPEER BOULEVARD,1,3,0,0,1,1,,0,30,0,0,0,0,1,4,2,13
,2018_54508,39.746412,-105.0014385,9/24/2018 22:09,22:09,3,0,0,LARIMER STREET & SPEER BOULEVARD NORTH,1,3,0,0,1,1,,0,10,0,0,0,1,0,4,2,13
,2018_54509,39.746781,-104.998221,6/24/2018 2:30,2:30,12,0,0,LAWRENCE STREET 1400 BLOCK & 15TH STREET,1,3,0,1,1,1,,0,30,0,0,0,0,0,4,2,3
,2018_54510,39.752271,-104.9917995,2/14/2018 12:25,12:25,10,0,2,LAWRENCE STREET & 20TH STREET,1,3,0,0,1,1,,0,25,0,0,0,0,1,4,2,3
,2018_54511,39.74598917,-104.9998788,3/2/2018 14:00,14:00,6,0,0,LAWRENCE STREET & 2201,1,1,0,0,1,4,,0,30,0,0,0,0,0,4,2,1
,2018_54512,39.75417,-104.9893335,1/31/2018 12:57,12:57,3,0,0,LAWRENCE STREET & 22ND STREET,1,1,0,0,1,1,,0,30,0,0,0,0,0,4,2,13
,2018_54513,39.75417,-104.9893335,7/28/2018 22:26,22:26,3,0,7,LAWRENCE STREET & 22ND STREET,1,3,0,0,1,1,,0,30,0,0,0,0,2,4,3,5
,2018_54514,39.75417,-104.9893335,9/2/2018 21:38,21:38,3,0,1,LAWRENCE STREET & 22ND STREET,1,3,0,0,1,1,,0,30,0,0,0,0,1,4,2,13
,2018_54515,39.755997,-104.986881,12/17/2018 18:17,18:17,3,0,0,LAWRENCE STREET & 24TH STREET,1,3,0,0,1,1,,0,25,0,0,0,0,0,4,2,13
,2018_54516,39.756951,-104.985693,10/8/2018 15:22,15:22,10,0,0,LAWRENCE STREET & 25TH STREET,2,1,0,0,1,1,,0,35,0,0,0,0,0,4,2,14
,2018_54517,39.759759,-104.982048,2/5/2018 12:18,12:18,3,0,0,LAWRENCE STREET & 28TH STREET,1,1,0,0,1,1,,0,30,0,0,0,0,0,4,2,8
,2018_54518,39.759759,-104.982048,3/1/2018 17:44,17:44,12,0,1,LAWRENCE STREET & 28TH STREET,1,2,0,0,1,1,,0,25,0,0,0,0,2,4,2,16
,2018_54519,39.763485,-104.977242,11/13/2018 7:10,7:10,3,0,0,LAWRENCE STREET & 32ND STREET,1,1,0,2,1,1,,0,25,0,0,0,0,0,4,2,1
,2018_54520,39.755088,-104.9881095,4/8/2018 2:37,2:37,3,0,2,LAWRENCE STREET & PARK AVENUE WEST,1,3,0,0,1,1,,0,35,0,0,0,0,1,4,2,5
,2018_54521,39.755088,-104.9881095,5/13/2018 1:10,1:10,12,0,0,LAWRENCE STREET & PARK AVENUE WEST,2,3,0,1,1,3,,0,30,0,0,0,0,0,4,2,3
,2018_54522,39.755088,-104.9881095,8/25/2018 17:05,17:05,10,0,1,LAWRENCE STREET & PARK AVENUE WEST,1,1,0,0,1,1,,0,25,0,0,0,0,1,4,2,5
,2018_54523,39.755088,-104.9881095,10/5/2018 16:00,16:00,3,0,0,LAWRENCE STREET & PARK AVENUE WEST,1,1,1,0,1,1,,0,30,0,0,0,0,0,4,2,13
,2018_54524,39.745764,-105.0001695,8/25/2018 15:40,15:40,12,0,0,LAWRENCE STREET & SPEER BOULEVARD NORTH,1,1,0,0,1,1,,0,30,0,0,0,0,0,4,2,7
,2018_54525,39.75834347,-104.9151886,10/9/2018 10:25,10:25,6,0,0,LEYDEN STREET & 2900 BLOCK NORTH,1,1,0,0,1,4,,0,25,0,0,0,0,0,4,2,13
,2018_54526,39.75834347,-104.9151886,3/28/2018 17:55,17:55,6,0,0,LEYDEN STREET & 3600 BLOCK NORTH,2,1,0,2,3,4,,0,25,0,0,0,0,0,4,4,2
,2018_54527,39.75834347,-104.9151886,10/2/2018 13:58,13:58,15,0,0,LEYDEN STREET & 600 BLOCK NORTH,1,1,0,0,1,4,,0,25,0,0,0,0,0,4,2,1
,2018_54528,39.678462,-104.915952,7/27/2018 17:14,17:14,3,0,0,LEYDEN STREET SOUTH & EVANS AVENUE EAST,1,1,0,0,1,1,,0,35,0,0,0,0,0,4,2,13
,2018_54529,39.70386,-104.91525,6/29/2018 7:25,7:25,3,0,0,LEYDEN STREET SOUTH & EXPOSITION AVENUE EAST,1,1,0,0,1,1,,0,25,0,0,0,0,0,4,2,14
,2018_54530,39.757824,-104.856309,11/4/2018 11:30,11:30,12,0,0,LIMA STREET NORTH & HAVANA WAY NORTH,1,1,1,0,1,1,,0,30,0,0,0,0,0,4,2,8
,2018_54531,39.70960694,-104.9863905,11/24/2018 11:45,11:45,6,0,0,LINCOLN SOUTH & 200 BLOCK SOUTH,1,1,0,0,1,4,,0,30,0,0,0,0,0,4,2,3
,2018_54532,39.73200701,-104.98617,11/15/2018 7:45,7:45,12,0,2,LINCOLN STREET & 1000 BLOCK NORTH,1,1,1,0,1,4,,0,30,0,0,0,0,2,4,2,13
,2018_54533,39.73203,-104.98617,6/15/2018 13:00,13:00,12,0,0,LINCOLN STREET NORTH & 10TH AVENUE EAST,1,1,0,1,1,4,,0,30,0,0,0,0,0,4,3,12
,2018_54534,39.73200701,-104.98617,10/10/2018 16:27,16:27,6,0,0,LINCOLN STREET & 1133 NORTH,1,1,0,0,1,4,,0,30,0,0,0,0,0,4,2,8
,2018_54535,39.73200701,-104.98617,3/31/2018 2:26,2:26,6,0,1,LINCOLN STREET & 1160 NORTH,1,3,0,0,1,4,,0,25,0,0,0,0,1,4,2,14
,2018_54536,39.73383,-104.986161,2/18/2018 1:49,1:49,12,0,0,LINCOLN STREET NORTH & 11TH AVENUE EAST,1,3,0,0,1,1,,0,30,0,0,0,0,0,4,2,16
,2018_54537,39.73383,-104.986161,2/20/2018 8:50,8:50,12,0,1,LINCOLN STREET NORTH & 11TH AVENUE EAST,4,1,0,0,1,1,,0,30,0,0,0,0,1,4,4,1
,2018_54538,39.73388821,-104.9861045,3/29/2018 16:25,16:25,6,0,0,LINCOLN STREET 1100 BLOCK NORTH & 11TH AVENUE WEST,2,1,0,1,1,4,,0,,0,0,0,0,0,4,2,13
,2018_54539,39.735252,-104.98617,3/31/2018 23:45,23:45,12,0,0,LINCOLN STREET NORTH & 12TH AVENUE EAST,1,3,0,0,1,1,,0,25,0,0,0,0,0,4,2,3
,2018_54540,39.735252,-104.98617,7/7/2018 22:19,22:19,15,0,0,LINCOLN STREET NORTH & 12TH AVENUE EAST,1,3,0,0,1,1,,0,35,0,0,0,0,0,4,2,13
,2018_54541,39.735252,-104.98617,7/15/2018 20:34,20:34,3,0,0,LINCOLN STREET NORTH & 12TH AVENUE EAST,2,4,0,0,1,3,,0,,0,0,0,0,0,4,2,14
,2018_54542,39.735252,-104.98617,7/31/2018 23:00,23:00,3,0,0,LINCOLN STREET NORTH & 12TH AVENUE EAST,1,2,0,0,1,1,,0,35,0,0,0,0,0,4,2,13
,2018_54543,39.73692038,-104.9861126,3/15/2018 16:10,16:10,5,0,1,LINCOLN STREET & 1300 BLOCK NORTH LINCOLN STREET,1,1,0,1,3,2,,0,30,0,0,0,0,2,4,2,14
,2018_54544,39.736863,-104.98617,1/25/2018 6:24,6:24,3,0,0,LINCOLN STREET NORTH & 13TH AVENUE EAST,1,3,0,0,1,1,,0,25,0,0,0,0,0,4,2,14
,2018_54545,39.736863,-104.98617,2/10/2018 16:10,16:10,3,0,0,LINCOLN STREET NORTH & 13TH AVENUE EAST,4,1,1,2,1,1,,0,30,0,0,0,0,0,4,2,13
,2018_54546,39.736863,-104.98617,6/27/2018 8:34,8:34,3,0,0,LINCOLN STREET NORTH & 13TH AVENUE EAST,1,1,0,0,1,1,,0,25,0,0,0,0,0,4,2,16
,2018_54547,39.738456,-104.986143,2/3/2018 6:34,6:34,3,0,1,LINCOLN STREET NORTH & 14TH AVENUE EAST,1,3,0,0,1,1,,0,30,0,0,0,0,1,4,2,16
,2018_54548,39.738456,-104.986143,8/13/2018 16:06,16:06,15,0,1,LINCOLN STREET NORTH & 14TH AVENUE EAST,1,1,0,0,1,1,,0,35,0,0,0,0,1,4,2,13
,2018_54549,39.73200701,-104.98617,6/3/2018 18:45,18:45,6,0,0,LINCOLN STREET & 1746 SOUTH,1,1,0,0,1,4,,0,25,0,0,0,0,0,4,2,7
,2018_54550,39.74328,-104.9861115,4/26/2018 14:34,14:34,15,0,0,LINCOLN STREET NORTH & 17TH AVENUE EAST,1,1,0,0,1,1,,0,25,0,0,0,0,0,4,2,14
,2018_54551,39.794283,-104.831271,3/24/2018 19:40,19:40,5,0,1,MAXWELL PLACE EAST & WORCHESTER STREET,1,2,0,0,3,4,,0,30,0,0,0,0,1,4,1,13
,2018_54552,39.74328,-104.9861115,11/29/2018 12:06,12:06,15,0,0,LINCOLN STREET NORTH & 17TH AVENUE EAST,1,1,0,0,1,1,,0,30,0,0,0,0,0,4,2,13
,2018_54553,39.716541,-104.9862825,5/8/2018 9:05,9:05,12,0,0,LINCOLN STREET NORTH & 1860 NORTH LINCOLN STREET,1,1,0,0,1,4,,0,25,0,0,0,0,0,4,2,13
,2018_54554,39.74481,-104.9861205,1/31/2018 7:22,7:22,12,0,0,LINCOLN STREET NORTH & 18TH AVENUE EAST,1,1,0,0,1,4,,0,25,0,0,0,0,0,4,2,14
,2018_54555,39.74481,-104.9861205,4/18/2018 17:48,17:48,5,0,0,LINCOLN STREET NORTH & 18TH AVENUE EAST,1,1,0,0,3,1,,0,35,0,0,0,0,0,4,1,14
,2018_54556,39.74481,-104.9861205,5/21/2018 6:20,6:20,10,0,1,LINCOLN STREET NORTH & 18TH AVENUE EAST,1,1,0,0,1,1,,0,,0,0,0,0,1,4,2,13
,2018_54557,39.74481,-104.9861205,6/5/2018 8:42,8:42,10,0,0,LINCOLN STREET NORTH & 18TH AVENUE EAST,1,1,0,0,1,1,,0,30,0,0,0,0,0,4,2,14
,2018_54558,39.74481,-104.9861205,7/26/2018 15:35,15:35,6,0,0,LINCOLN STREET NORTH & 18TH AVENUE EAST,1,1,0,0,1,1,,0,30,0,0,0,0,0,4,4,14
,2018_54559,39.74481,-104.9861205,9/1/2018 12:48,12:48,3,0,0,LINCOLN STREET NORTH & 18TH AVENUE EAST,1,1,1,0,1,1,,0,30,0,0,0,0,0,4,2,13
,2018_54560,39.74481,-104.9861205,9/5/2018 12:55,12:55,15,0,0,LINCOLN STREET NORTH & 18TH AVENUE EAST,1,1,0,0,1,1,,0,30,0,0,0,0,0,4,2,13
,2018_54561,39.74481,-104.9861205,9/13/2018 6:56,6:56,15,0,0,LINCOLN STREET NORTH & 18TH AVENUE EAST,1,1,0,0,1,4,,0,25,0,0,0,0,0,4,2,14
,2018_54562,39.74481,-104.9861205,12/2/2018 21:43,21:43,3,0,0,LINCOLN STREET NORTH & 18TH AVENUE,1,3,0,0,1,1,,0,30,0,0,0,0,0,4,2,13
,2018_54563,39.746187,-104.9861025,1/22/2018 6:16,6:16,3,0,0,LINCOLN STREET NORTH & 19TH AVENUE EAST,5,3,0,0,1,1,,0,30,0,0,0,0,0,4,2,7
,2018_54564,39.746187,-104.9861025,3/9/2018 8:08,8:08,10,0,0,LINCOLN STREET NORTH & 19TH AVENUE EAST,1,1,0,0,1,1,,0,25,0,0,0,0,0,4,2,14
,2018_54565,39.746187,-104.9861025,4/5/2018 11:52,11:52,3,0,0,LINCOLN STREET NORTH & 19TH AVENUE,1,1,0,0,1,1,,0,5,0,0,0,0,0,4,2,14
,2018_54566,39.718359,-104.986269,1/8/2018 6:55,6:55,3,0,0,LINCOLN STREET NORTH & FIRST AVENUE EAST,1,1,0,0,1,1,,0,30,0,0,0,0,0,4,2,1
,2018_54567,39.718359,-104.986269,6/14/2018 10:30,10:30,3,0,0,LINCOLN STREET NORTH & FIRST AVENUE EAST,1,1,0,0,1,1,,0,30,0,0,0,0,0,4,2,8
,2018_54568,39.718359,-104.986269,11/20/2018 10:10,10:10,3,0,0,LINCOLN STREET NORTH & FIRST AVENUE EAST,1,1,0,0,1,1,,0,35,0,0,0,0,0,4,2,12
,2018_54569,39.747933,-104.9861295,8/15/2018 11:10,11:10,15,0,0,LINCOLN STREET NORTH & 20TH STREET,1,1,0,0,1,1,,0,30,0,0,0,0,0,4,2,13
,2018_54570,39.719349,-104.98626,10/30/2018 22:22,22:22,15,0,0,LINCOLN STREET NORTH & SECOND AVENUE EAST,2,3,0,1,1,1,,0,30,0,0,0,0,0,4,2,14
,2018_54571,39.73200701,-104.98617,4/9/2018 13:30,13:30,15,0,0,LINCOLN STREET & 300 BLOCK NORTH,1,1,0,0,1,4,,0,,0,0,0,0,0,4,2,13
,2018_54572,39.720924,-104.98626,4/8/2018 15:50,15:50,10,0,0,LINCOLN STREET NORTH & THIRD AVENUE EAST,1,5,0,0,1,1,,0,30,0,0,0,0,0,4,2,13
,2018_54573,39.720924,-104.98626,12/31/2018 13:13,13:13,10,0,0,LINCOLN STREET NORTH & THIRD AVENUE EAST,11,1,0,0,1,1,,0,35,0,0,0,0,0,4,2,7
,2018_54574,39.73200701,-104.98617,8/10/2018 13:08,13:08,12,0,0,LINCOLN STREET & 400 BLOCK SOUTH,1,1,0,0,1,4,,0,30,0,0,0,0,0,4,2,8
,2018_54575,39.780135,-104.9857785,8/27/2018 7:33,7:33,3,0,0,LINCOLN STREET NORTH & 46TH AVENUE WEST,1,1,0,0,1,1,,0,25,0,0,0,0,0,4,2,8
,2018_54576,39.722544,-104.9862825,8/19/2018 9:58,9:58,15,0,0,LINCOLN STREET NORTH & FOURTH AVENUE EAST,1,1,1,0,1,1,,0,30,0,0,0,0,0,4,2,8
,2018_54577,39.722544,-104.9862825,9/26/2018 19:00,19:00,3,0,0,LINCOLN STREET NORTH & FOURTH AVENUE EAST,1,1,0,0,1,5,,0,25,0,0,0,0,0,4,2,3
,2018_54578,39.73200701,-104.98617,10/9/2018 17:32,17:32,15,0,0,LINCOLN STREET & 545 NORTH,1,1,0,0,1,4,,0,35,0,0,0,0,0,4,2,3
,2018_54579,39.71115,-104.9863905,8/14/2018 10:58,10:58,1,0,0,LINCOLN STREET SOUTH & ALAMEDA AVENUE EAST,1,1,1,0,1,1,,0,30,0,0,0,0,0,4,2,13
,2018_54580,39.724137,-104.9863095,1/11/2018 9:00,9:00,3,0,0,LINCOLN STREET NORTH & FIFTH AVENUE EAST,1,1,0,0,1,1,,0,35,0,0,0,0,0,4,3,3
,2018_54581,39.724137,-104.9863095,4/21/2018 14:45,14:45,10,0,0,LINCOLN STREET NORTH & FIFTH AVENUE EAST,2,1,0,1,1,1,,0,30,0,0,0,0,0,4,2,7
,2018_54582,39.724137,-104.9863095,5/14/2018 15:00,15:00,10,0,0,LINCOLN STREET NORTH & FIFTH AVENUE EAST,1,1,0,0,1,1,,0,25,0,0,0,0,0,4,2,13
,2018_54583,39.724137,-104.9863095,10/11/2018 0:16,0:16,5,0,0,LINCOLN STREET NORTH & FIFTH AVENUE EAST,1,3,0,0,2,1,,0,30,0,0,0,0,0,4,1,14
,2018_54584,39.725658,-104.9863095,7/19/2018 11:02,11:02,10,0,0,LINCOLN STREET NORTH & SIXTH AVENUE EAST,1,1,0,0,1,1,,0,30,0,0,0,0,0,4,2,8
,2018_54585,39.725658,-104.9863095,10/3/2018 18:20,18:20,10,0,0,LINCOLN STREET NORTH & SIXTH AVENUE EAST,1,1,0,0,1,1,,0,30,0,0,0,0,0,4,2,7
,2018_54586,39.729087,-104.986152,1/5/2018 11:12,11:12,12,0,0,LINCOLN STREET NORTH & EIGHTH AVENUE EAST,1,1,0,0,1,1,,0,25,0,0,0,0,0,4,2,14
,2018_54587,39.729087,-104.986152,2/11/2018 20:00,20:00,12,0,0,LINCOLN STREET NORTH & EIGHTH AVENUE EAST,1,3,0,0,1,1,,0,35,0,0,0,0,0,4,2,5
,2018_54588,39.729087,-104.986152,5/7/2018 15:30,15:30,10,0,0,LINCOLN STREET NORTH & EIGHTH AVENUE EAST,1,1,0,0,1,1,,0,30,0,0,0,0,0,4,2,13
,2018_54589,39.719349,-104.98626,12/2/2018 21:49,21:49,10,0,0,LINCOLN STREET NORTH & SECOND AVENUE EAST,1,3,0,0,1,1,,0,30,0,0,0,0,0,4,2,8
,2018_54590,39.735252,-104.98617,11/17/2018 23:38,23:38,12,0,0,LINCOLN STREET NORTH & 12TH AVENUE EAST,5,3,1,0,1,1,,0,,0,0,0,0,0,4,2,13
,2018_54591,39.71115,-104.9863905,5/22/2018 21:05,21:05,15,0,0,LINCOLN STREET SOUTH & ALAMEDA AVENUE EAST,1,3,0,0,1,1,,0,30,0,0,0,0,0,4,2,1
,2018_54592,39.71115,-104.9863905,7/6/2018 9:55,9:55,15,0,0,LINCOLN STREET SOUTH & ALAMEDA AVENUE EAST,1,1,0,0,1,1,,0,30,0,0,0,0,0,4,2,13
,2018_54593,39.78840084,-104.8526762,6/27/2018 19:30,19:30,6,0,0,NOME STREET & 3850 NORTH,1,4,0,0,1,4,,0,25,0,0,0,0,0,4,2,13
,2018_54594,39.71115,-104.9863905,9/19/2018 23:23,23:23,3,0,0,LINCOLN STREET SOUTH & ALAMEDA AVENUE EAST,1,3,0,0,1,1,,0,30,0,0,0,0,0,4,2,13
,2018_54595,39.71115,-104.9863905,11/29/2018 13:55,13:55,12,0,0,LINCOLN STREET 300 BLOCK SOUTH & ALAMEDA AVENUE EAST,1,1,0,0,1,3,,0,30,0,0,0,0,0,4,2,5
,2018_54596,39.714741,-104.9863005,1/14/2018 7:02,7:02,10,0,0,LINCOLN STREET SOUTH & BAYAUD AVENUE EAST,1,1,0,0,1,1,,0,30,0,0,0,0,0,4,2,13
,2018_54597,39.707541,-105.00156,11/10/2018 22:27,22:27,14,0,0,LIPAN STREET & VIRGINIA AVENUE WEST,1,4,1,0,1,1,,0,30,0,0,0,0,0,4,2,16
,2018_54598,39.714741,-104.9863005,9/26/2018 15:30,15:30,3,0,0,LINCOLN STREET SOUTH & BAYAUD AVENUE EAST,1,1,0,0,1,1,,0,30,0,0,0,0,0,4,2,13
,2018_54599,39.712977,-104.986341,1/25/2018 18:41,18:41,10,0,0,LINCOLN STREET SOUTH & CEDAR AVENUE EAST,1,3,0,0,1,1,,0,30,0,0,0,0,0,4,3,13
,2018_54600,39.705696,-104.9863185,1/11/2018 15:22,15:22,3,0,0,LINCOLN STREET SOUTH & CENTER AVENUE EAST,1,1,0,0,1,1,,0,30,0,0,0,0,0,4,2,13
,2018_54601,39.705696,-104.9863185,5/13/2018 9:31,9:31,10,0,0,LINCOLN STREET SOUTH & CENTER AVENUE EAST,1,1,0,0,1,1,,0,30,0,0,0,0,0,4,2,8
,2018_54602,39.709314,-104.9863905,11/19/2018 15:40,15:40,12,0,0,LINCOLN STREET SOUTH & DAKOTA AVENUE EAST,1,1,0,0,1,1,,0,25,0,0,0,0,0,4,2,16
,2018_54603,39.709314,-104.9863905,12/1/2018 9:20,9:20,15,0,0,LINCOLN STREET SOUTH & DAKOTA AVENUE EAST,1,1,0,0,1,3,,0,30,0,0,0,0,0,4,2,13
,2018_54604,39.678534,-104.9863635,2/23/2018 12:05,12:05,3,0,0,LINCOLN STREET NORTH & EVANS AVENUE EAST,1,1,0,0,1,1,,0,35,0,0,0,0,0,4,2,13
,2018_54605,39.725658,-104.9863095,4/19/2018 10:28,10:28,3,0,0,LINCOLN STREET NORTH & SPEER BOULEVARD,1,1,0,0,1,1,,0,30,0,0,0,0,0,4,2,13
,2018_54606,39.725658,-104.9863095,6/16/2018 13:00,13:00,12,0,0,LINCOLN STREET NORTH & SPEER BOULEVARD,1,1,0,0,1,1,,0,30,0,0,0,0,0,4,2,1
,2018_54607,39.75034112,-104.9976913,8/11/2018 17:45,17:45,6,0,0,MARKET STREET & 2150 BLOCK,1,1,0,0,1,4,,0,25,0,0,0,0,0,4,2,1
,2018_54608,39.725658,-104.9863095,8/19/2018 15:21,15:21,3,0,0,LINCOLN STREET NORTH & SPEER BOULEVARD EAST,1,1,1,0,1,1,,0,40,0,0,0,0,0,4,2,13
,2018_54609,39.725658,-104.9863095,9/19/2018 12:26,12:26,15,0,0,LINCOLN STREET NORTH & SPEER BOULEVARD EAST,1,1,0,0,1,1,,0,30,0,0,0,0,0,4,2,13
,2018_54610,39.725658,-104.9863095,10/17/2018 22:30,22:30,3,0,0,LINCOLN STREET NORTH & SPEER BOULEVARD EAST,1,3,0,0,1,1,,0,35,0,0,0,0,0,4,3,8
,2018_54611,39.66759,-104.914611,8/28/2018 7:24,7:24,3,0,0,LINDEN COURT SOUTH & YALE AVENUE EAST,1,1,0,0,1,1,,0,30,0,0,0,0,0,4,3,7
,2018_54612,39.73216822,-105.0016109,11/2/2018 12:19,12:19,6,0,0,LIPAN STREET & 3900 BLOCK NORTH,1,1,0,0,1,4,,0,25,0,0,0,0,0,4,2,13
,2018_54613,39.76929,-105.0017625,4/12/2018 17:21,17:21,3,0,2,LIPAN STREET NORTH & 38TH AVENUE WEST,1,1,0,0,1,1,,0,35,0,0,0,0,2,4,2,13
,2018_54614,39.76929,-105.0017625,7/6/2018 18:47,18:47,15,0,0,LIPAN STREET NORTH & 38TH AVENUE WEST,1,1,0,0,1,2,,0,25,0,0,0,0,0,4,2,13
,2018_54615,39.76929,-105.0017625,7/31/2018 13:55,13:55,3,0,0,LIPAN STREET NORTH & 38TH AVENUE WEST,1,1,1,0,1,1,,0,30,0,0,0,0,0,4,2,13
,2018_54616,39.76929,-105.0017625,9/21/2018 7:30,7:30,6,0,0,LIPAN STREET NORTH & 38TH AVENUE WEST,1,1,0,0,1,4,,0,25,0,0,0,0,0,4,2,4
,2018_54617,39.771738,-105.0017805,7/14/2018 6:55,6:55,3,0,0,LIPAN STREET NORTH & 40TH AVENUE WEST,1,1,0,0,1,1,,0,25,0,0,0,0,0,4,2,13
,2018_54618,39.728961,-105.001623,10/11/2018 16:44,16:44,3,0,1,LIPAN STREET NORTH & EIGHTH AVENUE WEST,2,1,1,1,1,1,,0,25,0,0,0,0,1,4,2,13
,2018_54619,39.711186,-105.001542,3/29/2018 17:34,17:34,3,0,0,LIPAN STREET SOUTH & ALAMEDA AVENUE WEST,2,2,0,0,1,1,,0,25,0,0,0,0,0,4,2,3
,2018_54620,39.689424,-105.001569,1/10/2018 8:25,8:25,3,0,0,LIPAN STREET SOUTH & FLORIDA AVENUE WEST,1,1,1,0,1,1,,0,30,0,0,0,0,0,4,2,3
,2018_54621,39.77064,-105.0014295,5/2/2018 13:07,13:07,12,0,0,LIPAN STREET SOUTH 3900 BLOCK NORTH & THRU 3800 BLKS NORTH L,1,1,0,0,1,3,,0,35,0,0,0,0,0,4,4,14
,2018_54622,39.75471,-105.005979,12/18/2018 9:50,9:50,12,0,0,LITTLE RAVEN STREET & BASSETT CIRCLE,1,1,0,0,1,1,,0,25,0,0,0,0,0,4,2,13
,2018_54623,39.77703,-104.7450285,5/23/2018 6:51,6:51,8,0,0,LIVERPOOL CIRCLE 4300 BLOCK NORTH & KELLY PLACE,1,1,0,1,1,4,,0,25,0,0,0,0,0,4,2,13
,2018_54624,39.66556109,-104.915386,11/25/2018 8:30,8:30,6,0,0,LOCUST SOUTH & 3200 BLOCK NORTH,5,2,0,0,1,4,,0,25,0,0,0,0,0,4,2,13
,2018_54625,39.720933,-104.91354,4/26/2018 13:00,13:00,6,0,0,LOCUST STREET NORTH & 1735 NORTH LOCUST STREET,1,1,0,0,1,4,,0,,0,0,0,0,0,4,2,13
,2018_54626,39.689352,-104.914053,1/17/2018 18:15,18:15,3,0,0,LOCUST STREET SOUTH & FLORIDA AVENUE EAST,1,3,0,0,1,1,,0,25,0,0,0,0,0,4,3,13
,2018_54627,39.654324,-104.9153265,6/20/2018 22:25,22:25,3,0,1,LOCUST STREET SOUTH & GIRARD PLACE EAST,1,4,0,0,1,1,,0,10,0,0,0,0,1,4,2,16
,2018_54628,39.674853,-104.914089,5/3/2018 10:25,10:25,3,0,0,LOCUST STREET SOUTH & ILIFF AVENUE EAST,2,1,2,1,1,1,,0,20,0,0,0,0,0,4,2,8
,2018_54629,39.66759,-104.9158215,1/15/2018 8:17,8:17,5,0,0,LOCUST STREET SOUTH & YALE AVENUE EAST,5,1,0,2,3,1,,0,30,0,0,0,0,0,4,1,13
,2018_54630,39.78957815,-104.9828951,11/6/2018 17:52,17:52,6,0,0,LOGAN STREET & 500 BLOCK NORTH,1,3,0,0,1,4,,0,25,0,0,0,0,0,4,2,3
,2018_54631,39.73199125,-104.9822744,2/7/2018 13:31,13:31,15,0,0,LOGAN STREET NORTH & 1300 BLOCK NORTH,1,1,0,0,1,4,,0,30,0,0,0,0,0,4,2,8
,2018_54632,39.735216,-104.9817285,4/12/2018 9:22,9:22,15,0,0,LOGAN STREET 1200 BLOCK NORTH & 13TH AVENUE EAST,1,1,0,0,1,4,,0,25,0,0,0,0,0,4,2,14
,2018_54633,39.736872,-104.9823315,5/6/2018 17:00,17:00,3,0,3,LOGAN STREET NORTH & 13TH AVENUE EAST,1,1,0,0,1,1,,0,30,0,0,0,0,2,4,2,13
,2018_54634,39.736872,-104.9823315,12/9/2018 20:05,20:05,3,0,0,LOGAN STREET NORTH & 13TH AVENUE EAST,1,3,0,0,1,1,,0,30,0,0,0,0,0,4,2,13
,2018_54635,39.738438,-104.9823405,8/22/2018 13:26,13:26,12,0,0,LOGAN STREET NORTH & 14TH AVENUE EAST,1,1,0,0,1,1,,0,30,0,0,0,0,0,4,2,3
,2018_54636,39.74328,-104.9823495,5/11/2018 5:53,5:53,3,0,0,LOGAN STREET NORTH & 17TH AVENUE EAST,1,1,0,0,1,1,,0,35,0,0,0,0,0,4,2,13
,2018_54637,39.74328,-104.9823495,9/27/2018 10:00,10:00,3,0,3,LOGAN STREET NORTH & 17TH AVENUE EAST,1,1,0,0,1,1,,0,30,0,0,0,0,1,4,2,13
,2018_54638,39.744819,-104.982372,12/4/2018 21:00,21:00,12,0,0,LOGAN STREET NORTH & 18TH AVENUE EAST,1,3,0,0,1,1,,0,25,0,0,0,0,0,4,2,13
,2018_54639,39.78957815,-104.9828951,2/9/2018 14:27,14:27,6,0,0,LOGAN STREET & 1915 NORTH,1,1,0,0,1,4,,0,,0,0,0,0,0,4,2,13
,2018_54640,39.746187,-104.982318,7/31/2018 20:24,20:24,3,0,0,LOGAN STREET NORTH & 19TH AVENUE EAST,1,2,0,0,1,1,,0,5,0,0,0,0,0,4,2,14
,2018_54641,39.746187,-104.982318,8/5/2018 12:59,12:59,3,0,0,LOGAN STREET NORTH & 19TH AVENUE EAST,1,1,0,0,1,1,,0,30,0,0,0,0,0,4,2,13