id,drcog_id,latitude,longitude,crashtime,time,crashtype,numbkilled,numbinjurd,drcoglocat,rdconditin,lightngcon,roadcntgrd,weatherco,location,roaddescrp,schoolzone,constrzone,splimit,bikeinv,pedinv,sctrinv,motoinv,svrty,rdsystem,ttlvehcls,hcf
,2018_54919,39.761838,-104.9128605,2/15/2018 17:04,17:04,1,0,0,MLK BOULEVARD EAST & MONACO STREET NORTHBOUND,1,1,0,0,1,1,,0,30,0,0,0,0,0,4,2,1
,2018_54920,39.761838,-104.9128605,2/26/2018 18:33,18:33,1,0,0,MLK BOULEVARD & MONACO STREET NORTH,1,3,0,0,1,1,,0,30,0,0,0,0,0,4,2,1
,2018_54921,39.761838,-104.9128605,3/24/2018 14:59,14:59,3,0,0,MLK BOULEVARD EAST & MONACO STREET NORTH,1,1,0,0,1,1,,0,,0,0,0,0,0,4,2,13
,2018_54922,39.761838,-104.9128605,4/30/2018 15:30,15:30,12,0,0,MLK BOULEVARD & MONACO STREET NORTH,1,1,0,0,1,1,,0,35,0,0,0,0,0,4,2,7
,2018_54923,39.761838,-104.9128605,5/15/2018 14:48,14:48,1,0,2,MLK BOULEVARD & MONACO PARKWAY NORTH,1,1,0,0,1,1,,0,35,0,0,0,0,1,4,2,13
,2018_54924,39.761838,-104.9128605,7/26/2018 10:43,10:43,10,0,0,MLK BOULEVARD & MONACO STREET NORTH,1,1,0,0,1,1,,0,,0,0,0,0,0,4,2,13
,2018_54925,39.761838,-104.9128605,9/6/2018 15:49,15:49,15,0,0,MLK BOULEVARD EAST & MONACO STREET NORTH,1,1,0,0,1,1,,0,30,0,0,0,0,0,4,2,13
,2018_54926,39.761838,-104.9128605,11/29/2018 18:24,18:24,1,0,2,MLK BOULEVARD & MONACO STREET NORTH,1,3,0,0,1,1,,0,35,0,0,0,0,2,4,2,1
,2018_54927,39.761838,-104.9128605,12/31/2018 9:18,9:18,8,0,1,MLK BOULEVARD & MONACO STREET NORTH,4,1,0,2,1,1,,0,35,0,0,0,0,2,4,2,13
,2018_54928,39.761991,-104.9081715,6/1/2018 15:05,15:05,3,0,1,MLK BOULEVARD & ONEIDA STREET NORTH,1,1,0,0,1,1,,0,25,0,0,0,0,1,4,2,1
,2018_54929,39.761982,-104.905773,12/5/2018 8:37,8:37,12,0,0,MLK BOULEVARD & PONTIAC STREET NORTH,1,1,0,0,1,1,,0,35,0,0,0,0,0,4,3,3
,2018_54930,39.761973,-104.903451,2/5/2018 13:49,13:49,3,0,1,MLK BOULEVARD & QUEBEC STREET NORTH,1,1,0,0,1,1,,0,35,0,0,0,0,1,4,3,1
,2018_54931,39.761973,-104.903451,2/10/2018 8:15,8:15,12,0,0,MLK BOULEVARD & QUEBEC STREET NORTH,4,1,0,2,1,4,,0,40,0,0,0,0,0,4,2,16
,2018_54932,39.761973,-104.903451,2/13/2018 7:43,7:43,12,0,1,MLK BOULEVARD & QUEBEC STREET NORTH,1,1,0,0,1,1,,0,30,0,0,0,0,1,4,2,3
,2018_54933,39.761973,-104.903451,3/24/2018 20:35,20:35,12,0,0,MLK BOULEVARD EAST & QUEBEC STREET NORTH,1,3,0,0,1,1,,0,,0,0,0,0,0,4,2,13
,2018_54934,39.761973,-104.903451,4/25/2018 7:13,7:13,15,0,0,MLK BOULEVARD & QUEBEC STREET NORTH,1,1,0,0,1,1,,0,30,0,0,0,0,0,4,2,13
,2018_54935,39.761973,-104.903451,5/16/2018 14:35,14:35,3,0,0,MLK BOULEVARD & QUEBEC STREET NORTH,1,1,0,0,1,1,,0,30,0,0,0,0,0,4,2,8
,2018_54936,39.761973,-104.903451,7/11/2018 7:38,7:38,3,0,2,MLK BOULEVARD EAST & QUEBEC STREET NORTH,1,1,0,0,1,1,,0,35,0,0,0,0,1,4,2,7
,2018_54937,39.761973,-104.903451,7/13/2018 9:15,9:15,3,0,0,MLK BOULEVARD & QUEBEC STREET NORTH,1,1,0,0,1,1,,0,35,0,0,0,0,0,4,3,14
,2018_54938,39.761973,-104.903451,8/27/2018 15:35,15:35,15,0,0,MLK BOULEVARD EAST & QUEBEC STREET NORTH,1,1,0,0,1,1,,0,35,0,0,0,0,0,4,2,3
,2018_54939,39.761973,-104.903451,9/19/2018 17:38,17:38,15,0,0,MLK BOULEVARD EAST & QUEBEC STREET NORTH,2,1,0,1,1,1,,0,5,0,0,0,0,0,4,2,14
,2018_54940,39.761973,-104.903451,10/28/2018 12:51,12:51,12,0,1,MLK BOULEVARD EAST & QUEBEC STREET NORTH,1,1,0,0,1,1,,0,35,0,0,0,0,1,4,2,13
,2018_54941,39.762,-104.9634405,10/20/2018 8:03,8:03,3,0,0,MLK BOULEVARD EAST & RACE STREET NORTH,1,1,0,0,1,1,,0,25,0,0,0,0,0,4,2,13
,2018_54942,39.76056,-104.9001615,4/2/2018 18:00,18:00,3,0,0,MLK BOULEVARD & ROSLYN STREET NORTH,1,1,0,0,1,1,,0,35,0,0,0,0,0,4,2,2
,2018_54943,39.76056,-104.9001615,5/25/2018 14:00,14:00,1,0,0,MLK BOULEVARD & ROSLYN STREET NORTH,1,1,0,0,1,1,,0,30,0,0,0,0,0,4,2,13
,2018_54944,39.76056,-104.9001615,8/8/2018 18:21,18:21,3,0,0,MLK BOULEVARD EAST & ROSLYN STREET NORTH,1,1,0,0,1,1,,0,35,0,0,0,0,0,4,3,6
,2018_54945,39.76056,-104.9001615,10/24/2018 21:10,21:10,1,0,1,MLK BOULEVARD EAST & ROSLYN STREET NORTH,1,3,0,1,1,1,,0,30,0,0,0,1,2,4,2,5
,2018_54946,39.76063041,-104.9001109,8/13/2018 16:23,16:23,3,0,2,MLK BOULEVARD EAST & STREET PAUL STREET NORTH,1,1,0,0,1,1,,0,30,0,0,0,0,1,4,2,1
,2018_54947,39.76011,-104.8990185,6/30/2018 13:11,13:11,3,0,2,MLK BOULEVARD & SYRACUSE STREET NORTH,1,1,0,0,1,1,,0,35,0,0,0,0,2,4,2,4
,2018_54948,39.76011,-104.8990185,11/9/2018 14:09,14:09,12,0,0,MLK BOULEVARD & SYRACUSE STREET NORTH,1,1,0,0,1,1,,0,35,0,0,0,0,0,4,2,13
,2018_54949,39.760173,-104.89257,10/11/2018 12:24,12:24,1,0,2,MLK BOULEVARD EAST & UINTA STREET NORTH,1,1,0,0,1,1,,0,35,0,0,0,0,1,4,2,13
,2018_54950,39.762018,-104.959773,1/2/2018 20:36,20:36,3,0,1,MLK BOULEVARD EAST & YORK STREET NORTH,1,3,0,0,1,1,,0,,0,0,0,0,2,4,2,13
,2018_54951,39.762018,-104.959773,1/15/2018 9:29,9:29,3,0,1,MLK BOULEVARD 2300 BLOCK EAST & YORK STREET,5,1,1,2,1,1,,0,30,0,0,0,0,1,4,2,14
,2018_54952,39.762018,-104.959773,7/7/2018 1:28,1:28,3,0,0,MLK BOULEVARD & YORK STREET NORTH,1,3,0,0,1,1,,0,30,0,0,0,0,0,4,2,13
,2018_54953,39.762018,-104.959773,7/27/2018 18:35,18:35,3,0,0,MLK BOULEVARD EAST & YORK STREET NORTH,1,1,0,0,1,1,,0,30,0,0,0,0,0,4,2,1
,2018_54954,39.762018,-104.959773,10/5/2018 16:10,16:10,3,0,1,MLK BOULEVARD EAST & YORK STREET NORTH,1,1,0,0,1,1,,0,30,0,0,0,0,1,4,2,1
,2018_54955,39.762009,-104.964723,4/5/2018 10:29,10:29,10,0,0,MLK JR BOULEVARD EAST & HIGH STREET NORTH,1,1,0,0,1,1,,0,35,0,0,0,0,0,4,2,8
,2018_54956,39.761838,-104.9128605,6/23/2018 15:33,15:33,1,0,0,MLK JR BOULEVARD & MONACO PARKWAY NORTH,1,1,0,0,1,1,,0,35,0,0,0,0,0,4,2,13
,2018_54957,39.761838,-104.9128605,6/25/2018 15:09,15:09,3,0,0,MLK JR BOULEVARD & MONACO PARKWAY,1,1,0,0,1,1,,0,35,0,0,0,0,0,4,2,13
,2018_54958,39.73365,-104.912811,7/10/2018 14:17,14:17,12,0,0,MONACO STREET NORTH & 11TH AVENUE EAST,1,1,0,0,1,1,,0,35,0,0,0,0,0,4,2,12
,2018_54959,39.73365,-104.912811,9/19/2018 14:09,14:09,3,0,1,MONACO STREET NORTH & 11TH AVENUE EAST,1,1,0,0,1,1,,0,30,0,0,0,0,1,4,3,1
,2018_54960,39.736836,-104.912811,1/12/2018 6:51,6:51,3,0,1,MONACO STREET NORTH & 13TH AVENUE EAST,1,1,0,0,1,1,,0,30,0,0,0,0,2,4,2,13
,2018_54962,39.736836,-104.912811,5/15/2018 21:15,21:15,15,0,0,MONACO STREET NORTH & 13TH AVENUE EAST,1,3,0,0,1,1,,0,30,0,0,0,0,0,4,2,13
,2018_54963,39.736836,-104.912811,8/24/2018 13:41,13:41,15,0,0,MONACO STREET NORTH & 13TH AVENUE EAST,1,1,0,0,1,1,,0,30,0,0,0,0,0,4,2,13
,2018_54964,39.738411,-104.912802,5/18/2018 16:00,16:00,3,0,0,MONACO STREET NORTH & 14TH AVENUE EAST,1,1,0,0,1,1,,0,,0,0,0,0,0,4,2,13
,2018_54965,39.71074891,-104.9129505,7/6/2018 15:46,15:46,12,0,0,MONACO BOULEVARD & 1900 BLOCK NORTH,1,1,0,0,1,4,,0,30,0,0,0,0,0,4,2,13
,2018_54966,39.718359,-104.9127795,10/31/2018 10:30,10:30,3,0,0,MONACO STREET NORTH & FIRST AVENUE EAST,1,1,0,0,1,1,,0,30,0,0,0,0,0,4,2,16
,2018_54967,39.751047,-104.9128605,7/24/2018 11:20,11:20,3,0,0,MONACO PARKWAY NORTH & 23RD AVENUE EAST,1,1,0,0,1,1,,0,30,0,0,0,0,0,4,2,7
,2018_54968,39.751047,-104.9128605,9/15/2018 11:45,11:45,15,0,0,MONACO STREET NORTH & 23RD AVENUE EAST,1,1,0,0,1,1,,0,30,0,0,0,0,0,4,2,13
,2018_54969,39.66609262,-104.9127536,6/9/2018 19:50,19:50,5,0,1,MONACO STREET 2800 BLOCK NORTH & 2800 BLOCK NORTH,1,2,0,0,3,4,,0,30,0,0,0,0,2,4,1,10
,2018_54970,39.63799683,-104.9126781,7/17/2018 17:30,17:30,12,0,0,MONACO STREET & 300 BLOCK SOUTH,1,1,0,0,1,4,,0,30,0,0,0,0,0,4,3,13
,2018_54971,39.765636,-104.9128695,8/8/2018 11:10,11:10,3,0,0,MONACO STREET NORTH & 35TH AVENUE EAST,1,1,0,0,1,1,,0,35,0,0,0,0,0,4,2,13
,2018_54972,39.63799683,-104.9126781,7/11/2018 14:07,14:07,12,0,0,MONACO STREET & 4300 NORTH,1,1,0,0,1,2,,0,30,0,0,0,0,0,4,2,13
,2018_54973,39.649572,-104.913099,3/15/2018 19:30,19:30,5,0,0,MONACO STREET SOUTH & 4380 SOUTH MONACO STREET,2,3,1,1,3,4,,0,35,0,0,0,0,0,4,1,5
,2018_54974,39.63799683,-104.9126781,10/31/2018 17:20,17:20,12,0,0,MONACO STREET & 600 BLOCK SOUTH,1,1,0,0,1,4,,0,30,0,0,0,0,0,4,3,14
,2018_54975,39.725343,-104.9127885,1/19/2018 16:04,16:04,3,0,0,MONACO STREET NORTH & SIXTH AVENUE EAST,1,1,0,0,1,1,,0,35,0,0,0,0,0,4,2,7
,2018_54976,39.725343,-104.9127885,3/27/2018 13:30,13:30,3,0,3,MONACO STREET NORTH & SIXTH AVENUE EAST,1,1,0,0,1,1,,0,30,0,0,0,0,1,4,2,13
,2018_54977,39.725343,-104.9127885,8/15/2018 11:18,11:18,15,0,0,MONACO STREET NORTH & SIXTH AVENUE EAST,1,1,0,0,1,1,,0,30,0,0,0,0,0,4,2,13
,2018_54978,39.725343,-104.9127885,9/18/2018 12:49,12:49,3,0,1,MONACO STREET NORTH & SIXTH AVENUE EAST,1,1,0,0,1,1,,0,35,0,0,0,0,1,4,2,13
,2018_54979,39.725343,-104.9127885,9/19/2018 11:36,11:36,1,0,2,MONACO STREET NORTH & SIXTH AVENUE EAST,1,1,0,0,1,1,,0,30,0,0,0,0,1,4,2,1
,2018_54980,39.725343,-104.9127885,9/22/2018 17:59,17:59,1,0,0,MONACO STREET NORTH & SIXTH AVENUE EAST,1,1,0,0,1,1,,0,30,0,0,0,0,0,4,3,8
,2018_54981,39.725343,-104.9127885,10/4/2018 15:32,15:32,15,0,0,MONACO STREET NORTH & SIXTH AVENUE EAST,1,1,0,0,1,1,,0,30,0,0,0,0,0,4,2,1
,2018_54982,39.78193562,-104.981211,7/16/2018 15:43,15:43,6,0,0,PENNSYLVANIA STREET & 1575 NORTH,1,1,0,0,1,4,,0,25,0,0,0,0,0,4,2,8
,2018_54983,39.726864,-104.912811,10/1/2018 8:14,8:14,12,0,1,MONACO STREET NORTH & SEVENTH AVENUE EAST,1,1,0,0,1,4,,0,30,0,0,0,0,1,4,4,3
,2018_54984,39.726864,-104.912811,10/14/2018 13:13,13:13,3,0,0,MONACO STREET NORTH & SEVENTH AVENUE EAST,2,1,0,2,1,1,,0,30,0,0,0,0,0,4,2,1
,2018_54985,39.63799683,-104.9126781,6/22/2018 12:35,12:35,3,0,0,MONACO STREET & 800 BLOCK SOUTH,1,1,1,0,1,2,,0,30,0,0,0,0,0,4,2,7
,2018_54986,39.729276,-104.912811,6/14/2018 8:05,8:05,12,0,0,MONACO STREET NORTH & EIGHTH AVENUE EAST,1,1,0,0,1,1,,0,35,0,0,0,0,0,4,2,5
,2018_54987,39.729276,-104.912811,10/9/2018 20:24,20:24,3,0,0,MONACO PARKWAY & EIGHTH AVENUE EAST,1,3,0,0,1,1,,0,30,0,0,0,0,0,4,2,16
,2018_54988,39.729276,-104.912811,11/23/2018 12:21,12:21,3,0,2,MONACO STREET NORTH & EIGHTH AVENUE EAST,1,1,0,0,1,1,,0,30,0,0,0,0,2,4,2,16
,2018_54989,39.680379,-105.005232,2/25/2018 9:30,9:30,5,0,0,OSAGE STREET NORTH & 4209 NORTH OSAGE STREET,1,1,0,0,3,5,,0,,0,0,0,0,0,4,2,13
,2018_54990,39.63799683,-104.9126781,1/14/2018 1:55,1:55,5,0,2,MONACO STREET & 99 SOUTH,1,3,0,0,3,4,,0,35,0,0,0,0,1,4,1,5
,2018_54991,39.730482,-104.912811,12/11/2018 17:33,17:33,15,0,0,MONACO STREET NORTH & NINTH AVENUE EAST APPROXIMATELY,1,3,0,0,1,4,,0,30,0,0,0,0,0,4,2,14
,2018_54992,39.718359,-104.9127795,11/14/2018 17:00,17:00,12,0,0,MONACO STREET SOUTH & FIRST AVENUE EAST,1,2,0,0,1,4,,0,35,0,0,0,0,0,4,2,1
,2018_54994,39.711366,-104.9129595,1/5/2018 19:53,19:53,1,0,1,MONACO STREET SOUTH & ALAMEDA AVENUE EAST,1,3,0,0,1,1,,0,40,0,0,0,0,1,4,2,14
,2018_54995,39.711366,-104.9129595,1/12/2018 6:00,6:00,1,0,1,MONACO STREET SOUTH & ALAMEDA AVENUE EAST,1,1,0,0,1,1,,0,35,0,0,0,0,1,4,2,13
,2018_54996,39.711366,-104.9129595,4/21/2018 22:25,22:25,3,0,1,MONACO STREET SOUTH & ALAMEDA AVENUE EAST,1,3,0,0,1,1,,0,35,0,0,0,0,1,4,2,7
,2018_54997,39.711366,-104.9129595,4/28/2018 15:03,15:03,12,0,0,MONACO STREET SOUTH & ALAMEDA AVENUE EAST,1,1,0,0,1,1,,0,30,0,0,0,0,0,4,2,13
,2018_54999,39.711366,-104.9129595,5/3/2018 10:22,10:22,1,0,0,MONACO STREET SOUTH & ALAMEDA AVENUE EAST,2,1,0,1,1,1,,0,35,0,0,0,0,0,4,2,13
,2018_55000,39.711366,-104.9129595,5/28/2018 16:10,16:10,15,0,0,MONACO STREET SOUTH & ALAMEDA AVENUE EAST,1,1,0,0,1,1,,0,35,0,0,0,0,0,4,2,13
,2018_55001,39.711366,-104.9129595,5/31/2018 10:38,10:38,12,0,0,MONACO STREET SOUTH & ALAMEDA AVENUE,1,1,0,0,1,1,,0,,0,0,0,0,0,4,2,13
,2018_55002,39.711366,-104.9129595,6/19/2018 18:00,18:00,12,0,0,MONACO STREET SOUTH & ALAMEDA AVENUE EAST,1,1,0,0,1,1,,0,30,0,0,0,0,0,4,2,7
,2018_55003,39.711366,-104.9129595,6/21/2018 8:02,8:02,1,0,0,MONACO STREET SOUTH & ALAMEDA AVENUE EAST,1,1,0,0,1,1,,0,35,0,0,0,0,0,4,2,13
,2018_55004,39.711366,-104.9129595,6/22/2018 11:15,11:15,15,0,0,MONACO STREET SOUTH & ALAMEDA AVENUE EAST,1,1,0,0,1,4,,0,35,0,0,0,0,0,4,2,16
,2018_55005,39.711366,-104.9129595,7/25/2018 2:11,2:11,12,0,1,MONACO STREET SOUTH & ALAMEDA AVENUE EAST,1,3,0,0,1,1,,0,35,0,0,0,0,1,4,2,1
,2018_55006,39.711366,-104.9129595,8/8/2018 10:42,10:42,12,0,0,MONACO STREET SOUTH & ALAMEDA AVENUE EAST,1,1,0,0,1,1,,0,30,0,0,0,0,0,4,2,13
,2018_55007,39.711366,-104.9129595,10/3/2018 10:22,10:22,15,0,0,MONACO STREET SOUTH & ALAMEDA AVENUE EAST,1,1,0,0,1,3,,0,30,0,0,0,0,0,4,2,13
,2018_55008,39.711366,-104.9129595,11/15/2018 10:30,10:30,12,0,0,MONACO STREET SOUTH & ALAMEDA AVENUE EAST,1,1,0,0,1,1,,0,30,0,0,0,0,0,4,2,3
,2018_55009,39.6954,-104.9129685,8/19/2018 17:00,17:00,3,0,0,MONACO STREET SOUTH & ARIZONA AVENUE EAST,1,1,0,0,1,1,,0,25,0,0,0,0,0,4,2,16
,2018_55010,39.6954,-104.9129685,12/20/2018 16:33,16:33,3,0,0,MONACO STREET SOUTH & ARIZONA AVENUE EAST,1,1,0,0,1,1,,0,30,0,0,0,0,0,4,2,8
,2018_55011,39.671532,-104.9129685,12/28/2018 6:20,6:20,5,0,0,MONACO STREET SOUTH & BAKER PLACE EAST,1,3,0,0,2,4,,0,35,0,0,0,0,0,4,3,2
,2018_55012,39.66435,-104.912982,11/15/2018 16:40,16:40,15,0,0,MONACO STREET SOUTH & BATES AVENUE EAST,1,1,0,0,1,3,,0,30,0,0,0,0,0,4,2,8
,2018_55013,39.714768,-104.912892,5/25/2018 18:30,18:30,6,0,0,MONACO STREET SOUTH & BAYAUD AVENUE EAST,1,1,1,0,1,4,,0,,0,0,0,0,0,4,2,13
,2018_55014,39.68443393,-104.9645685,12/10/2018 7:45,7:45,12,0,1,MONACO STREET SOUTH & BUCHTEL BOULEVARD EAST,1,1,0,0,1,1,,0,25,0,0,0,0,1,4,3,16
,2018_55015,39.713103,-104.9129415,6/6/2018 15:10,15:10,12,0,0,MONACO STREET SOUTH & CEDAR AVENUE EAST,1,1,0,0,1,1,,0,35,0,0,0,0,0,4,2,16
,2018_55016,39.713103,-104.9129415,7/10/2018 13:00,13:00,12,0,0,MONACO STREET SOUTH & CEDAR AVENUE EAST,1,1,0,0,1,1,,0,35,0,0,0,0,0,4,2,15
,2018_55017,39.713103,-104.9129415,7/17/2018 15:40,15:40,3,0,0,MONACO STREET SOUTH & CEDAR AVENUE EAST,1,1,0,0,1,1,,0,30,0,0,0,0,0,4,2,3
,2018_55018,39.713103,-104.9129415,10/23/2018 8:55,8:55,1,0,0,MONACO STREET PARKWAY SOUTH & CEDAR AVENUE EAST,1,1,0,0,1,1,,0,30,0,0,0,0,0,4,2,3
,2018_55019,39.690378,-104.91291,2/2/2018 18:32,18:32,1,0,0,MONACO STREET SOUTH & CHERRY CREEK SOUTH DRIVE,1,3,0,0,1,1,,0,30,0,0,0,0,0,4,2,13
,2018_55020,39.690378,-104.91291,7/31/2018 17:13,17:13,1,0,1,MONACO STREET SOUTH & CHERRY CREEK SOUTH DRIVE EAST,1,1,0,0,1,1,,0,35,0,0,0,0,1,4,2,8
,2018_55021,39.691431,-104.912901,11/7/2018 17:47,17:47,1,0,0,MONACO STREET SOUTH & CHERRY CREEK NORTH DRIVE EAST,1,3,0,0,1,1,,0,35,0,0,0,0,0,4,3,13
,2018_55022,39.691431,-104.912901,12/23/2018 20:00,20:00,1,0,0,MONACO STREET SOUTH & CHERRY CREEK NORTH DRIVE EAST,1,3,0,0,1,1,,0,35,0,0,0,0,0,4,2,2
,2018_55023,39.66273,-104.912991,5/4/2018 17:40,17:40,3,0,0,MONACO STREET SOUTH & CORNELL AVENUE EAST,1,1,0,0,1,1,,0,30,0,0,0,0,0,4,2,13
,2018_55024,39.7089,-104.9129505,7/25/2018 17:00,17:00,12,0,0,MONACO STREET SOUTH & DAKOTA AVENUE EAST,1,1,0,0,1,1,,0,30,0,0,0,0,0,4,2,14
,2018_55025,39.7089,-104.9129505,12/14/2018 15:30,15:30,3,0,1,MONACO STREET SOUTH & DAKOTA AVENUE EAST,1,1,0,0,1,1,,0,35,0,0,0,0,1,4,2,2
,2018_55026,39.678435,-104.912892,6/19/2018 17:51,17:51,12,0,0,MONACO STREET SOUTH & EVANS AVENUE EAST,2,1,0,1,1,1,,0,35,0,0,0,0,0,4,2,13
,2018_55027,39.703887,-104.9129595,4/12/2018 6:56,6:56,3,0,1,MONACO STREET SOUTH & EXPOSITION AVENUE EAST,1,1,1,0,1,1,,0,25,0,0,0,0,1,4,2,7
,2018_55028,39.703887,-104.9129595,4/20/2018 18:04,18:04,12,0,0,MONACO STREET SOUTH & EXPOSITION AVENUE EAST,2,1,0,0,1,1,,0,30,0,0,0,0,0,4,2,3
,2018_55029,39.703887,-104.9129595,7/31/2018 17:05,17:05,15,0,0,MONACO STREET SOUTH & EXPOSTION AVENUE EAST,1,1,0,0,1,4,,0,35,0,0,0,0,0,4,2,13
,2018_55030,39.703887,-104.9129595,10/8/2018 12:18,12:18,15,0,0,MONACO STREET SOUTH & EXPOSITION AVENUE EAST,1,1,1,0,1,1,,0,25,0,0,0,0,0,4,2,13
,2018_55031,39.703887,-104.9129595,10/8/2018 15:59,15:59,15,0,0,MONACO PARKWAY SOUTH & EXPOSITION AVENUE,1,1,0,0,1,1,,0,45,0,0,0,0,0,4,2,3
,2018_55032,39.703887,-104.9129595,12/6/2018 9:08,9:08,3,0,0,MONACO PARKWAY SOUTH & EXPOSITION AVENUE EAST,1,1,0,0,1,1,,0,30,0,0,0,0,0,4,2,13
,2018_55034,39.703887,-104.9129595,12/19/2018 8:15,8:15,15,0,0,MONACO STREET SOUTH & EXPOSITION AVENUE EAST,1,1,1,0,1,1,,0,30,0,0,0,0,0,4,2,13
,2018_55035,39.689343,-104.912901,12/12/2018 17:15,17:15,6,0,0,MONACO STREET SOUTH & FLORIDA AVENUE EAST,1,1,0,0,1,3,,0,30,0,0,0,0,0,4,2,9
,2018_55036,39.689343,-104.912901,12/31/2018 9:55,9:55,3,0,0,MONACO STREET SOUTH & FLORIDA AVENUE EAST,4,1,0,4,1,1,,0,35,0,0,0,0,0,4,2,13
,2018_55037,39.654054,-104.91282,2/6/2018 10:49,10:49,1,0,1,MONACO STREET SOUTH & GIRARD AVENUE EAST,1,1,0,0,1,1,,0,35,0,0,0,0,2,4,2,13
,2018_55038,39.638052,-104.912379,8/16/2018 17:03,17:03,12,0,0,MONACO STREET SOUTH & HAPPY CANYON ROAD EAST,1,1,1,0,1,1,,0,40,0,0,0,0,0,4,2,13
,2018_55039,39.674844,-104.9129685,1/31/2018 23:09,23:09,12,0,0,MONACO STREET SOUTH & ILIFF AVENUE EAST,1,3,0,0,1,1,,0,35,0,0,0,0,0,4,2,1
,2018_55040,39.674844,-104.9129685,8/4/2018 14:41,14:41,15,0,0,MONACO STREET SOUTH & ILIFF AVENUE EAST,1,1,0,0,1,1,,0,25,0,0,0,0,0,4,2,3
,2018_55041,39.674844,-104.9129685,8/17/2018 13:11,13:11,3,0,0,MONACO STREET SOUTH & ILIFF AVENUE EAST,1,1,0,0,1,1,,0,30,0,0,0,0,0,4,2,1
,2018_55042,39.682062,-104.912982,6/28/2018 21:59,21:59,3,0,0,MONACO STREET SOUTH & JEWELL AVENUE EAST,1,3,0,0,1,1,,0,35,0,0,0,0,0,4,2,1
,2018_55043,39.685698,-104.912892,4/13/2018 16:00,16:00,15,0,0,MONACO STREET SOUTH & MEXICO AVENUE EAST,1,1,0,0,1,1,,0,35,0,0,0,0,0,4,2,16
,2018_55044,39.685698,-104.912892,10/31/2018 17:35,17:35,1,0,0,MONACO STREET SOUTH & MEXICO AVENUE EAST,1,3,0,0,1,3,,0,30,0,0,0,0,0,4,2,10
,2018_55045,39.696624,-104.9129685,6/15/2018 10:01,10:01,12,0,0,MONACO STREET SOUTH & MISSISSIPPI AVENUE EAST,1,1,0,0,1,3,,0,35,0,0,0,0,0,4,2,13
,2018_55046,39.696624,-104.9129685,7/17/2018 19:01,19:01,12,0,2,MONACO STREET SOUTH & MISSISSIPPI AVENUE EAST,1,1,0,0,1,2,,0,35,0,0,0,0,1,4,2,2
,2018_55047,39.696624,-104.9129685,8/1/2018 15:30,15:30,1,0,0,MONACO STREET SOUTH & MISSISSIPPI AVENUE EAST,1,1,0,0,1,1,,0,35,0,0,0,0,0,4,2,8
,2018_55048,39.696624,-104.9129685,9/1/2018 10:53,10:53,12,0,0,MONACO STREET SOUTH & MISSISSIPPI AVENUE EAST,1,1,0,0,1,1,,0,35,0,0,0,0,0,4,2,13
,2018_55049,39.761838,-104.9128605,10/25/2018 11:08,11:08,1,0,0,MONACO STREET NORTH & MLK BOULEVARD EAST,1,1,0,0,1,1,,0,30,0,0,0,0,0,4,2,13
,2018_55050,39.761838,-104.9128605,10/28/2018 17:29,17:29,3,0,0,MONACO STREET NORTH & MLK BOULEVARD EAST,1,3,0,0,1,1,,0,30,0,0,0,0,0,4,2,8
,2018_55051,39.650337,-104.912919,1/15/2018 11:40,11:40,3,0,0,MONACO STREET SOUTH & NEWPORT WAY SOUTH,5,1,1,4,1,1,,0,25,0,0,0,0,0,4,2,14
,2018_55052,39.650337,-104.912919,8/23/2018 9:18,9:18,5,0,0,MONACO STREET SOUTH & NEWPORT WAY SOUTH,1,1,0,0,3,1,,0,35,0,0,0,0,0,4,1,13
,2018_55053,39.774024,-104.912829,1/3/2018 19:30,19:30,12,0,0,MONACO STREET NORTH & SANDOWN ROAD EAST,1,3,0,0,1,1,,0,30,0,0,0,0,0,4,2,5
,2018_55054,39.774024,-104.912829,10/4/2018 11:51,11:51,3,0,0,MONACO STREET NORTH & SANDOWN ROAD EAST,1,1,0,0,1,1,,0,30,0,0,0,0,0,4,2,4
,2018_55055,39.773151,-104.9127615,7/17/2018 13:24,13:24,3,0,0,MONACO STREET NORTH & SMITH ROAD EAST,1,1,0,0,1,1,,0,30,0,0,0,0,0,4,2,14
,2018_55057,39.778002,-104.912901,8/24/2018 12:13,12:13,3,0,0,MONACO STREET NORTH & STAPLETON SOUTH DRIVE EAST,1,1,0,0,1,1,,0,35,0,0,0,0,0,4,2,13
,2018_55058,39.69846,-104.912919,1/28/2018 16:15,16:15,1,0,1,MONACO STREET SOUTH & TENNESSEE AVENUE EAST,1,1,0,0,1,1,,0,35,0,0,0,0,1,4,2,13
,2018_55059,39.69846,-104.912919,10/29/2018 2:30,2:30,5,0,0,MONACO STREET SOUTH & TENNESSEE AVENUE EAST,1,3,0,0,3,1,,0,30,0,0,0,0,0,4,1,3
,2018_55060,39.707487,-104.9129415,2/1/2018 20:49,20:49,12,0,1,MONACO STREET SOUTH & VIRGINIA AVENUE EAST,1,3,0,0,1,3,,0,35,0,0,0,0,1,4,2,14