id,drcog_id,latitude,longitude,crashtime,time,crashtype,numbkilled,numbinjurd,drcoglocat,rdconditin,lightngcon,roadcntgrd,weatherco,location,roaddescrp,schoolzone,constrzone,splimit,bikeinv,pedinv,sctrinv,motoinv,svrty,rdsystem,ttlvehcls,hcf
,2018_55061,39.667644,-104.9129595,1/12/2018 17:02,17:02,1,0,2,MONACO STREET SOUTH & YALE AVENUE EAST,1,2,0,0,1,1,,0,35,0,0,0,0,1,4,2,3
,2018_55062,39.667644,-104.9129595,2/1/2018 17:44,17:44,1,0,0,MONACO STREET SOUTH & YALE AVENUE EAST,1,3,0,0,1,1,,0,35,0,0,0,0,0,4,2,1
,2018_55063,39.667644,-104.9129595,6/14/2018 17:16,17:16,3,0,0,MONACO STREET SOUTH & YALE AVENUE EAST,1,1,0,0,1,1,,0,35,0,0,0,0,0,4,2,13
,2018_55064,39.667644,-104.9129595,7/12/2018 6:50,6:50,1,0,0,MONACO STREET SOUTH & YALE AVENUE EAST,1,1,0,0,1,1,,0,35,0,0,0,0,0,4,2,1
,2018_55065,39.667644,-104.9129595,9/1/2018 13:30,13:30,12,0,0,MONACO STREET SOUTH & YALE AVENUE EAST,1,1,0,0,1,1,,0,35,0,0,0,0,0,4,2,13
,2018_55066,39.667644,-104.9129595,10/18/2018 7:28,7:28,1,0,0,MONACO STREET SOUTH & YALE AVENUE EAST,1,1,0,0,1,1,,0,35,0,0,0,0,0,4,2,13
,2018_55067,39.667644,-104.9129595,11/24/2018 20:00,20:00,3,0,1,MONACO STREET SOUTH & YALE AVENUE EAST,1,3,0,6,1,1,,0,30,0,0,0,0,2,4,2,1
,2018_55068,39.651165,-104.91309,6/15/2018 21:50,21:50,1,0,0,MONACO STREET SOUTH & NARCISSUS WAY SOUTH,1,3,0,0,1,1,,0,35,0,0,0,0,0,4,2,5
,2018_55069,39.79291044,-104.9451601,8/15/2018 0:00,0:00,6,0,0,MONROE STREET & 1465 NORTH,1,1,0,0,1,4,,0,25,0,0,0,0,0,4,2,13
,2018_55070,39.747429,-104.912442,2/28/2018 18:00,18:00,1,0,0,MONTEVIEW BOULEVARD & MONACO STREET NORTH,1,2,0,0,1,1,,0,30,0,0,0,0,0,4,2,1
,2018_55071,39.747447,-104.89167,6/17/2018 14:40,14:40,5,0,0,MONTEVIEW BOULEVARD EAST & VALENTIA STREET NORTH,2,1,0,1,3,4,,0,30,0,0,0,0,0,4,1,5
,2018_55072,39.747456,-104.8846905,8/31/2018 17:30,17:30,3,0,0,MONTEVIEW BOULEVARD EAST & YOSEMITE STREET NORTH,1,1,1,0,1,1,,0,30,0,0,0,0,0,4,2,13
,2018_55073,39.747456,-104.8882095,7/17/2018 17:48,17:48,12,0,0,MONTIVIEW BOULEVARD & WILLOW STREET NORTH,1,1,0,1,1,1,,0,35,0,0,0,0,0,4,3,14
,2018_55074,39.7474418,-104.8958058,9/3/2018 7:50,7:50,5,0,0,MONTVIEW BOULEVARD & 6923 EAST,1,1,0,0,3,4,,0,,0,0,0,0,0,4,1,13
,2018_55075,39.7474418,-104.8958058,7/13/2018 17:56,17:56,12,0,0,MONTVIEW BOULEVARD & 7400 BLOCK EAST,1,1,0,0,1,4,,0,30,0,0,0,0,0,4,3,7
,2018_55076,39.7474418,-104.8958058,8/3/2018 15:25,15:25,12,0,0,MONTVIEW BOULEVARD & 8500 BLOCK EAST,1,1,0,0,1,4,,0,30,0,0,0,0,0,4,2,1
,2018_55077,39.7474418,-104.8958058,6/23/2018 18:18,18:18,8,0,0,MONTVIEW BOULEVARD & 8800 BLOCK EAST,1,1,0,0,1,4,,0,30,0,0,0,0,0,4,2,9
,2018_55078,39.747456,-104.8846905,1/15/2018 9:58,9:58,3,0,0,MONTVIEW BOULEVARD EAST & CENTRAL PARK BOULEVARD NORTH,5,1,0,2,1,1,,0,30,0,0,0,0,0,4,2,13
,2018_55079,39.747456,-104.8846905,7/21/2018 22:30,22:30,15,0,0,MONTVIEW BOULEVARD EAST & CENTRAL PARK BOULEVARD NORTH,1,3,0,0,1,1,,0,30,0,0,0,0,0,4,2,13
,2018_55080,39.747402,-104.9211315,2/20/2018 11:36,11:36,3,0,0,MONTVIEW BOULEVARD & IVANHOE STREET NORTH,5,1,0,0,1,1,,0,25,0,0,0,0,0,4,2,7
,2018_55081,39.74742,-104.9175,6/27/2018 16:17,16:17,3,0,0,MONTVIEW BOULEVARD & KEARNEY STREET NORTH,1,1,0,0,1,1,,0,20,0,0,0,0,0,4,2,13
,2018_55082,39.74742,-104.916321,2/2/2018 16:10,16:10,15,0,0,MONTVIEW BOULEVARD & KRAMERIA STREET NORTH,1,1,0,0,1,1,,0,30,0,0,0,0,0,4,2,14
,2018_55083,39.747429,-104.913972,5/8/2018 15:15,15:15,3,0,0,MONTVIEW BOULEVARD EAST & LOCUST STREET NORTH,1,1,0,0,1,1,,0,30,0,0,0,0,0,4,2,13
,2018_55084,39.747429,-104.912442,5/8/2018 6:55,6:55,3,0,0,MONTVIEW BOULEVARD & MONACO PARKWAY NORTH,1,1,0,0,1,1,,0,30,0,0,0,0,0,4,2,3
,2018_55085,39.747429,-104.912442,7/16/2018 8:24,8:24,3,0,0,MONTVIEW BOULEVARD EAST & MONACO STREET NORTH,1,1,0,0,1,1,,0,30,0,0,0,0,0,4,2,13
,2018_55086,39.747429,-104.912442,10/27/2018 22:34,22:34,3,0,0,MONTVIEW BOULEVARD EAST & MONACO PARKWAY NORTH,1,3,0,0,1,1,,0,30,0,0,0,0,0,4,2,7
,2018_55087,39.747429,-104.912442,12/29/2018 13:30,13:30,1,0,0,MONTVIEW BOULEVARD & MONACO STREET NORTH,1,1,0,0,1,1,,0,30,0,0,0,0,0,4,2,7
,2018_55088,39.747429,-104.9022585,7/13/2018 18:09,18:09,12,0,0,MONTVIEW BOULEVARD EAST & QUINCE STREET NORTH,1,1,0,0,1,1,,0,30,0,0,0,0,0,4,2,1
,2018_55089,39.747429,-104.9022585,11/9/2018 17:50,17:50,12,0,0,MONTVIEW BOULEVARD & QUINCE STREET NORTH,1,3,0,0,1,1,,0,30,0,0,0,0,0,4,2,16
,2018_55090,39.74742,-104.9010795,4/17/2018 18:35,18:35,12,0,0,MONTVIEW BOULEVARD & ROSLYN STREET NORTH,1,1,0,0,1,4,,0,25,0,0,0,0,0,4,2,13
,2018_55091,39.747429,-104.898771,8/17/2018 15:44,15:44,3,0,0,MONTVIEW BOULEVARD & SYRACUSE STREET,1,1,0,0,1,1,,0,30,0,0,0,0,0,4,2,16
,2018_55092,39.747456,-104.8882095,11/25/2018 16:14,16:14,3,0,0,MONTVIEW BOULEVARD & WILLOW STREET NORTH,1,2,0,0,1,1,,0,25,0,0,0,0,0,4,3,1
,2018_55093,39.747456,-104.885802,2/7/2018 8:53,8:53,3,0,0,MONTVIEW BOULEVARD & XENIA STREET,1,1,0,0,1,1,,0,30,0,0,0,0,0,4,2,13
,2018_55094,39.747456,-104.885802,2/16/2018 8:15,8:15,3,0,0,MONTVIEW BOULEVARD EAST & XENIA STREET NORTH,5,1,0,2,1,1,,0,25,0,0,0,0,0,4,2,13
,2018_55095,39.747456,-104.885802,8/17/2018 15:52,15:52,3,0,2,MONTVIEW BOULEVARD EAST & XENIA STREET NORTH,1,1,0,0,1,1,,0,35,0,0,0,0,2,4,2,1
,2018_55096,39.747456,-104.885802,9/13/2018 8:02,8:02,3,0,0,MONTVIEW BOULEVARD & XENIA STREET NORTH,1,1,0,0,1,1,,0,30,0,0,0,0,0,4,2,13
,2018_55097,39.747456,-104.8846905,3/23/2018 14:44,14:44,12,0,0,MONTVIEW BOULEVARD & YOSEMITE STREET NORTH,1,1,0,0,1,3,,0,30,0,0,0,0,0,4,2,13
,2018_55098,39.747456,-104.8846905,8/17/2018 17:00,17:00,12,0,0,MONTVIEW BOULEVARD 7400 BLOCK EAST & YOSEMITE STREET NORTH,1,1,1,0,1,1,,0,30,0,0,0,0,0,4,2,13
,2018_55099,39.73925374,-105.0213057,11/8/2018 19:02,19:02,12,0,0,MORRISON ROAD & 3738 BLOCK,1,3,0,0,1,2,,0,30,0,0,0,0,0,4,2,13
,2018_55100,39.73925374,-105.0213057,2/16/2018 8:30,8:30,6,0,0,MORRISON ROAD & 4400 BLOCK,5,1,0,0,1,4,,0,35,0,0,0,0,0,4,2,13
,2018_55101,39.73925374,-105.0213057,8/21/2018 23:05,23:05,6,0,1,MORRISON ROAD & 4847 BLOCK,1,3,1,0,3,4,,0,25,0,0,0,0,2,4,4,5
,2018_55102,39.73925374,-105.0213057,2/7/2018 11:45,11:45,12,0,0,MORRISON ROAD & 5100 BLOCK WEST,1,1,0,0,1,4,,0,30,0,0,0,0,0,4,2,7
,2018_55103,39.70133576,-105.0471153,3/21/2018 20:20,20:20,12,0,0,MORRISON ROAD & ADA PLACE WEST,1,3,0,0,1,4,,0,30,0,0,0,0,0,4,2,13
,2018_55104,39.711213,-105.0327405,9/29/2018 20:00,20:00,12,0,0,MORRISON ROAD & ALAMEDA AVENUE WEST,1,3,0,0,1,1,,0,35,0,0,0,0,0,4,3,13
,2018_55105,39.700413,-105.0481305,6/27/2018 12:32,12:32,3,0,0,MORRISON ROAD & KENTUCKY AVENUE WEST,1,1,1,0,1,1,,0,35,0,0,0,0,0,4,2,13
,2018_55106,39.709629,-105.035031,8/30/2018 6:20,6:20,1,0,0,MORRISON ROAD & LOWELL BOULEVARD SOUTH,1,1,0,0,1,1,,0,35,0,0,0,0,0,4,2,13
,2018_55107,39.710313,-105.034059,10/8/2018 16:03,16:03,12,0,0,MORRISON ROAD & NEVADA PLACE WEST,2,1,0,0,1,3,,0,30,0,0,0,0,0,4,3,3
,2018_55108,39.710313,-105.034059,12/6/2018 13:18,13:18,9,0,0,MORRISON ROAD & NEVADA PLACE WEST,1,1,0,0,1,1,,0,30,0,0,0,0,0,4,2,13
,2018_55109,39.708,-105.037371,8/8/2018 20:15,20:15,15,0,0,MORRISON ROAD & NEWTON STREET SOUTH,1,3,0,0,1,4,,0,,0,0,0,0,0,4,2,14
,2018_55110,39.70746,-105.038118,2/19/2018 6:02,6:02,3,0,0,MORRISON ROAD & OSCEOLA STREET SOUTH,5,3,0,2,1,1,,0,25,0,0,0,0,0,4,3,13
,2018_55112,39.755088,-104.9881095,7/14/2018 10:15,10:15,12,0,0,PARK AVENUE WEST & LAWRENCE STREET,1,1,0,0,1,1,,0,30,0,0,0,0,0,4,2,13
,2018_55113,39.706362,-105.0396885,11/25/2018 15:26,15:26,1,0,1,MORRISON ROAD & PERRY STREET SOUTH,1,1,0,0,1,1,,0,35,0,0,0,0,1,4,2,16
,2018_55114,39.705525,-105.040863,10/20/2018 23:20,23:20,3,0,0,MORRISON ROAD & QUITMAN STREET SOUTH,1,4,0,0,1,1,,0,35,0,0,0,0,0,4,2,14
,2018_55115,39.703968,-105.0430905,8/25/2018 22:39,22:39,3,0,1,MORRISON ROAD & WALSH PLACE WEST,1,3,0,0,1,1,,0,30,0,0,0,0,2,4,2,7
,2018_55116,39.78563386,-104.899662,1/21/2018 16:40,16:40,5,0,0,NORTHFIELD QUEBEC STREET NORTH & NORTHFIELD BOULEVARD EAST,5,2,0,2,3,3,,0,40,0,0,0,0,0,4,1,7
,2018_55118,39.767391,-104.90346,6/7/2018 3:18,3:18,10,0,1,QUEBEC STREET NORTH & 36TH AVENUE EAST,1,3,0,0,1,1,,0,,0,0,0,1,1,4,2,13
,2018_55119,39.717054,-104.9037885,6/7/2018 6:07,6:07,3,0,1,QUEBEC STREET NORTH & LOWRY BOULEVARD EAST,1,1,0,0,1,1,,0,,0,0,0,0,2,4,2,13
,2018_55120,39.761973,-104.903451,5/25/2018 13:30,13:30,12,0,0,QUEBEC STREET NORTH & MLK BOULEVARD EAST,1,1,0,0,1,1,,0,,0,0,0,0,0,4,2,13
,2018_55121,39.738465,-104.999382,5/22/2018 15:30,15:30,12,0,0,SANTA FE DRIVE NORTH & 14TH AVENUE WEST,1,1,0,0,1,3,,0,,0,0,0,0,0,4,2,13
,2018_55122,39.733704,-105.004089,7/12/2018 19:20,19:20,12,0,0,NAVAJO STREET NORTH & 11TH AVENUE WEST,1,1,0,0,1,1,,0,25,0,0,0,0,0,4,2,13
,2018_55123,39.764421,-105.0041295,2/22/2018 14:02,14:02,12,0,0,NAVAJO STREET NORTH & 34TH AVENUE WEST,1,1,1,0,1,1,,0,25,0,0,0,0,0,4,2,13
,2018_55124,39.70998118,-105.0038177,2/10/2018 16:35,16:35,5,0,0,NAVAJO STREET SOUTH & 362 SOUTH,4,1,0,2,4,1,,0,,0,0,0,0,0,4,1,13
,2018_55125,39.770532,-105.0041925,10/18/2018 12:24,12:24,3,0,0,NAVAJO STREET NORTH & 39TH AVENUE WEST,1,1,1,0,1,1,,0,25,0,0,0,0,0,4,2,13
,2018_55126,39.694212,-104.9222925,7/26/2018 12:44,12:44,3,0,0,NEBRASKA WAY NORTH & HOLLY STREET SOUTH,1,1,0,0,1,1,,0,30,0,0,0,0,0,4,2,13
,2018_55127,39.710313,-105.029811,5/26/2018 15:20,15:20,3,0,0,NEVADA PLACE WEST & IRVING STREET SOUTH,1,1,0,0,1,1,,0,,0,0,0,0,0,4,2,13
,2018_55128,39.710241,-105.006258,2/15/2018 6:39,6:39,3,0,0,NEVADA PLACE WEST & PECOS STREET NORTH,1,1,0,0,1,1,,0,25,0,0,0,0,0,4,2,13
,2018_55129,39.710502,-105.03972,8/29/2018 17:48,17:48,3,0,0,NEVADA PLACE WEST & PERRY STREET SOUTH,1,1,0,0,1,1,,0,25,0,0,0,0,0,4,2,4
,2018_55130,39.710502,-105.03972,12/23/2018 9:45,9:45,3,0,0,NEVADA PLACE WEST & PERRY STREET SOUTH,1,1,0,0,1,1,,0,25,0,0,0,0,0,4,2,13
,2018_55131,39.76015231,-104.9105382,4/20/2018 18:40,18:40,14,0,0,NIAGARA STREET & 1100 BLOCK NORTH,1,2,0,0,1,4,,0,,0,0,0,0,0,4,2,13
,2018_55132,39.741453,-104.910498,8/9/2018 16:04,16:04,3,0,3,NIAGARA STREET NORTH & 16TH AVENUE EAST,1,1,0,0,1,1,,0,25,0,0,0,0,2,4,2,1
,2018_55133,39.76015231,-104.9105382,4/29/2018 0:01,0:01,6,0,0,NIAGARA STREET & 1735,1,4,0,0,1,4,,0,,0,0,0,0,0,4,2,13
,2018_55134,39.76015231,-104.9105382,10/22/2018 21:20,21:20,5,0,0,NIAGARA STREET & 2690 NORTH,1,3,0,0,2,1,,0,30,0,0,0,0,0,4,1,5
,2018_55135,39.726891,-104.9105025,4/27/2018 8:45,8:45,3,0,1,NIAGARA STREET NORTH & SEVENTH AVENUE EAST,1,1,0,0,1,1,,0,25,0,0,0,0,1,4,2,13
,2018_55136,39.785553,-104.881311,8/20/2018 15:29,15:29,8,0,1,NORTHFIELD BOULEVARD NORTH & BEELER STREET NORTH,1,1,0,0,1,1,,0,35,0,0,0,0,2,4,2,8
,2018_55137,39.785553,-104.881311,10/3/2018 16:32,16:32,3,0,1,NORTHFIELD BOULEVARD EAST & BEELER STREET NORTH,1,1,0,0,1,1,,0,35,0,0,0,1,2,4,2,14
,2018_55138,39.785733,-104.8830885,1/8/2018 9:42,9:42,15,0,0,NORTHFIELD BOULEVARD EAST & CENTRAL PARK BOULEVARD NORTH SOUTHBOUND,1,1,0,0,1,1,,0,30,0,0,0,0,0,4,2,13
,2018_55139,39.785733,-104.8830885,2/19/2018 17:30,17:30,15,0,0,NORTHFIELD BOULEVARD & CENTRAL PARK BOULEVARD,4,2,1,2,1,1,,0,35,0,0,0,0,0,4,2,13
,2018_55140,39.785733,-104.8830885,5/17/2018 13:45,13:45,15,0,0,NORTHFIELD BOULEVARD NORTH & CENTRAL PARK BOULEVARD NORTH,1,1,0,0,1,1,,0,35,0,0,0,0,0,4,2,13
,2018_55141,39.785733,-104.8830885,5/24/2018 17:54,17:54,15,0,0,NORTHFIELD BOULEVARD EAST & CENTRAL PARK BOULEVARD,1,1,0,0,1,1,,0,,0,0,0,0,0,4,2,13
,2018_55142,39.785733,-104.8830885,9/17/2018 15:27,15:27,5,0,0,NORTHFIELD BOULEVARD EAST & CENTRAL PARK BOULEVARD NORTH,1,1,0,0,3,1,,0,35,0,0,0,0,0,4,1,1
,2018_55143,39.785733,-104.8830885,11/28/2018 7:08,7:08,10,0,0,NORTHFIELD BOULEVARD EAST  & CENTRAL PARK BOULEVARD,1,1,0,0,1,1,,0,35,0,0,0,0,0,4,2,13
,2018_55144,39.782511,-104.876289,9/12/2018 12:02,12:02,1,0,0,NORTHFIELD BOULEVARD EAST & DALLAS STREET NORTH,1,1,0,0,1,1,,0,35,0,0,0,0,0,4,2,1
,2018_55145,39.785634,-104.89626,5/22/2018 18:15,18:15,15,0,0,NORTHFIELD BOULEVARD EAST & TRENTON STREET NORTH,1,1,0,0,1,1,,0,35,0,0,0,0,0,4,2,13
,2018_55146,39.785661,-104.8932495,7/6/2018 16:00,16:00,1,0,0,NORTHFIELD BOULEVARD EAST & UINTA STREET NORTH,1,1,0,0,1,1,,0,35,0,0,0,0,0,4,2,7
,2018_55147,39.785733,-104.8830885,6/14/2018 10:22,10:22,3,0,3,NORTHFIELD BOULEVARD EAST & CENTRAL PARK BOULEVARD NORTH,1,1,0,0,1,1,,0,65,0,0,0,0,3,4,2,7
,2018_55148,39.786228,-104.8506795,2/2/2018 11:24,11:24,3,0,1,OAKLAND STREET NORTH & 49TH AVENUE EAST,1,1,1,0,1,1,,0,25,0,0,0,0,2,4,2,13
,2018_55149,39.786228,-104.8506795,4/25/2018 12:50,12:50,3,0,0,OAKLAND STREET NORTH & 49TH AVENUE EAST,1,1,0,0,1,1,,0,25,0,0,0,0,0,4,2,7
,2018_55150,39.735153,-104.975271,8/31/2018 10:11,10:11,3,0,0,OGDEN STREET NORTH & 12TH AVENUE EAST,1,1,0,0,1,1,,0,25,0,0,0,0,0,4,2,4
,2018_55151,39.743244,-104.974821,3/6/2018 8:40,8:40,3,0,0,OGDEN STREET NORTH & 17TH AVENUE EAST,1,1,1,0,1,1,,0,25,0,0,0,0,0,4,2,8
,2018_55152,39.754629,-104.974533,9/12/2018 10:20,10:20,6,0,0,OGDEN STREET NORTH & 26TH AVENUE EAST,1,1,0,0,1,3,,0,25,0,0,0,0,0,4,2,13
,2018_55153,39.729078,-104.9752395,6/6/2018 17:22,17:22,3,0,1,OGDEN STREET NORTH & EIGHTH AVENUE EAST,1,1,0,0,1,1,,0,30,0,0,0,0,1,4,2,8
,2018_55154,39.716532,-104.975748,2/16/2018 19:43,19:43,3,0,0,OGDEN STREET NORTH & ELLSWORTH AVENUE EAST,1,3,0,0,1,1,,0,25,0,0,0,0,0,4,2,3
,2018_55155,39.716523,-104.975748,5/19/2018 13:01,13:01,3,0,0,OGDEN STREET 45 NORTH & OGDEN STREET 45 NORTH,2,1,0,1,1,2,,0,25,0,0,0,0,0,4,2,3
,2018_55156,39.702042,-104.9769315,4/29/2018 17:25,17:25,3,0,0,OHIO AVENUE & EMERSON STREET SOUTH,1,1,0,0,1,1,,0,25,0,0,0,0,0,4,2,8
,2018_55157,39.702213,-105.0275295,10/11/2018 16:42,16:42,3,0,0,OHIO AVENUE WEST & HAZEL COURT SOUTH,1,1,0,0,1,1,,0,25,0,0,0,0,0,4,2,7
,2018_55158,39.702177,-105.040872,7/11/2018 16:58,16:58,3,0,0,OHIO AVENUE WEST & QUITMAN STREET SOUTH,1,1,0,0,1,1,,0,25,0,0,0,0,0,4,2,13
,2018_55159,39.702195,-105.0423615,1/25/2018 8:15,8:15,3,0,0,OHIO AVENUE WEST & RALEIGH STREET SOUTH,1,1,0,0,1,1,,0,20,0,0,0,0,0,4,2,3
,2018_55160,39.763827,-104.906952,6/9/2018 14:40,14:40,3,0,0,OLIVE STREET NORTH & 33RD AVENUE EAST,1,1,0,0,1,1,,0,25,0,0,0,0,0,4,2,13
,2018_55161,39.711195,-104.9064885,2/5/2018 10:15,10:15,1,0,0,OLIVE WAY SOUTH & ALAMEDA AVENUE EAST,1,1,0,0,1,1,,0,35,0,0,0,0,0,4,2,16
,2018_55162,39.732867,-104.9072715,12/14/2018 18:00,18:00,3,0,0,ONEIDA PLACE NORTH & 11TH AVENUE EAST,1,3,0,0,1,1,,0,25,0,0,0,0,0,4,2,3
,2018_55163,39.7717605,-104.9076855,9/23/2018 5:00,5:00,6,0,1,ONEIDA & 1200 BLOCK OF SOUTH,1,4,0,0,1,4,,0,25,0,0,0,0,1,4,4,2
,2018_55164,39.735612,-104.90814,12/17/2018 16:38,16:38,5,0,0,ONEIDA STREET NORTH & 12TH AVENUE EAST,1,2,0,0,3,1,,0,25,0,0,0,0,0,4,1,5
,2018_55165,39.743757,-104.90814,8/14/2018 11:08,11:08,5,0,0,ONEIDA STREET NORTH & 17TH AVENUE EAST,1,1,0,0,3,1,,0,25,0,0,0,0,0,4,1,9
,2018_55166,39.743757,-104.90814,10/20/2018 9:11,9:11,3,0,0,ONEIDA STREET NORTH & 17TH AVENUE EAST,1,1,0,0,1,1,,0,25,0,0,0,0,0,4,2,13
,2018_55167,39.7717605,-104.9076855,3/17/2018 13:36,13:36,6,0,0,ONEIDA STREET & 1935 NORTH,1,1,0,0,1,4,,0,25,0,0,0,0,0,4,2,14
,2018_55168,39.7717605,-104.9076855,2/6/2018 0:01,0:01,5,0,0,ONEIDA STREET & 2290 SOUTH,1,3,3,0,2,4,,0,,0,0,0,0,0,4,1,13
,2018_55169,39.7584,-104.90814,12/29/2018 15:54,15:54,3,0,0,ONEIDA NORTH & 29TH AVENUE EAST,1,1,0,0,1,1,,0,25,0,0,0,0,0,4,2,13
,2018_55170,39.7717605,-104.9076855,8/3/2018 16:20,16:20,12,0,0,ONEIDA STREET & 4300 BLOCK NORTH,1,1,0,0,1,4,,0,25,0,0,0,0,0,4,2,13
,2018_55171,39.742578,-104.90814,6/23/2018 17:50,17:50,12,0,0,ONEIDA STREET & BATAVIA PLACE EAST,1,1,0,0,1,1,,0,25,0,0,0,0,0,4,2,1
,2018_55172,39.747447,-104.908131,12/13/2018 9:00,9:00,3,0,0,ONEIDA STREET NORTH & MONTVIEW BOULEVARD,1,1,0,0,1,1,,0,25,0,0,0,0,0,4,2,3
,2018_55173,39.734163,-104.908131,7/24/2018 11:53,11:53,3,0,0,ONEIDA STREET NORTH & RICHTHOFEN PLACE EAST,1,1,0,0,1,1,,0,25,0,0,0,0,0,4,2,13
,2018_55174,39.698433,-104.908212,5/14/2018 23:43,23:43,14,0,0,ONEIDA STREET SOUTH & TENNESSEE AVENUE EAST,2,3,0,1,1,1,,0,,0,0,0,0,0,4,2,13
,2018_55175,39.787938,-104.73786,4/6/2018 8:25,8:25,3,0,0,ORLEANS STREET NORTH & 51ST AVENUE EAST,1,1,0,0,1,1,,0,30,0,0,0,0,0,4,2,13
,2018_55176,39.78742066,-105.0051105,9/21/2018 22:45,22:45,5,0,0,OSAGE STREET & 1099 NORTH,1,3,0,0,4,4,,0,25,0,0,0,0,0,4,1,13
,2018_55177,39.78742066,-105.0051105,10/4/2018 10:22,10:22,15,0,0,OSAGE STREET & 1100 BLOCK NORTH,1,1,0,0,1,4,,0,30,0,0,0,0,0,4,2,1
,2018_55178,39.736872,-105.005322,5/30/2018 16:47,16:47,3,0,0,OSAGE STREET NORTH & 13TH AVENUE WEST,1,1,1,0,1,1,,0,30,0,0,0,0,0,4,2,13
,2018_55179,39.689469,-105.0051195,10/8/2018 11:37,11:37,6,0,0,OSAGE STREET SOUTH & FLORIDA AVENUE WEST,2,1,1,1,1,3,,0,25,0,0,0,0,0,4,2,13
,2018_55180,39.73692735,-105.0052626,8/31/2018 10:00,10:00,10,0,0,OSAGE STREET 1300 BLOCK NORTH & 14TH AVENUE,1,1,0,0,6,4,,0,30,0,0,0,0,0,4,2,7
,2018_55181,39.765636,-105.005268,6/14/2018 10:14,10:14,3,0,0,OSAGE STREET NORTH & 35TH AVENUE WEST,1,1,0,0,1,1,,0,25,0,0,0,0,0,4,2,16
,2018_55182,39.769281,-105.005412,6/15/2018 8:23,8:23,3,0,0,OSAGE STREET NORTH & 38TH AVENUE WEST,1,1,0,0,1,1,,0,25,0,0,0,0,0,4,2,13
,2018_55183,39.754872,-105.038163,7/16/2018 16:35,16:35,3,0,0,OSECEOLA STREET NORTH & 26TH AVENUE WEST,1,1,0,0,1,1,,0,25,0,0,0,0,0,4,3,13
,2018_55184,39.780063,-104.975748,5/11/2018 18:02,18:02,12,0,0,PACKING HOUSE ROAD & 46TH AVENUE EAST,1,1,0,0,1,1,,0,30,0,0,0,0,0,4,2,3
,2018_55185,39.78382713,-104.8489046,8/9/2018 15:38,15:38,6,0,0,PARIS STREET & 3740 NORTH,1,1,0,0,1,4,,0,35,0,0,0,0,0,4,2,7
,2018_55186,39.76965,-104.8486095,3/13/2018 7:10,7:10,5,0,1,PARIS STREET NORTH & 38TH AVENUE EAST,1,2,0,0,1,1,,0,25,0,0,0,0,2,4,1,1
,2018_55188,39.782403,-104.8489515,1/22/2018 9:24,9:24,1,0,1,PARIS STREET NORTH & 47TH AVENUE EAST,5,1,0,0,1,1,,0,25,0,0,0,0,1,4,2,13
,2018_55189,39.782403,-104.8489515,4/2/2018 17:48,17:48,5,0,0,PARIS STREET NORTH & 47TH AVENUE EAST,1,1,0,0,3,3,,0,35,0,0,0,0,0,4,1,7
,2018_55190,39.78433612,-104.8488448,1/22/2018 16:35,16:35,12,0,0,PARIS STREET 4800 BLOCK EAST & 49TH AVENUE EAST,1,1,0,0,1,4,,0,25,0,0,0,0,0,4,2,3
,2018_55191,39.786228,-104.848893,7/9/2018 13:09,13:09,3,0,0,PARIS STREET NORTH & 49TH AVENUE EAST,1,1,0,0,1,1,,0,35,0,0,0,0,0,4,2,7
,2018_55192,39.74166,-104.970591,5/9/2018 8:30,8:30,7,0,0,PARK AVENUE & 16TH AVENUE EAST,1,1,0,0,1,1,,0,35,0,0,0,0,0,4,2,7
,2018_55193,39.74166,-104.970591,6/4/2018 12:39,12:39,15,0,0,PARK AVENUE & 16TH AVENUE NORTH,1,1,0,0,1,1,,0,30,0,0,0,0,0,4,2,8
,2018_55194,39.74166,-104.970591,10/3/2018 13:40,13:40,3,0,0,PARK AVENUE WEST & 16TH AVENUE EAST,1,1,0,0,1,1,,0,35,0,0,0,0,0,4,2,13
,2018_55195,39.743235,-104.9726475,4/17/2018 10:00,10:00,3,0,0,PARK AVENUE & 17TH AVENUE EAST,1,1,0,0,1,1,,0,30,0,0,0,0,0,4,2,7
,2018_55196,39.743235,-104.9726475,8/24/2018 16:05,16:05,1,0,0,PARK AVENUE & 17TH AVENUE EAST,1,1,0,0,1,1,,0,30,0,0,0,0,0,4,2,1
,2018_55197,39.744846,-104.974803,1/22/2018 14:07,14:07,10,0,0,PARK AVENUE WEST & 18TH AVENUE EAST,1,1,0,0,1,1,,0,35,0,0,0,0,0,4,2,13
,2018_55198,39.744846,-104.974803,9/13/2018 18:34,18:34,15,0,0,PARK AVENUE WEST & 18TH AVENUE EAST,1,1,1,0,1,1,,0,25,0,0,0,0,0,4,2,13
,2018_55199,39.746178,-104.9765715,9/11/2018 11:35,11:35,12,0,0,PARK AVENUE & 19TH AVENUE EAST,1,1,0,0,1,1,,0,30,0,0,0,0,0,4,2,5
,2018_55200,39.747528,-104.9782995,5/13/2018 12:25,12:25,3,0,1,PARK AVENUE WEST & 20TH AVENUE EAST,1,1,0,0,1,1,,0,35,0,0,0,0,1,4,2,8
,2018_55201,39.76794709,-104.99481,4/10/2018 16:48,16:48,12,0,0,PARK AVENUE WEST & 3300 BLOCK,1,1,1,0,1,4,,0,35,0,0,0,0,0,4,2,7