id,drcog_id,latitude,longitude,crashtime,time,crashtype,numbkilled,numbinjurd,drcoglocat,rdconditin,lightngcon,roadcntgrd,weatherco,location,roaddescrp,schoolzone,constrzone,splimit,bikeinv,pedinv,sctrinv,motoinv,svrty,rdsystem,ttlvehcls,hcf
,2018_55202,39.754395,-104.987241,10/8/2018 9:15,9:15,12,0,0,PARK AVENUE WEST & ARAPAHOE STREET,2,1,0,1,1,1,,0,30,0,0,0,0,0,4,2,3
,2018_55203,39.757086,-104.9907105,2/7/2018 10:28,10:28,10,0,0,PARK AVENUE WEST & BLAKE STREET,1,1,0,0,1,1,,0,25,0,0,0,0,0,4,2,14
,2018_55204,39.757086,-104.9907105,2/10/2018 16:10,16:10,10,0,0,PARK AVENUE WEST & BLAKE STREET,4,1,0,2,1,1,,0,30,0,0,0,0,0,4,2,8
,2018_55205,39.768489,-104.86575,1/15/2018 7:16,7:16,5,0,0,SMITH ROAD & HAVANA STREET NORTH,5,1,0,2,2,1,,0,35,0,0,0,0,0,4,1,13
,2018_55206,39.757086,-104.9907105,6/13/2018 17:59,17:59,12,0,0,PARK AVENUE WEST & BLAKE STREET,1,1,0,0,1,3,,0,30,0,0,0,0,0,4,3,8
,2018_55207,39.757086,-104.9907105,10/6/2018 3:30,3:30,10,0,0,PARK AVENUE WEST & BLAKE STREET,1,3,0,0,1,1,,0,35,0,0,0,0,0,4,2,1
,2018_55208,39.754539,-104.987421,2/11/2018 22:44,22:44,1,0,0,PARK AVENUE WEST & BROADWAY NORTH,9,3,0,0,1,1,,0,35,0,0,0,0,0,4,2,4
,2018_55209,39.754539,-104.987421,3/9/2018 16:23,16:23,15,0,0,PARK AVENUE WEST & BROADWAY NORTH,1,1,0,0,1,1,,0,30,0,0,0,0,0,4,2,15
,2018_55210,39.751713,-104.98374,2/2/2018 23:32,23:32,1,0,0,PARK AVENUE WEST & CALIFORNIA STREET,1,3,0,0,1,1,,0,30,0,0,0,0,0,4,2,5
,2018_55211,39.751713,-104.98374,3/29/2018 5:49,5:49,15,0,0,PARK AVENUE WEST & CALIFORNIA STREET,1,1,0,0,1,4,,0,25,0,0,0,0,0,4,2,14
,2018_55212,39.751713,-104.98374,9/7/2018 21:51,21:51,12,0,0,PARK AVENUE WEST & CALIFORNIA STREET,1,3,0,0,1,1,,0,,0,0,0,0,0,4,2,13
,2018_55213,39.751713,-104.98374,9/14/2018 22:13,22:13,8,0,0,PARK AVENUE WEST & CALIFORNIA STREET,1,3,0,0,1,1,,0,30,0,0,0,0,0,4,2,5
,2018_55214,39.751713,-104.98374,9/17/2018 10:24,10:24,12,0,0,PARK AVENUE WEST & CALIFORNIA STREET,1,1,0,0,1,1,,0,30,0,0,0,0,0,4,2,16
,2018_55215,39.753063,-104.9854905,4/8/2018 22:53,22:53,1,0,5,PARK AVENUE WEST & CHAMPA STREET,1,3,0,0,1,1,,0,30,0,0,0,0,2,4,2,1
,2018_55216,39.753063,-104.9854905,6/13/2018 6:06,6:06,1,0,2,PARK AVENUE WEST & CHAMPA STREET,1,1,0,0,1,1,,0,30,0,0,0,0,1,4,2,16
,2018_55217,39.753063,-104.9854905,7/15/2018 13:50,13:50,1,0,0,PARK AVENUE WEST & CHAMPA STREET,2,1,0,1,1,1,,0,30,0,0,0,0,0,4,2,13
,2018_55218,39.748554,-104.9796,2/10/2018 22:34,22:34,12,0,0,PARK AVENUE WEST & CLEVELAND PLACE,4,3,0,0,1,1,,0,35,0,0,0,0,0,4,2,13
,2018_55219,39.749031,-104.98023,7/31/2018 17:42,17:42,12,0,0,PARK AVENUE WEST & COURT PLACE,1,1,0,0,1,4,,0,30,0,0,0,0,0,4,2,16
,2018_55220,39.759426,-104.993739,3/15/2018 20:47,20:47,1,0,0,PARK AVENUE WEST & DELGANY STREET,2,3,0,1,1,1,,0,30,0,0,0,0,0,4,2,8
,2018_55221,39.759426,-104.993739,10/26/2018 7:44,7:44,3,0,0,PARK AVENUE WEST & DELGANY STREET,1,1,0,0,1,1,,0,30,0,0,0,0,0,4,2,13
,2018_55222,39.750372,-104.9819805,9/24/2018 7:09,7:09,1,0,0,PARK AVENUE WEST & GLENARM PLACE,1,1,0,0,1,1,,0,20,0,0,0,0,0,4,2,13
,2018_55223,39.750372,-104.9819805,11/6/2018 8:02,8:02,3,0,0,PARK AVENUE WEST & GLENARM PLACE,1,1,0,0,1,1,,0,25,0,0,0,0,0,4,2,13
,2018_55224,39.716559,-105.0396885,2/9/2018 2:40,2:40,5,0,0,PERRY STREET 993 SOUTH & PERRY STREET 993 SOUTH,1,3,0,0,2,4,,0,25,0,0,0,0,0,4,3,1
,2018_55225,39.765726,-104.9948415,2/27/2018 7:35,7:35,3,0,2,PARK AVENUE WEST & GLOBEVILLE ROAD,1,1,0,0,1,1,,0,35,0,0,0,0,1,4,2,14
,2018_55226,39.765726,-104.9948415,3/22/2018 14:28,14:28,12,0,2,PARK AVENUE WEST & GLOBEVILLE ROAD,1,1,1,0,1,4,,0,35,0,0,0,0,1,4,2,13
,2018_55227,39.765726,-104.9948415,4/26/2018 8:40,8:40,12,0,0,PARK AVENUE WEST & GLOBEVILLE ROAD,1,1,0,0,1,3,,0,35,0,0,0,0,0,4,2,14
,2018_55228,39.765726,-104.9948415,4/26/2018 8:42,8:42,12,0,0,PARK AVENUE WEST & GLOBEVILLE ROAD,1,1,1,1,1,1,,0,35,0,0,0,0,0,4,3,12
,2018_55229,39.765726,-104.9948415,5/30/2018 15:48,15:48,12,0,1,PARK AVENUE WEST & GLOBEVILLE ROAD,1,1,1,0,1,1,,0,35,0,0,0,0,1,4,3,8
,2018_55230,39.765726,-104.9948415,6/2/2018 12:52,12:52,1,0,0,PARK AVENUE WEST & GLOBEVILLE ROAD,1,1,0,0,1,1,,0,35,0,0,0,0,0,4,2,3
,2018_55231,39.765726,-104.9948415,6/17/2018 16:56,16:56,3,0,3,PARK AVENUE WEST & GLOBEVILLE ROAD,2,1,0,1,1,1,,0,35,0,0,0,0,2,4,2,13
,2018_55232,39.765726,-104.9948415,6/27/2018 11:16,11:16,1,0,0,PARK AVENUE WEST & GLOBEVILLE ROAD,1,1,0,0,1,1,,0,35,0,0,0,0,0,4,2,16
,2018_55233,39.765726,-104.9948415,6/27/2018 12:04,12:04,12,0,0,PARK AVENUE WEST & GLOBEVILLE ROAD,1,1,0,0,1,1,,0,35,0,0,0,0,0,4,2,14
,2018_55234,39.765726,-104.9948415,7/2/2018 17:06,17:06,1,0,3,PARK AVENUE WEST & GLOBEVILLE ROAD,1,1,0,0,1,1,,0,35,0,0,0,0,1,4,3,3
,2018_55235,39.765726,-104.9948415,7/14/2018 16:50,16:50,5,0,0,PARK AVENUE WEST & GLOBEVILLE ROAD,1,1,0,0,1,1,,0,35,0,0,0,0,0,4,1,13
,2018_55236,39.765726,-104.9948415,9/4/2018 11:44,11:44,12,0,0,PARK AVENUE WEST & GLOBEVILLE ROAD NORTH,1,1,0,0,1,3,,0,35,0,0,0,0,0,4,2,1
,2018_55237,39.765726,-104.9948415,9/8/2018 19:48,19:48,12,0,0,PARK AVENUE WEST & GLOBEVILLE ROAD NORTH,1,3,0,0,1,4,,0,35,0,0,0,0,0,4,2,4
,2018_55238,39.765726,-104.9948415,10/7/2018 18:59,18:59,12,0,0,PARK AVENUE WEST & GLOBEVILLE ROAD NORTH,2,3,0,1,1,3,,0,35,0,0,0,0,0,4,2,13
,2018_55239,39.765726,-104.9948415,10/28/2018 2:01,2:01,12,0,0,PARK AVENUE WEST & GLOBEVILLE ROAD NORTH,1,3,0,0,1,1,,0,35,0,0,0,0,0,4,3,3
,2018_55240,39.765726,-104.9948415,11/6/2018 20:50,20:50,12,0,1,PARK AVENUE WEST & GLOBEVILLE ROAD,1,3,0,0,1,1,,0,35,0,0,0,0,1,4,2,7
,2018_55241,39.765726,-104.9948415,11/28/2018 17:00,17:00,12,0,1,PARK AVENUE WEST & GLOBEVILLE ROAD,1,1,1,0,1,1,,0,35,0,0,0,0,1,4,2,16
,2018_55242,39.765726,-104.9948415,11/11/2018 12:09,12:09,5,0,1,PARK AVENUE WEST & GLOBVILLE ROAD,5,1,1,2,2,4,,0,35,0,0,0,0,1,4,1,7
,2018_55243,39.741426,-104.9988915,2/18/2018 2:27,2:27,5,0,0,SPEER BOULEVARD & STOUT STREET,1,3,0,0,2,1,,0,,0,0,0,0,0,4,1,5
,2018_55244,39.755745,-104.9890095,5/19/2018 5:19,5:19,3,0,0,PARK AVENUE WEST & LARIMER STREET,1,3,0,0,1,1,,0,30,0,0,0,0,0,4,3,14
,2018_55245,39.755745,-104.9890095,5/26/2018 6:58,6:58,3,0,0,PARK AVENUE WEST & LARIMER STREET,1,1,0,0,1,1,,0,25,0,0,0,0,0,4,2,3
,2018_55246,39.755745,-104.9890095,5/29/2018 9:51,9:51,12,0,0,PARK AVENUE WEST & LARIMER STREET,1,1,0,0,1,1,,0,25,0,0,0,0,0,4,2,14
,2018_55247,39.755745,-104.9890095,6/30/2018 3:20,3:20,10,0,0,PARK AVENUE WEST & LARIMER STREET,1,3,0,0,1,1,,0,30,0,0,0,0,0,4,2,14
,2018_55248,39.755745,-104.9890095,10/8/2018 14:39,14:39,10,0,0,PARK AVENUE WEST & LARIMER STREET,2,1,0,1,1,1,,0,30,0,0,0,0,0,4,2,13
,2018_55249,39.755745,-104.9890095,11/5/2018 12:20,12:20,10,0,0,PARK AVENUE WEST & LARIMER STREET,1,1,0,0,1,1,,0,30,0,0,0,0,0,4,2,13
,2018_55250,39.755088,-104.9881095,2/10/2018 23:00,23:00,3,0,1,PARK AVENUE WEST & LAWRENCE STREET,4,3,0,2,1,1,,0,30,0,0,0,0,1,4,2,13
,2018_55251,39.755088,-104.9881095,2/28/2018 19:33,19:33,3,0,1,PARK AVENUE WEST & LAWRENCE STREET,1,3,0,0,1,1,,0,30,0,0,0,0,1,4,2,8
,2018_55252,39.755088,-104.9881095,9/23/2018 15:10,15:10,3,0,0,PARK AVENUE WEST & LAWRENCE STREET,1,1,0,0,1,1,,0,35,0,0,0,0,0,4,2,16
,2018_55253,39.755088,-104.9881095,9/25/2018 9:39,9:39,3,0,0,PARK AVENUE WEST & LAWRENCE STREET,1,1,0,0,1,1,,0,25,0,0,0,0,0,4,2,13
,2018_55254,39.755088,-104.9881095,12/13/2018 21:10,21:10,3,0,0,PARK AVENUE WEST & LAWRENCE STREET,1,3,0,0,1,1,,0,25,0,0,0,0,0,4,2,3
,2018_55256,39.742848,-104.9721615,8/9/2018 12:46,12:46,3,0,0,PARK AVENUE WEST & MARION STREET NORTH,1,1,0,0,1,1,,0,25,0,0,0,0,0,4,2,13
,2018_55257,39.75642,-104.9898285,12/27/2018 11:32,11:32,10,0,1,PARK AVENUE WEST & MARKET STREET,1,1,0,0,1,1,,0,25,0,0,0,0,1,4,2,14
,2018_55258,39.75237,-104.984631,2/19/2018 15:20,15:20,3,0,2,PARK AVENUE WEST & STOUT STREET,4,2,0,2,1,1,,0,30,0,0,0,0,1,4,2,13
,2018_55259,39.749697,-104.981121,9/3/2018 14:15,14:15,10,0,0,PARK AVENUE WEST & TREMONT PLACE,1,1,0,0,1,1,,0,30,0,0,0,0,0,4,2,9
,2018_55260,39.75642,-104.9898285,10/22/2018 1:00,1:00,3,0,1,PARK AVENUE WEST & WALNUT STREET,1,3,0,0,1,1,,0,25,0,0,0,0,1,4,2,5
,2018_55261,39.757887,-104.99175,6/3/2018 12:48,12:48,12,0,0,PARK AVENUE WEST & WAZEE STREET,1,1,0,0,1,4,,0,35,0,0,0,0,0,4,2,13
,2018_55262,39.757887,-104.99175,7/24/2018 17:06,17:06,12,0,0,PARK AVENUE WEST & WAZEE STREET,1,1,1,0,1,1,,0,25,0,0,0,0,0,4,2,14
,2018_55263,39.757887,-104.99175,9/7/2018 17:20,17:20,10,0,0,PARK AVENUE WEST & WAZEE STREET,1,1,0,0,1,1,,0,30,0,0,0,0,0,4,2,8
,2018_55264,39.757887,-104.99175,9/26/2018 17:44,17:44,12,0,0,PARK AVENUE WEST & WAZEE STREET,1,1,0,0,1,3,,0,30,0,0,0,0,0,4,2,13
,2018_55265,39.757887,-104.99175,12/18/2018 18:15,18:15,10,0,0,PARK AVENUE WEST & WAZEE STREET,1,3,0,0,1,1,,0,30,0,0,0,0,0,4,2,13
,2018_55266,39.751056,-104.9828805,8/4/2018 16:07,16:07,15,0,0,PARK AVENUE WEST & WELTON STREET,1,1,0,0,1,1,,0,35,0,0,0,0,0,4,2,13
,2018_55267,39.751056,-104.9828805,10/14/2018 8:19,8:19,7,0,0,PARK AVENUE WEST & WELTON STREET NORTH,4,1,0,2,1,1,,0,35,0,0,0,0,0,4,2,14
,2018_55268,39.759291,-104.993892,4/6/2018 20:24,20:24,15,0,1,PARK AVENUE WEST & WEWATTA STREET,5,3,0,2,1,4,,0,30,0,0,0,0,1,4,2,8
,2018_55269,39.759291,-104.993892,5/4/2018 18:00,18:00,15,0,0,PARK AVENUE WEST & WEWATTA STREET,1,2,0,0,1,1,,0,30,0,0,0,0,0,4,2,8
,2018_55270,39.759291,-104.993892,8/26/2018 12:30,12:30,12,0,0,PARK AVENUE WEST & WEWATTA STREET,1,1,0,0,1,1,,0,30,0,0,0,0,0,4,2,13
,2018_55271,39.759291,-104.993892,11/1/2018 18:15,18:15,1,0,0,PARK AVENUE WEST & WEWATTA STREET,1,1,0,0,1,1,,0,30,0,0,0,0,0,4,2,13
,2018_55272,39.658509,-105.038712,4/20/2018 10:55,10:55,6,0,0,PATTON COURT SOUTH & 756 SOUTH PATTON COURT,1,1,0,0,1,4,,0,25,0,0,0,0,0,4,2,13
,2018_55273,39.705678,-105.0391305,6/19/2018 17:43,17:43,6,0,0,PATTON COURT SOUTH & CENTER AVENUE WEST,1,1,0,0,1,1,,0,,0,0,0,0,0,4,2,13
,2018_55274,39.700368,-105.039099,2/19/2018 17:31,17:31,3,0,0,PATTON COURT SOUTH & KENTUCKY AVENUE WEST,4,2,1,2,1,1,,0,25,0,0,0,0,0,4,2,1
,2018_55275,39.695832,-105.0390495,11/9/2018 21:30,21:30,5,0,0,PATTON COURT SOUTH & MOSIER PLACE WEST,1,3,0,0,2,1,,0,30,0,0,0,0,0,4,1,5
,2018_55276,39.78591364,-104.9800299,9/18/2018 9:30,9:30,12,0,0,PEARL STREET & 1200 BLOCK NORTH,1,1,0,0,1,4,,0,25,0,0,0,0,0,4,2,13
,2018_55277,39.78591364,-104.9800299,6/23/2018 19:20,19:20,6,0,0,PEARL STREET & 1221 BLOCK NORTH,1,2,0,0,1,4,,0,25,0,0,0,0,0,4,2,1
,2018_55278,39.78591364,-104.9800299,5/23/2018 7:40,7:40,6,0,0,PEARL STREET & 1311 NORTH,1,1,0,0,3,4,,0,25,0,0,0,0,0,4,5,13
,2018_55279,39.738438,-104.9799105,12/12/2018 17:53,17:53,15,0,0,PEARL STREET NORTH & 14TH AVENUE EAST,1,3,0,0,1,1,,0,25,0,0,0,0,0,4,2,8
,2018_55280,39.785589,-104.980032,6/4/2018 18:30,18:30,6,0,0,PEARL STREET NORTH & 49TH AVENUE EAST,1,1,0,0,1,1,,0,,0,0,0,0,0,4,2,13
,2018_55281,39.72564,-104.979942,6/14/2018 15:37,15:37,3,0,1,PEARL STREET NORTH & SIXTH AVENUE EAST,1,1,0,0,1,1,,0,30,0,0,0,0,1,4,2,13
,2018_55282,39.729051,-104.979951,9/28/2018 14:10,14:10,3,0,0,PEARL STREET NORTH & EIGHTH AVENUE EAST,1,1,0,0,1,1,,0,30,0,0,0,0,0,4,2,7
,2018_55283,39.709287,-104.9803695,3/21/2018 7:56,7:56,3,0,0,PEARL STREET SOUTH & DAKOTA AVENUE EAST,1,1,0,0,1,1,,0,25,0,0,0,0,0,4,2,13
,2018_55284,39.693006,-104.9804415,12/20/2018 10:15,10:15,3,0,0,PEARL STREET SOUTH & LOUISIANA AVENUE EAST,1,1,0,0,1,1,,0,25,0,0,0,0,0,4,2,3
,2018_55285,39.707487,-104.980428,6/19/2018 13:26,13:26,3,0,0,PEARL STREET SOUTH & VIRGINIA AVENUE EAST,2,1,0,0,1,1,,0,,0,0,0,0,0,4,2,13
,2018_55286,39.707487,-104.980428,10/23/2018 16:05,16:05,3,0,0,PEARL STREET SOUTH & VIRGINIA AVENUE EAST,1,1,0,0,1,1,,0,25,0,0,0,0,0,4,2,16
,2018_55287,39.768039,-105.0064605,2/22/2018 16:47,16:47,3,0,0,PECOS STREET NORTH & 37TH AVENUE WEST,4,1,0,2,1,1,,0,30,0,0,0,0,0,4,2,13
,2018_55288,39.769281,-105.0064515,4/20/2018 18:00,18:00,3,0,0,PECOS STREET NORTH & 38TH AVENUE WEST,1,2,0,0,1,1,,0,35,0,0,0,0,0,4,2,12
,2018_55289,39.770514,-105.006429,2/21/2018 16:35,16:35,3,0,0,PECOS STREET NORTH & 39TH AVENUE WEST,1,1,0,0,1,1,,0,25,0,0,0,0,0,4,2,7
,2018_55290,39.77277636,-105.006429,3/7/2018 18:55,18:55,6,0,0,PECOS STREET & 4225 NORTH,1,1,0,0,1,4,,0,35,0,0,0,0,0,4,2,12
,2018_55291,39.77277636,-105.006429,9/13/2018 20:01,20:01,5,0,0,PECOS STREET & 4359 NORTH,1,4,0,0,3,7,,0,25,0,0,0,0,0,4,1,5
,2018_55292,39.780171,-105.0064425,1/19/2018 15:36,15:36,1,0,0,PECOS STREET NORTH & 46TH AVENUE WEST,1,1,1,0,1,1,,0,30,0,0,0,0,0,4,2,13
,2018_55293,39.780171,-105.0064425,2/16/2018 16:50,16:50,1,0,0,PECOS STREET NORTH & 46TH AVENUE WEST,1,1,0,0,1,1,,0,35,0,0,0,0,0,4,2,13
,2018_55294,39.63264363,-105.0327248,8/10/2018 20:58,20:58,6,0,0,PIMLICO AVENUE & 3395 WEST,1,4,0,0,1,4,,0,,0,0,0,0,0,4,3,13
,2018_55295,39.780171,-105.0064425,6/11/2018 12:43,12:43,1,0,1,PECOS STREET NORTH & 46TH AVENUE WEST,1,1,1,0,1,1,,0,30,0,0,0,0,1,4,2,13
,2018_55296,39.782007,-105.0064515,11/27/2018 17:36,17:36,12,0,0,PECOS STREET NORTH & 47TH AVENUE WEST,1,2,1,0,1,1,,0,30,0,0,0,0,0,4,2,13
,2018_55297,39.783924,-105.0062513,8/22/2018 8:08,8:08,3,0,0,PECOS STREET NORTH & 48TH AVENUE WEST,1,1,0,0,1,6,,0,35,0,0,0,0,0,4,2,13
,2018_55298,39.783924,-105.0062513,8/24/2018 8:59,8:59,12,0,0,PECOS STREET NORTH & 48TH AVENUE WEST,1,1,0,0,1,6,,0,30,0,0,0,0,0,4,2,13
,2018_55299,39.78206438,-105.0063941,9/27/2018 6:50,6:50,15,0,0,PECOS 4700 BLOCK NORTH & 48TH AVENUE,1,1,3,0,1,6,,0,35,0,0,0,0,0,4,2,14
,2018_55300,39.786237,-105.00642,8/14/2018 7:48,7:48,3,0,0,PECOS STREET NORTH & 50TH AVENUE WEST,1,1,0,0,1,1,,0,25,0,0,0,0,0,4,2,13
,2018_55301,39.791034,-105.00642,1/15/2018 7:21,7:21,3,0,0,PECOS STREET NORTH & 52ND AVENUE WEST,5,1,0,2,1,1,,0,35,0,0,0,0,0,4,2,13
,2018_55303,39.678588,-105.006402,5/23/2018 18:50,18:50,12,0,1,PECOS STREET SOUTH & EVANS AVENUE WEST,1,1,0,0,1,1,,0,35,0,0,0,0,2,4,2,3
,2018_55304,39.707568,-105.006231,4/25/2018 7:05,7:05,3,0,0,PECOS STREET SOUTH & VIRGINIA AVENUE WEST,1,1,1,0,1,1,,0,25,0,0,0,0,0,4,2,13
,2018_55305,39.844602,-104.680935,8/1/2018 10:50,10:50,5,0,1,PENA CIRCLE & PENA BOULEVARD,1,1,1,0,2,4,,0,35,0,0,0,0,1,4,1,7
,2018_55306,39.844602,-104.680935,2/20/2018 3:50,3:50,12,0,0,PENA BOULEVARD SOUTHBOUND & 19500 BLOCK,10,3,0,2,1,4,,0,65,0,0,0,0,0,4,2,13
,2018_55307,39.844602,-104.680935,8/8/2018 22:35,22:35,15,0,0,PENA BOULEVARD & 26000 BLOCK,1,3,0,0,1,4,,0,55,0,0,0,0,0,4,2,7
,2018_55308,39.844602,-104.680935,2/10/2018 22:48,22:48,9,0,0,PENA BOULEVARD & 4000 BLOCK,4,3,0,2,3,4,,0,65,0,0,0,0,0,4,1,13
,2018_55309,39.844602,-104.680935,10/16/2018 21:42,21:42,12,0,0,PENA BOULEVARD & 4000 BLOCK,1,3,0,0,1,4,,0,65,0,0,0,0,0,4,3,14
,2018_55310,39.844602,-104.680935,2/23/2018 15:20,15:20,5,0,0,PENA BOULEVARD 4400 BLOCK & 40TH AVENUE EAST,1,1,0,0,3,4,,0,65,0,0,0,0,0,4,1,10
,2018_55311,39.77289,-104.791482,6/28/2018 9:00,9:00,12,0,1,PENA BOULEVARD & 40TH AVENUE EAST,1,1,1,0,1,1,,0,45,0,0,0,0,2,4,2,13
,2018_55312,39.798396,-104.7864105,2/23/2018 16:32,16:32,5,0,0,PENA BOULEVARD 6100 BLOCK & 56TH AVENUE EAST,1,1,0,0,2,4,,0,65,0,0,0,0,0,4,1,1
,2018_55313,39.767391,-104.90346,3/25/2018 6:00,6:00,5,0,0,QUEBEC STREET NORTH & 36TH AVENUE EAST,1,1,0,0,2,1,,0,45,0,0,0,0,0,4,1,7
,2018_55314,39.798396,-104.7873105,9/29/2018 16:42,16:42,12,0,0,PENA BOULEVARD INBOUND & 56TH AVENUE OFF RAMP,1,1,1,0,1,3,,0,35,0,0,0,0,0,4,2,13
,2018_55315,39.798396,-104.7873105,11/1/2018 7:50,7:50,12,0,0,PENA BOULEVARD INBOUND & 56TH AVENUE EAST,1,1,1,0,1,4,,0,45,0,0,0,0,0,4,2,13
,2018_55316,39.844602,-104.680935,1/4/2018 21:45,21:45,15,0,0,PENA BOULEVARD & 6400 BLOCK,1,3,0,0,1,4,,0,55,0,0,0,0,0,4,2,13
,2018_55317,39.844602,-104.680935,4/5/2018 14:07,14:07,12,0,0,PENA BOULEVARD & 7680,1,1,0,0,5,4,,0,15,0,0,0,0,0,3,2,1
,2018_55318,39.844602,-104.680935,8/4/2018 10:29,10:29,15,0,0,PENA BOULEVARD & 8200 BLOCK,1,1,1,1,1,4,,0,35,0,0,0,0,0,4,2,8
,2018_55319,39.844602,-104.680935,8/25/2018 16:25,16:25,12,0,0,PENA BOULEVARD & 8300 BLOCK,1,1,1,0,1,4,,0,35,0,0,0,0,0,4,2,14
,2018_55320,39.844602,-104.680935,6/14/2018 23:40,23:40,15,0,0,PENA BOULEVARD & 8400,1,3,0,0,1,4,,0,15,0,0,0,0,0,4,2,7
,2018_55321,39.844602,-104.680935,1/28/2018 22:48,22:48,15,0,0,PENA BOULEVARD & 8500 BLOCK,1,3,0,0,1,4,,0,35,0,0,0,0,0,4,2,8
,2018_55322,39.83329355,-104.70405,7/3/2018 0:50,0:50,5,0,0,PENA BOULEVARD & ELK STREET NORTH,1,3,0,0,3,4,,0,65,0,0,0,0,0,4,1,14
,2018_55323,39.783609,-104.791392,7/23/2018 17:30,17:30,12,0,0,PENA BOULEVARD INBOUND & GREEN VALLEY RANCH BOULEVARD,2,1,0,1,1,1,,0,35,0,0,0,0,0,4,2,16
,2018_55324,39.834414,-104.7154995,3/26/2018 23:24,23:24,5,0,0,PENA BOULEVARD INBOUND & GUN CLUB ROAD,4,3,0,2,3,4,,0,65,0,0,0,0,0,4,1,14
,2018_55325,39.783609,-104.791392,1/9/2018 6:52,6:52,12,0,1,PENA BOULEVARD & GREEN VALLEY RANCH BOULEVARD,1,2,0,0,1,1,,0,35,0,0,0,0,1,4,3,13
,2018_55326,39.783609,-104.791392,1/9/2018 7:31,7:31,12,0,0,PENA BOULEVARD & GREEN VALLEY RANCH BOULEVARD,1,1,0,0,1,1,,0,35,0,0,0,0,0,4,2,7
,2018_55327,39.783609,-104.791392,1/28/2018 7:50,7:50,12,0,0,PENA BOULEVARD & GREEN VALLEY RANCH BOULEVARD,1,1,0,0,1,1,,0,35,0,0,0,0,0,4,2,1
,2018_55328,39.783609,-104.791392,2/26/2018 6:37,6:37,12,0,0,PENA BOULEVARD & GREEN VALLEY RANCH BOULEVARD,1,2,0,1,1,1,,0,35,0,0,0,0,0,4,2,13
,2018_55329,39.783609,-104.791392,4/10/2018 20:50,20:50,1,0,1,PENA BOULEVARD & GREEN VALLEY RANCH BOULEVARD,1,3,0,0,1,1,,0,40,0,0,0,0,1,4,2,13
,2018_55330,39.783609,-104.791392,5/4/2018 16:02,16:02,12,0,0,PENA BOULEVARD & GREEN VALLEY RANCH BOULEVARD,1,1,1,0,1,1,,0,35,0,0,0,0,0,4,2,13
,2018_55331,39.783609,-104.791392,8/22/2018 15:45,15:45,12,0,0,PENA BOULEVARD INBOUND & GREEN VALLEY RANCH BOULEVARD OFF RAMP,1,1,1,0,1,3,,0,35,0,0,0,0,0,4,2,7
,2018_55332,39.783609,-104.791392,9/30/2018 21:15,21:15,12,0,0,PENA BOULEVARD & GREEN VALLEY RANCH BOULEVARD,1,3,0,0,1,3,,0,45,0,0,0,0,0,4,2,13
,2018_55333,39.833469,-104.692932,1/21/2018 15:21,15:21,15,0,1,PENA BOULEVARD & JACKSON GAP STREET NORTH,4,5,0,0,1,4,,0,5,0,0,0,0,2,4,2,13
,2018_55334,39.833469,-104.692932,8/12/2018 6:18,6:18,12,0,1,PENA BOULEVARD & JACKSON GAP,1,1,0,0,1,1,,0,25,0,0,0,0,1,4,2,13
,2018_55335,39.833469,-104.692932,2/2/2018 12:55,12:55,12,0,0,PENA BOULEVARD 7600 BLOCK & JACKSON GAP STREET,1,1,0,1,1,4,,0,,0,0,0,0,0,4,2,13
,2018_55336,39.833469,-104.692932,3/24/2018 17:30,17:30,15,0,0,PENA BOULEVARD & JACKSON GAP,1,1,0,0,1,4,,0,35,0,0,0,0,0,4,2,13
,2018_55337,39.833469,-104.692932,4/11/2018 13:03,13:03,12,0,0,PENA BOULEVARD 25200 BLOCK & JACKSON GAP STREET APPROXIMATELY,1,1,0,0,1,4,,0,35,0,0,0,0,0,4,2,7
,2018_55338,39.833469,-104.692932,5/10/2018 4:49,4:49,12,0,1,PENA BOULEVARD & JACKSON GAP,1,3,1,0,1,1,,0,35,0,0,0,0,1,4,2,13
,2018_55339,39.833469,-104.692932,7/3/2018 9:37,9:37,1,0,0,PENA BOULEVARD OUTBOUND & JACKSON GAP NORTH,1,1,0,0,1,3,,0,30,0,0,0,0,0,4,2,13
,2018_55340,39.83869559,-104.6719364,5/18/2018 7:30,7:30,15,0,0,PENA BOULEVARD 8400 BLOCK & LEVEL 6W ADJ DOOR,1,1,0,0,1,4,,0,15,0,0,0,0,0,4,2,14
,2018_55341,39.844602,-104.680935,5/18/2018 19:50,19:50,12,0,0,PENA BOULEVARD 7600 NORTH & PENA BOULEVARD 7600 NORTH,1,2,1,0,1,4,,0,35,0,0,0,0,0,4,2,13
,2018_55342,39.83869559,-104.6719364,5/22/2018 13:35,13:35,6,0,0,PENA BOULEVARD 8400 & PENA BOULEVARD 8400,1,1,1,0,1,4,,0,15,0,0,0,0,0,4,2,3
,2018_55343,39.844602,-104.680935,10/9/2018 9:40,9:40,15,0,1,PENA BOULEVARD 7800 BLOCK & PENA CIRCLE,2,1,1,1,1,4,,0,45,0,0,0,0,1,4,2,8
,2018_55344,39.833388,-104.771979,3/1/2018 21:24,21:24,5,0,0,PENA BOULEVARD & TOWER ROAD NORTH,1,3,0,0,3,8,,0,65,0,0,0,0,0,4,1,8
,2018_55345,39.833388,-104.771979,3/27/2018 21:50,21:50,1,0,0,PENA BOULEVARD & TOWER ROAD NORTH,1,3,0,0,1,1,,0,45,0,0,0,0,0,4,2,7