id,drcog_id,latitude,longitude,crashtime,time,crashtype,numbkilled,numbinjurd,drcoglocat,rdconditin,lightngcon,roadcntgrd,weatherco,location,roaddescrp,schoolzone,constrzone,splimit,bikeinv,pedinv,sctrinv,motoinv,svrty,rdsystem,ttlvehcls,hcf
,2018_55485,39.725442,-104.9037885,4/2/2018 15:43,15:43,1,0,0,QUEBEC STREET NORTH & SIXTH AVENUE EAST,1,1,1,0,1,1,,0,35,0,0,0,0,0,4,2,13
,2018_55486,39.725442,-104.9037885,4/6/2018 14:55,14:55,3,0,0,QUEBEC STREET NORTH & SIXTH AVENUE EAST,2,1,0,0,1,1,,0,30,0,0,0,0,0,4,2,13
,2018_55487,39.725442,-104.9037885,6/11/2018 14:15,14:15,12,0,0,QUEBEC STREET NORTH & SIXTH AVENUE EAST,1,1,0,0,1,1,,0,30,0,0,0,0,0,4,2,16
,2018_55488,39.725442,-104.9037885,7/5/2018 16:06,16:06,12,0,0,QUEBEC STREET NORTH & SIXTH AVENUE EAST,1,1,0,0,1,3,,0,,0,0,0,0,0,4,2,13
,2018_55489,39.725442,-104.9037885,7/23/2018 16:15,16:15,12,0,0,QUEBEC STREET NORTH & SIXTH AVENUE EAST,2,1,0,1,1,1,,0,30,0,0,0,0,0,4,2,13
,2018_55490,39.725442,-104.9037885,9/29/2018 17:06,17:06,12,0,0,QUEBEC STREET NORTH & SIXTH AVENUE EAST,1,1,0,0,1,1,,0,35,0,0,0,0,0,4,2,7
,2018_55491,39.725442,-104.9037885,10/17/2018 17:00,17:00,1,0,0,QUEBEC STREET NORTH & SIXTH AVENUE EAST,1,1,0,0,1,1,,0,30,0,0,0,0,0,4,2,13
,2018_55492,39.726873,-104.903469,2/21/2018 17:50,17:50,1,0,0,QUEBEC STREET NORTH & SEVENTH AVENUE EAST,1,3,1,0,1,1,,0,30,0,0,0,0,0,4,2,1
,2018_55493,39.76138659,-104.9034517,4/5/2018 16:20,16:20,12,0,0,QUEBEC STREET & 800BLK NORTH,1,1,1,0,1,3,,0,,0,0,0,0,0,4,2,13
,2018_55494,39.729267,-104.903469,1/31/2018 14:21,14:21,10,0,0,QUEBEC STREET NORTH & EIGHTH AVENUE EAST,1,1,0,0,1,1,,0,,0,0,0,0,0,4,2,13
,2018_55495,39.729267,-104.903469,9/4/2018 14:15,14:15,12,0,0,QUEBEC STREET NORTH & EIGHTH AVENUE EAST,1,1,0,0,1,1,,0,30,0,0,0,0,0,4,3,3
,2018_55496,39.729267,-104.903469,10/20/2018 2:14,2:14,1,0,1,QUEBEC STREET NORTH & EIGHTH AVENUE EAST,1,3,0,0,1,1,,0,35,0,0,0,0,2,4,2,16
,2018_55497,39.730716,-104.903469,1/5/2018 14:34,14:34,12,0,1,QUEBEC STREET NORTH & NINTH AVENUE EAST,1,1,0,0,1,1,,0,35,0,0,0,0,1,4,2,13
,2018_55498,39.725442,-104.9037885,11/8/2018 17:26,17:26,1,0,0,QUEBEC STREET NORTH & SIXTH AVENUE EAST,1,3,0,0,1,1,,0,30,0,0,0,0,0,4,2,7
,2018_55499,39.711222,-104.9035005,3/6/2018 21:26,21:26,3,0,0,QUEBEC STREET SOUTH & ALAMEDA AVENUE EAST,1,3,0,0,1,1,,0,35,0,0,0,0,0,4,3,1
,2018_55500,39.711222,-104.9035005,5/24/2018 8:00,8:00,12,0,0,QUEBEC STREET SOUTH & ALAMEDA AVENUE EAST,1,1,0,0,1,3,,0,35,0,0,0,0,0,4,2,16
,2018_55501,39.711222,-104.9035005,5/25/2018 18:27,18:27,1,0,1,QUEBEC STREET SOUTH & ALAMEDA AVENUE EAST,1,1,0,0,1,1,,0,40,0,0,0,0,1,4,2,13
,2018_55502,39.711222,-104.9035005,12/4/2018 11:23,11:23,1,0,2,QUEBEC STREET SOUTH & ALAMEDA AVENUE EAST,1,1,0,0,1,1,,0,35,0,0,0,0,2,4,2,16
,2018_55503,39.665853,-104.90301,2/20/2018 11:59,11:59,5,0,0,QUEBEC STREET SOUTH & AMHERST AVENUE EAST,5,1,0,0,2,1,,0,30,0,0,0,0,0,4,1,7
,2018_55504,39.742596,-104.90346,4/22/2018 15:17,15:17,12,0,0,QUEBEC STREET NORTH & BATAVIA PLACE EAST,1,1,0,0,1,1,,0,30,0,0,0,0,0,4,2,13
,2018_55505,39.712977,-104.903541,4/14/2018 15:59,15:59,1,0,1,QUEBEC STREET SOUTH & CEDAR PLACE EAST,1,1,0,0,1,3,,0,35,0,0,0,0,1,4,2,13
,2018_55506,39.712977,-104.903541,9/12/2018 8:04,8:04,3,0,1,QUEBEC STREET SOUTH & CEDAR PLACE EAST,1,1,0,0,1,1,,0,25,0,0,0,0,1,4,2,13
,2018_55507,39.684987,-104.9035905,4/17/2018 10:15,10:15,3,0,0,QUEBEC STREET SOUTH & CHERRY CREEK SOUTH DRIVE,1,1,0,0,1,1,,0,35,0,0,0,0,0,4,2,1
,2018_55508,39.684987,-104.9035905,4/30/2018 14:49,14:49,12,0,1,QUEBEC STREET SOUTH & CHERRY CREEK SOUTH DRIVE,1,1,0,0,1,1,,0,35,0,0,0,0,1,4,2,16
,2018_55509,39.684987,-104.9035905,9/24/2018 15:11,15:11,12,0,1,QUEBEC STREET SOUTH & CHERRY CREEK DRIVE SOUTH,1,1,0,0,1,4,,0,35,0,0,0,0,1,4,2,1
,2018_55510,39.683889,-104.9034285,10/26/2018 14:50,14:50,3,0,0,QUEBEC STREET SOUTH & COLORADO AVENUE EAST,1,1,0,0,1,1,,0,35,0,0,0,0,0,4,2,8
,2018_55511,39.689334,-104.896719,10/15/2018 8:53,8:53,3,0,1,QUEBEC WAY SOUTH & FLORIDA AVENUE EAST,1,1,0,0,1,1,,0,25,0,0,0,0,1,4,2,13
,2018_55513,39.687372,-104.9035995,5/15/2018 12:10,12:10,12,0,0,QUEBEC STREET SOUTH & IOWA AVENUE EAST,1,1,0,0,1,1,,0,35,0,0,0,0,0,4,2,13
,2018_55514,39.717054,-104.9037885,4/3/2018 20:07,20:07,1,0,0,QUEBEC STREET NORTH & LOWRY BOULEVARD EAST,1,2,0,0,1,1,,0,35,0,0,0,0,0,4,2,16
,2018_55515,39.717054,-104.9037885,4/24/2018 8:16,8:16,15,0,0,QUEBEC STREET NORTH & LOWRY BOULEVARD EAST,2,1,0,1,1,1,,0,35,0,0,0,0,0,4,2,13
,2018_55516,39.717054,-104.9037885,5/3/2018 11:10,11:10,12,0,0,QUEBEC STREET NORTH & LOWRY BOULEVARD EAST,2,1,0,1,1,1,,0,35,0,0,0,0,0,4,2,13
,2018_55517,39.717054,-104.9037885,6/9/2018 11:34,11:34,1,0,1,QUEBEC STREET NORTH & LOWRY BOULEVARD EAST,1,1,0,0,1,1,,0,40,0,0,0,0,1,4,2,13
,2018_55518,39.717054,-104.9037885,8/2/2018 7:20,7:20,1,0,0,QUEBEC STREET NORTH & LOWRY BOULEVARD EAST,1,1,0,0,1,1,,0,25,0,0,0,0,0,4,2,8
,2018_55519,39.717054,-104.9037885,8/31/2018 17:05,17:05,1,0,0,QUEBEC STREET NORTH & LOWRY BOULEVARD EAST,1,1,0,0,1,1,,0,35,0,0,0,0,0,4,2,13
,2018_55520,39.717054,-104.9037885,11/8/2018 9:45,9:45,1,0,1,QUEBEC STREET NORTH & LOWRY BOULEVARD EAST,1,1,0,0,1,1,,0,35,0,0,0,0,1,4,3,8
,2018_55521,39.717054,-104.9037885,12/24/2018 17:26,17:26,12,0,0,QUEBEC STREET NORTH & LOWRY BOULEVARD EAST,1,2,0,0,1,1,,0,35,0,0,0,0,0,4,3,1
,2018_55522,39.695661,-104.9035905,3/5/2018 9:49,9:49,3,0,0,QUEBEC STREET SOUTH & MISSISSIPPI AVENUE EAST,1,1,0,0,1,1,,0,30,0,0,0,0,0,4,2,13
,2018_55523,39.695661,-104.9035905,6/23/2018 18:38,18:38,3,0,0,QUEBEC STREET SOUTH & MISSISSIPPI AVENUE EAST,1,1,0,0,1,1,,0,35,0,0,0,0,0,4,2,1
,2018_55524,39.695661,-104.9035905,8/22/2018 16:53,16:53,12,0,0,QUEBEC STREET SOUTH & MISSISSIPPI AVENUE EAST,1,1,0,0,1,1,,0,35,0,0,0,0,0,4,2,13
,2018_55525,39.695661,-104.9035905,9/16/2018 20:39,20:39,3,0,2,QUEBEC STREET SOUTH & MISSISSIPPI AVENUE EAST,1,3,0,0,1,1,,0,35,0,0,0,0,1,4,2,13
,2018_55526,39.695661,-104.9035905,11/7/2018 12:44,12:44,3,0,1,QUEBEC STREET SOUTH & MISSISSIPPI AVENUE EAST,1,1,0,0,1,1,,0,35,0,0,0,0,1,4,2,13
,2018_55527,39.695661,-104.9035905,12/4/2018 14:15,14:15,3,0,0,QUEBEC STREET SOUTH & MISSISSIPPI AVENUE EAST,1,1,0,0,1,1,,0,30,0,0,0,0,0,4,2,1
,2018_55528,39.695661,-104.9035905,12/13/2018 15:20,15:20,3,0,0,QUEBEC STREET SOUTH & MISSISSIPPI AVENUE EAST,1,1,0,0,1,1,,0,30,0,0,0,0,0,4,2,1
,2018_55529,39.761973,-104.903451,1/23/2018 10:05,10:05,3,0,0,QUEBEC STREET NORTH & MLK BOULEVARD,1,1,0,0,1,1,,0,35,0,0,0,0,0,4,2,13
,2018_55530,39.761973,-104.903451,1/25/2018 21:24,21:24,12,0,2,QUEBEC STREET NORTH & MLK BOULEVARD,1,3,0,0,1,1,,0,35,0,0,0,0,1,4,2,2
,2018_55531,39.761973,-104.903451,2/24/2018 20:34,20:34,12,0,0,QUEBEC STREET NORTH & MLK BOULEVARD,1,3,0,0,1,1,,0,35,0,0,0,0,0,4,2,7
,2018_55532,39.761973,-104.903451,4/5/2018 9:28,9:28,3,0,1,QUEBEC STREET NORTH & MLK BOULEVARD,1,1,0,0,1,1,,0,45,0,0,0,0,1,4,2,13
,2018_55533,39.761973,-104.903451,5/7/2018 14:29,14:29,3,0,3,QUEBEC STREET NORTH & MLK BOULEVARD EAST,1,1,0,0,1,1,,0,35,0,0,0,0,2,4,2,1
,2018_55534,39.761973,-104.903451,5/14/2018 9:30,9:30,3,0,0,QUEBEC STREET NORTH & MLK BOULEVARD,1,1,0,0,1,1,,0,35,0,0,0,0,0,4,2,1
,2018_55535,39.761973,-104.903451,6/13/2018 7:30,7:30,12,0,0,QUEBEC STREET NORTH & MLK BOULEVARD,1,1,0,0,1,1,,0,45,0,0,0,0,0,4,2,7
,2018_55536,39.761973,-104.903451,6/18/2018 16:25,16:25,12,0,1,QUEBEC STREET NORTH & MLK BOULEVARD,1,1,0,0,1,1,,0,,0,0,0,0,1,4,2,13
,2018_55537,39.761973,-104.903451,6/29/2018 9:18,9:18,12,0,0,QUEBEC STREET NORTH & MLK BOULEVARD,1,1,0,0,1,1,,0,35,0,0,0,0,0,4,2,16
,2018_55538,39.761973,-104.903451,8/20/2018 13:41,13:41,3,0,0,QUEBEC STREET NORTH & MLK BOULEVARD EAST,1,1,0,0,1,1,,0,35,0,0,0,0,0,4,2,8
,2018_55539,39.761973,-104.903451,10/2/2018 18:21,18:21,3,0,0,QUEBEC STREET NORTH & MLK BOULEVARD EAST,1,1,0,0,1,3,,0,35,0,0,0,0,0,4,3,3
,2018_55540,39.761973,-104.903451,10/5/2018 16:50,16:50,3,0,0,QUEBEC STREET NORTH & MLK BOULEVARD EAST,1,1,0,0,1,3,,0,30,0,0,0,0,0,4,2,13
,2018_55541,39.761973,-104.903451,10/24/2018 13:09,13:09,3,0,0,QUEBEC STREET NORTH & MLK BOULEVARD EAST,1,1,0,0,1,1,,0,30,0,0,0,0,0,4,2,1
,2018_55542,39.761973,-104.903451,10/29/2018 10:00,10:00,3,0,0,QUEBEC STREET NORTH & MLK BOULEVARD EAST,1,1,0,0,1,1,,0,40,0,0,0,0,0,4,2,16
,2018_55543,39.761973,-104.903451,11/3/2018 1:35,1:35,15,0,0,QUEBEC STREET NORTH & MLK BOULEVARD EAST,1,3,0,0,1,1,,0,35,0,0,0,0,0,4,2,3
,2018_55544,39.761973,-104.903451,7/7/2018 19:00,19:00,12,0,0,QUEBEC STREET NORTH & MLK JR BOULEVARD,1,1,0,0,1,1,,0,35,0,0,0,0,0,4,2,13
,2018_55545,39.747438,-104.90346,6/8/2018 15:05,15:05,12,0,0,QUEBEC STREET NORTH & MONTVIEW BOULEVARD,1,1,0,0,1,3,,0,30,0,0,0,0,0,4,2,13
,2018_55546,39.747438,-104.90346,7/29/2018 16:01,16:01,3,0,7,QUEBEC STREET NORTH & MONTVIEW BOULEVARD EAST,1,1,0,0,1,1,,0,35,0,0,0,0,1,4,2,13
,2018_55547,39.747438,-104.90346,11/19/2018 22:28,22:28,1,0,0,QUEBEC STREET NORTH & MONTVIEW BOULEVARD,1,3,0,0,1,3,,0,35,0,0,0,0,0,4,2,7
,2018_55548,39.747438,-104.90346,12/26/2018 16:54,16:54,1,0,1,QUEBEC STREET NORTH & MONTVIEW BOULEVARD,1,2,0,0,1,1,,0,30,0,0,0,0,2,4,2,1
,2018_55549,39.63856153,-105.0507846,9/27/2018 19:45,19:45,6,0,0,RADCLIFF AVENUE & 4144 WEST,1,4,0,0,1,4,,0,25,0,0,0,0,0,4,2,5
,2018_55550,39.747438,-104.90346,12/27/2018 0:50,0:50,1,0,0,QUEBEC STREET NORTH & MONTVIEW BOULEVARD,1,3,0,0,1,1,,0,35,0,0,0,0,0,4,2,13
,2018_55551,39.76138659,-104.9034517,5/18/2018 16:10,16:10,15,0,0,QUEBEC STREET 4000 BLOCK NORTH & QUEBEC STREET 4000 BLOCK NORTH,1,1,1,0,1,4,,0,35,0,0,0,0,0,4,2,8
,2018_55552,39.76138659,-104.9034517,5/19/2018 14:36,14:36,12,0,0,QUEBEC STREET 1900 BLOCK NORTH & QUEBEC STREET 1900 BLOCK NORTH,1,1,0,0,1,4,,0,35,0,0,0,0,0,4,2,13
,2018_55553,39.638619,-104.90409,8/8/2018 21:39,21:39,12,0,0,QUEBEC STREET SOUTH & QUINCY AVENUE EAST,1,3,0,0,1,1,,0,35,0,0,0,0,0,4,2,14
,2018_55554,39.772773,-104.903811,1/16/2018 19:05,19:05,15,0,0,QUEBEC STREET NORTH & SAND DOWN ROAD,1,3,0,0,1,1,,0,,0,0,0,0,0,4,2,13
,2018_55555,39.728088,-104.903469,11/26/2018 15:41,15:41,12,0,0,QUEBEC STREET NORTH & SEVERN PLACE EAST,1,1,0,0,1,1,,0,35,0,0,0,0,0,4,2,13
,2018_55556,39.728088,-104.903469,12/14/2018 13:56,13:56,15,0,0,QUEBEC STREET NORTH & SEVERN PLACE EAST,1,1,1,0,1,1,,0,30,0,0,0,0,0,4,3,1
,2018_55557,39.785832,-104.8449015,3/31/2018 17:15,17:15,3,0,2,QUENTIN STREET NORTH & ANDREWS DRIVE EAST,1,1,1,0,1,1,,0,25,0,0,0,0,1,4,2,16
,2018_55558,39.743784,-104.902263,12/7/2018 15:51,15:51,3,0,2,QUINCE STREET NORTH & 17TH AVENUE EAST,1,2,0,0,1,1,,0,25,0,0,0,0,2,4,2,1
,2018_55559,39.716631,-104.901516,12/14/2018 14:30,14:30,6,0,0,QUINCE STREET & 2767 BLOCK SOUTH,1,1,0,0,1,4,,0,25,0,0,0,0,0,4,2,3
,2018_55560,39.63879509,-104.9005386,2/17/2018 2:45,2:45,9,0,0,QUINCY AVENUE & 7693 BLOCK EAST QUINCY AVENUE,1,3,0,0,1,3,,0,35,0,0,0,0,0,4,2,5
,2018_55562,39.638583,-105.0347025,11/5/2018 18:11,18:11,15,0,0,QUINCY AVENUE WEST & LOWELL BOULEVARD SOUTH,1,3,0,0,1,1,,0,35,0,0,0,0,0,4,2,7
,2018_55563,39.638619,-104.90409,11/7/2018 17:24,17:24,1,0,0,QUINCY AVENUE EAST & QUEBEC STREET SOUTH,1,3,0,0,1,1,,0,35,0,0,0,0,0,4,2,1
,2018_55564,39.63861,-104.8992795,3/23/2018 18:50,18:50,12,0,1,QUINCY AVENUE EAST & SYRACUSE STREET SOUTH,1,1,0,0,1,1,,0,30,0,0,0,0,1,4,2,3
,2018_55565,39.638664,-104.89266,2/19/2018 21:34,21:34,3,0,0,QUINCY AVENUE EAST & TAMARAC STREET SOUTH,4,3,0,2,1,1,,0,35,0,0,0,0,0,4,2,1
,2018_55566,39.639501,-105.0519735,3/12/2018 7:45,7:45,3,0,0,QUINCY AVENUE 5100 BLOCK WEST & ZENOBIA STREET,1,1,0,0,1,1,,0,25,0,0,0,0,0,4,2,13
,2018_55567,39.639501,-105.0519735,5/11/2018 11:45,11:45,14,0,0,QUINCY AVENUE WEST & ZENOBIA STREET SOUTH,1,1,0,0,1,1,,0,30,0,0,0,0,0,4,2,13
,2018_55568,39.638547,-105.041511,12/19/2018 16:20,16:20,3,0,0,QUINTMAN STREET SOUTH & QUINCY AVENUE WEST,1,2,0,0,1,3,,0,40,0,0,0,0,0,4,2,13
,2018_55569,39.76544282,-105.0404895,12/11/2018 8:00,8:00,5,0,0,QUITMAN STREET & 4270 BLOCK NORTH,1,1,0,0,1,5,,0,15,0,0,0,0,0,4,1,8
,2018_55570,39.719727,-105.040899,5/26/2018 16:05,16:05,3,0,0,QUITMAN STREET NORTH & SECOND AVENUE WEST,1,1,0,0,1,1,,0,25,0,0,0,0,0,4,2,13
,2018_55571,39.693132,-105.041394,8/21/2018 15:24,15:24,3,0,0,QUITMAN STREET SOUTH & LOUISIANA AVENUE WEST,1,1,0,0,1,1,,0,25,0,0,0,0,0,4,2,7
,2018_55572,39.638547,-105.041511,2/10/2018 10:40,10:40,3,0,0,QUITMAN STREET SOUTH & QUINCY AVENUE WEST,4,1,0,2,1,1,,0,30,0,0,0,0,0,4,2,13
,2018_55573,39.638547,-105.041511,2/22/2018 22:32,22:32,3,0,3,QUITMAN STREET SOUTH & QUINCY AVENUE WEST,2,3,0,0,1,1,,0,25,0,0,0,0,1,4,2,13
,2018_55574,39.73504258,-105.0404447,8/2/2018 9:43,9:43,6,0,2,QUITMAN STREET 1200 BLOCK NORTH & RALEIGH STREET,1,1,1,0,1,4,,0,15,0,0,0,0,2,4,2,13
,2018_55575,39.769281,-105.008031,5/9/2018 12:24,12:24,6,0,0,QUIVAS STREET NORTH & 38TH AVENUE WEST,1,1,0,0,1,3,,0,,0,0,0,0,0,4,2,13
,2018_55576,39.783843,-105.0082515,2/7/2018 19:08,19:08,9,0,1,QUIVAS STREET NORTH & 48TH AVENUE WEST,1,3,0,0,1,1,,0,25,0,0,0,0,1,4,2,13
,2018_55577,39.693078,-105.0067215,2/17/2018 18:16,18:16,3,0,0,QUIVAS STREET SOUTH & LOUISIANA AVENUE WEST,1,3,0,0,1,1,,0,25,0,0,0,0,0,4,2,13
,2018_55578,39.735054,-104.963499,3/2/2018 17:21,17:21,3,0,0,RACE STREET NORTH & 12TH AVENUE EAST,1,1,0,0,1,1,,0,30,0,0,0,0,0,4,2,13
,2018_55579,39.78432448,-104.9634838,1/12/2018 8:20,8:20,12,0,0,RACE STREET & 1300 BLOCK NORTH,1,1,0,0,1,2,,0,30,0,0,0,0,0,4,2,13
,2018_55580,39.736827,-104.9634495,4/18/2018 13:13,13:13,3,0,0,RACE STREET NORTH & 13TH AVENUE EAST,1,1,0,0,1,1,,0,30,0,0,0,0,0,4,2,8
,2018_55581,39.738366,-104.963472,7/9/2018 13:03,13:03,1,0,0,RACE STREET NORTH & 14TH AVENUE WEST,1,1,0,0,1,1,,0,25,0,0,0,0,0,4,2,13
,2018_55582,39.741624,-104.9634675,5/13/2018 18:15,18:15,3,0,0,RACE STREET NORTH & 16TH AVENUE EAST,1,2,0,0,1,1,,0,30,0,0,0,0,0,4,2,16
,2018_55583,39.741624,-104.9634675,6/13/2018 12:05,12:05,3,0,0,RACE STREET NORTH & 16TH AVENUE EAST,1,1,0,0,1,1,,0,25,0,0,0,0,0,4,2,13
,2018_55584,39.741624,-104.9634675,12/16/2018 17:00,17:00,3,0,0,RACE STREET NORTH & 16TH AVENUE EAST,1,4,0,0,1,1,,0,30,0,0,0,0,0,4,2,13
,2018_55585,39.78432448,-104.9634838,8/6/2018 14:59,14:59,14,0,0,RACE STREET & 1750 NORTH,1,1,0,0,1,4,,0,25,0,0,0,0,0,4,3,8
,2018_55586,39.744819,-104.9634585,9/7/2018 9:28,9:28,1,0,0,RACE STREET NORTH & 18TH AVENUE EAST,1,1,0,0,1,1,,0,25,0,0,0,0,0,4,2,13
,2018_55587,39.78432448,-104.9634838,8/2/2018 23:00,23:00,6,0,0,RACE STREET & 3050 NORTH,1,3,0,0,1,4,,0,25,0,0,0,0,0,4,2,1
,2018_55588,39.78432448,-104.9634838,7/31/2018 18:41,18:41,5,0,0,RACE STREET & 4700 BLOCK NORTH,1,1,0,0,1,5,,0,10,0,0,0,0,0,4,1,13
,2018_55589,39.725586,-104.963661,6/4/2018 19:00,19:00,5,0,0,RACE STREET 590 NORTH & SIXTH AVENUE EAST,1,1,0,0,5,1,,0,25,0,0,0,0,0,3,1,6
,2018_55590,39.735054,-104.963499,12/5/2018 18:00,18:00,11,0,1,RACE STREET NORTH & 12TH AVENUE EAST,1,3,0,0,1,1,,0,25,0,1,0,0,1,4,2,13
,2018_55591,39.738636,-105.0412995,6/18/2018 7:01,7:01,6,0,0,RALEIGH STREET 1400 BLOCK NORTH & 1400 BLOCK NORTH,2,1,0,0,1,4,,0,25,0,0,0,0,0,4,2,3
,2018_55592,39.73958075,-105.0416685,9/18/2018 17:45,17:45,12,0,1,RALEIGH STREET & 2700 SOUTH,1,1,1,0,1,4,,0,25,0,0,0,0,1,4,3,5
,2018_55593,39.73958075,-105.0416685,8/12/2018 0:01,0:01,6,0,0,RALEIGH STREET & 3800 BLOCK NORTH,1,4,0,0,1,4,,0,25,0,0,0,0,0,4,2,13
,2018_55594,39.76947,-105.041682,6/4/2018 15:12,15:12,1,0,0,RALEIGH STREET NORTH & 38TH AVENUE WEST,1,1,0,0,1,1,,0,25,0,0,0,0,0,4,2,16
,2018_55595,39.76947,-105.041682,10/6/2018 11:15,11:15,3,0,1,RALEIGH STREET NORTH & 38TH AVENUE WEST,1,1,0,0,1,1,,0,25,0,0,0,0,1,4,2,13
,2018_55596,39.787416,-105.0415695,5/9/2018 16:25,16:25,3,0,0,RALEIGH STREET NORTH & 50TH AVENUE WEST,1,1,1,0,1,1,,0,25,0,0,0,0,0,4,2,16
,2018_55597,39.76947,-105.041682,11/2/2018 16:51,16:51,3,0,0,RALEIGH STREET NORTH & 38TH AVENUE WEST,1,1,0,0,1,1,,0,25,0,0,0,0,0,4,2,13
,2018_55598,39.662523,-105.0440715,9/24/2018 16:40,16:40,3,0,1,RALEIGH STREET SOUTH & BATES AVENUE WEST,1,1,1,0,1,1,,0,25,0,0,0,0,1,4,2,4
,2018_55599,39.672846,-105.041709,10/9/2018 15:04,15:04,3,0,0,RALEIGH STREET SOUTH & HARVARD AVENUE WEST,2,1,0,0,1,1,,0,25,0,0,0,0,0,4,2,3
,2018_55600,39.702195,-105.0423615,5/17/2018 11:40,11:40,15,0,0,RALEIGH STREET SOUTH & OHIO AVENUE WEST,1,1,0,0,1,1,,0,25,0,0,0,0,0,4,2,13
,2018_55601,39.7229625,-105.0424088,9/24/2018 12:28,12:28,5,0,0,RALEIGH STREET 300 BLOCK NORTH & STUART STREET ALLEY,1,1,0,0,2,5,,0,,0,0,0,0,0,4,1,9
,2018_55602,39.703464,-105.042393,6/6/2018 12:53,12:53,3,0,0,RALEIGH STREET SOUTH & WALSH PLACE WEST,1,1,0,0,1,1,,0,25,0,0,0,0,0,4,2,13
,2018_55603,39.667725,-105.0417585,3/25/2018 21:50,21:50,3,0,0,RALEIGH STREET SOUTH & YALE AVENUE WEST,1,3,0,0,1,1,,0,30,0,0,0,0,0,4,2,2
,2018_55604,39.667725,-105.0417585,4/30/2018 17:52,17:52,1,0,0,RALEIGH SOUTH & YALE AVENUE WEST,1,1,0,0,1,1,,0,35,0,0,0,0,0,4,2,13
,2018_55605,39.7172925,-104.8960418,6/25/2018 14:10,14:10,15,0,1,RAMPART WAY NORTH & LOWRY BOULEVARD EAST,1,1,0,0,1,6,,0,15,0,0,0,0,1,4,2,7
,2018_55606,39.79754488,-104.8284609,7/21/2018 14:04,14:04,5,0,0,RANDOLPH PLACE & 15002 EAST,1,1,0,0,3,4,,0,25,0,0,0,0,0,4,1,13
,2018_55607,39.797568,-104.82363,9/30/2018 18:48,18:48,3,0,1,RANDOLPH PLACE EAST & BLACKHAWK WAY NORTH,1,2,0,0,1,1,,0,25,0,0,0,0,1,4,2,7
,2018_55608,39.797658,-104.79996,6/12/2018 19:04,19:04,3,0,3,RANDOLPH PLACE EAST & LAREDO STREET NORTH,1,1,0,0,1,1,,0,20,0,0,0,0,1,4,2,13
,2018_55609,39.797559,-104.83074,2/24/2018 11:25,11:25,3,0,0,RANDOLPH PLACE EAST & WORCHESTER STREET NORTH,1,1,0,0,1,1,,0,30,0,0,0,0,0,4,2,13
,2018_55610,39.797541,-104.8280805,10/31/2018 19:33,19:33,15,0,0,RANDOLPH PLACE EAST & YUNA WAY NORTH,1,4,0,0,1,1,,0,25,0,0,0,0,0,4,2,1
,2018_55611,39.688578,-105.008769,7/17/2018 17:23,17:23,6,0,0,RARITAN STREET SOUTH & GUNNISON PLACE WEST,2,1,1,0,1,4,,0,,0,0,0,0,0,4,2,13
,2018_55612,39.688578,-105.008769,9/9/2018 19:35,19:35,6,0,0,RARITAN STREET SOUTH & GUNNISON PLACE WEST,1,4,1,0,1,1,,0,,0,0,0,0,0,4,2,13
,2018_55613,39.796911,-104.8356557,11/14/2018 10:00,10:00,6,0,0,ROBBINS DRIVE & 19415 BLOCK EAST,1,1,0,0,1,4,,0,25,0,0,0,0,0,4,2,13
,2018_55614,39.797109,-104.7688605,1/31/2018 14:42,14:42,6,0,0,ROBINS DRIVE & 18755 EAST ROBINS DRIVE,1,1,0,0,1,4,,0,20,0,0,0,0,0,4,2,13
,2018_55615,39.743793,-104.8999095,8/14/2018 16:01,16:01,3,0,0,ROSEMARY STREET & 17TH AVENUE EAST,1,1,0,0,1,1,,0,20,0,0,0,0,0,4,2,16
,2018_55616,39.754719,-104.9005395,11/30/2018 18:22,18:22,3,0,1,ROSLYN STREET NORTH & 26TH AVENUE EAST,2,1,0,2,1,1,,0,30,0,0,0,0,1,4,2,13
,2018_55617,39.75597,-104.9005395,9/11/2018 16:27,16:27,3,0,0,ROSLYN STREET NORTH & 28TH AVENUE EAST,1,1,0,0,1,1,,0,35,0,0,0,0,0,4,2,7
,2018_55618,39.767436,-104.900841,6/20/2018 14:35,14:35,3,0,0,ROSLYN STREET NORTH & 36TH AVENUE EAST,1,1,0,0,1,1,,0,25,0,0,0,0,0,4,2,16
,2018_55619,39.767436,-104.900841,10/9/2018 11:36,11:36,3,0,0,ROSLYN STREET NORTH & 36TH AVENUE EAST,2,1,0,1,1,1,,0,30,0,0,0,0,0,4,2,1
,2018_55620,39.74442745,-104.9960545,12/9/2018 10:52,10:52,15,0,0,14TH STREET & 400 BLOCK,1,1,0,0,1,4,,0,30,0,0,0,0,0,4,2,3
,2018_55621,39.748941,-105.0012495,11/7/2018 10:09,10:09,15,0,0,14TH STREET & BLAKE STREET,1,1,0,0,1,4,,0,25,0,0,0,0,0,4,2,14
,2018_55622,39.742686,-104.993721,11/18/2018 9:54,9:54,3,0,0,14TH STREET & WELTON STREET,1,1,0,0,1,1,,0,25,0,0,0,0,0,4,3,13
,2018_55623,39.744081,-104.9882805,11/24/2018 16:00,16:00,15,0,0,17TH STREET & TREMONT STREET,1,1,0,0,1,1,,0,25,0,0,0,0,0,4,2,13