id,drcog_id,latitude,longitude,crashtime,time,crashtype,numbkilled,numbinjurd,drcoglocat,rdconditin,lightngcon,roadcntgrd,weatherco,location,roaddescrp,schoolzone,constrzone,splimit,bikeinv,pedinv,sctrinv,motoinv,svrty,rdsystem,ttlvehcls,hcf
,2018_55903,39.779766,-104.931729,3/21/2018 9:11,9:11,12,0,0,STAPLETON DRIVE NORTH & DAHLIA STREET,1,1,0,0,1,3,,0,40,0,0,0,0,0,4,2,14
,2018_55904,39.779766,-104.931729,4/21/2018 7:45,7:45,5,0,0,STAPLETON DRIVE SOUTH & DAHLIA STREET NORTH,2,1,0,2,3,4,,0,45,0,0,0,0,0,4,1,7
,2018_55905,39.779766,-104.931729,5/12/2018 21:40,21:40,15,0,0,STAPLETON DRIVE NORTH & DAHLIA STREET NORTH,1,3,0,0,1,1,,0,35,0,0,0,0,0,4,2,1
,2018_55906,39.778416,-104.924691,5/12/2018 2:38,2:38,12,0,1,STAPLETON SOUTH DRIVE EAST & GRAPE STREET NORTH,2,3,0,1,1,1,,0,40,0,0,0,0,2,4,2,5
,2018_55907,39.703968,-105.0430905,7/26/2018 8:14,8:14,3,0,0,STUART STREET SOUTH & MORRISON ROAD,1,1,0,0,1,1,,0,35,0,0,0,0,0,4,2,16
,2018_55908,39.777993,-104.9223105,1/22/2018 16:04,16:04,3,0,0,STAPLETON DRIVE SOUTH EAST & HOLLY STREET NORTH,1,1,0,0,1,1,,0,30,0,0,0,0,0,4,2,12
,2018_55909,39.778731,-104.9222925,2/27/2018 10:25,10:25,3,0,3,STAPLETON NORTH DRIVE EAST & HOLLY STREET NORTH,1,1,0,0,1,1,,0,30,0,0,0,0,2,4,3,8
,2018_55910,39.778731,-104.9222925,5/7/2018 13:03,13:03,3,0,0,STAPLETON NORTH DRIVE EAST & HOLLY STREET NORTH,1,1,0,0,1,1,,0,30,0,0,0,0,0,4,2,13
,2018_55911,39.777993,-104.9223105,5/23/2018 17:45,17:45,10,0,0,STAPLETON DRIVE EAST & HOLLY STREET NORTH,1,1,0,0,1,1,,0,30,0,0,0,0,0,4,2,8
,2018_55912,39.778731,-104.9222925,8/22/2018 12:56,12:56,3,0,0,STAPLETON NORTH DRIVE EAST & HOLLY STREET NORTH,1,1,0,0,1,1,,0,40,0,0,0,0,0,4,2,13
,2018_55913,39.778731,-104.9222925,10/8/2018 11:59,11:59,10,0,1,STAPLETON NORTH DRIVE EAST & HOLLY STREET NORTH,2,1,0,1,1,1,,0,40,0,0,0,0,2,4,2,13
,2018_55914,39.777993,-104.9223105,12/7/2018 16:09,16:09,3,0,1,STAPLETON SOUTH DRIVE EAST & HOLLY STREET NORTH,1,2,0,0,1,1,,0,35,0,0,0,0,2,4,2,14
,2018_55915,39.778668,-104.9200695,11/13/2018 8:39,8:39,12,0,0,STAPLETON NORTH DRIVE EAST & IVY STREET NORTH,1,1,0,0,1,1,,0,40,0,0,0,0,0,4,2,3
,2018_55916,39.778686,-104.912874,2/23/2018 5:35,5:35,15,0,0,STAPLETON NORTH DRIVE EAST & MONACO STREET NORTH,5,3,0,2,1,1,,0,40,0,0,0,0,0,4,2,14
,2018_55917,39.778686,-104.912874,3/26/2018 9:30,9:30,12,0,0,STAPLETON NORTH DRIVE EAST & MONACO STREET NORTH,1,1,0,0,1,4,,0,35,0,0,0,0,0,4,2,13
,2018_55918,39.778002,-104.912901,4/11/2018 11:05,11:05,3,0,1,STAPLETON DRIVE SOUTH & MONACO PARKWAY,1,1,0,0,1,1,,0,30,0,0,0,0,1,4,2,16
,2018_55919,39.778002,-104.912901,4/22/2018 9:57,9:57,3,0,0,STAPLETON SOUTH DRIVE EAST & MONACO STREET NORTH,1,1,0,0,1,1,,0,30,0,0,0,0,0,4,2,1
,2018_55920,39.778002,-104.912901,10/9/2018 17:47,17:47,3,0,0,STAPLETON SOUTH DRIVE EAST & MONACO STREET NORTH,1,1,0,0,1,1,,0,35,0,0,0,0,0,4,2,14
,2018_55921,39.778686,-104.912874,12/28/2018 8:52,8:52,10,0,0,STAPLETON DRIVE NORTH EAST & MONACO STREET NORTH,1,1,0,0,1,1,,0,35,0,0,0,0,0,4,2,8
,2018_55922,39.779766,-104.931729,5/14/2018 8:02,8:02,12,0,0,STAPLETON SOUTH DRIVE 6666 EAST & STAPLETON SOUTH DRIVE 6666 EAST,1,1,1,0,1,4,,0,35,0,0,0,0,0,4,2,13
,2018_55923,39.738357,-104.94945,6/29/2018 12:00,12:00,3,0,0,STEELE STREET NORTH & 14TH AVENUE EAST,1,1,0,0,1,1,,0,35,0,0,0,0,0,4,2,13
,2018_55924,39.717801,-104.950818,6/7/2018 13:00,13:00,15,0,0,STEELE STREET NORTH & FIRST AVENUE EAST,1,1,0,0,1,3,,0,30,0,0,0,0,0,4,2,13
,2018_55925,39.717801,-104.950818,7/13/2018 20:02,20:02,15,0,0,STEELE STREET NORTH & FIRST AVENUE EAST,1,3,0,0,1,1,,0,30,0,0,0,0,0,4,2,13
,2018_55926,39.717801,-104.950818,10/12/2018 15:33,15:33,3,0,0,STEELE STREET NORTH & FIRST AVENUE EAST,1,1,0,0,1,1,,0,30,0,0,0,0,0,4,2,8
,2018_55927,39.762801,-104.949558,6/18/2018 7:50,7:50,5,0,0,STEELE STREET 3200 & 3200 BLOCK,2,1,0,1,2,1,,0,35,0,0,0,0,0,4,1,13
,2018_55928,39.78877643,-104.9499335,8/24/2018 23:00,23:00,6,0,0,STEELE STREET & 3315 NORTH,1,3,0,0,1,4,,0,20,0,0,0,0,0,4,2,3
,2018_55929,39.768102,-104.949891,1/26/2018 15:45,15:45,12,0,0,STEELE STREET NORTH & 37TH AVENUE EAST,1,1,0,0,1,1,,0,30,0,0,0,0,0,4,2,1
,2018_55930,39.78877643,-104.9499335,5/2/2018 16:29,16:29,12,0,0,STEELE STREET & 4100 BLOCK NORTH,2,1,0,1,1,4,,0,30,0,0,0,0,0,4,2,14
,2018_55931,39.775122,-104.949801,11/19/2018 20:00,20:00,5,0,1,STEELE STREET NORTH & 42ND AVENUE EAST,1,3,1,0,2,4,,0,30,0,0,0,0,2,4,1,5
,2018_55932,39.775122,-104.949801,12/21/2018 16:16,16:16,3,0,1,STEELE STREET NORTH & 42ND AVENUE EAST,1,2,0,0,1,1,,0,25,0,0,0,0,1,4,2,1
,2018_55933,39.78877643,-104.9499335,2/9/2018 2:00,2:00,6,0,0,STEELE STREET & 4300 BLOCK NORTH,1,1,0,0,3,4,,0,,0,0,0,0,0,4,2,13
,2018_55934,39.787677,-104.8949595,7/30/2018 7:30,7:30,6,0,0,TAMARAC STREET NORTH & 49TH DRIVE EAST,1,2,0,0,1,1,,0,25,0,0,0,0,0,4,3,13
,2018_55935,39.78262799,-105.0427589,10/13/2018 0:56,0:56,5,0,0,STUART STREET & 230 NORTH,1,3,0,0,2,4,,0,25,0,0,0,0,0,4,1,9
,2018_55936,39.779982,-104.9499,5/16/2018 12:35,12:35,3,0,2,STEELE STREET NORTH & 46TH AVENUE EAST,1,1,0,0,1,1,,0,35,0,0,0,0,2,4,2,1
,2018_55937,39.78877643,-104.9499335,9/1/2018 18:52,18:52,6,0,0,STEELE STREET & 4944 NORTH,1,1,0,0,1,4,,0,30,0,0,0,0,0,4,2,10
,2018_55938,39.78877643,-104.9499335,7/10/2018 21:49,21:49,6,0,0,STEELE STREET & 723 NORTH,1,4,0,0,1,4,,0,25,0,0,0,0,0,4,2,13
,2018_55939,39.717801,-104.950818,12/3/2018 17:09,17:09,3,0,0,STEELE STREET & FIRST AVENUE EAST,1,3,0,0,1,1,,0,30,0,0,0,0,0,4,2,13
,2018_55940,39.711006,-104.949972,3/2/2018 17:51,17:51,10,0,1,STEELE STREET SOUTH & ALAMEDA AVENUE EAST,1,2,0,0,1,1,,0,25,0,0,0,0,1,4,2,13
,2018_55941,39.716244,-104.9499585,6/7/2018 14:10,14:10,3,0,0,STEELE STREET NORTH & ELLSWORTH AVENUE EAST,1,1,0,0,1,1,,0,30,0,0,0,0,0,4,2,13
,2018_55942,39.716244,-104.9499585,7/9/2018 14:55,14:55,15,0,0,STEELE STREET NORTH & ELLSWORTH AVENUE EAST,1,1,0,0,1,1,,0,30,0,0,0,0,0,4,2,7
,2018_55943,39.716244,-104.9499585,7/23/2018 8:40,8:40,1,0,1,STEELE STREET NORTH & ELLSWORTH AVENUE EAST,1,1,0,0,1,1,,0,35,0,0,0,0,1,4,3,13
,2018_55944,39.689316,-104.9500305,8/10/2018 14:22,14:22,3,0,1,STEELE STREET SOUTH & FLORIDA AVENUE EAST,1,1,0,0,1,1,,0,25,0,0,0,0,1,4,2,13
,2018_55945,39.685698,-104.9500935,6/25/2018 19:30,19:30,3,0,0,STEELE STREET SOUTH & MEXICO AVENUE EAST,1,1,0,0,1,1,,0,25,0,0,0,0,0,4,2,7
,2018_55946,39.685698,-104.9500935,10/15/2018 17:01,17:01,3,0,0,STEELE STREET SOUTH & MEXICO AVENUE EAST,1,1,1,0,1,1,,0,30,0,0,0,0,0,4,2,13
,2018_55947,39.74341805,-104.9965073,11/14/2018 17:27,17:27,12,0,0,STOUT STREET & 1500 BLOCK,1,2,0,0,1,4,,0,30,0,0,0,0,0,4,2,14
,2018_55948,39.744891,-104.99427,3/17/2018 22:13,22:13,3,0,0,STOUT STREET & 15TH STREET,1,3,0,0,1,1,,0,30,0,0,0,0,0,4,2,13
,2018_55949,39.746781,-104.9918085,9/7/2018 16:40,16:40,7,0,0,STOUT STREET & 17TH STREET,1,1,0,0,1,4,,0,10,0,0,0,0,0,4,2,14
,2018_55950,39.747708,-104.9906115,6/29/2018 11:41,11:41,6,0,0,STOUT STREET & 18TH STREET,1,1,0,0,1,4,,0,25,0,0,0,0,0,4,2,14
,2018_55951,39.748653,-104.989419,2/11/2018 12:00,12:00,7,0,0,STOUT STREET & 19TH STREET,4,1,0,0,1,1,,0,30,0,0,0,0,0,4,2,14
,2018_55952,39.753306,-104.9834205,7/11/2018 15:12,15:12,10,0,1,STOUT STREET & 24TH STREET,1,1,0,0,1,1,,0,30,0,0,0,0,1,4,2,8
,2018_55953,39.755196,-104.9809815,4/21/2018 7:26,7:26,3,0,0,STOUT STREET & 26TH STREET,2,1,0,2,1,1,,0,,0,0,0,0,0,4,4,14
,2018_55954,39.755196,-104.9809815,8/18/2018 15:18,15:18,3,0,0,STOUT STREET & 26TH STREET,1,1,0,0,1,1,,0,25,0,0,0,0,0,4,2,13
,2018_55955,39.756132,-104.979771,12/5/2018 9:23,9:23,3,0,0,STOUT STREET & 27TH STREET,1,1,0,0,1,1,,0,30,0,0,0,0,0,4,2,13
,2018_55956,39.75894,-104.976162,11/19/2018 13:58,13:58,3,0,0,STOUT STREET & 30TH STREET,1,1,0,0,1,1,,0,30,0,0,0,0,0,4,2,16
,2018_55957,39.750237,-104.9873985,3/2/2018 10:34,10:34,3,0,0,STOUT STREET & BROADWAY NORTH,1,1,0,0,1,1,,0,25,0,0,0,0,0,4,2,14
,2018_55958,39.750237,-104.9873985,11/1/2018 14:34,14:34,10,0,0,STOUT STREET & BROADWAY STREET NORTH,1,1,0,0,1,1,,0,30,0,0,0,0,0,4,2,8
,2018_55959,39.741426,-104.9988915,6/7/2018 10:26,10:26,15,0,0,STOUT STREET & SPEER BOULEVARD,1,1,0,0,1,1,,0,30,0,0,0,0,0,4,2,13
,2018_55960,39.741426,-104.9988915,6/8/2018 15:40,15:40,3,0,0,STOUT STREET & SPEER BOULEVARD NORTH,1,1,0,0,1,1,,0,35,0,0,0,0,0,4,2,13
,2018_55961,39.741426,-104.9988915,7/3/2018 19:42,19:42,3,0,0,STOUT STREET & SPEER BOULEVARD NORTH,1,1,0,0,1,1,,0,25,0,0,0,0,0,4,2,13
,2018_55962,39.741426,-104.9988915,9/1/2018 13:45,13:45,3,0,1,STOUT STREET & SPEER BOULEVARD SOUTH,1,1,0,0,1,1,,0,35,0,0,0,0,2,4,2,13
,2018_55963,39.741426,-104.9988915,12/31/2018 19:49,19:49,7,0,0,STOUT STREET & SPEER BOULEVARD,1,1,0,0,1,4,,0,25,0,0,0,0,0,4,2,13
,2018_55964,39.769416,-105.042852,5/24/2018 15:47,15:47,3,0,0,STUART STREET NORTH & 38TH AVENUE WEST,1,1,1,0,1,1,,0,25,0,0,0,0,0,4,2,13
,2018_55965,39.704301,-105.0431895,1/15/2018 10:50,10:50,6,0,0,STUART STREET SOUTH & EXPOSITION AVENUE WEST,5,1,0,2,1,1,,0,20,0,0,0,0,0,4,2,1
,2018_55966,39.689496,-105.0431805,8/31/2018 10:59,10:59,3,0,0,STUART STREET SOUTH & FLORIDA AVENUE WEST,1,1,0,0,1,1,,0,25,0,0,0,0,0,4,2,13
,2018_55967,39.703968,-105.0430905,5/22/2018 16:04,16:04,3,0,1,STUART STREET SOUTH & MORRISON ROAD,2,1,0,1,1,1,,0,30,0,0,0,0,2,4,3,7
,2018_55968,39.703968,-105.0430905,9/4/2018 17:30,17:30,1,0,0,STUART STREET SOUTH & MORRISON ROAD,1,1,0,0,1,1,,0,25,0,0,0,0,0,4,2,13
,2018_55969,39.703968,-105.0430905,10/24/2018 22:06,22:06,3,0,1,STUART STREET SOUTH & MORRISON ROAD,1,3,0,0,1,1,,0,30,0,0,0,0,1,4,2,13
,2018_55970,39.67002,-105.04278,4/27/2018 13:02,13:02,5,0,0,STUART STREET 4120 NORTH & STUART STREET 4120 NORTH,1,1,0,0,5,4,,0,,0,0,0,0,0,3,1,13
,2018_55971,39.732885,-104.898771,3/19/2018 8:22,8:22,5,0,0,SYRACUSE STREET NORTH & 11TH AVENUE EAST,5,1,0,0,3,1,,0,30,0,0,0,0,0,4,1,13
,2018_55972,39.735621,-104.898762,1/5/2018 15:45,15:45,3,0,1,SYRACRUSE STREET NORTH & 12TH AVENUE EAST,1,1,0,0,1,1,,0,25,0,0,0,0,1,4,2,1
,2018_55973,39.769353,-104.899698,12/9/2018 16:00,16:00,3,0,0,SYRACUSE STREET & 38TH AVENUE EAST,1,1,0,0,1,1,,0,25,0,0,0,0,0,4,2,7
,2018_55974,39.720789,-104.894199,1/5/2018 16:54,16:54,3,0,0,SYRACRUSE STREET NORTH & ACAEDMY PARKWAY / SPRUCE STREET,1,1,0,0,1,1,,0,30,0,0,0,0,0,4,2,13
,2018_55975,39.76011,-104.8990185,11/19/2018 10:42,10:42,3,0,0,SYRACUSE STREET NORTH & MLK BOULEVARD,1,1,0,0,1,1,,0,25,0,0,0,0,0,4,3,8
,2018_55976,39.747429,-104.898771,5/10/2018 15:19,15:19,12,0,1,SYRACUSE STREET NORTH & MONTVIEW BOULEVARD,1,1,0,0,1,1,,0,30,0,0,0,0,2,4,3,1
,2018_55977,39.645252,-104.900301,7/9/2018 20:49,20:49,12,0,0,SYRACUSE WAY SOUTH & ROSEMARY WAY SOUTH,1,2,0,0,1,1,,0,25,0,0,0,0,0,4,2,5
,2018_55978,39.728736,-104.898879,4/24/2018 22:11,22:11,5,0,0,SYRACUSE STREET NORTH & SEVERN DRIVE EAST,1,3,0,0,4,1,,0,25,0,0,0,0,0,4,1,1
,2018_55979,39.628008,-104.899941,3/8/2018 17:20,17:20,1,0,1,SYRACUSE STREET SOUTH & UNION AVENUE EAST,1,2,0,0,1,1,,0,35,0,0,0,0,1,4,2,13
,2018_55981,39.654279,-104.8988205,12/21/2018 19:26,19:26,10,0,0,TAMARAC DRIVE SOUTH & GIRARD AVENUE EAST,1,2,0,0,1,1,,0,30,0,0,0,0,0,4,2,8
,2018_55982,39.649761,-104.898294,1/15/2018 7:29,7:29,3,0,0,TAMARAC DRIVE SOUTH & JEFFERSON AVENUE EAST,5,1,1,2,1,1,,0,25,0,0,0,0,0,4,2,14
,2018_55983,39.638664,-104.89266,1/3/2018 11:39,11:39,3,0,0,TAMARAC STREET SOUTH & QUINCY AVENUE EAST,1,1,0,0,1,1,,0,35,0,0,0,0,0,4,2,12
,2018_55984,39.638664,-104.89266,1/11/2018 7:30,7:30,12,0,1,TAMARAC DRIVE SOUTH & QUINCY AVENUE EAST,1,1,0,0,1,3,,0,35,0,0,0,0,1,4,2,13
,2018_55985,39.638664,-104.89266,7/10/2018 6:55,6:55,3,0,0,TAMARAC STREET & QUINCY AVENUE EAST,1,1,0,0,1,1,,0,35,0,0,0,0,0,4,2,3
,2018_55986,39.638664,-104.89266,9/11/2018 18:07,18:07,1,0,0,TAMARAC DRIVE SOUTH & QUINCY AVENUE EAST,1,1,0,0,1,1,,0,25,0,0,0,0,0,4,2,13
,2018_55987,39.638664,-104.89266,12/4/2018 13:27,13:27,1,0,0,TAMARAC STREET SOUTH & QUINCY AVENUE EAST,1,1,1,0,1,1,,0,35,0,0,0,0,0,4,2,13
,2018_55988,39.63014024,-105.0322154,3/4/2018 4:15,4:15,5,0,0,TANFORAN DRIVE & 8705 WEST,1,3,0,0,3,4,,0,30,0,0,0,0,0,4,1,1
,2018_55989,39.760803,-105.0111405,7/17/2018 16:25,16:25,15,0,1,TEJON STREET NORTH & 31ST AVENUE WEST,1,1,0,0,1,1,,0,30,0,0,0,0,1,4,2,13
,2018_55990,39.71879703,-105.0108279,3/12/2018 19:04,19:04,6,0,0,TEJON STREET & 860 SOUTH,1,2,0,0,3,4,,0,,0,0,0,0,0,4,2,13
,2018_55991,39.769281,-105.01119,11/8/2018 10:58,10:58,12,0,0,TEJON STREET NORTH & 38TH AVENUE WEST,1,1,0,0,1,1,,0,35,0,0,0,0,0,4,2,13
,2018_55992,39.712149,-105.011019,9/12/2018 18:58,18:58,12,0,0,TEJON STREET SOUTH & BYERS PLACE WEST,1,1,0,0,1,1,,0,25,0,0,0,0,0,4,2,3
,2018_55993,39.682287,-105.011019,6/25/2018 21:50,21:50,12,0,0,TEJON STREET SOUTH & JEWELL AVENUE WEST,1,4,0,0,1,1,,0,40,0,0,0,0,0,4,2,13
,2018_55994,39.693096,-105.01173,2/21/2018 7:25,7:25,12,0,0,TEJON STREET SOUTH & LOUISIANA AVENUE WEST,4,1,1,0,1,3,,0,25,0,0,0,0,0,4,2,7
,2018_55995,39.782115,-104.78196,2/9/2018 7:45,7:45,10,0,0,TELLURIDE STREET NORTH & 47TH AVENUE EAST,1,1,0,0,1,3,,0,25,0,0,0,0,0,4,2,13
,2018_55996,39.69839669,-104.9611341,9/1/2018 13:50,13:50,6,0,0,TENNESSEE AVENUE & 2220 EAST,1,1,0,0,1,4,,0,25,0,0,0,0,0,4,2,13
,2018_55997,39.69839669,-104.9611341,11/8/2018 23:29,23:29,5,0,0,TENNESSEE AVENUE & 2800 BLOCK WEST,1,3,0,0,3,1,,0,25,0,0,0,0,0,4,1,9
,2018_55998,39.69836743,-104.910469,6/9/2018 16:40,16:40,15,0,0,TENNESSEE AVENUE 6700 BLOCK EAST & 6700 BLOCK EAST,1,1,0,0,1,4,,0,30,0,0,0,0,0,4,2,7
,2018_55999,39.698586,-105.02271,6/21/2018 13:00,13:00,3,0,0,TENNESSEE AVENUE WEST & DECATUR STREET SOUTH,1,1,0,0,1,1,,0,25,0,0,0,0,0,4,2,13
,2018_56000,39.698424,-104.9769405,10/3/2018 8:44,8:44,3,0,0,TENNESSEE AVENUE EAST & EMERSON STREET SOUTH,1,1,0,0,1,3,,0,25,0,0,0,0,0,4,2,13
,2018_56001,39.698424,-104.9769405,10/10/2018 13:37,13:37,3,0,1,TENNESSEE AVENUE EAST & EMERSON STREET SOUTH,2,1,1,0,1,1,,0,25,0,0,0,0,1,4,2,8
,2018_56002,39.698496,-104.995638,10/22/2018 12:28,12:28,15,0,0,TENNESSEE AVENUE 700 BLOCK WEST & GALAPAGO STREET SOUTH,1,1,0,0,1,4,,0,25,0,0,0,0,0,4,2,13
,2018_56003,39.69846,-104.912919,2/12/2018 12:20,12:20,3,0,0,TENNESSEE AVENUE EAST & MONACO STREET SOUTH,1,1,0,0,1,1,,0,25,0,0,0,0,0,4,2,10
,2018_56004,39.698406,-104.979222,8/1/2018 8:50,8:50,3,0,0,TENNESSEE AVENUE EAST & WASHINGTON STREET SOUTH,1,1,0,0,1,1,,0,25,0,0,0,0,0,4,2,13
,2018_56005,39.766653,-105.0440175,8/22/2018 16:57,16:57,6,0,1,TENNYSON STREET NORTH & 36TH AVENUE WEST,1,1,0,0,1,1,,0,30,0,0,0,0,2,4,2,12
,2018_56006,39.778497,-105.043752,5/10/2018 17:19,17:19,15,0,0,TENNYSON STREET 4500 BLOCK NORTH & 45TH AVENUE WEST,1,1,1,0,1,4,,0,30,0,0,0,0,0,4,2,13
,2018_56007,39.787434,-105.043941,12/29/2018 16:26,16:26,3,0,1,TENNYSON STREET NORTH & 50TH AVENUE WEST,1,1,1,0,1,1,,0,30,0,0,0,0,1,4,2,5
,2018_56008,39.762108,-105.0440085,11/15/2018 16:37,16:37,6,0,0,TENNYSON STREET NORTH & 32ND AVENUE WEST,1,2,0,0,1,1,,0,30,0,0,0,0,0,4,2,13
,2018_56009,39.684708,-105.044238,6/23/2018 22:30,22:30,3,0,0,TENNYSON STREET SOUTH & COLORADO AVENUE WEST,1,3,1,0,1,1,,0,25,0,0,0,0,0,4,2,13
,2018_56010,39.689523,-105.044238,5/5/2018 10:14,10:14,15,0,0,TENNYSON STREET SOUTH & FLORIDA AVENUE WEST,1,1,0,0,1,1,,0,25,0,0,0,0,0,4,2,13
,2018_56011,39.688209,-105.044229,8/31/2018 17:26,17:26,12,0,1,TENNYSON STREET SOUTH & IOWA AVENUE WEST,1,1,0,0,1,4,,0,25,0,0,0,0,1,4,2,3
,2018_56012,39.696741,-105.043698,8/15/2018 7:58,7:58,3,0,0,TENNYSON STREET SOUTH & MISSISSIPPI AVENUE WEST,1,1,0,0,1,1,,0,25,0,0,0,0,0,4,2,13
,2018_56013,39.698586,-105.043752,8/10/2018 17:23,17:23,10,0,0,TENNYSON STREET SOUTH & TENNESSEE AVENUE WEST,1,1,0,0,1,1,,0,25,0,0,0,0,0,4,2,3
,2018_56014,39.80732725,-104.88123,3/6/2018 21:50,21:50,12,0,0,TITAN ROAD NORTH & 61ST AVENUE EAST,1,3,0,0,1,1,,0,25,0,0,0,0,0,4,2,5
,2018_56015,39.785742,-104.838498,1/16/2018 18:02,18:02,3,0,0,TITAN COURT NORTH & ANDREWS DRIVE EAST,1,3,0,0,1,1,,0,35,0,0,0,0,0,4,2,14
,2018_56016,39.778002,-104.7722715,3/3/2018 2:10,2:10,1,0,1,TOWER ROAD NORTH & 45TH AVENUE EAST,1,3,0,0,1,1,,0,40,0,0,0,0,1,4,2,5
,2018_56017,39.778002,-104.7722715,3/23/2018 21:50,21:50,1,0,4,TOWER ROAD NORTH & 45TH AVENUE EAST,1,1,0,0,1,1,,0,10,0,0,0,0,2,4,2,13
,2018_56019,39.781791,-104.772258,1/12/2018 17:59,17:59,1,0,0,TOWER ROAD NORTH & 47TH AVENUE EAST,1,2,0,0,1,1,,0,45,0,0,0,0,0,4,2,13
,2018_56020,39.785886,-104.77224,12/20/2018 8:08,8:08,1,0,1,TOWER ROAD NORTH & 49TH AVENUE EAST,1,1,0,0,1,1,,0,25,0,0,0,0,2,4,3,14
,2018_56021,39.77395588,-104.772078,2/11/2018 19:23,19:23,15,0,0,TOWER ROAD & 5200 BLOCK NORTH,1,4,0,0,1,4,,0,40,0,0,0,0,0,4,2,1
,2018_56022,39.812877,-104.7722085,5/4/2018 11:35,11:35,15,0,0,TOWER ROAD NORTH & 64TH AVENUE EAST,1,1,0,0,1,1,,0,,0,0,0,0,0,4,2,13
,2018_56023,39.798243,-104.7721815,4/25/2018 9:41,9:41,15,0,0,TOWER ROAD NORTH & 56TH AVENUE EAST,1,1,0,0,1,1,,0,45,0,0,0,0,0,4,2,13
,2018_56024,39.798243,-104.7721815,7/18/2018 6:05,6:05,1,0,1,TOWER ROAD NORTH & 56TH AVENUE EAST,1,1,0,0,1,1,,0,40,0,0,0,0,1,4,2,2
,2018_56025,39.798243,-104.7721815,8/11/2018 17:56,17:56,3,0,1,TOWER ROAD NORTH & 56TH AVENUE EAST,1,1,0,0,1,1,,0,40,0,0,0,0,1,4,3,13
,2018_56026,39.77395588,-104.772078,8/21/2018 7:55,7:55,12,0,0,TOWER ROAD & 5910 NORTH,1,1,0,0,1,4,,0,40,0,0,0,0,0,4,2,13
,2018_56027,39.80453997,-104.8804827,8/23/2018 6:38,6:38,3,0,0,TOWER ROAD NORTH & 59TH AVENUE EAST,1,1,0,0,1,1,,0,25,0,0,0,0,0,4,2,13
,2018_56028,39.807324,-104.7721995,6/17/2018 6:12,6:12,12,0,0,TOWER ROAD NORTH & 61ST AVENUE EAST,1,1,0,0,1,3,,0,45,0,0,0,0,0,4,3,2
,2018_56029,39.807324,-104.7721995,9/10/2018 13:30,13:30,1,0,0,TOWER ROAD NORTH & 61ST STREET EAST,1,1,0,0,1,1,,0,45,0,0,0,0,0,4,2,13
,2018_56030,39.77395588,-104.772078,5/18/2018 10:35,10:35,5,0,0,TOWER ROAD & 6290 NORTH,1,1,0,0,3,3,,0,45,0,0,0,0,0,4,1,1
,2018_56031,39.77395588,-104.772078,10/26/2018 21:50,21:50,15,0,0,TOWER ROAD & 6800 BLOCK NORTH,1,3,0,0,1,4,,0,40,0,0,0,0,0,4,2,5
,2018_56032,39.823398,-104.771853,1/18/2018 17:56,17:56,14,0,0,TOWER ROAD NORTH & 70TH AVENUE EAST,1,3,0,0,1,1,,0,45,0,0,0,0,0,4,2,8
,2018_56033,39.825504,-104.771961,12/26/2018 10:19,10:19,12,0,0,TOWER ROAD NORTH & 71ST AVENUE EAST,1,1,0,0,1,1,,0,40,0,0,0,0,0,4,2,4
,2018_56034,39.77395588,-104.772078,8/17/2018 10:30,10:30,12,0,1,TOWER ROAD & 7200 BLOCK NORTH,1,1,0,0,1,4,,0,45,0,0,0,0,1,4,6,13
,2018_56035,39.77395588,-104.772078,1/21/2018 6:30,6:30,14,0,0,TOWER ROAD & 8100 BLOCK NORTH TOWER ROAD,4,2,1,2,1,4,,0,45,0,0,0,0,0,4,2,5
,2018_56036,39.774636,-104.772078,11/23/2018 5:45,5:45,3,0,0,TOWER ROAD NORTH & 43RD AVENUE EAST,1,2,0,0,1,1,,0,40,0,0,0,0,0,4,2,13
,2018_56037,39.778002,-104.7722715,12/2/2018 20:07,20:07,1,0,1,TOWER ROAD NORTH & 45TH AVENUE EAST,1,3,0,0,1,1,,0,40,0,0,0,0,2,4,2,13
,2018_56038,39.781791,-104.772258,11/20/2018 14:28,14:28,1,0,0,TOWER ROAD NORTH & 47TH AVENUE EAST,1,1,0,0,1,1,,0,35,0,0,0,0,0,4,2,13
,2018_56039,39.792591,-104.7721995,1/1/2018 14:30,14:30,3,0,1,TOWER ROAD NORTH & ELEMENDORF DRIVE EAST,1,1,0,0,1,1,,0,40,0,0,0,0,1,4,2,13
,2018_56040,39.792591,-104.7721995,2/20/2018 17:04,17:04,3,0,0,TOWER ROAD NORTH & ELMENDORF DRIVE EAST,10,2,0,0,1,3,,0,25,0,0,0,0,0,4,2,7
,2018_56041,39.783609,-104.772222,1/18/2018 16:30,16:30,10,0,0,TOWER ROAD NORTH & GREEN VALLEY RANCH BOULEVARD,1,2,0,0,1,3,,0,40,0,0,0,0,0,4,2,13
,2018_56042,39.783609,-104.772222,3/20/2018 7:51,7:51,12,0,1,TOWER ROAD NORTH & GREEN VALLEY RANCH BOULEVARD,1,1,0,0,1,1,,0,35,0,0,0,0,1,4,2,13
,2018_56043,39.783609,-104.772222,4/6/2018 6:25,6:25,1,0,0,TOWER ROAD NORTH & GREEN VALLEY RANCH BOULEVARD,1,2,0,0,1,1,,0,45,0,0,0,0,0,4,2,13