id,drcog_id,latitude,longitude,crashtime,time,crashtype,numbkilled,numbinjurd,drcoglocat,rdconditin,lightngcon,roadcntgrd,weatherco,location,roaddescrp,schoolzone,constrzone,splimit,bikeinv,pedinv,sctrinv,motoinv,svrty,rdsystem,ttlvehcls,hcf
,2018_56180,39.772953,-105.0451605,6/6/2018 11:50,11:50,3,0,0,UTICA STREET NORTH & 41ST AVENUE WEST,1,1,0,0,1,1,,0,25,0,0,0,0,0,4,2,8
,2018_56181,39.772953,-105.0451605,8/3/2018 13:49,13:49,3,0,3,UTICA STREET NORTH & 41ST AVENUE WEST,1,1,1,0,1,1,,0,25,0,0,0,0,1,4,2,13
,2018_56182,39.77096965,-105.0451409,9/3/2018 3:00,3:00,6,0,0,UTICA STREET & 427 SOUTH,1,3,1,0,1,4,,0,25,0,0,0,0,0,4,2,5
,2018_56183,39.77096965,-105.0451409,9/21/2018 12:47,12:47,15,0,0,UTICA STREET & 4300 NORTH,1,1,2,0,1,3,,0,25,0,0,0,0,0,4,2,14
,2018_56184,39.716568,-105.0444315,5/18/2018 10:00,10:00,6,0,0,UTICA STREET & 800 BLOCK NORTH UTICA STREET,1,3,1,0,1,2,,0,15,0,0,0,0,0,4,2,13
,2018_56185,39.682251,-105.0452235,4/5/2018 15:53,15:53,3,0,0,UTICA STREET SOUTH & JEWELL AVENUE WEST,1,1,0,0,1,1,,0,25,0,0,0,0,0,4,2,7
,2018_56186,39.793959,-104.835672,2/16/2018 16:21,16:21,5,0,0,UVALDA STREET NORTH & LACKLAND DRIVE EAST 13094,1,1,0,0,2,3,,0,,0,0,0,0,0,4,1,13
,2018_56187,39.794688,-104.83542,6/9/2018 13:24,13:24,10,0,0,UVALDA STREET NORTH & MAXWELL PLACE EAST,1,1,0,0,1,1,,0,30,0,0,0,0,0,4,2,13
,2018_56188,39.758427,-105.0131565,3/28/2018 17:30,17:30,3,0,0,VALLEJO STREET NORTH & 29TH AVENUE WEST,2,1,1,2,1,1,,1,25,0,0,0,0,0,4,2,8
,2018_56189,39.720231,-105.01317,8/8/2018 15:52,15:52,15,0,0,VALLEJO STREET NORTH & SECOND AVENUE WEST,1,1,0,0,1,1,,0,25,0,0,0,0,0,4,2,12
,2018_56190,39.702546,-105.013332,12/19/2018 7:56,7:56,5,0,0,VALLEJO STREET SOUTH & OHIO AVENUE WEST,1,1,0,0,2,4,,0,25,0,0,0,0,0,4,1,5
,2018_56191,39.780126,-104.9535405,5/25/2018 14:54,14:54,15,0,0,VAQUEZ BOULEVARD NORTH & 46TH AVENUE EAST,1,1,0,0,1,1,,0,30,0,0,0,0,0,4,2,8
,2018_56192,39.780126,-104.9535405,1/12/2018 13:48,13:48,3,0,1,VASQUEZ BOULEVARD NORTH  & 46TH AVENUE EAST,1,1,0,0,1,1,,0,40,0,0,0,0,1,4,2,3
,2018_56193,39.781908,-104.949972,9/6/2018 17:48,17:48,6,0,1,VASQUEZ BOULEVARD NORTH & 47TH AVENUE EAST,1,1,0,0,1,3,,0,35,0,0,0,1,1,4,3,13
,2018_56194,39.79685328,-104.8333912,7/20/2018 22:10,22:10,6,0,0,VAUGHN STREET & 5201 NORTH,1,4,0,0,1,4,,0,25,0,0,0,0,0,4,2,13
,2018_56195,39.634434,-104.886507,9/3/2018 1:00,1:00,6,0,0,VERBENA STREET & 1200 BLOCK NORTH,1,4,0,0,1,4,,0,25,0,0,0,0,0,4,3,14
,2018_56196,39.634434,-104.886507,5/9/2018 16:44,16:44,6,0,0,VERBENA STREET & 1500 BLOCK,1,1,0,0,1,4,,0,25,0,0,0,0,0,4,2,13
,2018_56197,39.634434,-104.886507,7/14/2018 0:00,0:00,6,0,0,VERBENA STREET & 1500 BLOCK NORTH,1,3,0,0,1,4,,0,25,0,0,0,0,0,4,2,13
,2018_56198,39.794571,-104.8884705,6/17/2018 11:50,11:50,12,0,0,VERBENA STREET NORTH & 54TH AVENUE EAST,1,1,0,0,1,3,,0,25,0,0,0,0,0,4,2,13
,2018_56199,39.78205649,-104.96241,11/30/2018 11:49,11:49,6,0,0,VINE STREET & 1500 BLOCK NORTH,1,1,0,0,1,4,,0,25,0,0,0,0,0,4,2,13
,2018_56200,39.78205649,-104.96241,1/13/2018 17:00,17:00,6,0,0,VINE STREET & 1500 BLOCK NORTH,1,2,0,0,1,4,,0,25,0,0,0,0,0,4,2,14
,2018_56201,39.741597,-104.962239,3/17/2018 13:00,13:00,3,0,0,VINE STREET NORTH & 16TH AVENUE EAST,1,1,0,0,1,1,,0,30,0,0,0,0,0,4,2,13
,2018_56202,39.78205649,-104.96241,4/7/2018 21:10,21:10,6,0,1,VINE STREET & 3600 BLOCK NORTH,1,3,0,0,1,4,,0,30,0,0,0,0,1,4,2,12
,2018_56203,39.707523,-105.019209,5/11/2018 16:15,16:15,3,0,0,VIRGINIA AVENUE WEST & CANOSA COURT SOUTH,1,1,0,0,1,1,,0,25,0,0,0,0,0,4,2,3
,2018_56204,39.707496,-105.0226785,3/29/2018 13:27,13:27,3,0,0,VIRGINIA AVENUE WEST & DECATUR STREET SOUTH,1,1,0,0,1,1,,0,25,0,0,0,0,0,4,2,13
,2018_56205,39.707496,-105.0226785,4/17/2018 16:55,16:55,3,0,0,VIRGINIA AVENUE WEST & DECATUR STREET SOUTH,1,1,0,0,1,1,,0,25,0,0,0,0,0,4,2,7
,2018_56206,39.707496,-105.0226785,12/24/2018 11:47,11:47,3,0,0,VIRGINIA AVENUE WEST & DECATUR STREET SOUTH,1,1,0,0,1,1,,0,30,0,0,0,0,0,4,2,16
,2018_56207,39.707478,-104.973381,6/20/2018 14:22,14:22,3,0,0,VIRGINIA AVENUE EAST & DOWNING STREET SOUTH,1,1,0,0,1,1,,0,30,0,0,0,0,0,4,2,13
,2018_56208,39.707478,-104.968701,7/29/2018 17:46,17:46,3,0,0,VIRGINIA AVENUE EAST & FRANKLIN STREET SOUTH,1,1,1,0,1,1,,0,25,0,0,0,0,0,4,2,16
,2018_56209,39.707226,-104.8683015,1/31/2018 22:04,22:04,3,0,1,VIRGINIA AVENUE EAST & GALENA WAY SOUTH,1,4,0,0,1,1,,0,35,0,0,0,0,2,4,2,3
,2018_56210,39.707667,-105.0275295,5/15/2018 7:46,7:46,3,0,0,VIRGINIA AVENUE WEST & HAZEL COURT SOUTH,1,1,0,0,1,1,,0,25,0,0,0,0,0,4,2,13
,2018_56211,39.707505,-104.98635,1/27/2018 8:30,8:30,3,0,0,VIRGINIA AVENUE EAST & LINCOLN STREET SOUTH,1,1,0,0,1,1,,0,30,0,0,0,0,0,4,2,13
,2018_56212,39.707505,-104.98635,8/12/2018 14:32,14:32,1,0,0,VIRGINIA AVENUE EAST & LINCOLN STREET SOUTH,1,1,0,0,1,1,,0,30,0,0,0,0,0,4,2,8
,2018_56213,39.707541,-105.00156,3/22/2018 19:45,19:45,12,0,1,VIRGINIA AVENUE WEST & LIPAN STREET SOUTH,1,4,0,0,1,1,,0,25,0,0,0,0,1,4,2,13
,2018_56214,39.707541,-105.00156,5/7/2018 15:50,15:50,3,0,0,VIRGINIA AVENUE WEST & LIPAN STREET SOUTH,1,1,1,0,1,1,,0,25,0,0,0,0,0,4,2,13
,2018_56215,39.707541,-105.00156,5/31/2018 14:30,14:30,3,0,0,VIRGINIA AVENUE WEST & LIPAN STREET SOUTH,1,1,0,0,1,1,,0,,0,0,0,0,0,4,2,13
,2018_56216,39.707541,-105.00156,12/7/2018 14:42,14:42,3,0,0,VIRGINA AVENUE WEST & LIPAN STREET SOUTH,1,1,0,0,1,1,,0,25,0,0,0,0,0,4,2,3
,2018_56217,39.707487,-104.9129415,8/7/2018 8:20,8:20,12,0,1,VIRGINIA AVENUE EAST & MONACO STREET SOUTH,1,1,0,0,1,1,,0,35,0,0,0,0,1,4,2,13
,2018_56218,39.70755,-105.0038505,6/24/2018 3:40,3:40,6,0,0,VIRGINIA AVENUE WEST & NAVAJO STREET SOUTH,1,3,0,0,1,1,,0,25,0,0,0,0,0,4,2,13
,2018_56219,39.707577,-105.0074325,2/12/2018 6:01,6:01,3,0,0,VIRGINIA AVENUE WEST & QUIVAS STREET SOUTH,5,3,1,0,1,1,,0,25,0,0,0,0,0,4,2,13
,2018_56221,39.707568,-105.0086205,2/4/2018 22:21,22:21,3,0,0,VIRGINIA AVENUE WEST & RARITAN STREET SOUTH,1,4,0,0,1,1,,0,25,0,0,0,0,0,4,2,13
,2018_56222,39.707487,-104.9593185,1/11/2018 17:18,17:18,12,0,0,VIRGINIA AVENUE EAST & UNIVERSITY BOULEVARD SOUTH,1,3,0,0,1,1,,0,30,0,0,0,0,0,4,3,13
,2018_56223,39.707487,-104.9593185,2/22/2018 9:35,9:35,12,0,0,VIRGINIA AVENUE EAST & UNIVERSITY BOULEVARD SOUTH,1,1,0,0,1,1,,0,30,0,0,0,0,0,4,2,13
,2018_56224,39.707487,-104.9593185,3/29/2018 7:55,7:55,3,0,0,VIRGINIA AVENUE EAST & UNIVERSITY BOULEVARD SOUTH,1,1,0,0,1,1,,0,25,0,0,0,0,0,4,2,13
,2018_56225,39.77441548,-105.0463046,9/13/2018 19:34,19:34,1,0,0,VRAIN STREET & 700 BLOCK SOUTH,1,2,1,0,1,1,,0,25,0,0,0,0,0,4,2,14
,2018_56226,39.77441548,-105.0463046,10/18/2018 8:52,8:52,5,0,0,VRAIN STREET 773 SOUTH & PRIVATE PROPERTY,1,1,0,0,2,4,,0,25,0,0,0,0,0,4,1,1
,2018_56227,39.791025,-105.005142,5/13/2018 17:06,17:06,3,0,0,52ND AVENUE WEST & OSAGE STREET NORTH,1,1,0,0,1,1,,0,25,0,0,0,0,0,4,2,8
,2018_56228,39.62988,-105.087042,2/15/2018 13:56,13:56,12,0,0,WADSWORTH WAY SOUTH & LAYTON AVENUE WEST,1,1,0,0,1,1,,0,45,0,0,0,0,0,4,2,3
,2018_56229,39.777993,-104.776632,2/20/2018 9:00,9:00,5,0,0,WALDEN COURT 4496 NORTH & 45TH AVENUE EAST,4,1,0,2,3,1,,0,25,0,0,0,0,0,4,1,14
,2018_56230,39.757338,-104.9886585,9/18/2018 9:50,9:50,10,0,0,WALNUT STREET & 24TH STREET,1,1,0,0,1,1,,0,25,0,0,0,0,0,4,2,13
,2018_56231,39.7611,-104.9837895,4/16/2018 21:25,21:25,10,0,0,WALNUT STREET & 28TH STREET,1,3,0,0,1,1,,0,30,0,0,0,0,0,4,2,8
,2018_56232,39.762027,-104.9826015,2/10/2018 18:08,18:08,10,0,1,WALNUT STREET & 29TH STREET,4,3,0,2,1,1,,0,30,0,0,0,0,1,4,2,13
,2018_56233,39.762027,-104.9826015,7/11/2018 12:54,12:54,3,0,0,WALNUT STREET & 29TH STREET,1,1,0,0,1,1,,0,25,0,0,0,0,0,4,2,13
,2018_56234,39.74629034,-105.0052044,3/24/2018 0:05,0:05,6,0,0,WALNUT STREET & 3000 BLOCK,1,3,0,0,1,4,,0,,0,0,0,0,0,4,2,13
,2018_56235,39.74629034,-105.0052044,6/2/2018 15:50,15:50,10,0,0,WALNUT STREET & 3001 BLOCK,1,1,0,0,1,1,,0,25,0,0,0,0,0,4,2,8
,2018_56236,39.763881,-104.9801895,1/28/2018 15:06,15:06,14,0,0,WALNUT STREET & 31ST STREET,1,1,0,0,1,1,,0,30,0,0,0,0,0,4,2,8
,2018_56237,39.764826,-104.9789835,6/7/2018 8:54,8:54,3,0,0,WALNUT STREET & 32ND STREET,1,1,0,0,1,1,,0,25,0,0,0,0,0,4,2,13
,2018_56238,39.764826,-104.9789835,6/22/2018 20:32,20:32,3,0,0,WALNUT STREET & 32ND STREET,1,2,0,0,1,1,,0,30,0,0,0,0,0,4,2,1
,2018_56239,39.764826,-104.9789835,9/9/2018 18:17,18:17,3,0,0,WALNUT STREET & 32ND STREET,1,1,0,0,1,1,,0,30,0,0,0,0,0,4,2,1
,2018_56240,39.74629034,-105.0052044,6/6/2018 15:40,15:40,6,0,0,WALNUT STREET & 3700 BLOCK,1,1,0,0,1,4,,0,25,0,0,0,0,0,4,2,13
,2018_56241,39.74629034,-105.0052044,9/9/2018 23:12,23:12,12,0,0,WALNUT STREET & 3700 BLOCK,1,3,0,0,1,4,,0,30,0,0,0,0,0,4,2,14
,2018_56242,39.770262,-104.9719725,1/9/2018 13:55,13:55,10,0,0,WALNUT STREET & 38TH STREET / MARION STREET INTCH,1,1,0,0,1,1,,1,,0,0,0,0,0,4,2,13
,2018_56243,39.770262,-104.9719725,2/25/2018 20:54,20:54,1,0,0,WALNUT STREET & 38TH STREET,1,3,0,0,1,1,,0,30,0,0,0,0,0,4,2,8
,2018_56244,39.797559,-104.831622,11/16/2018 16:48,16:48,5,0,0,WHEELING STREET NORTH & RANDOLPH PLACE EAST,1,1,0,0,2,1,,0,25,0,0,0,0,0,4,1,1
,2018_56245,39.74270892,-105.0131897,8/2/2018 16:58,16:58,3,0,1,WALNUT STREET WEST & AURARIA PARKWAY,1,1,1,0,1,1,,0,30,0,0,0,0,2,4,2,7
,2018_56246,39.75831,-104.9874615,6/21/2018 17:58,17:58,3,0,0,WALNUT STREET & BROADWAY NORTH,1,1,0,0,1,1,,0,35,0,0,0,0,0,4,2,3
,2018_56247,39.767607,-104.975361,12/20/2018 20:06,20:06,3,0,0,WALNUT STREET & 35TH STREET,1,3,0,0,1,1,,0,30,0,0,0,0,0,4,2,14
,2018_56248,39.74629034,-105.0052044,4/18/2018 16:09,16:09,6,0,0,WALNUT STREET 3500 BLOCK & WALNUT STREET 3500 BLOCK,1,1,0,0,1,4,,0,,0,0,0,0,0,4,2,13
,2018_56249,39.703122,-105.029802,8/29/2018 17:07,17:07,3,0,1,WALSH PLACE WEST & IRVING STREET SOUTH,1,1,0,1,1,1,,0,30,0,0,0,0,1,4,2,16
,2018_56250,39.70960694,-104.9863905,10/7/2018 18:26,18:26,12,0,0,WALSH PLACE EAST & LINCOLN STREET SOUTH,2,3,0,1,1,1,,0,35,0,0,0,0,0,4,2,13
,2018_56251,39.676617,-104.9385105,11/25/2018 22:55,22:55,6,0,0,WARREN AVENUE EAST & ASH STREET SOUTH,5,3,0,0,1,4,,0,25,0,0,0,0,0,4,2,13
,2018_56252,39.736863,-104.9787,7/9/2018 22:00,22:00,3,0,0,WASHINGTON STREET NORTH & 13TH AVENUE EAST,1,3,0,0,1,1,,0,30,0,0,0,0,0,4,2,8
,2018_56253,39.676707,-104.9876595,2/11/2018 8:39,8:39,3,0,0,WARREN AVENUE WEST & BROADWAY STREET SOUTH,4,1,0,0,1,1,,0,,0,0,0,0,0,4,2,13
,2018_56254,39.676788,-105.02271,2/10/2018 10:53,10:53,3,0,0,WARREN AVENUE WEST & DECATUR STREET SOUTH,4,1,0,2,1,1,,0,25,0,0,0,0,0,4,2,1
,2018_56255,39.676689,-104.973462,12/20/2018 11:22,11:22,3,0,0,WARREN AVENUE EAST & DOWNING STREET SOUTH,1,1,0,0,1,1,,0,25,0,0,0,0,0,4,2,13
,2018_56256,39.67659,-104.95395,6/20/2018 9:15,9:15,15,0,0,WARREN AVENUE EAST & FILLMORE STREET SOUTH,1,1,0,0,1,1,,0,25,0,0,0,0,0,4,2,13
,2018_56257,39.676707,-104.9828625,1/10/2018 11:55,11:55,3,0,0,WARREN AVENUE EAST & LOGAN STREET SOUTH,1,1,0,0,1,1,,0,25,0,0,0,0,0,4,2,7
,2018_56258,39.676707,-104.9828625,1/24/2018 16:51,16:51,3,0,1,WARREN AVENUE EAST & LOGAN STREET SOUTH,2,1,0,0,1,1,,0,25,0,0,0,0,1,4,2,10
,2018_56259,39.674349,-104.9039393,5/5/2018 10:50,10:50,3,0,0,WARREN DRIVE EAST & QUEBEC STREET SOUTH,1,1,0,0,1,1,,0,30,0,0,0,0,0,4,2,8
,2018_56260,39.676617,-104.9593815,3/12/2018 7:47,7:47,1,0,0,WARREN AVENUE EAST & UNIVERSITY BOULEVARD SOUTH,1,1,0,0,1,1,,0,30,0,0,0,0,0,4,2,13
,2018_56261,39.676671,-105.0481395,3/31/2018 10:40,10:40,5,0,0,WARREN AVENUE WEST & WOLCOTT STREET SOUTH,2,1,0,0,1,1,,0,,0,0,0,0,0,4,1,13
,2018_56262,39.78132386,-104.9788786,12/10/2018 7:45,7:45,6,0,0,WASHINGTON STREET & 1243 BLOCK NORTH,1,1,0,0,1,4,,0,,0,0,0,0,0,4,2,13
,2018_56263,39.78132386,-104.9788786,12/3/2018 10:56,10:56,15,0,0,WASHINGTON STREET & 5194 BLOCK NORTH,1,1,0,0,1,4,,0,25,0,0,0,0,0,4,2,13
,2018_56264,39.732012,-104.978682,3/7/2018 18:54,18:54,15,0,0,WASHINGTON STREET NORTH & 10TH AVENUE EAST,1,3,0,0,1,1,,0,25,0,0,0,0,0,4,2,13
,2018_56265,39.778335,-104.9793615,3/27/2018 18:28,18:28,1,0,0,WASHINGTON STREET NORTH & 45TH AVENUE EAST,1,1,0,0,1,1,,0,30,0,0,0,0,0,4,2,4
,2018_56266,39.778335,-104.9793615,4/4/2018 12:15,12:15,3,0,0,WASHINGTON STREET NORTH & 45TH AVENUE EAST,1,1,1,0,1,1,,0,30,0,0,0,0,0,4,2,13
,2018_56267,39.778335,-104.9793615,6/19/2018 12:35,12:35,1,0,0,WASHINGTON STREET NORTH & 45TH AVENUE EAST,1,1,0,0,1,1,,0,,0,0,0,0,0,4,2,13
,2018_56268,39.778335,-104.9793615,6/20/2018 8:27,8:27,1,0,0,WASHINGTON STREET NORTH & 45TH AVENUE EAST,1,1,0,0,1,1,,0,35,0,0,0,0,0,4,2,14
,2018_56269,39.778506,-104.9790915,10/31/2018 17:45,17:45,15,0,0,WASHINGTON STREET 4500 BLOCK NORTH & 45TH AVENUE WEST,1,1,1,0,1,4,,0,35,0,0,0,0,0,4,2,13
,2018_56270,39.781863,-104.9786325,1/12/2018 12:19,12:19,1,0,0,WASHINGTON STREET NORTH & 47TH AVENUE EAST,1,1,0,0,1,1,,0,35,0,0,0,0,0,4,2,14
,2018_56271,39.781863,-104.9786325,9/18/2018 6:13,6:13,1,0,0,WASHINGTON STREET NORTH & 47TH AVENUE EAST,1,1,0,0,1,3,,1,30,0,0,0,0,0,4,2,8
,2018_56272,39.781863,-104.9786325,10/3/2018 16:44,16:44,1,0,0,WASHINGTON STREET NORTH & 47TH AVENUE EAST,1,1,0,0,1,1,,0,35,0,0,0,0,0,4,2,13
,2018_56273,39.780243,-104.9784885,11/6/2018 12:06,12:06,12,0,0,WASHINGTON 4600 BLOCK NORTH & 47TH AVENUE EAST,1,1,0,0,1,1,,0,35,0,0,0,0,0,4,2,14
,2018_56274,39.784077,-104.9782995,7/14/2018 5:51,5:51,12,0,0,WASHINGTON STREET NORTH & 48TH AVENUE EAST,1,1,0,0,1,3,,0,35,0,0,0,0,0,4,2,7
,2018_56275,39.784077,-104.9782995,8/17/2018 19:05,19:05,12,0,0,WASHINGTON STREET NORTH & 48TH AVENUE EAST,1,2,0,0,1,1,,0,30,0,0,0,0,0,4,2,1
,2018_56276,39.787677,-104.97789,5/11/2018 11:45,11:45,12,0,0,WASHINGTON STREET 5000 BLOCK NORTH & 50TH AVENUE EAST,1,1,0,0,1,3,,0,35,0,0,0,0,0,4,2,14
,2018_56277,39.787389,-104.9782905,8/3/2018 8:51,8:51,12,0,0,WASHINGTON STREET NORTH & 50TH AVENUE EAST,1,1,0,0,1,3,,1,30,0,0,0,0,0,4,2,13
,2018_56278,39.788982,-104.9782815,6/16/2018 10:20,10:20,3,0,0,WASHINGTON STREET NORTH & 51ST AVENUE EAST,1,1,0,0,1,1,,0,35,0,0,0,0,0,4,2,13
,2018_56280,39.729069,-104.9787495,9/5/2018 5:30,5:30,3,0,1,WASHINGTON STREET NORTH & EIGHTH AVENUE EAST,2,4,0,1,1,1,,0,30,0,0,0,0,1,4,2,13
,2018_56281,39.718314,-104.9791095,11/11/2018 22:00,22:00,6,0,0,WASHINGTON STREET NORTH & FIRST AVENUE EAST,4,3,0,2,1,3,,0,25,0,0,0,0,0,4,2,13
,2018_56282,39.74166,-104.9787315,12/21/2018 18:10,18:10,3,0,1,WASHINGTON STREET NORTH & 16TH AVENUE EAST,1,3,0,6,1,1,,0,30,0,0,0,0,1,4,2,1
,2018_56283,39.711114,-104.97924,6/8/2018 12:34,12:34,3,0,0,WASHINGTON STREET SOUTH & ALAMEDA AVENUE EAST,1,1,1,0,1,1,,0,35,0,0,0,0,0,4,2,13
,2018_56284,39.69117,-104.9792805,10/6/2018 16:08,16:08,3,0,0,WASHINGTON STREET SOUTH & ARKANSAS AVENUE EAST,1,1,0,0,1,1,,0,25,0,0,0,0,0,4,2,8
,2018_56285,39.74949,-104.978151,1/29/2018 14:55,14:55,3,0,0,WASHINGTON STREET NORTH & CLEVELAND PLACE,1,1,0,0,1,1,,0,30,0,0,0,0,0,4,2,16
,2018_56286,39.692997,-104.9792715,5/24/2018 21:45,21:45,3,0,1,WASHINGTON STREET SOUTH & LOUISIANA AVENUE EAST,1,3,0,0,1,1,,0,25,0,0,0,1,2,4,2,13
,2018_56287,39.702024,-104.9792715,4/20/2018 9:38,9:38,3,0,0,WASHINGTON STREET SOUTH & OHIO AVENUE EAST,1,1,0,0,1,1,,0,25,0,0,0,0,0,4,3,13
,2018_56288,39.67127874,-104.9801648,1/21/2018 9:30,9:30,3,0,0,WASHINGTON STREET 800 BLOCK NORTH & PEARL STREET NORTH,4,1,0,2,1,5,,0,25,0,0,0,0,0,4,3,13
,2018_56289,39.775797,-104.9787495,4/10/2018 1:25,1:25,5,0,1,WASHINGTON STREET NORTH & RINGSBY COURT,1,3,0,0,1,1,,0,,0,0,0,0,2,4,1,16
,2018_56290,39.775797,-104.9787495,5/19/2018 2:29,2:29,5,0,1,WASHINGTON STREET NORTH & RINGSBY COURT,1,3,0,0,2,4,,0,35,0,0,0,0,2,4,1,5
,2018_56291,39.7368,-104.9598225,9/30/2018 18:10,18:10,3,0,1,YORK STREET NORTH & 13TH AVENUE EAST,1,2,0,0,1,1,,0,30,0,0,0,0,2,4,2,13
,2018_56292,39.720456,-104.979123,3/19/2018 10:16,10:16,3,0,0,WASHINGTON STREET NORTH & SPEER BOULEVARD,1,1,0,0,1,1,,0,30,0,0,0,0,0,4,2,13
,2018_56293,39.720456,-104.979123,5/18/2018 7:48,7:48,3,0,1,WASHINGTON STREET NORTH & SPEER BOULEVARD,1,1,0,0,1,1,,0,35,0,0,0,0,1,4,2,13
,2018_56294,39.720456,-104.979123,6/23/2018 8:30,8:30,3,0,0,WASHINGTON STREET NORTH & SPEER BOULEVARD,1,1,0,0,1,1,,0,30,0,0,0,0,0,4,2,13
,2018_56295,39.720456,-104.979123,7/11/2018 10:08,10:08,3,0,1,WASHINGTON STREET NORTH & SPEER BOULEVARD EAST,1,1,0,0,1,1,,0,30,0,0,0,0,1,4,2,1
,2018_56296,39.751992,-104.978142,10/2/2018 15:40,15:40,3,0,0,WASHINGTON STREET NORTH & TREMONT PLACE,1,1,0,0,1,1,,0,25,0,0,0,0,0,4,2,13
,2018_56297,39.751956,-105.014772,7/20/2018 17:40,17:40,12,0,0,WATER STREET & SEVENTH STREET,1,5,0,0,1,1,,0,30,0,0,0,0,0,4,2,1
,2018_56298,39.75205777,-104.998972,4/18/2018 8:55,8:55,15,0,0,WAZEE STREET & 1600 BLOCK,1,1,0,0,1,4,,0,30,0,0,0,0,0,4,2,13
,2018_56299,39.754989,-104.995143,9/1/2018 20:44,20:44,15,0,1,WAZEE STREET & 20TH STREET,1,3,0,0,1,1,,0,25,0,0,0,0,1,4,2,13
,2018_56300,39.757887,-104.99175,4/11/2018 12:10,12:10,10,0,0,WAZEE STREET & PARK AVENUE WEST,1,1,0,0,1,1,,0,5,0,0,0,0,0,4,2,8
,2018_56301,39.757887,-104.99175,8/10/2018 18:05,18:05,10,0,0,WAZEE STREET WEST & PARK AVENUE WEST,1,1,0,0,1,1,,0,25,0,0,0,0,0,4,2,8
,2018_56302,39.74147703,-104.995213,3/7/2018 9:15,9:15,15,0,0,WELTON STREET & 1700 BLOCK,1,1,0,0,1,1,,0,20,0,0,0,0,0,4,2,13
,2018_56304,39.748185,-104.98644,4/24/2018 7:31,7:31,3,0,0,WELTON STREET & 20TH STREET,2,1,0,1,1,1,,0,,0,0,0,0,0,4,2,13
,2018_56305,39.748185,-104.98644,6/17/2018 19:45,19:45,3,0,1,WELTON STREET & 20TH STREET,2,2,1,1,1,1,,0,35,0,0,0,0,1,4,2,16
,2018_56306,39.752532,-104.9807115,4/14/2018 23:17,23:17,6,0,0,WELTON STREET & 2446 WELTON STREET,1,3,0,0,1,7,,0,30,0,0,0,0,0,4,2,7
,2018_56307,39.752928,-104.9804685,12/9/2018 0:26,0:26,3,0,0,WELTON STREET & 25TH STREET,1,3,0,0,1,1,,0,25,0,0,0,0,0,4,2,13
,2018_56308,39.753855,-104.9792715,5/7/2018 10:52,10:52,14,0,0,WELTON STREET & 26TH STREET,1,1,0,0,1,1,,0,25,0,0,0,0,0,4,2,7
,2018_56309,39.755727,-104.9768325,4/13/2018 12:26,12:26,15,0,0,WELTON STREET & 28TH STREET,1,1,0,0,1,1,,0,30,0,0,0,0,0,4,2,13
,2018_56310,39.757599,-104.9744205,6/14/2018 13:35,13:35,3,0,0,WELTON STREET & 30TH STREET,1,1,0,0,1,1,,0,30,0,0,0,0,0,4,2,13
,2018_56311,39.747348,-104.98743,4/11/2018 11:00,11:00,15,0,0,WELTON STREET & BROADWAY STREET NORTH,1,1,0,0,1,1,,0,30,0,0,0,0,0,4,2,14
,2018_56312,39.751056,-104.9828805,4/10/2018 20:24,20:24,3,0,0,WELTON STREET & PARK AVENUE WEST,1,3,0,0,1,1,,0,30,0,0,0,0,0,4,2,13
,2018_56313,39.751056,-104.9828805,6/8/2018 13:02,13:02,3,0,0,WELTON STREET & PARK AVENUE WEST,1,1,0,0,1,1,,0,25,0,0,0,0,0,4,3,14
,2018_56314,39.751056,-104.9828805,6/10/2018 19:30,19:30,7,0,0,WELTON STREET & PARK AVENUE WEST,1,1,0,0,1,1,,0,35,0,0,0,0,0,4,2,13
,2018_56315,39.751056,-104.9828805,7/13/2018 17:40,17:40,3,0,0,WELTON STREET & PARK AVENUE WEST,1,1,0,0,1,1,,0,30,0,0,0,0,0,4,2,4
,2018_56316,39.83558738,-104.7184684,8/7/2018 16:45,16:45,12,0,0,WENATCHEE STREET 7600 BLOCK NORTH & 77TH AVENUE EAST,1,1,0,0,1,4,,0,15,0,0,0,0,0,4,2,13
,2018_56317,39.754062,-105.0015195,6/8/2018 11:42,11:42,3,0,0,WESATTA STREET & 17TH STREET,1,1,0,0,1,2,,0,25,0,0,0,0,0,4,2,1
,2018_56318,39.673053,-104.9652495,11/13/2018 8:09,8:09,3,0,0,WESLEY AVENUE EAST & HIGH STREET SOUTH,5,1,0,0,1,1,,0,25,0,0,0,0,0,4,2,13
,2018_56319,39.673017,-104.9593905,8/25/2018 9:44,9:44,12,0,0,WESLEY AVENUE EAST & UNIVERSITY BOULEVARD SOUTH,1,1,0,0,1,4,,0,30,0,0,0,0,0,4,2,13
,2018_56320,39.75653605,-104.9973862,11/12/2018 6:50,6:50,12,0,0,WEWATTA STREET & 2200 BLOCK,4,1,1,2,1,4,,0,30,0,0,0,0,0,4,2,13
,2018_56321,39.75579,-104.998761,6/8/2018 7:49,7:49,10,0,0,WEWATTA STREET & 19TH STREET,1,1,0,0,1,1,,0,30,0,0,0,1,0,4,2,13