id,drcog_id,latitude,longitude,crashtime,time,crashtype,numbkilled,numbinjurd,drcoglocat,rdconditin,lightngcon,roadcntgrd,weatherco,location,roaddescrp,schoolzone,constrzone,splimit,bikeinv,pedinv,sctrinv,motoinv,svrty,rdsystem,ttlvehcls,hcf
,2018_56469,39.651111,-104.884839,9/10/2018 9:23,9:23,3,0,1,YOSEMITE STREET SOUTH & JEFFERSON AVENUE EAST,1,1,0,0,1,1,,0,35,0,0,0,0,1,4,2,3
,2018_56470,39.649122,-104.884911,7/2/2018 8:15,8:15,3,0,0,YOSEMITE STREET & KENYON AVENUE EAST,1,1,0,0,1,1,,0,35,0,0,0,0,0,4,2,13
,2018_56471,39.647511,-104.884983,3/26/2018 14:54,14:54,5,0,0,YOSEMITE STREET SOUTH & LEHIGH AVENUE EAST,1,1,1,0,2,1,,0,0,0,0,0,0,0,4,3,4
,2018_56472,39.647511,-104.884983,4/24/2018 7:55,7:55,1,0,0,YOSEMITE STREET SOUTH & LEHIGH AVENUE EAST,1,1,0,0,1,1,,0,35,0,0,0,0,0,4,2,13
,2018_56473,39.647511,-104.884983,9/23/2018 9:51,9:51,3,0,0,YOSEMITE STREET SOUTH & LEHIGH AVENUE EAST,1,1,0,0,1,1,,0,25,0,0,0,0,0,4,2,13
,2018_56474,39.7239345,-104.883939,3/11/2018 14:49,14:49,15,0,0,YOSEMITE STREET NORTH & LOWRY BOULEVARD EAST,1,1,0,0,1,6,,0,30,0,0,0,0,0,4,2,13
,2018_56475,39.7239345,-104.883939,5/22/2018 8:54,8:54,15,0,0,YOSEMITE STREET NORTH & LOWRY BOULEVARD EAST,1,1,0,0,1,6,,0,30,0,0,0,0,0,4,2,13
,2018_56476,39.7239345,-104.883939,9/21/2018 17:17,17:17,15,0,0,YOSEMITE STREET NORTH & LOWRY BOULEVARD EAST,1,1,0,0,1,1,,0,30,0,0,0,0,0,4,2,16
,2018_56477,39.7237095,-104.8837095,10/31/2018 8:00,8:00,15,0,0,YOSEMITE WAY NORTH & LOWRY BOULEVARD EAST,1,1,0,0,1,6,,0,15,0,0,0,0,0,4,2,13
,2018_56478,39.644748,-104.885118,7/22/2018 9:48,9:48,1,0,1,YOSEMITE STREET SOUTH & MANSFIELD AVENUE EAST,1,1,0,0,1,1,,0,40,0,0,0,0,2,4,3,7
,2018_56479,39.6432,-104.8851495,9/17/2018 13:00,13:00,12,0,0,YOSEMITE STREET SOUTH & NASSAU AVENUE EAST,1,1,0,0,1,1,,0,30,0,0,0,0,0,4,2,3
,2018_56480,39.78458378,-104.8849785,11/8/2018 8:30,8:30,5,0,0,YOSEMITE STREET / TRENTON STREET NORTH 4830 BLOCK NORTH & SPRUCE WAY APPROXIMATELY,1,1,0,0,3,4,,0,25,0,0,0,0,0,4,1,1
,2018_56481,39.631338,-104.8853115,12/3/2018 16:15,16:15,12,0,0,YOSEMITE STREET SOUTH & UNION AVENUE EAST,1,1,0,0,1,1,,0,25,0,0,0,0,0,4,2,12
,2018_56482,39.79601008,-104.8279617,1/14/2018 2:15,2:15,6,0,0,YUBA WAY & 5548 NORTH,1,4,0,0,2,2,,0,25,0,0,0,0,0,4,2,13
,2018_56483,39.720231,-105.0151905,3/24/2018 16:37,16:37,3,0,0,YUMA STREET NORTH & SECOND AVENUE WEST,1,1,0,0,1,1,,0,25,0,0,0,0,0,4,2,12
,2018_56484,39.635667,-105.0519509,3/15/2018 13:43,13:43,10,0,0,ZEPHYR STREET SOUTH & STANFORD AVENUE WEST,1,1,0,0,1,1,,0,30,0,0,0,0,0,4,2,13
,2018_56485,39.6385722,-105.0460011,1/11/2018 9:30,9:30,1,0,0,ZEYPHER SOUTH & QUINCY AVENUE WEST,1,1,0,0,1,1,,0,40,0,0,0,0,0,4,2,13
,2018_56486,39.76916782,-105.015861,9/19/2018 7:31,7:31,3,0,0,ZUNI STREET & 2700 BLOCK NORTH,1,1,0,0,1,2,,0,25,0,0,0,0,0,4,2,13
,2018_56487,39.76916782,-105.015861,10/4/2018 8:22,8:22,10,0,0,ZUNI STREET & 2800 BLOCK WEST,1,1,0,0,1,4,,0,30,0,0,0,0,0,4,2,13
,2018_56488,39.76916782,-105.015861,10/29/2018 11:05,11:05,1,0,0,ZUNI STREET & 2800 BLOCK NORTH,1,1,0,0,1,2,,0,35,0,0,0,0,0,4,2,8
,2018_56489,39.757158,-105.0158205,1/25/2018 16:40,16:40,1,0,0,ZUNI STREET NORTH & 28TH AVENUE WEST,1,1,1,0,1,1,,0,30,0,0,0,0,0,4,3,13
,2018_56490,39.758409,-105.015879,4/4/2018 15:37,15:37,1,0,0,ZUNI STREET NORTH & 29TH AVENUE WEST,1,1,1,0,1,1,,0,30,0,0,0,0,0,4,2,16
,2018_56491,39.758409,-105.015879,6/1/2018 8:18,8:18,3,0,0,ZUNI STREET NORTH & 29TH AVENUE WEST,1,5,0,0,1,1,,0,30,0,0,0,0,0,4,2,13
,2018_56492,39.758409,-105.015879,6/9/2018 17:22,17:22,3,0,0,ZUNI STREET NORTH & 29TH AVENUE WEST,1,1,0,0,1,1,,0,35,0,0,0,0,0,4,2,13
,2018_56493,39.758409,-105.015879,10/4/2018 8:02,8:02,15,0,0,ZUNI STREET NORTH & 29TH AVENUE WEST,1,1,0,0,1,1,,0,35,0,0,0,0,0,4,2,13
,2018_56494,39.759624,-105.015879,4/5/2018 18:17,18:17,12,0,0,ZUNI STREET NORTH & 30TH AVENUE WEST,1,1,0,0,1,1,,0,35,0,0,0,0,0,4,2,13
,2018_56495,39.759624,-105.015879,7/31/2018 12:11,12:11,15,0,1,ZUNI STREET NORTH & 30TH AVENUE WEST,1,1,0,0,1,1,,0,30,0,0,0,0,1,4,2,2
,2018_56496,39.759624,-105.015879,8/11/2018 16:03,16:03,3,0,0,ZUNI STREET NORTH & 30TH AVENUE WEST,1,1,0,0,1,1,,0,30,0,0,0,0,0,4,2,13
,2018_56498,39.759624,-105.015879,10/30/2018 7:30,7:30,12,0,0,ZUNI STREET NORTH & 30TH AVENUE WEST,1,1,0,0,1,1,,0,30,0,0,0,0,0,4,3,13
,2018_56499,39.76916782,-105.015861,1/13/2018 5:05,5:05,6,0,0,ZUNI STREET & 3334 NORTH,2,3,0,4,1,4,,0,25,0,0,0,0,0,4,2,2
,2018_56500,39.763224,-105.015861,2/12/2018 16:50,16:50,3,0,0,ZUNI STREET NORTH & 33RD AVENUE WEST,1,1,0,0,1,1,,0,30,0,0,0,0,0,4,2,16
,2018_56501,39.763224,-105.015861,4/5/2018 16:40,16:40,3,0,0,ZUNI STREET NORTH & 33RD AVENUE WEST,1,1,0,0,1,1,,0,25,0,0,0,0,0,4,2,13
,2018_56502,39.76443,-105.0158295,7/14/2018 17:18,17:18,3,0,0,ZUNI STREET NORTH & 34TH AVENUE WEST,1,1,0,0,1,1,,0,30,0,0,0,0,0,4,2,13
,2018_56503,39.76448825,-105.015773,2/12/2018 12:36,12:36,6,0,0,ZUNI STREET 3400 BLOCK NORTH & 35TH AVENUE WEST,1,1,1,0,1,4,,0,30,0,0,0,0,0,4,2,13
,2018_56504,39.768057,-105.015852,8/13/2018 16:46,16:46,12,0,0,ZUNI STREET NORTH & 37TH AVENUE WEST,1,1,0,0,1,1,,0,30,0,0,0,0,0,4,2,3
,2018_56505,39.769281,-105.015861,9/14/2018 16:32,16:32,12,0,0,ZUNI STREET NORTH & 38TH AVENUE WEST,1,1,0,0,1,1,,0,25,0,0,0,0,0,4,2,1
,2018_56506,39.769281,-105.015861,12/10/2018 15:52,15:52,1,0,0,ZUNI STREET NORTH & 38TH AVENUE WEST,1,1,0,0,1,1,,0,25,0,0,0,0,0,4,2,13
,2018_56507,39.774123,-105.015861,7/3/2018 17:45,17:45,3,0,0,ZUNI STREET NORTH & 42ND AVENUE WEST,1,1,0,0,1,1,,0,30,0,0,0,0,0,4,2,16
,2018_56510,39.729321,-105.0159285,8/28/2018 6:50,6:50,5,0,0,ZUNI STREET NORTH & EIGHTH AVENUE WEST,1,1,1,0,3,3,,0,30,0,0,0,0,0,4,1,16
,2018_56511,39.76916782,-105.015861,3/19/2018 13:49,13:49,5,0,0,ZUNI STREET & 901 SOUTH,1,1,0,0,3,4,,0,25,0,0,0,0,0,4,1,13
,2018_56512,39.690873,-105.01569,7/2/2018 18:34,18:34,12,0,0,ZUNI STREET SOUTH & ARKANSAS AVENUE WEST,1,1,0,0,1,1,,0,30,0,0,0,0,0,4,2,14
,2018_56513,39.680559,-105.01569,4/7/2018 8:00,8:00,6,0,0,ZUNI STREET SOUTH & ASBURY AVENUE WEST,1,1,0,0,1,4,,0,25,0,0,0,0,0,4,2,13
,2018_56514,39.680559,-105.01569,6/20/2018 11:58,11:58,10,0,1,ZUNI STREET SOUTH & ASBURY AVENUE WEST,1,1,0,0,1,1,,0,25,0,0,0,0,1,4,2,4
,2018_56515,39.682332,-105.015681,1/10/2018 12:54,12:54,3,0,2,ZUNI STREET SOUTH & JEWELL AVENUE WEST,1,1,1,0,1,1,,0,25,0,0,0,0,2,4,2,13
,2018_56516,39.699972,-105.015681,2/12/2018 17:35,17:35,14,0,0,ZUNI STREET SOUTH & KENTUCKY AVENUE WEST,5,3,0,0,1,1,,0,25,0,0,0,0,0,4,2,13
,2018_56517,39.693132,-105.015591,1/16/2018 8:00,8:00,3,0,0,ZUNI STREET SOUTH & LOUISIANA AVENUE WEST,1,1,0,0,1,1,,0,25,0,0,0,0,0,4,2,3
,2018_56518,39.756339,-105.015852,9/13/2018 12:39,12:39,1,0,0,ZUNI STREET NORTH & SPEER BOULEVARD NORTH,1,1,0,0,1,1,,0,35,0,0,0,0,0,4,2,1
,2018_56519,39.714867,-105.015681,7/30/2018 6:00,6:00,6,0,0,ZUNI STREET SOUTH & BAYAUD AVENUE WEST,1,1,0,0,1,1,,0,25,0,0,0,0,0,4,2,13
,2018_56520,39.656367,-105.0505515,2/5/2018 15:13,15:13,1,0,2,ZURICH COURT SOUTH & DARTMOUTH AVENUE WEST,1,1,0,0,1,2,,0,35,0,0,0,0,1,4,2,13
,2018_56796,39.67866018,-105.0110388,12/24/2018 11:37,11:37,3,0,0,EVANS AVENUE & 2200 BLOCK WEST,1,1,0,0,1,2,,0,35,0,0,0,0,0,4,2,7
,2018_56798,39.67866,-105.011028,1/8/2018 13:04,13:04,1,0,0,EVANS STREET WEST & TEJON STREET SOUTH,1,1,0,0,1,1,,0,,0,0,0,0,0,4,2,13
,2018_56891,39.63411,-105.034761,2/11/2018 18:24,18:24,6,0,0,LOWELL BOULEVARD SOUTH & TUFTS AVENUE WEST,1,3,1,0,1,3,,0,35,0,0,0,0,0,4,2,5
,2018_57234,39.704049,-104.926977,10/29/2018 14:04,14:04,5,0,0,FOREST STREET SOUTH & EXPOSITION AVENUE EAST,1,1,0,0,3,1,,0,25,0,0,0,0,0,4,1,10
,2018_57754,39.79741932,-104.7558315,7/12/2018 5:24,5:24,6,0,0,HALIFAX STREET 5500 NORTH & MARCH DRIVE,1,1,0,0,1,4,,0,,0,0,0,0,0,4,2,13
,2018_58218,39.624183,-105.093171,3/20/2018 11:45,11:45,1,0,0,BELLEVIEW AVENUE WEST & CODY STREET SOUTH,1,1,0,0,1,1,,0,40,0,0,0,0,0,4,2,13
,2018_60149,39.72645,-104.8864905,1/11/2018 15:43,15:43,6,0,0,YOSEMITE DRIVE & 4348 YOSEMITE DRIVE,1,1,0,0,1,4,,0,25,0,0,0,0,0,4,2,13
,2018_60378,39.63860614,-104.9030248,2/9/2018 18:37,18:37,5,0,0,QUINCY AVENUE 7300 BLOCK EAST & QUEBEC STREET SOUTH,1,3,0,0,3,4,,0,,0,0,0,0,0,4,1,13
,2018_60481,39.76111,-105.004124,5/21/2018 17:40,17:40,5,0,0,I25 NORTHBOUND ON SLIP RAMP & 20TH STREET,1,1,0,0,2,8,,0,,0,0,0,0,0,1,1,13
,2018_61058,39.78305,-104.900925,4/29/2018 5:03,5:03,5,0,0,I270 & QUEBEC STREET NORTH,1,3,0,0,2,4,,0,55,0,0,0,0,0,1,1,1
,2018_61410,39.75984767,-104.9971528,3/3/2018 19:39,19:39,6,0,0,HURON STREET 2900 BLOCK NORTH & 29TH AVENUE EAST,1,3,0,0,1,4,,0,25,0,0,0,0,0,4,2,14
,2018_62128,39.775653,-104.865921,10/22/2018 13:03,13:03,12,0,0,I70 & HAVANA STREET NORTH,1,1,1,0,1,4,,0,65,0,0,0,0,0,1,4,3
,2018_62157,39.664998,-105.031899,7/7/2018 18:57,18:57,12,0,0,AMHERST AVENUE & 2651 WEST AMHERST AVENUE,1,2,0,0,1,2,,0,25,0,0,0,0,0,4,2,13
,2018_62158,39.785733,-104.8830885,10/25/2018 5:50,5:50,3,0,0,CENTRAL PARK BOULEVARD NORTH & NORTHFIELD QUEBEC STREET NORTH,1,2,0,0,1,1,,0,35,0,0,0,0,0,4,2,16
,2018_62159,39.782277,-104.865921,11/7/2018 5:27,5:27,10,0,0,47TH AVENUE EAST & HAVANA STREET NORTH,1,3,0,0,1,1,,0,35,0,0,0,0,0,4,2,13
,2018_62201,39.77318624,-104.809932,1/8/2018 23:08,23:08,1,0,0,40TH AVENUE EAST & CHAMBERS ROAD NORTH,1,3,0,0,1,1,,0,40,0,0,0,0,0,4,2,13
,2018_62202,39.77282936,-104.7898938,4/13/2018 6:30,6:30,12,0,0,AIRPORT BOULEVARD NORTH & 40TH AVENUE,1,1,0,0,1,3,,0,40,0,0,0,0,0,4,2,3
,2018_62204,39.77280669,-104.7836877,10/18/2018 7:58,7:58,6,0,0,SALIDA STREET & 40TH AVENUE EAST,1,1,0,0,1,4,,0,40,0,0,0,0,0,4,2,13
,2018_62205,39.77280669,-104.7836877,2/22/2018 0:48,0:48,5,0,0,SALIDA STREET NORTH & 40TH AVENUE EAST,1,3,1,0,2,4,,0,40,0,0,0,0,0,4,1,13
,2018_62206,39.77280669,-104.7836877,2/6/2018 13:20,13:20,3,0,1,SALIDA STREET NORTH & 40TH AVENUE EAST,1,1,0,0,1,1,,0,25,0,0,0,0,1,4,2,13
,2018_62207,39.77280669,-104.7836877,10/17/2018 19:08,19:08,5,0,0,SALIDA STREET NORTH & 40TH AVENUE EAST,1,4,0,0,2,4,,0,40,0,0,0,0,0,4,1,14
,2018_62220,39.6427675,-105.0346672,9/27/2018 7:21,7:21,12,0,0,LOWELL BOULEVARD SOUTH & HAMPDEN AVENUE WEST,1,1,1,0,1,3,,0,35,0,0,0,0,0,4,2,3
,2018_62240,39.72620705,-104.990868,1/29/2018 7:39,7:39,3,0,0,BANNOCK STREET & SIXTH AVENUE WEST,1,1,0,0,1,2,,0,25,0,0,0,0,0,4,2,13
,2018_62241,39.73870352,-104.935842,12/20/2018 12:15,12:15,6,0,0,BIRCH STREET 1400 BLOCK NORTH & 14TH AVENUE EAST,1,1,0,0,1,4,,0,25,0,0,0,0,0,4,3,3
,2018_62242,39.74805905,-104.977557,2/20/2018 15:53,15:53,3,0,0,CLARKSON STREET NORTH & 20TH AVENUE EAST,4,1,0,0,1,2,,0,25,0,0,0,0,0,4,2,3
,2018_62243,39.7418859,-104.985918,3/10/2018 20:25,20:25,15,0,0,LINCOLN STREET 1600 BLOCK NORTH & 16TH AVENUE EAST,1,3,0,0,1,4,,0,30,0,0,0,0,0,4,2,13
,2018_62244,39.78048152,-104.985252,2/28/2018 16:21,16:21,12,0,0,LINCOLN STREET 4600 BLOCK NORTH & 46TH AVENUE WEST,1,1,1,0,1,4,,0,25,0,0,0,0,0,4,2,13
,2018_62248,39.74247005,-104.912793,12/6/2018 15:28,15:28,12,0,0,MONACO STREET 1600 BLOCK NORTH & 16TH AVENUE EAST,1,1,0,0,1,4,,0,30,0,0,0,0,0,4,2,13
,2018_62249,39.74402705,-104.912811,5/10/2018 16:26,16:26,12,0,0,MONACO STREET NORTH & 17TH AVENUE EAST,1,1,0,0,1,4,,0,40,0,0,0,0,0,4,3,13
,2018_62250,39.80388643,-104.7873105,12/2/2018 20:50,20:50,15,0,0,PENA BOULEVARD & 56TH AVENUE,1,3,1,0,1,4,,0,65,0,0,0,0,0,4,2,14
,2018_62251,39.78772684,-104.791392,8/28/2018 5:41,5:41,12,0,0,PENA BOULEVARD 5000 NORTH & GREEN VALLEY RANCH BOULEVARD,1,1,0,1,1,4,,0,65,0,0,0,0,0,4,2,16
,2018_62252,39.76303373,-104.9034517,12/27/2018 1:28,1:28,5,0,1,QUEBEC STREET NORTH EAST FRONTAGE  & 40TH AVENUE EAST,2,3,0,2,3,4,,0,25,0,0,0,0,1,4,1,5
,2018_62253,39.76460808,-104.9361796,7/18/2018 13:48,13:48,6,0,0,STREET PAUL STREET & BRUCE RANDOLPH AVENUE,1,1,0,0,1,2,,0,30,0,0,0,0,0,4,2,13
,2018_62254,39.77403345,-104.949432,11/15/2018 17:13,17:13,12,0,0,STEELE STREET 4100 BLOCK NORTH & 41ST AVENUE EAST,1,2,1,0,1,3,,0,25,0,0,0,0,0,4,2,1
,2018_62255,39.77707505,-104.9493915,6/30/2018 2:20,2:20,15,0,1,STEELE STREET 4300 BLOCK NORTH & 43RD AVENUE EAST,1,3,0,0,1,4,,0,25,0,0,0,0,2,4,4,1
,2018_62258,39.74570629,-104.9900985,6/6/2018 7:34,7:34,6,0,0,WELTON STREET & 17TH STREET,1,1,0,0,1,4,,0,30,0,0,0,0,0,4,2,13
,2018_62259,39.75021608,-104.983542,1/19/2018 10:37,10:37,6,0,0,WELTON STREET 2200 BLOCK NORTH & 22ND STREET,1,1,0,0,1,4,,0,30,0,0,0,0,0,4,2,14
,2018_62260,39.75041252,-104.9841,1/24/2018 16:44,16:44,15,0,0,WELTON STREET & 22ND STREET,2,1,0,0,1,4,,0,35,0,0,0,0,0,4,2,14
,2018_62261,39.75412952,-104.9792715,3/12/2018 15:26,15:26,12,0,0,WELTON STREET & 26TH STREET,1,1,0,0,1,4,,0,30,0,0,0,0,0,4,2,14
,2018_62270,39.79596917,-104.8851269,4/7/2018 15:01,15:01,5,0,0,YOSEMITE WAY 300 BLOCK NORTH & DAHLIA STREET NORTH,1,1,0,0,3,4,,0,25,0,0,0,0,0,4,1,3
,2018_62288,39.83338788,-104.7666379,9/24/2018 20:49,20:49,12,0,0,PENA BOULEVARD INBOOUND & TOWER ROAD NORTH,1,3,0,0,1,4,,0,55,0,0,0,0,0,4,2,1
,2018_62289,39.835998,-104.7176988,5/2/2018 11:05,11:05,9,0,0,PENA BOULEVARD 7600 BLOCK & WENATCHEE STREET,2,1,1,0,3,4,,0,,0,0,0,0,0,4,1,13
,2018_62305,39.76102003,-104.9622161,5/23/2018 23:15,23:15,6,0,0,VINE STREET NORTH & 31ST AVENUE EAST,1,4,0,0,1,4,,0,25,0,0,0,0,0,4,2,5
,2018_62310,39.68493113,-104.987169,10/30/2018 15:45,15:45,11,0,1,BROADWAY SOUTH 1700 BLOCK NORTH & 17TH AVENUE EAST,1,1,0,0,1,4,,0,,0,1,0,0,2,4,2,13
,2018_62315,39.75600821,-104.9898285,9/11/2018 15:00,15:00,1,0,1,MARKET STREET 2200 EAST & PARK AVENUE WEST,1,1,0,0,1,2,,0,15,0,0,0,1,2,4,2,8
,2018_62316,39.76546721,-104.95206,10/21/2018 17:49,17:49,6,0,0,MILWAUKEE 3500 BLOCK NORTH & 36TH AVENUE EAST,1,2,0,0,1,4,,0,25,0,0,0,0,0,4,2,4
,2018_62319,39.70250095,-105.003612,12/15/2018 10:26,10:26,6,0,0,NAVAJO STREET 4500 NORTH & MARIPOSA WAY NORTH,1,1,0,0,1,4,,0,25,0,0,0,0,0,4,2,14
,2018_62320,39.78223639,-104.791392,12/13/2018 21:36,21:36,12,0,0,PENA BOULEVARD 4500 BLOCK & GREEN VALLEY RANCH BOULEVARD,1,3,0,0,1,4,,0,45,0,0,0,0,0,4,2,1
,2018_62321,39.78305995,-104.791392,12/20/2018 15:40,15:40,12,0,0,PENA BOULEVARD 4700 BLOCK & GREEN VALLEY RANCH BOULEVARD,1,1,0,0,1,4,,0,65,0,0,0,0,0,4,5,1
,2018_62322,39.78300505,-104.791392,2/5/2018 18:25,18:25,12,0,0,PENA BOULEVARD 4700 BLOCK & GREEN VALLEY RANCH BOULEVARD,1,3,1,0,1,8,,0,45,0,0,0,0,0,4,2,13
,2018_62323,39.78223639,-104.791392,2/21/2018 7:00,7:00,15,0,0,PENA BOULEVARD 4700 BLOCK EAST & GREEN VALLEY RANCH BOULEVARD,1,1,0,0,1,4,,0,65,0,0,0,0,0,4,2,1
,2018_62324,39.73498421,-104.9807115,7/24/2018 16:28,16:28,6,0,0,PENNSYLVANIA STREET 1200 BLOCK NORTH & 13TH AVENUE EAST,1,1,0,0,1,3,,0,30,0,0,0,0,0,4,2,14
,2018_62325,39.78319722,-104.791392,11/1/2018 20:35,20:35,12,0,0,PENA BOULEVARD & GREEN VALLEY RANCH BOULEVARD,1,3,0,0,1,8,,0,65,0,0,0,0,0,4,2,7
,2018_62326,39.78326585,-104.791392,12/14/2018 17:10,17:10,12,0,0,PENA BOULEVARD 4700 BLOCK & GREEN VALLEY RANCH BOULEVARD,1,4,1,0,1,8,,0,45,0,0,0,0,0,4,2,13
,2018_62327,39.77592433,-104.846049,6/18/2018 13:15,13:15,1,0,1,PEORIA STREET 4400 BLOCK NORTH & 45TH AVENUE EAST,1,1,0,0,1,2,,0,40,0,0,0,0,1,4,2,7
,2018_62328,39.77909543,-104.8464495,1/12/2018 16:02,16:02,1,0,0,PEORIA STREET 4600 BLOCK NORTH & 47TH AVENUE EAST,2,2,0,1,1,2,,0,35,0,0,0,0,0,4,2,13
,2018_62329,39.77909543,-104.8464495,4/30/2018 8:14,8:14,15,0,0,PEORIA STREET 4600 BLOCK NORTH & 47TH AVENUE EAST,1,1,0,0,1,4,,0,40,0,0,0,0,0,4,2,16
,2018_62333,39.68713347,-104.984829,2/16/2018 12:20,12:20,3,0,0,SHERMAN STREET 1600 BLOCK NORTH & 17TH AVENUE EAST,5,1,0,0,1,2,,0,5,0,0,0,0,0,4,2,14
,2018_62335,39.75150928,-105.012729,9/29/2018 22:33,22:33,12,0,0,SPEER BOULEVARD NORTH & I25,1,3,0,0,1,4,,0,35,0,0,0,0,0,4,2,13
,2018_62375,39.726279,-105.0012676,3/19/2018 6:40,6:40,12,0,0,SIXTH AVENUE WEST & KALAMATH STREET NORTH,5,2,0,0,1,4,,0,35,0,0,0,0,0,4,2,13
,2018_62376,39.68171108,-105.0470753,6/10/2018 19:46,19:46,12,0,0,WINONA COURT SOUTH & JEWELL AVENUE WEST,1,1,1,0,1,4,,0,,0,0,0,0,0,4,2,13
,2018_62377,39.72627895,-105.0037562,3/19/2018 6:45,6:45,12,0,0,SIXTH AVENUE FRWY WEST & KALAMATH STREET,5,2,0,2,1,4,,0,45,0,0,0,0,0,4,5,14
,2018_62378,39.726279,-105.000361,3/23/2018 18:26,18:26,12,0,0,SIXTH AVENUE WEST & KALAMATH STREET NORTH,1,1,0,0,1,3,,0,40,0,0,0,0,0,4,2,8
,2018_62379,39.726279,-105.0004676,5/29/2018 11:38,11:38,12,0,0,SIXTH AVENUE 1100 BLOCK WEST & KALAMATH STREET NORTH,1,1,0,0,1,1,,0,35,0,0,0,0,0,4,2,13
,2018_62380,39.726279,-105.0003788,6/1/2018 15:45,15:45,12,0,0,SIXTH AVENUE WEST & KALAMATH STREET NORTH,1,1,0,0,1,4,,0,35,0,0,0,0,0,4,2,13
,2018_62381,39.726279,-105.0009121,6/13/2018 9:29,9:29,15,0,0,SIXTH AVENUE 1100 BLOCK WEST & KALAMATH STREET NORTH,1,1,1,0,1,4,,0,55,0,0,0,0,0,4,2,14
,2018_62382,39.726279,-105.0003788,9/9/2018 21:17,21:17,5,0,0,SIXTH AVENUE 1200 BLOCK WEST & KALAMATH STREET NORTH,1,3,0,0,3,4,,0,35,0,0,0,0,0,4,1,5
,2018_62383,39.726279,-105.0009121,9/26/2018 10:39,10:39,15,0,0,SIXTH AVENUE WEST & KALAMATH STREET NORTH,1,1,0,0,1,4,,0,35,0,0,0,0,0,4,2,8
,2018_62384,39.711366,-104.9136171,6/15/2018 6:30,6:30,15,0,0,ALAMEDA AVENUE 3400 BLOCK EAST & MONACO STREET SOUTH,1,1,0,0,1,3,,0,35,0,0,0,0,0,4,2,14
,2018_62385,39.641103,-104.9045591,2/13/2018 8:30,8:30,3,0,0,PRINCETON AVENUE 7200 BLOCK EAST & POPLAR STREET SOUTH,1,1,0,0,1,2,,0,25,0,0,0,0,0,4,2,13
,2018_62386,39.676671,-104.9042224,4/24/2018 8:50,8:50,12,0,0,QUEBEC STREET SOUTH & EVANS AVENUE EAST,2,1,0,1,1,3,,0,35,0,0,0,0,0,4,2,13
,2018_62392,39.79824286,-104.7778189,9/6/2018 21:22,21:22,12,0,1,56TH AVENUE EAST & TOWER ROAD NORTH,1,4,0,0,1,4,,0,40,0,0,0,0,1,4,2,1
,2018_62393,39.70902598,-104.8773152,5/21/2018 14:53,14:53,12,0,0,ALAMEDA AVENUE EAST & DAYTON STREET SOUTH,1,1,0,0,1,4,,0,40,0,0,0,0,0,4,2,13
,2018_62394,39.74520581,-105.0161509,3/29/2018 8:40,8:40,15,0,0,AURARIA PARKWAY 500 BLOCK & SEVENTH STREET,1,1,1,0,1,4,,0,45,0,0,0,0,0,4,3,14
,2018_62395,39.70605597,-104.9436834,3/18/2018 23:41,23:41,5,0,0,CHERRY CREEK 3800 NORTH & COLORADO BOULEVARD SOUTH,4,3,0,2,3,4,,0,35,0,0,0,0,0,4,1,5
,2018_62396,39.70736062,-104.9502428,2/24/2018 17:03,17:03,1,0,0,CHERRY CREEK NORTH DRIVE 3800 BLOCK EAST & COLORADO BOULEVARD SOUTH,1,2,0,0,1,2,,0,30,0,0,0,0,0,4,2,3
,2018_62397,39.83338714,-104.7860796,6/30/2018 2:40,2:40,4,0,0,PENA BOULEVARD 6300 BLOCK & TOWER ROAD NORTH,1,3,0,0,1,4,,0,55,0,0,0,0,0,4,1,13
,2018_62398,39.65489062,-105.0508557,8/9/2018 1:06,1:06,12,0,0,RALEIGH STREET 3550 SOUTH & PATTON WAY SOUTH,1,3,0,0,1,4,,0,35,0,0,0,0,0,4,2,7
,2018_62402,39.72563112,-104.983956,7/12/2018 5:21,5:21,15,0,0,SIXTH AVENUE EAST & GRANT STREET NORTH,1,1,0,0,1,4,,0,30,0,0,0,0,0,4,2,13
,2018_62404,39.70396812,-105.0089759,1/15/2018 6:38,6:38,15,0,0,RARITAN STREET SOUTH & EXPOSITION AVENUE WEST,5,4,1,1,1,4,,0,25,0,0,0,0,0,4,2,13
,2018_62405,39.67846287,-104.9161474,3/12/2018 11:05,11:05,15,0,0,EVANS AVENUE EAST & LEYDEN STREET SOUTH,1,1,1,0,1,4,,0,35,0,0,0,0,0,4,2,13
,2018_62406,39.65023352,-105.0530813,7/1/2018 21:38,21:38,15,0,1,SHERIDAN BOULEVARD SOUTH & KENYON AVENUE WEST,1,3,0,0,1,4,,0,35,0,0,0,0,1,4,2,5
,2018_62408,39.69153452,-105.0343713,7/21/2018 22:35,22:35,6,0,0,LOWELL BOULEVARD 1300 BLOCK SOUTH & ARKANSAS AVENUE WEST,1,4,1,0,1,4,,0,25,0,0,0,0,0,4,2,5
,2018_62409,39.74746068,-104.89284,3/9/2018 13:43,13:43,5,0,0,UINTA STREET 2000 BLOCK NORTH & MONTVIEW BOULEVARD,1,1,0,0,2,4,,0,30,0,0,0,0,0,4,1,1
,2018_62412,39.74147562,-104.8846513,5/14/2018 8:15,8:15,12,0,0,YOSEMITE STREET NORTH & COLFAX AVENUE EAST,1,1,0,0,1,4,,0,25,0,0,0,0,0,4,2,16