id,drcog_id,latitude,longitude,crashtime,time,crashtype,numbkilled,numbinjurd,drcoglocat,rdconditin,lightngcon,roadcntgrd,weatherco,location,roaddescrp,schoolzone,constrzone,splimit,bikeinv,pedinv,sctrinv,motoinv,svrty,rdsystem,ttlvehcls,hcf
,2018_62687,39.67852482,-104.9873842,10/2/2018 11:42,11:42,12,0,0,EVANS AVENUE EAST & BROADWAY STREET SOUTH,1,1,0,0,1,3,,0,35,0,0,0,0,0,4,4,16
,2018_62688,39.68953209,-105.015708,1/29/2018 13:08,13:08,12,0,0,FLORIDA AVENUE WEST & ZUNI STREET SOUTH,1,1,1,0,1,2,,0,35,0,0,0,0,0,4,2,12
,2018_62693,39.67845413,-104.9363813,6/5/2018 10:49,10:49,12,0,0,EVANS AVENUE EAST & BIRCH STREET SOUTH,1,1,0,0,1,4,,0,35,0,0,0,0,0,4,2,4
,2018_62694,39.6784726,-104.9236889,4/10/2018 16:10,16:10,5,0,0,EVANS AVENUE EAST & HUDSON STREET SOUTH,1,1,0,0,1,4,,0,35,0,0,0,0,0,4,2,13
,2018_62698,39.77825671,-104.957153,12/2/2018 20:40,20:40,6,0,0,COLUMBINE STREET 4400 BLOCK NORTH & 44TH AVENUE EAST,1,2,0,0,1,4,,0,25,0,0,0,0,0,4,2,3
,2018_62700,39.74907827,-104.9923801,3/23/2018 17:30,17:30,15,0,0,18TH STREET 999 & CURTIS STREET NORTH,1,1,0,0,1,1,,0,30,0,0,0,0,0,4,2,13
,2018_62701,39.72395948,-104.8834279,10/17/2018 11:51,11:51,12,0,0,LOWRY BOULEVARD EAST & YOSEMITE STREET NORTH,1,1,0,0,1,2,,0,30,0,0,0,0,0,4,2,1
,2018_62702,39.70219841,-104.987523,4/12/2018 0:15,0:15,5,0,1,BROADWAY SOUTH & OHIO AVENUE EAST,1,3,0,0,4,4,,0,35,0,0,0,0,2,4,1,5
,2018_62703,39.7461286,-104.9909792,7/11/2018 19:50,19:50,12,0,2,17TH STREET EAST & CALIFORNIA STREET,1,1,0,0,1,3,,0,30,0,0,0,0,1,4,2,13
,2018_62718,39.70409392,-104.9874966,8/4/2018 15:39,15:39,12,0,0,BROADWAY 600 SOUTH & EXPOSITION AVENUE EAST,2,1,0,1,1,4,,0,35,0,0,0,0,0,4,2,13
,2018_62722,39.72554517,-104.8753354,5/21/2018 8:47,8:47,12,0,0,SIXTH AVENUE EAST & DAYTON STREET NORTH,1,1,0,0,1,3,,0,35,0,0,0,0,0,4,2,13
,2018_62725,39.74594965,-104.9733952,2/7/2018 16:14,16:14,12,0,1,DOWNING STREET NORTH & 19TH AVENUE EAST,1,2,0,0,1,3,,0,30,0,0,0,0,1,4,2,8
,2018_62733,39.71219759,-104.9975982,5/30/2018 9:40,9:40,12,0,0,SANTA FE DRIVE 200 BLOCK SOUTH & BYERS PLACE WEST,1,1,0,0,1,3,,0,30,0,0,0,0,0,4,2,16
,2018_62734,39.75844113,-104.9971399,5/11/2018 6:50,6:50,12,0,0,HURON STREET 2900 BLOCK & 30TH STREET,1,1,0,0,1,4,,0,30,0,0,0,0,0,4,2,13
,2018_62736,39.75115829,-104.997537,10/5/2018 22:31,22:31,6,0,0,BLAKE STREET 1700 BLOCK & 18TH STREET,2,3,0,1,1,4,,0,25,0,0,0,0,0,4,2,13
,2018_62737,39.7346759,-104.939507,2/19/2018 20:29,20:29,6,0,0,12TH AVENUE EAST & ALBION STREET NORTH,4,3,0,2,1,4,,0,25,0,0,0,0,0,4,6,5
,2018_62738,39.74638238,-104.9889007,7/12/2018 19:08,19:08,12,0,0,WELTON STREET & 18TH STREET,1,1,0,0,1,1,,0,30,0,0,0,0,0,4,2,8
,2018_62740,39.83797509,-104.692882,4/1/2018 11:30,11:30,12,0,0,JACKSON GAP STREET NORTH & 78TH AVENUE EAST,1,1,0,0,1,1,,0,30,0,0,0,0,0,4,2,13
,2018_62744,39.74817788,-105.032306,10/28/2018 1:00,1:00,6,0,0,JULIAN WAY & 1687 SOUTH,1,3,0,0,1,4,,0,35,0,0,0,0,0,4,2,5
,2018_62745,39.73657556,-105.0345993,9/9/2018 12:15,12:15,6,0,0,LOWELL BOULEVARD NORTH & 13TH AVENUE WEST,1,1,1,0,1,4,,0,25,0,0,0,0,0,4,2,13
,2018_62746,39.68460909,-105.03438,4/8/2018 13:34,13:34,5,0,0,COLORADO AVENUE WEST & LOWELL BOULEVARD SOUTH,1,1,1,0,2,3,,0,30,0,0,0,0,0,4,1,5
,2018_62749,39.74375549,-104.9733523,5/22/2018 13:18,13:18,15,0,0,DOWNING STREET NORTH & PARK AVENUE WEST,1,1,0,0,1,4,,0,25,0,0,0,0,0,4,3,14
,2018_62750,39.66759051,-104.9593794,3/1/2018 14:10,14:10,9,0,1,YALE AVENUE EAST & UNIVERSITY BOULEVARD SOUTH,1,1,0,0,1,3,,0,35,0,0,0,1,2,4,1,7
,2018_62751,39.70202106,-104.979272,3/29/2018 21:00,21:00,6,0,0,WASHINGTON STREET SOUTH & OHIO AVENUE EAST,1,3,0,0,1,4,,0,30,0,0,0,0,0,4,2,13
,2018_62754,39.67842617,-104.9592399,1/16/2018 12:45,12:45,12,0,0,EVANS AVENUE 2300 BLOCK EAST & UNIVERSITY BOULEVARD SOUTH,5,1,0,0,1,3,,0,35,0,0,0,0,0,4,2,1
,2018_62756,39.66791284,-104.9875823,12/5/2018 14:20,14:20,6,0,0,BROADWAY 2651 BLOCK SOUTH & YALE AVENUE,1,1,0,0,1,4,,0,25,0,0,0,0,0,4,2,16
,2018_62757,39.66776185,-104.9875821,12/11/2018 6:20,6:20,5,0,0,BROADWAY SOUTH & YALE AVENUE WEST,1,2,0,0,3,4,,0,30,0,0,0,0,0,4,1,13
,2018_62766,39.79625205,-104.7682153,10/10/2018 11:45,11:45,6,0,0,55TH AVENUE 18900 BLOCK EAST & BAHAMA COURT NORTH,1,1,1,0,1,2,,0,25,0,0,0,0,0,4,2,3
,2018_62767,39.64878394,-104.8986598,11/20/2018 16:00,16:00,14,0,0,ROSEMARY WAY SOUTH & SPRUCE STREET SOUTH,1,1,0,0,1,4,,0,25,0,0,0,0,0,4,2,13
,2018_62771,39.75393358,-104.9914394,3/15/2018 9:08,9:08,15,0,0,LARIMER STREET & 21ST STREET,1,1,0,0,1,4,,0,30,0,0,0,0,0,4,2,16
,2018_62780,39.76564364,-105.0158392,3/11/2018 13:55,13:55,12,0,0,ZUNI STREET NORTH & 35TH AVENUE WEST,1,1,0,0,1,3,,0,,0,0,0,0,0,4,2,13
,2018_62781,39.68926596,-105.0002223,11/2/2018 18:08,18:08,12,0,0,PLATTE RIVER DRIVE SOUTH & FLORIDA AVENUE WEST,1,3,0,0,1,3,,0,30,0,0,0,0,0,4,2,14
,2018_62788,39.74132099,-105.006297,3/28/2018 12:23,12:23,15,0,0,SEVENTH STREET & CURTIS STREET,1,1,0,1,1,4,,0,25,0,0,0,0,0,4,2,7
,2018_62789,39.75087432,-104.9900642,5/31/2018 17:25,17:25,12,0,0,20TH STREET & CURTIS STREET,1,1,0,0,1,4,,0,35,0,0,0,0,0,4,2,16
,2018_62792,39.69337973,-104.9035129,4/17/2018 18:00,18:00,3,0,0,QUEBEC STREET SOUTH & LOUISIANA AVENUE EAST,1,1,0,0,1,2,,0,35,0,0,0,0,0,4,2,13
,2018_62793,39.75141463,-104.9980437,6/19/2018 14:40,14:40,6,0,0,17TH STREET 1500 BLOCK & BLAKE STREET,1,1,1,0,1,4,,0,30,0,0,0,0,0,4,2,13
,2018_62794,39.7537822,-104.9862876,5/7/2018 14:15,14:15,15,0,0,PARK AVENUE WEST 1000 BLOCK & CURTIS STREET,1,1,0,0,1,4,,0,35,0,0,0,0,0,4,2,13
,2018_62808,39.6857358,-104.9710249,4/19/2018 22:42,22:42,6,0,0,LAFAYETTE STREET 1700 BLOCK NORTH & 17TH AVENUE EAST,1,3,0,0,1,4,,0,,0,0,0,0,0,4,2,13
,2018_62809,39.78278511,-104.7721211,2/3/2018 1:50,1:50,3,0,0,TOWER ROAD 4709 BLOCK NORTH & GREEN VALLEY RANCH BOULEVARD,1,3,0,0,1,2,,0,45,0,0,0,0,0,4,2,12
,2018_62810,39.75027909,-105.0012512,2/23/2018 16:09,16:09,15,0,0,WAZEE STREET & 15TH STREET,1,1,0,0,1,3,,0,25,0,0,0,0,0,4,2,8
,2018_62813,39.72011311,-104.9763854,9/28/2018 0:59,0:59,5,0,1,CLARKSON STREET NORTH & SPEER BOULEVARD EAST,1,3,0,0,3,4,,0,35,0,0,0,0,1,4,1,5
,2018_62817,39.67754979,-105.03477,1/11/2018 19:15,19:15,14,0,0,LOWELL BOULEVARD SOUTH & WARREN AVENUE WEST,1,3,1,0,1,4,,0,25,0,0,0,0,0,4,2,5
,2018_62821,39.71178043,-105.0420791,5/19/2018 23:35,23:35,6,0,0,BYERS PLACE 4200 BLOCK WEST & STUART STREET SOUTH,1,3,1,0,1,4,,0,25,0,0,0,0,0,4,2,5
,2018_62823,39.70329471,-105.0517889,3/13/2018 10:30,10:30,6,0,1,EXPOSITION AVENUE & YATES STREET,1,1,0,0,1,4,,0,20,0,0,0,0,2,4,2,2
,2018_62824,39.71141214,-104.9984982,8/22/2018 8:20,8:20,12,0,0,KALAMATH STREET 200 BLOCK SOUTH & ALAMEDA AVENUE WEST,1,1,1,0,1,4,,0,,0,0,0,0,0,4,3,13
,2018_62826,39.71117084,-104.990008,5/23/2018 14:26,14:26,12,0,0,ALAMEDA AVENUE 0 BLOCK WEST & BANNOCK STREET SOUTH,1,1,0,0,1,3,,0,35,0,0,0,0,0,4,2,16
,2018_62833,39.73345739,-104.960669,5/25/2018 17:58,17:58,6,0,0,GAYLORD STREET 1100 BLOCK NORTH & 12TH AVENUE EAST,1,1,0,0,1,4,,0,25,0,0,0,0,0,4,3,14
,2018_62834,39.76812154,-104.9532609,5/23/2018 11:35,11:35,15,0,0,FILLMORE STREET 3700 BLOCK NORTH & 38TH AVENUE EAST,1,1,0,0,1,4,,0,25,0,0,0,0,0,4,2,13
,2018_62835,39.77829977,-104.9035995,4/18/2018 11:30,11:30,15,0,0,QUEBEC STREET NORTH & I70 EASTBOUND RAMPS,1,1,1,0,1,4,,0,45,0,0,0,0,0,4,2,7
,2018_62836,39.78347117,-104.7721156,8/28/2018 20:10,20:10,5,0,0,TOWER ROAD NORTH & GREEN VALLEY RANCH BOULEVARD EAST,1,3,3,0,3,4,,0,45,0,0,0,0,0,4,1,3
,2018_62838,39.66486647,-105.0558431,1/11/2018 13:48,13:48,6,0,0,DEPEW STREET 2700 BLOCK SOUTH & AMHERST AVENUE WEST,1,1,0,0,1,4,,0,25,0,0,0,0,0,4,2,14
,2018_62839,39.71375644,-104.9983876,9/23/2018 21:06,21:06,5,0,0,SANTA FE DRIVE 200 BLOCK SOUTH & CEDAR AVENUE WEST,1,3,0,0,2,3,,0,30,0,0,0,0,0,4,1,12
,2018_62840,39.71659029,-104.9908546,12/17/2018 15:11,15:11,6,0,0,ELLSWORTH AVENUE 200 BLOCK WEST & BANNOCK STREET NORTH,1,1,0,0,1,4,,0,25,0,0,0,0,0,4,2,8
,2018_62843,39.79026485,-104.8097779,12/20/2018 17:14,17:14,12,0,0,CHAMBERS ROAD NORTH & 53RD AVENUE EAST,1,3,0,0,1,4,,0,40,0,0,0,0,0,4,2,1
,2018_62845,39.69817156,-105.0127091,11/22/2018 15:50,15:50,12,0,0,TEJON STREET SOUTH & TENNESSEE AVENUE WEST,1,1,0,0,1,4,,0,25,0,0,0,0,0,4,2,3
,2018_62846,39.7638359,-104.9034509,4/20/2018 12:40,12:40,12,0,0,QUEBEC STREET NORTH & 33RD AVENUE EAST,1,1,0,0,1,4,,0,,0,0,0,0,0,4,2,13
,2018_62849,39.75151167,-104.9909338,11/20/2018 14:20,14:20,12,0,0,20TH STREET & ARAPAHOE STREET,1,1,0,0,1,3,,0,30,0,0,0,0,0,4,2,13
,2018_62860,39.71327054,-104.9981627,9/26/2018 13:21,13:21,15,0,0,SANTA FE DRIVE SOUTH & CEDAR AVENUE WEST,1,1,0,0,1,3,,0,30,0,0,0,0,0,4,2,13
,2018_62869,39.70769717,-105.0508784,2/23/2018 9:10,9:10,6,0,0,YATES STREET SOUTH & VIRGINIA AVENUE WEST,5,1,0,0,1,3,,0,25,0,0,0,0,0,4,2,7
,2018_62870,39.76521478,-104.8988478,6/12/2018 17:34,17:34,15,0,0,35TH AVENUE EAST & SYRACUSE STREET NORTH,1,1,0,0,1,3,,0,,0,0,0,0,0,4,2,13
,2018_62871,39.78360823,-104.7721144,2/11/2018 19:13,19:13,12,0,0,GREEN VALLEY RANCH BOULEVARD & TOWER ROAD NORTH,1,3,0,0,1,4,,0,45,0,0,0,0,0,4,2,3
,2018_62873,39.77028276,-104.7408134,5/26/2018 21:45,21:45,6,0,0,39TH AVENUE EAST & MALTA STREET NORTH,1,3,0,0,1,4,,0,25,0,0,0,0,0,4,3,13
,2018_62875,39.71135609,-104.9129339,6/11/2018 7:30,7:30,12,0,1,ALAMEDA AVENUE 5600 BLOCK EAST & MONACO STREET SOUTH,1,1,0,0,1,4,,0,35,0,0,0,0,1,4,2,14
,2018_62877,39.78583901,-104.8526577,11/2/2018 13:00,13:00,3,0,0,NOME STREET 4800 BLOCK NORTH & 47TH AVENUE EAST,1,1,0,6,1,2,,0,10,0,0,0,0,0,4,2,3
,2018_62882,39.78776973,-104.9636735,11/5/2018 7:17,7:17,10,0,0,YORK STREET 5100 BLOCK NORTH APPROXIMATELY & BRIGHTON BOULEVARD,1,1,0,0,1,4,,0,30,0,0,0,0,0,4,2,13
,2018_62883,39.78236801,-104.8565303,2/26/2018 8:27,8:27,12,0,1,LIMA STREET 4700 BLOCK NORTH & 47TH AVENUE EAST,1,1,0,0,1,1,,0,30,0,0,0,0,1,4,2,16
,2018_62887,39.79028768,-105.0064022,6/14/2018 15:07,15:07,12,0,1,PECOS STREET 5100 BLOCK NORTH & BERKELEY PLACE WEST,1,1,1,0,1,4,,0,30,0,0,0,0,1,4,2,16
,2018_62891,39.70134167,-105.02979,3/21/2018 21:00,21:00,10,0,0,IRVING STREET SOUTH & ADA PLACE WEST,1,3,0,0,1,4,,0,25,0,0,0,0,0,4,2,13
,2018_62892,39.72562367,-104.9787473,9/14/2018 23:01,23:01,15,0,0,SIXTH AVENUE EAST & WASHINGTON STREET NORTH,1,3,0,0,1,4,,0,,0,0,0,0,0,4,2,13
,2018_62899,39.79056098,-104.7983607,2/11/2018 8:00,8:00,5,0,0,53RD AVENUE EAST & LAREDO STREET NORTH,4,1,0,0,3,3,,0,25,0,0,0,0,0,4,1,13
,2018_62900,39.77943138,-104.7629069,7/6/2018 15:05,15:05,6,0,0,CEYLON STREET 4571 NORTH & SCOTT PLACE EAST,1,1,0,0,1,4,,0,25,0,0,0,0,0,4,2,13
,2018_62903,39.68934257,-104.9246735,2/28/2018 16:40,16:40,12,0,0,FLORIDA AVENUE 5400 BLOCK EAST & HUDSON STREET SOUTH,1,1,0,0,1,3,,0,25,0,0,0,0,0,4,2,3
,2018_62905,39.72240674,-104.9522091,12/15/2018 13:33,13:33,15,0,0,MILWAKEE STREET NORTH & FOURTH AVENUE EAST,1,1,0,0,1,3,,0,30,0,0,0,0,0,4,2,7
,2018_62906,39.72563869,-104.9873857,11/13/2018 12:02,12:02,12,0,0,SIXTH AVENUE 000 BLOCK WEST & BROADWAY NORTH,1,1,1,0,1,4,,0,30,0,0,0,0,0,4,2,13
,2018_62907,39.73840304,-104.9723278,11/9/2018 18:20,18:20,6,0,0,14TH AVENUE 1200 BLOCK & DOWNING STREET NORTH,1,3,0,0,1,5,,0,10,0,0,0,0,0,4,2,13
,2018_62908,39.72908646,-104.9891897,8/23/2018 9:34,9:34,15,0,0,EIGHTH AVENUE 100 WEST & BROADWAY NORTH,1,1,0,0,1,1,,0,30,0,0,0,0,0,4,2,14
,2018_62909,39.78227669,-104.8658499,9/3/2018 17:36,17:36,12,0,0,47TH AVENUE EAST & HAVANA STREET NORTH,1,1,0,0,1,3,,0,35,0,0,0,0,0,4,2,5
,2018_62910,39.77291817,-104.8621688,11/19/2018 11:11,11:11,6,0,0,40TH AVENUE EAST & JOLIET STREET NORTH,1,1,0,0,1,4,,0,30,0,0,0,0,0,4,2,13
,2018_62913,39.73844603,-104.99134,4/17/2018 6:03,6:03,6,0,0,14TH AVENUE 200 BLOCK WEST & CHEROKEE STREET NORTH,1,1,0,0,1,4,,0,30,0,0,0,0,0,4,2,13
,2018_62916,39.67124918,-104.9593901,10/4/2018 11:25,11:25,15,0,0,UNIVERSITY BOULEVARD 2400 BLOCK SOUTH & HARVARD AVENUE EAST,1,1,1,0,1,4,,0,30,0,0,0,0,0,4,2,13
,2018_62917,39.69383399,-104.9593403,11/15/2018 13:27,13:27,12,0,1,UNIVERSITY 1200 BLOCK SOUTH & LOUISIANA AVENUE EAST,1,1,0,0,1,4,,0,30,0,0,0,0,1,4,3,13
,2018_62922,39.66764349,-104.9058052,1/18/2018 8:45,8:45,12,0,0,YALE AVENUE 6900 BLOCK EAST & ONEIDA STREET SOUTH,1,1,1,0,1,4,,0,30,0,0,0,0,0,4,2,13
,2018_62923,39.6784633,-104.9158454,5/8/2018 14:58,14:58,3,0,0,EVANS AVENUE EAST & LEYDEN STREET SOUTH,1,1,0,0,1,2,,0,30,0,0,0,0,0,4,2,13
,2018_62924,39.66762641,-104.9036795,6/25/2018 19:03,19:03,12,0,0,YALE AVENUE EAST & QUEBEC STREET SOUTH,1,1,1,0,1,3,,0,30,0,0,0,0,0,4,2,16
,2018_62925,39.73829508,-104.9263347,8/11/2018 12:30,12:30,3,0,0,14TH AVENUE EAST & GLENCOE STREET NORTH,1,1,0,0,1,5,,0,25,0,0,0,0,0,4,2,13
,2018_62926,39.73840333,-104.9722156,5/31/2018 7:45,7:45,6,0,1,14TH AVENUE EAST & MARION STREET NORTH,1,1,0,0,3,4,,0,30,0,0,0,0,1,4,3,3
,2018_62929,39.6784866,-104.9677937,12/21/2018 21:54,21:54,15,0,0,EVANS AVENUE 1600 BLOCK EAST & GILPIN STREET SOUTH,1,3,0,0,1,4,,0,5,0,0,0,0,0,4,2,13
,2018_62930,39.67843286,-104.9415418,11/23/2018 9:10,9:10,15,0,0,EVANS AVENUE EAST & COLORADO BOULEVARD SOUTH,1,1,0,0,1,3,,0,25,0,0,0,0,0,4,2,13
,2018_62932,39.7289039,-104.9965457,11/30/2018 15:08,15:08,6,0,0,EIGHTH AVENUE 700 BLOCK WEST & GALAPAGO STREET NORTH,1,1,1,0,1,4,,0,30,0,0,0,0,0,4,2,13
,2018_62934,39.78386812,-105.0624831,2/13/2018 9:05,9:05,12,0,0,48TH AVENUE WEST & HARLAN STREET,1,1,0,0,1,3,,0,35,0,0,0,0,0,4,3,14
,2018_62935,39.77657471,-105.0443373,1/16/2018 14:33,14:33,3,0,0,44TH AVENUE 4400 BLOCK WEST & TENNYSON STREET NORTH,1,1,1,0,1,5,,0,20,0,0,0,0,0,4,2,13
,2018_62936,39.73844555,-104.9917489,4/19/2018 18:15,18:15,15,0,0,14TH AVENUE 300 BLOCK WEST & CHEROKEE STREET NORTH,1,1,0,0,1,4,,0,30,0,0,0,0,0,4,2,13
,2018_62937,39.73294655,-105.0253493,2/14/2018 6:55,6:55,12,0,0,10TH AVENUE 2900 WEST & FEDERAL BOULEVARD NORTH,1,2,0,0,1,4,,0,25,0,0,0,0,0,4,2,13
,2018_62939,39.67923916,-104.9230996,8/23/2018 11:00,11:00,14,0,0,PACIFIC PLACE 5500 EAST & HUDSON STREET SOUTH,1,1,0,0,1,4,,0,25,0,0,0,0,0,4,2,13
,2018_62944,39.74390789,-105.0520873,4/22/2018 11:00,11:00,15,0,0,ZENOBIA STREET NORTH & 17TH AVENUE WEST,1,1,1,0,1,4,,0,20,0,0,0,0,0,4,2,13
,2018_62945,39.69825075,-104.9593282,4/17/2018 12:24,12:24,12,0,0,UNIVERSITY BOULEVARD SOUTH & TENNESSEE AVENUE EAST,1,1,0,0,1,3,,0,30,0,0,0,0,0,4,3,14
,2018_62956,39.75483132,-105.026062,10/24/2018 7:43,7:43,5,0,0,26TH AVENUE 3000 BLOCK WEST & FEDERAL BOULEVARD NORTH,1,1,0,0,2,5,,0,15,0,0,0,0,0,4,2,14
,2018_62957,39.74325036,-104.9749276,8/10/2018 1:40,1:40,5,0,0,17TH AVENUE 900 EAST & OGDEN STREET NORTH,1,3,0,0,2,4,,0,30,0,0,0,0,0,4,1,5
,2018_62958,39.70399734,-104.9593573,8/3/2018 14:27,14:27,12,0,1,UNIVERSITY BOULEVARD 600 SOUTH & EXPOSITION AVENUE EAST,2,1,0,1,1,4,,0,30,0,0,0,0,1,4,2,13
,2018_62960,39.70049852,-104.9593289,1/12/2018 11:53,11:53,15,0,0,UNIVERSITY BOULEVARD 900 BLOCK SOUTH & KENTUCKY AVENUE EAST,1,1,0,0,1,4,,0,30,0,0,0,0,0,4,2,13
,2018_62961,39.73814243,-104.9659988,5/11/2018 11:26,11:26,6,0,0,14TH AVENUE EAST & WILLIAMS STREET NORTH,1,1,0,0,3,4,,0,30,0,0,0,0,0,4,4,10
,2018_62963,39.67315426,-104.9593849,4/12/2018 11:23,11:23,15,0,0,UNIVERSITY BOULEVARD SOUTH & WESLEY AVENUE EAST,1,1,0,0,1,4,,0,30,0,0,0,0,0,4,2,13
,2018_62964,39.67845963,-104.9206367,9/19/2018 19:00,19:00,15,0,0,EVANS AVENUE 5700 BLOCK EAST & IVANHOE STREET SOUTH,2,2,0,0,1,3,,0,35,0,0,0,0,0,4,2,14
,2018_62965,39.7432579,-104.9760998,9/21/2018 19:27,19:27,12,0,0,17TH AVENUE EAST & EMERSON STREET NORTH,1,3,0,0,1,4,,0,30,0,0,0,0,0,4,2,16
,2018_62966,39.76242337,-104.9733445,12/5/2018 23:26,23:26,12,0,0,DOWNING STREET 3200 BLOCK NORTH & MLK BOULEVARD,1,3,0,0,1,4,,0,30,0,0,0,0,0,4,3,16
,2018_62968,39.83346361,-104.6947124,5/8/2018 3:30,3:30,15,0,0,PENA BOULEVARD & JACKSON GAP,1,3,0,0,1,4,,0,65,0,0,0,0,0,4,2,5
,2018_62971,39.68883892,-104.9875038,1/30/2018 12:40,12:40,15,0,0,BROADWAY 1500 BLOCK SOUTH & FLORIDA AVENUE EAST,1,1,0,0,1,4,,0,30,0,0,0,0,0,4,2,1
,2018_62976,39.70380325,-105.0109851,1/25/2018 7:02,7:02,6,0,0,TEJON STREET 700 BLOCK SOUTH & EXPOSITION AVENUE WEST,1,3,1,0,1,4,,0,25,0,0,0,0,0,4,2,13
,2018_62978,39.73843293,-104.9828738,12/30/2018 11:15,11:15,15,0,0,14TH AVENUE 300 BLOCK EAST & LOGAN STREET NORTH,1,1,1,0,1,4,,0,30,0,0,0,0,0,4,2,13
,2018_62980,39.73842302,-104.9877955,5/8/2018 15:55,15:55,15,0,0,14TH AVENUE EAST & BROADWAY NORTH,1,1,0,0,1,4,,0,30,0,0,0,0,0,4,2,13
,2018_62981,39.73563906,-104.9418259,2/25/2018 18:14,18:14,6,0,0,HARRISON STREET NORTH & 12TH AVENUE EAST,1,3,0,0,1,4,,0,25,0,0,0,0,0,4,3,13
,2018_62983,39.71111837,-104.961686,10/10/2018 16:30,16:30,12,0,1,ALAMEDA AVENUE EAST & GAYLORD STREET SOUTH,1,1,1,0,1,4,,0,30,0,0,0,0,1,4,2,13
,2018_62986,39.70733072,-104.9876154,8/3/2018 16:57,16:57,12,0,0,BROADWAY 400 SOUTH & VIRGINIA AVENUE EAST,1,1,0,0,1,4,,0,30,0,0,0,0,0,4,2,3
,2018_62987,39.67823474,-104.9593932,2/3/2018 0:18,0:18,12,0,1,UNIVERSITY BOULEVARD SOUTH & EVANS AVENUE EAST,1,3,0,0,1,3,,0,35,0,0,0,0,1,4,2,13
,2018_62988,39.67815238,-104.9593931,3/9/2018 9:56,9:56,12,0,0,UNIVERSITY BOULEVARD 2100 BLOCK SOUTH & EVANS AVENUE EAST,1,1,0,0,1,3,,0,35,0,0,0,0,0,4,3,1
,2018_62989,39.67804257,-104.959393,10/8/2018 14:05,14:05,3,0,0,UNIVERSITY BOULEVARD 2000 BLOCK SOUTH & EVANS AVENUE EAST,1,1,0,0,1,5,,0,15,0,0,0,0,0,4,2,7
,2018_62990,39.6962496,-104.9593244,9/26/2018 9:10,9:10,12,0,0,UNIVERSITY BOULEVARD SOUTH & MISSISSIPPI AVENUE EAST,1,1,0,0,1,4,,0,30,0,0,0,0,0,4,3,3
,2018_62992,39.73845206,-104.993948,12/15/2018 9:34,9:34,6,0,0,14TH AVENUE 400 BLOCK EAST & ELATI STREET NORTH,1,1,0,0,1,4,,0,30,0,0,0,0,0,4,2,4
,2018_62993,39.75808043,-105.0118109,9/17/2018 8:39,8:39,15,0,2,15TH STREET 2500 BLOCK & BOULDER,1,1,0,0,1,4,,0,30,0,0,0,0,1,4,2,14
,2018_62995,39.74327186,-104.9816319,3/22/2018 14:52,14:52,3,0,0,17TH AVENUE EAST & PENNSYLVANIA STREET NORTH,1,1,0,0,1,5,,0,30,0,0,0,0,0,4,2,14
,2018_62996,39.74327188,-104.9825095,2/28/2018 19:26,19:26,15,0,0,17TH AVENUE EAST & LOGAN STREET NORTH,1,3,0,0,1,4,,0,,0,0,0,0,0,4,2,13
,2018_63002,39.70904845,-104.9875993,8/3/2018 16:37,16:37,5,0,0,BROADWAY 400 SOUTH & DAKOTA AVENUE EAST,1,1,0,0,2,4,,0,30,0,0,0,0,0,4,1,10
,2018_63003,39.70201498,-104.9593337,1/5/2018 13:55,13:55,12,0,1,OHIO AVENUE 2350 BLOCK EAST & UNIVERSITY BOULEVARD SOUTH,1,1,0,0,1,4,,0,25,0,0,0,0,1,4,3,13
,2018_63007,39.78236689,-104.8006612,2/17/2018 8:35,8:35,6,0,0,WARNER PLACE EAST / ELK DRIVE ALLEY 16050 & KITTREDGE STREET,1,1,0,0,1,3,,0,10,0,0,0,0,0,4,2,7
,2018_63008,39.69469185,-104.9874505,4/10/2018 15:03,15:03,15,0,0,BROADWAY SOUTH & ARIZONA AVENUE WEST,1,1,0,0,1,4,,0,35,0,0,0,0,0,4,2,13
,2018_63010,39.66343014,-104.966407,7/4/2018 5:25,5:25,6,0,0,WILLIAMS STREET 3000 BLOCK NORTH & 30TH AVENUE EAST,1,1,0,0,1,4,,0,25,0,0,0,0,0,4,3,13
,2018_63017,39.6784622,-104.9323226,4/19/2018 7:34,7:34,15,0,0,EVANS AVENUE EAST & DAHLIA STREET SOUTH,1,1,0,0,1,4,,0,35,0,0,0,0,0,4,2,13
,2018_63020,39.71115918,-104.9865682,1/5/2018 12:03,12:03,15,0,0,ALAMEDA AVENUE 000 BLOCK EAST & LINCOLN STREET,1,1,0,0,1,4,,0,30,0,0,0,0,0,4,2,13
,2018_63021,39.71111456,-104.9609159,10/20/2018 11:01,11:01,15,0,0,ALAMEDA AVENUE EAST & YORK STREET SOUTH,1,1,1,0,1,4,,0,30,0,0,0,0,0,4,2,16
,2018_63023,39.71834062,-104.9746981,7/28/2018 0:30,0:30,5,0,0,SPEER BOULEVARD EAST & CORONA STREET NORTH,1,3,0,0,2,4,,0,30,0,0,0,0,0,4,1,3
,2018_63024,39.73835049,-105.0404776,6/28/2018 13:55,13:55,12,0,0,QUITMAN STREET NORTH & 14TH AVENUE WEST,1,1,0,0,1,4,,0,25,0,0,0,0,0,4,2,13