id,drcog_id,latitude,longitude,crashtime,time,crashtype,numbkilled,numbinjurd,drcoglocat,rdconditin,lightngcon,roadcntgrd,weatherco,location,roaddescrp,schoolzone,constrzone,splimit,bikeinv,pedinv,sctrinv,motoinv,svrty,rdsystem,ttlvehcls,hcf
,2018_63025,39.74618729,-104.9847987,8/14/2018 10:38,10:38,3,0,0,19TH AVENUE EAST & SHERMAN STREET NORTH,1,1,0,0,1,1,,0,25,0,0,0,0,0,4,2,13
,2018_63026,39.79181278,-105.0346429,4/3/2018 21:57,21:57,6,0,1,LOWELL BOULEVARD & 52ND AVENUE,1,4,0,0,1,4,,0,30,0,0,0,0,1,4,2,5
,2018_63027,39.77656477,-104.9541426,5/14/2018 14:55,14:55,6,0,0,CLAYTON STREET NORTH & 43RD AVENUE EAST,1,1,0,0,1,4,,0,30,0,0,0,0,0,4,2,5
,2018_63029,39.71803563,-104.9548337,5/3/2018 7:09,7:09,15,0,0,FIRST AVENUE 2700 BLOCK EAST & DETROIT STREET NORTH,2,1,0,1,1,4,,0,30,0,0,0,0,0,4,2,1
,2018_63030,39.67846323,-104.9317186,12/21/2018 11:00,11:00,15,0,0,EVANS AVENUE EAST & DAHLIA STREET SOUTH,1,1,0,0,1,4,,0,40,0,0,0,0,0,4,2,14
,2018_63031,39.67846336,-104.9316476,1/30/2018 6:44,6:44,12,0,0,EVANS AVENUE 4700 BLOCK EAST & DAHLIA STREET SOUTH,1,2,0,0,1,3,,0,35,0,0,0,0,0,4,2,1
,2018_63032,39.67844728,-104.9409562,7/31/2018 11:13,11:13,15,0,0,EVANS AVENUE EAST & COLORADO BOULEVARD SOUTH,1,1,3,0,1,3,,0,35,0,0,0,0,0,4,2,13
,2018_63034,39.66502734,-105.0270872,4/12/2018 22:15,22:15,6,0,0,AMHERST AVENUE 3100 BLOCK WEST & GROVE STREET SOUTH,1,3,0,0,1,4,,0,25,0,0,0,0,0,4,2,1
,2018_63036,39.72564579,-104.986416,4/3/2018 7:37,7:37,15,0,0,SPEER BOULEVARD 100 BLOCK NORTH & LINCOLN STREET NORTH,1,1,0,0,1,4,,0,35,0,0,0,0,0,4,2,13
,2018_63042,39.74321582,-104.9608593,12/4/2018 9:46,9:46,12,0,0,17TH AVENUE 2200 BLOCK EAST & GAYLORD STREET NORTH,1,1,0,0,1,3,,0,30,0,0,0,0,0,4,2,16
,2018_63044,39.70685175,-104.8753627,7/10/2018 5:37,5:37,3,0,0,DAYTON STREET 500 BLOCK SOUTH & CENTER AVENUE EAST,1,2,0,0,1,2,,0,30,0,0,0,0,0,4,2,13
,2018_63046,39.65090483,-104.8848257,6/30/2018 15:30,15:30,15,0,0,YOSEMITE STREET 3600 BLOCK SOUTH & JEFFERSON AVENUE EAST,1,1,0,0,1,4,,0,35,0,0,0,0,0,4,2,1
,2018_63049,39.73844926,-104.9926089,8/7/2018 7:29,7:29,6,0,0,14TH AVENUE 400 BLOCK WEST & DELAWARE STREET NORTH,1,1,0,0,1,4,,0,30,0,0,0,0,0,4,2,13
,2018_63050,39.69742314,-104.8753135,3/26/2018 9:36,9:36,6,0,0,DAYTON STREET SOUTH & EMPORIA STREET SOUTH,1,3,0,0,1,4,,0,30,0,0,0,0,0,4,2,13
,2018_63051,39.78001481,-104.9566441,9/18/2018 8:00,8:00,5,0,1,46TH AVENUE EAST & ELIZABETH STREET NORTH,1,1,0,0,1,4,,0,30,0,0,0,0,1,4,1,10
,2018_63052,39.7432404,-104.970986,1/2/2018 4:48,4:48,6,0,0,17TH AVENUE 1200 BLOCK EAST & LAFAYETTE STREET NORTH,1,3,0,0,1,4,,0,30,0,0,0,0,0,4,2,14
,2018_63057,39.76791077,-105.0005879,8/6/2018 16:00,16:00,6,0,0,KALAMATH STREET NORTH & 37TH AVENUE WEST,1,1,0,0,1,4,,0,15,0,0,0,0,0,4,3,3
,2018_63058,39.73987555,-104.9776381,11/17/2018 18:05,18:05,15,0,0,CLARKSON STREET NORTH & COLFAX AVENUE EAST,5,4,0,2,1,4,,0,30,0,0,0,0,0,4,2,14
,2018_63064,39.70402437,-104.9129433,10/26/2018 11:10,11:10,12,0,1,EXPOSITION AVENUE EAST & MONACO STREET SOUTH,1,1,1,0,1,3,,0,30,0,0,0,0,1,4,2,13
,2018_63066,39.69675898,-105.0274417,9/9/2018 10:28,10:28,12,0,0,MISSISSIPPI AVENUE WEST & HAZEL COURT SOUTH,1,1,0,0,1,3,,0,25,0,0,0,0,0,4,2,3
,2018_63068,39.7387034,-104.9031045,2/14/2018 20:05,20:05,15,0,0,14TH AVENUE EAST & QUEBEC STREET NORTH,1,3,0,0,1,4,,0,30,0,0,0,0,0,4,2,7
,2018_63071,39.75206371,-104.9937326,11/30/2018 21:34,21:34,15,0,0,LARIMER STREET 1900 BLOCK & 20TH STREET,2,3,0,1,1,4,,0,30,0,0,0,0,0,4,2,5
,2018_63072,39.75896306,-105.0159495,4/25/2018 14:10,14:10,12,0,0,DUNKELD PLACE 2400 BLOCK WEST & ZUNI STREET WEST,1,1,1,0,1,4,,0,25,0,0,0,0,0,4,2,16
,2018_63076,39.8338206,-104.7486499,9/9/2018 9:45,9:45,12,0,1,PENA BOULEVARD & E470,1,1,0,0,1,4,,0,50,0,0,0,0,1,4,2,12
,2018_63077,39.71138122,-104.9129366,2/18/2018 8:56,8:56,12,0,0,MONACO STREET SOUTH & ALAMEDA AVENUE EAST,1,1,0,0,1,1,,0,30,0,0,0,0,0,4,2,16
,2018_63078,39.69818513,-104.9128989,7/7/2018 12:21,12:21,12,0,2,MONACO STREET SOUTH & TENNESSEE AVENUE EAST,1,1,0,0,1,4,,0,35,0,0,0,0,1,4,2,14
,2018_63080,39.73844734,-104.9908647,5/22/2018 10:44,10:44,12,0,0,14TH AVENUE WEST & BANNOCK STREET NORTH,1,1,0,0,1,4,,0,25,0,0,0,0,0,4,2,3
,2018_63084,39.76443005,-105.0096111,3/21/2018 10:35,10:35,6,0,0,34TH AVENUE 1900 BLOCK WEST & SHOSHONE STREET NORTH,1,1,0,0,1,4,,0,25,0,0,0,0,0,4,2,14
,2018_63088,39.71481458,-104.9939394,9/10/2018 11:22,11:22,6,0,0,BAYAUD AVENUE 300 BLOCK WEST & ELATI STREET SOUTH,1,1,0,0,1,4,,0,25,0,0,0,0,0,4,3,13
,2018_63089,39.77656004,-105.0130539,11/7/2018 11:15,11:15,15,0,0,44TH AVENUE 2100 BLOCK WEST & VALLEJO STREET,1,1,0,0,1,4,,0,25,0,0,0,0,0,4,2,13
,2018_63090,39.67847196,-104.9223538,9/26/2018 7:05,7:05,15,0,0,EVANS AVENUE 5500 BLOCK EAST & HOLLY STREET SOUTH,1,1,0,0,1,4,,0,35,0,0,0,0,0,4,2,13
,2018_63091,39.72931059,-105.0195853,8/27/2018 7:55,7:55,15,0,0,EIGHTH AVENUE WEST & CANOSA COURT NORTH,1,1,0,0,1,4,,0,25,0,0,0,0,0,4,2,13
,2018_63096,39.69847683,-104.9874538,8/15/2018 11:35,11:35,15,0,0,BROADWAY STREET 1000 BLOCK SOUTH & TENNESSEE AVENUE EAST,1,1,0,0,1,4,,0,35,0,0,0,0,0,4,2,3
,2018_63100,39.71816995,-104.9590997,4/9/2018 16:12,16:12,3,0,0,UNIVERSITY BOULEVARD NORTH & FIRST AVENUE EAST,1,1,0,0,1,1,,0,30,0,0,0,0,0,4,2,7
,2018_63101,39.6984342,-104.9779415,4/13/2018 21:43,21:43,6,0,0,TENNESSEE AVENUE 800 BLOCK EAST & CLARKSON STREET,1,3,0,0,1,4,,0,25,0,0,0,0,0,4,3,5
,2018_63106,39.83348891,-104.6982728,6/5/2018 13:30,13:30,15,0,0,PENA BOULEVARD & JACKSON GAP STREET NORTH,1,1,0,0,1,4,,0,65,0,0,0,0,0,4,2,1
,2018_63108,39.67708069,-104.9316418,9/14/2018 20:16,20:16,12,0,0,EVANS AVENUE EAST & DAHLIA STREET SOUTH,1,2,0,0,1,4,,0,35,0,0,0,0,0,4,2,1
,2018_63113,39.67846574,-104.9248354,11/1/2018 17:21,17:21,12,0,0,EVANS AVENUE 5300 BLOCK EAST & GRAPE STREET SOUTH,1,2,0,0,1,4,,0,30,0,0,0,0,0,4,4,1
,2018_63114,39.67846612,-104.9216374,10/31/2018 8:55,8:55,12,0,0,EVANS AVENUE 5000 BLOCK EAST & GRAPE STREET,1,1,0,0,1,4,,0,35,0,0,0,0,0,4,2,13
,2018_63116,39.7256084,-104.9770285,10/4/2018 11:03,11:03,12,0,0,SIXTH AVENUE 800 BLOCK EAST & CLARKSON STREET NORTH,1,1,0,0,1,5,,0,30,0,0,0,0,0,4,2,13
,2018_63117,39.79824283,-104.7721186,9/2/2018 16:37,16:37,12,0,0,56TH AVENUE EAST & TOWER ROAD NORTH,1,1,0,0,1,3,,0,45,0,0,0,0,0,4,2,13
,2018_63118,39.66762194,-104.9133139,8/2/2018 15:10,15:10,3,0,0,YALE AVENUE 6400 BLOCK EAST & MONACO STREET SOUTH,1,1,0,0,1,2,,0,30,0,0,0,0,0,4,2,15
,2018_63120,39.71313214,-104.9875419,12/4/2018 17:15,17:15,5,0,1,BROADWAY SOUTH 100 BLOCK & CEDAR AVENUE WEST,1,3,0,0,3,3,,0,30,0,0,0,0,2,4,1,5
,2018_63126,39.74356603,-104.9925415,7/8/2018 15:23,15:23,6,0,0,WELTON STREET 1400 BLOCK  & 15TH STREET,1,1,0,0,1,4,,0,30,0,0,0,0,0,4,2,13
,2018_63128,39.7742905,-105.005537,5/10/2018 11:55,11:55,15,0,0,42ND AVENUE WEST & OSAGE STREET NORTH,1,1,0,0,1,4,,0,25,0,0,0,0,0,4,2,13
,2018_63130,39.74746839,-104.8846904,5/24/2018 17:23,17:23,12,0,0,CENTRAL PARK BOULEVARD NORTH & MONTVIEW BOULEVARD,1,1,0,0,1,3,,0,30,0,0,0,0,0,4,2,16
,2018_63135,39.67846211,-104.9127143,6/19/2018 14:02,14:02,15,0,0,EVANS AVENUE EAST & MONACO STREET SOUTH,1,1,0,0,1,4,,0,35,0,0,0,0,0,4,2,13
,2018_63136,39.67846144,-104.9121814,7/9/2018 8:49,8:49,15,0,0,EVANS AVENUE 6600 BLOCK EAST & MONACO STREET SOUTH,1,1,0,0,1,3,,0,35,0,0,0,0,0,4,2,13
,2018_63138,39.68881991,-105.0003353,2/1/2018 13:55,13:55,5,0,1,PLATTE RIVER DRIVE SOUTH & FLORIDA AVENUE WEST,1,1,0,0,3,4,,0,35,0,0,0,0,2,4,1,1
,2018_63139,39.69654373,-104.9219353,12/4/2018 14:55,14:55,12,0,0,HOLLY STREET SOUTH & CHERRY CREEK DRIVE EAST,1,1,0,0,1,4,,0,30,0,0,0,0,0,4,2,16
,2018_63141,39.78038595,-104.9633908,9/25/2018 0:05,0:05,5,0,0,46TH AVENUE 4400 BLOCK EAST & BIRCH STREET EAST,1,4,0,0,2,1,,0,40,0,0,0,0,0,4,1,7
,2018_63142,39.67846289,-104.9146684,4/30/2018 16:32,16:32,3,0,0,EVANS AVENUE 6300 BLOCK EAST & MONACO STREET SOUTH,1,1,0,0,1,2,,0,35,0,0,0,0,0,4,2,13
,2018_63143,39.67846231,-104.9129986,6/21/2018 18:08,18:08,12,0,0,EVANS AVENUE EAST & MONACO STREET SOUTH,1,1,0,0,1,3,,0,35,0,0,0,0,0,4,3,12
,2018_63144,39.73829801,-104.9247438,3/19/2018 15:41,15:41,15,0,0,14TH AVENUE EAST & GRAPE STREET NORTH,1,1,0,0,1,4,,0,30,0,0,0,0,0,4,2,13
,2018_63149,39.64996295,-105.0531198,5/28/2018 12:05,12:05,1,0,0,SHERIDAN BOULEVARD 3700 BLOCK SOUTH & KENYON AVENUE WEST,1,1,0,0,1,2,,0,40,0,0,0,0,0,4,2,13
,2018_63150,39.74447614,-105.0000095,9/22/2018 13:52,13:52,15,0,0,ARAPAHOE STREET 1200 BLOCK & 13TH STREET,1,1,0,0,1,3,,0,25,0,0,0,0,0,4,2,14
,2018_63151,39.73842327,-104.9746928,2/9/2018 15:20,15:20,12,0,0,14TH AVENUE EAST & CORONA STREET NORTH,1,1,0,0,1,5,,0,30,0,0,0,0,0,4,2,8
,2018_63156,39.74599788,-104.9980363,8/28/2018 17:20,17:20,12,0,0,ARAPAHOE STREET & 14TH STREET,1,1,0,0,1,3,,0,,0,0,0,0,0,4,2,13
,2018_63157,39.79320066,-104.8464028,3/19/2018 7:40,7:40,12,0,0,QUARI STREET 5300 BLOCK NORTH & 53RD AVENUE EAST,1,1,0,0,1,2,,0,25,0,0,0,0,0,4,2,13
,2018_63158,39.78546731,-105.0069749,10/22/2018 7:40,7:40,6,0,0,DIXIE PLACE 170 BLOCK WEST & PECOS STREET NORTH,1,1,0,0,1,4,,0,30,0,0,0,0,0,4,2,14
,2018_63160,39.78220463,-104.8676891,4/17/2018 17:00,17:00,5,0,1,47TH AVENUE EAST & HAVANA STREET NORTH,1,1,0,6,2,4,,0,45,0,0,0,0,1,4,1,5
,2018_63172,39.70267659,-104.9128965,12/6/2018 19:00,19:00,12,0,0,MONACO STREET SOUTH & LEETSDALE DRIVE,1,3,0,0,1,4,,0,45,0,0,0,0,0,4,3,14
,2018_63173,39.75438579,-104.992004,5/28/2018 17:30,17:30,6,0,0,MARKET STREET 2100 BLOCK & 22ND STREET,1,1,0,0,1,4,,0,25,0,0,0,0,0,4,2,13
,2018_63174,39.75911743,-104.8645172,5/28/2018 17:46,17:46,3,0,0,29TH AVENUE EAST & IOLA STREET NORTH,1,1,0,0,1,1,,0,35,0,0,0,0,0,4,2,14
,2018_63175,39.67471967,-104.8722815,12/17/2018 15:32,15:32,12,0,1,ILIFF AVENUE EAST & PARKER ROAD SOUTH / 9900 BLOCK EAST,1,1,0,0,1,3,,0,40,0,0,0,0,1,4,2,1
,2018_63177,39.77197571,-105.0275944,8/2/2018 18:15,18:15,6,0,0,GROVE STREET 4000 BLOCK NORTH & 41ST AVENUE WEST,1,1,1,0,1,4,,0,25,0,0,0,0,0,4,2,13
,2018_63179,39.73294205,-105.0321511,10/29/2018 21:55,21:55,15,0,1,KNOX COURT NORTH & 10TH AVENUE WEST,1,3,1,0,1,4,,0,30,0,0,0,1,1,4,2,1
,2018_63180,39.71111775,-104.9593002,2/27/2018 8:17,8:17,12,0,0,UNIVERSITY BOULEVARD SOUTH & ALAMEDA AVENUE EAST,1,1,1,0,1,1,,0,35,0,0,0,0,0,4,2,1
,2018_63182,39.71111715,-105.0006105,4/30/2018 13:20,13:20,12,0,0,PLATTE RIVER DRIVE 300 BLOCK SOUTH & ALAMEDA AVENUE WEST,1,1,0,0,1,4,,0,35,0,0,0,0,0,4,2,13
,2018_63185,39.79264592,-104.7721476,8/22/2018 19:20,19:20,3,0,0,TOWER ROAD NORTH & ELMENDORF DRIVE EAST,1,1,0,0,1,1,,0,45,0,0,0,0,0,4,2,13
,2018_63186,39.6784684,-104.9397337,9/21/2018 18:38,18:38,12,0,0,EVANS AVENUE EAST & ALBION STREET SOUTH,1,1,0,0,1,4,,0,35,0,0,0,0,0,4,2,16
,2018_63194,39.75198223,-104.9733541,11/13/2018 16:48,16:48,12,0,0,DOWNING STREET NORTH & 24TH AVENUE EAST,1,2,0,0,1,3,,0,30,0,0,0,0,0,4,2,13
,2018_63196,39.70219953,-105.0455793,10/2/2018 17:12,17:12,12,0,0,MORRISON ROAD & OHIO AVENUE WEST,1,1,0,0,1,4,,0,30,0,0,0,0,0,4,2,13
,2018_63198,39.75484082,-105.0252786,8/19/2018 14:55,14:55,1,0,0,FEDERAL BOULEVARD NORTH & 26TH AVENUE WEST,1,1,0,0,6,1,,0,40,0,0,0,0,0,4,2,13
,2018_63199,39.69674787,-105.0127077,9/19/2018 18:21,18:21,3,0,0,MISSISSIPPI AVENUE 1900 BLOCK WEST & TEJON STREET SOUTH,1,1,0,0,1,1,,0,40,0,0,0,0,0,4,2,13
,2018_63200,39.71835879,-104.9874975,7/9/2018 17:00,17:00,15,0,0,BROADWAY NORTH & FIRST AVENUE,1,1,0,0,1,4,,0,30,0,0,0,0,0,4,2,8
,2018_63202,39.75306323,-104.9854624,7/27/2018 13:50,13:50,15,0,0,PARK AVENUE WEST & CHAMPA STREET,1,1,0,0,1,3,,0,30,0,0,0,0,0,4,2,13
,2018_63203,39.79796811,-104.7721214,4/29/2018 13:55,13:55,15,0,1,56TH AVENUE EAST & TOWER ROAD NORTH,1,1,0,0,1,4,,0,,0,0,0,0,1,4,2,13
,2018_63206,39.74897565,-105.0011872,1/16/2018 11:45,11:45,15,0,0,BLAKE STREET & 14TH STREET,1,1,0,0,1,1,,0,30,0,0,0,0,0,4,2,13
,2018_63209,39.74442198,-105.0000861,10/16/2018 13:35,13:35,12,0,0,SPEER BOULEVARD NORTH & ARAPAHOE STREET,1,1,0,0,1,3,,0,30,0,0,0,0,0,4,2,16
,2018_63211,39.73534514,-104.9418267,4/15/2018 1:56,1:56,6,0,2,HARRISON STREET 1200 BLOCK NORTH & 12TH AVENUE WEST,1,3,0,0,1,4,,0,25,0,0,0,0,1,4,3,5
,2018_63215,39.64461017,-104.8850507,12/2/2018 17:40,17:40,12,0,0,YOSEMITE STREET SOUTH & MANSFIELD AVENUE EAST,1,3,0,0,1,1,,0,25,0,0,0,0,0,4,2,16
,2018_63224,39.70296235,-104.8724136,11/14/2018 14:53,14:53,8,0,1,EXPOSITION AVENUE 10000 BLOCK EAST & FLORENCE STREET SOUTH,1,1,0,0,1,4,,0,25,0,0,0,0,1,4,2,16
,2018_63226,39.61446272,-105.0929327,10/17/2018 13:11,13:11,1,0,1,CROSS DRIVE 8400 BLOCK WEST & WADSWORTH BOULEVARD SOUTH,1,1,0,0,1,2,,0,30,0,0,0,0,2,4,2,13
,2018_63227,39.70231996,-105.0484191,6/30/2018 7:32,7:32,6,0,0,OHIO AVENUE WEST & WOLFF STREET 700 BLOCK SOUTH,1,1,0,0,1,4,,0,25,0,0,0,0,0,4,2,13
,2018_63234,39.74744249,-104.8987714,12/21/2018 21:49,21:49,14,0,0,SYRACUSE STREET 1900 BLOCK NORTH & MONTVIEW BOULEVARD EAST,1,3,0,0,1,4,,0,30,0,0,0,0,0,4,2,9
,2018_63237,39.67301687,-104.9593852,2/2/2018 14:59,14:59,12,0,0,WESLEY AVENUE 2300 BLOCK EAST & UNIVERSITY BOULEVARD SOUTH,1,1,0,0,1,3,,0,25,0,0,0,0,0,4,2,12
,2018_63238,39.75029652,-105.0012283,6/28/2018 11:17,11:17,3,0,0,15TH STREET & WAZEE STREET,1,1,0,0,1,1,,0,30,0,0,0,0,0,4,2,1
,2018_63239,39.64488403,-104.8850452,11/6/2018 13:37,13:37,12,0,1,YOSEMITE STREET 3800 BLOCK SOUTH & MANSFIELD AVENUE EAST,1,1,0,0,1,4,,0,35,0,0,0,0,1,4,2,7
,2018_63242,39.6966409,-104.912908,7/16/2018 13:41,13:41,12,0,0,MONACO STREET SOUTH & MISSISSIPPI AVENUE EAST,1,1,0,0,1,1,,0,30,0,0,0,0,0,4,2,16
,2018_63244,39.71936929,-104.9875037,11/13/2018 17:47,17:47,12,0,0,BROADWAY NORTH & SECOND AVENUE EAST,5,4,0,0,1,4,,0,25,0,0,0,0,0,4,2,5
,2018_63245,39.75220632,-104.9970205,6/8/2018 12:30,12:30,6,0,0,17TH STREET & WAZEE STREET ALLEY EAST,1,1,0,0,1,1,,0,25,0,0,0,0,0,4,2,14
,2018_63246,39.74449537,-104.9999862,7/25/2018 19:17,19:17,15,0,0,SPEER BOULEVARD NORTH & ARAPAHOE STREET,2,4,0,1,1,4,,0,30,0,0,0,0,0,4,2,1
,2018_63250,39.72875662,-104.8964944,7/1/2018 21:15,21:15,5,0,0,TRENTON STREET NORTH & SEVERN DRIVE EAST,1,3,0,0,3,3,,0,25,0,0,0,0,0,4,1,13
,2018_63253,39.74512524,-104.9992163,11/29/2018 12:38,12:38,12,0,0,13TH STREET & ARAPAHOE STREET,1,1,0,0,1,4,,0,25,0,0,0,0,0,4,2,13
,2018_63257,39.77456687,-104.7512767,10/12/2018 7:55,7:55,14,0,0,IRELAND COURT 4800 BLOCK NORTH & IRELAND COURT NORTH,1,1,0,0,1,4,,0,25,0,0,0,0,0,4,2,13
,2018_63262,39.77108653,-104.847039,10/20/2018 1:36,1:36,15,0,0,PEORIA STREET NORTH & 39TH AVENUE EAST,1,3,0,0,1,4,,0,35,0,0,0,0,0,4,2,8
,2018_63263,39.75893035,-104.9778952,7/15/2018 20:00,20:00,6,0,0,CHAMPA STREET 2900 BLOCK & 29TH STREET,2,3,0,0,1,4,,0,25,0,0,0,0,0,4,2,5
,2018_63267,39.63705099,-105.0442729,11/27/2018 8:19,8:19,6,0,0,TENNYSON SOUTH 4400 BLOCK NORTH & 45TH AVENUE WEST,1,5,0,0,1,4,,0,30,0,0,0,0,0,4,2,13
,2018_63268,39.7026117,-104.9049324,10/31/2018 12:07,12:07,15,0,0,WALSH PLACE & OHIO AVENUE EAST,1,1,0,0,1,4,,0,30,0,0,0,0,0,4,2,13
,2018_63270,39.76575311,-104.9622075,12/14/2018 7:30,7:30,6,0,0,35TH AVENUE EAST & VINE STREET NORTH,1,1,0,0,1,3,,0,25,0,0,0,0,0,4,2,14
,2018_63273,39.74721026,-104.9947961,8/7/2018 6:34,6:34,15,0,0,CURTIS STREET 1600 BLOCK & 17TH STREET,1,1,0,0,1,4,,0,,0,0,0,0,0,4,2,13
,2018_63274,39.67840165,-104.9450696,1/8/2018 17:45,17:45,12,0,0,EVANS AVENUE EAST & MONROE STREET SOUTH,1,4,0,0,1,4,,0,35,0,0,0,0,0,4,3,3
,2018_63279,39.61831889,-105.0904067,8/4/2018 18:02,18:02,1,0,0,CRESTLINE AVENUE WEST & WADSWORTH BOULEVARD SOUTH,1,1,0,0,1,2,,0,30,0,0,0,0,0,4,2,16
,2018_63294,39.78594118,-104.772129,9/4/2018 11:40,11:40,12,0,0,TOWER ROAD NORTH & 49TH AVENUE EAST,1,1,0,0,1,3,,0,40,0,0,0,0,0,4,2,13
,2018_63295,39.75442082,-104.9873771,8/15/2018 16:50,16:50,15,0,0,BROADWAY NORTH & PARK AVENUE WEST,1,1,0,0,1,3,,0,30,0,0,0,0,0,4,2,8
,2018_63304,39.75300976,-104.9925147,3/17/2018 16:45,16:45,12,0,0,20TH STREET & LARIMER STREET,1,1,0,0,1,4,,0,30,0,0,0,0,0,4,2,6
,2018_63308,39.74472746,-104.9962713,7/14/2018 9:29,9:29,15,0,0,CHAMPA STREET & 14TH STREET,1,1,0,0,1,4,,0,30,0,0,0,0,0,4,2,13
,2018_63309,39.73103963,-104.932797,12/23/2018 14:56,14:56,6,0,0,NINTH AVENUE 4700 BLOCK EAST & DEXTER STREET NORTH,1,1,0,0,1,4,,0,25,0,0,0,0,0,4,2,13
,2018_63312,39.63982902,-105.0540123,5/1/2018 5:24,5:24,5,0,0,QUINCY AVENUE 5300 BLOCK WEST & SHERIDAN BOULEVARD SOUTH,1,1,0,6,2,4,,0,35,0,0,0,0,0,4,1,5
,2018_63313,39.77108653,-104.847039,2/20/2018 15:30,15:30,15,0,0,PEORIA STREET NORTH & 39TH AVENUE EAST,8,1,1,0,1,4,,0,35,0,0,0,0,0,4,2,16
,2018_63315,39.73566257,-105.0220037,5/23/2018 15:19,15:19,5,0,0,HOLDEN PLACE 2800 BLOCK WEST & DECATUR STREET NORTH,1,1,1,0,1,4,,0,,0,0,0,0,0,4,2,13
,2018_63320,39.79107214,-104.9498553,5/25/2018 23:15,23:15,9,0,0,52ND AVENUE 3100 BLOCK EAST & STEELE STREET NORTH,1,3,0,0,2,4,,0,35,0,0,0,0,0,4,1,13
,2018_63324,39.74327188,-104.983578,2/16/2018 13:19,13:19,6,0,0,GRANT STREET NORTH & 17TH AVENUE EAST,5,1,0,0,1,4,,0,30,0,0,0,0,0,4,2,5
,2018_63325,39.74704742,-104.9776423,11/27/2018 7:01,7:01,12,0,1,PARK AVENUE WEST & CLARKSON STREET NORTH,1,1,0,0,1,4,,0,30,0,0,0,0,1,4,2,14
,2018_63326,39.6966246,-104.9803916,4/5/2018 22:36,22:36,12,0,0,PEARL STREET SOUTH & MISSISSIPPI AVENUE EAST,1,3,0,0,1,4,,0,25,0,0,0,0,0,4,2,5
,2018_63329,39.65196446,-104.9130289,10/18/2018 21:08,21:08,15,0,0,MONACO STREET SOUTH & ITHACA PLACE EAST,1,3,0,0,1,4,,0,30,0,0,0,0,0,4,2,13
,2018_63330,39.71771398,-104.9500065,10/17/2018 10:00,10:00,12,0,0,STEELE STREET NORTH & ELLSWORTH AVENUE EAST,1,1,0,0,1,4,,0,25,0,0,0,0,0,4,2,3
,2018_63336,39.73841191,-104.9693783,8/13/2018 8:00,8:00,6,0,0,HUMBOLDT STREET 1400 BLOCK & 15TH AVENUE EAST,1,1,0,0,1,4,,0,20,0,0,0,0,0,4,2,13
,2018_63337,39.72563832,-104.9874355,6/14/2018 12:00,12:00,15,0,0,SIXTH AVENUE WEST & BROADWAY NORTH,1,1,0,0,1,4,,0,30,0,0,0,0,0,4,2,1
,2018_63339,39.7454715,-104.996992,4/23/2018 14:50,14:50,15,0,0,CURTIS STREET 1400 BLOCK & 14TH STREET,1,1,0,0,1,4,,0,30,0,0,0,0,0,4,2,4
,2018_63344,39.77056512,-104.9732901,1/24/2018 13:05,13:05,6,0,0,DOWNING STREET 3700 BLOCK NORTH & BLAKE STREET,1,1,1,0,1,4,,1,25,0,0,0,0,0,4,2,13
,2018_63345,39.73045021,-104.9859577,4/15/2018 22:15,22:15,15,0,0,LINCOLN STREET 900 BLOCK NORTH & 10TH AVENUE EAST,1,3,0,0,1,4,,0,30,0,0,0,0,0,4,2,15
,2018_63346,39.71835879,-104.9874975,7/26/2018 19:24,19:24,12,0,1,BROADWAY NORTH & FIRST AVENUE EAST,1,2,0,0,1,4,,0,30,0,0,0,0,1,4,2,13
,2018_63348,39.78932688,-104.8200289,2/27/2018 7:18,7:18,6,0,0,52ND AVENUE 14500 BLOCK EAST & SABLE STREET,1,1,0,0,1,4,,0,25,0,0,0,0,0,4,2,14
,2018_63351,39.73898409,-104.9695358,9/16/2018 10:20,10:20,15,0,1,HUMBOLDT STREET 1400 BLOCK NORTH & 14TH AVENUE EAST,1,1,0,0,1,4,,0,30,0,0,0,0,2,4,4,14
,2018_63354,39.66016535,-104.9023418,9/25/2018 1:22,1:22,5,0,0,QUEBEC STREET SOUTH & DARTMOUTH AVENUE EAST,1,3,0,0,2,4,,0,30,0,0,0,0,0,4,1,5
,2018_63355,39.74197833,-104.9034507,6/4/2018 17:04,17:04,12,0,0,QUEBEC STREET NORTH & 16TH AVENUE EAST,1,1,0,0,1,4,,0,35,0,0,0,0,0,4,2,3
,2018_63357,39.7766193,-104.7424071,7/15/2018 16:15,16:15,6,0,0,MALAYA STREET NORTH & MITCHELL PLACE,1,1,0,0,1,4,,0,25,0,0,0,0,0,4,2,13
,2018_63358,39.80452792,-104.8778204,4/25/2018 8:09,8:09,6,0,0,CHESTER STREET 5900 BLOCK NORTH & 59TH PLACE EAST,1,1,0,0,1,1,,0,25,0,0,0,0,0,4,2,13
,2018_63361,39.71133675,-104.9153285,7/11/2018 15:34,15:34,12,0,0,ALAMEDA AVENUE 6400 EAST & LEYDEN STREET SOUTH,1,1,1,0,1,4,,0,35,0,0,0,0,0,4,3,3
,2018_63362,39.78559985,-104.8879954,12/13/2018 16:50,16:50,12,0,0,NORTHFIELD BOULEVARD & WILLOW STREET NORTH,1,1,0,0,1,4,,0,35,0,0,0,0,0,4,2,13