id,drcog_id,latitude,longitude,crashtime,time,crashtype,numbkilled,numbinjurd,drcoglocat,rdconditin,lightngcon,roadcntgrd,weatherco,location,roaddescrp,schoolzone,constrzone,splimit,bikeinv,pedinv,sctrinv,motoinv,svrty,rdsystem,ttlvehcls,hcf
,2018_64410,39.655739,-105.053219,12/10/2018 12:09,12:09,12,0,0,SHERIDAN BOULEVARD SOUTH & DARTMOUTH AVENUE WEST,1,1,3,0,1,4,,0,40,0,0,0,0,0,2,2,13
,2018_64411,39.656087,-105.053224,7/7/2018 23:50,23:50,1,0,0,SHERIDAN BOULEVARD SOUTH & DARTMOUTH AVENUE WEST,1,1,0,0,1,1,,0,35,0,0,0,0,0,2,2,7
,2018_64419,39.790745,-105.053234,3/24/2018 0:24,0:24,12,0,1,52ND AVENUE WEST & SHERIDAN BOULEVARD NORTH,1,3,1,0,1,3,,0,35,0,0,0,0,1,2,3,5
,2018_64430,39.63418,-104.901797,6/5/2018 8:08,8:08,12,0,0,I225 & I25 EXIT GORE POINT SPLIT,1,1,0,0,1,4,,0,55,0,0,0,0,0,1,2,13
,2018_64431,39.634704,-104.899097,8/9/2018 7:30,7:30,15,0,0,I225 & DTC BOULEVARD,1,1,0,0,1,4,,0,65,0,0,0,0,0,1,2,13
,2018_64438,39.65298,-104.93056,9/24/2018 11:20,11:20,12,0,0,HAMPDEN AVENUE 4800 BLOCK EAST & EUDORA STREET SOUTH,1,1,0,0,1,4,,0,35,0,0,0,0,0,2,2,3
,2018_64439,39.652978,-104.917698,9/23/2018 0:00,0:00,3,0,0,I25 NORTHBOUND RAMPS & HAMPDEN AVENUE EAST,1,3,0,0,1,1,,0,35,0,0,0,0,0,2,2,5
,2018_64452,39.665987,-104.9406,12/12/2018 16:50,16:50,1,0,1,COLORADO BOULEVARD SOUTH & AMHERST AVENUE EAST,1,3,0,0,1,1,,0,35,0,0,0,0,1,2,2,13
,2018_64453,39.713536,-104.940611,12/10/2018 8:21,8:21,15,0,0,COLORADO BOULEVARD 200 BLOCK SOUTH & ALAMEDA AVENUE EAST,1,1,0,0,1,3,,0,35,0,0,0,0,0,2,2,1
,2018_64454,39.716454,-104.94061,10/13/2018 12:43,12:43,12,0,0,COLORADO BOULEVARD SOUTH & BAYAUD AVENUE EAST,1,1,1,0,1,3,,0,35,0,0,0,0,0,2,2,13
,2018_64455,39.761914,-104.940511,1/21/2018 8:30,8:30,12,0,0,MLK BOULEVARD EAST & COLORADO BOULEVARD NORTH,4,1,0,2,1,3,,0,35,0,0,0,0,0,2,2,13
,2018_64461,39.725165,-105.012815,11/17/2018 13:22,13:22,15,0,0,I25 SOUTHBOUND ON RAMP & SIXTH AVENUE WEST,2,1,0,1,1,8,,0,45,0,0,0,0,0,1,2,3
,2018_64467,39.711124,-105.03249,2/25/2018 14:30,14:30,12,0,0,ALAMEDA AVENUE WEST & MORRISON ROAD / KNOX COURT,1,1,0,0,1,1,,0,35,0,0,0,0,0,2,2,1
,2018_64468,39.711078,-105.02488,8/15/2018 15:25,15:25,12,0,0,ALAMEDA AVENUE WEST & FEDERAL BOULEVARD SOUTH,1,1,1,0,1,3,,0,30,0,0,0,0,0,2,2,7
,2018_64469,39.711184,-105.003035,2/14/2018 12:29,12:29,15,0,0,ALAMEDA AVENUE WEST & NAVAJO STREET SOUTH,1,1,0,0,1,4,,0,30,0,0,0,0,0,2,2,13
,2018_64470,39.709115,-104.93136,5/10/2018 4:19,4:19,5,0,0,LEETSDALE DRIVE & DAHLIA STREET SOUTH,1,3,0,0,3,4,,0,30,0,0,0,0,0,2,1,5
,2018_64475,39.780749,-104.902735,1/4/2018 17:25,17:25,12,0,0,NORTHFIELD QUEBEC STREET NORTH & SAND CREEK ROAD NORTH / EASTBOUND LOOP RAMP OFF,1,3,1,0,1,4,,0,45,0,0,0,0,0,2,2,13
,2018_64476,39.783139,-104.900572,3/23/2018 11:40,11:40,12,0,0,QUEBEC STREET NORTH & I270 INTCH,1,1,0,0,1,1,,0,35,0,0,0,0,0,2,2,13
,2018_64479,39.740005,-104.987167,12/12/2018 11:19,11:19,15,0,0,COLFAX AVENUE WEST & BROADWAY NORTH,1,1,0,0,1,1,,0,30,0,0,0,0,0,2,3,14
,2018_64480,39.774095,-104.847902,1/21/2018 18:36,18:36,5,0,0,I70 & PEORIA STREET NORTH,9,3,0,0,3,4,,0,55,0,0,0,0,0,1,1,13
,2018_64481,39.773999,-104.846793,5/23/2018 6:32,6:32,12,0,0,I70 & PEORIA STREET NORTH,1,1,0,0,1,4,,0,55,0,0,0,0,0,1,2,4
,2018_64492,39.777139,-104.882953,2/1/2018 11:50,11:50,12,0,0,I70 WB OFF RAMP & CENTRAL PARK BOULEVARD,1,1,1,0,1,1,,0,55,0,0,0,0,0,1,2,3
,2018_64501,39.698488,-104.90328,2/9/2018 18:53,18:53,15,0,0,HIGHWAY 83 & QUEBEC STREET SOUTH,1,3,0,0,1,4,,0,45,0,0,0,0,0,2,2,13
,2018_64502,39.698614,-104.903606,11/12/2018 9:30,9:30,15,0,0,LEETSDALE DRIVE & QUEBEC STREET SOUTH,4,1,1,2,1,1,,0,30,0,0,0,0,0,2,2,13
,2018_64513,39.725719,-105.025126,8/8/2018 13:13,13:13,15,0,0,SIXTH AVENUE WB OFF RAMP & FEDERAL BOULEVARD NORTH,1,1,1,1,1,3,,0,30,0,0,0,0,0,2,2,13
,2018_64548,39.754692,-105.02513,6/5/2018 14:54,14:54,15,0,0,FEDERAL BOULEVARD 2500 BLOCK NORTH & 26TH AVENUE WEST,1,1,1,0,1,4,,0,35,0,0,0,0,0,2,2,13
,2018_64563,39.701183,-104.987475,7/17/2018 7:12,7:12,12,0,0,I25 & BROADWAY STREET SOUTH,1,1,0,0,1,4,,0,65,0,0,0,0,0,1,2,1
,2018_64564,39.780314,-104.940501,1/8/2018 17:15,17:15,12,0,0,COLORADO BOULEVARD NORTH & I70,1,2,0,0,1,4,,0,,0,0,0,0,0,2,3,7
,2018_64569,39.653259,-104.918319,6/15/2018 13:30,13:30,12,0,0,I25 & HAMPDEN AVENUE EAST,1,1,0,0,1,4,,0,,0,0,0,0,0,1,2,13
,2018_64570,39.6539,-104.918623,10/11/2018 6:41,6:41,15,0,0,I25 & HAMPDEN AVENUE EAST,1,3,0,0,1,4,,0,65,0,0,0,0,0,1,2,13
,2018_64571,39.655779,-104.919261,1/22/2018 10:32,10:32,12,0,0,I25 NORTHBOUND ON RAMP METER LIGHT & HAMPDEN AVENUE EAST APPROXIMATELY,2,1,1,0,1,8,,0,35,0,0,0,0,0,1,2,3
,2018_64572,39.720036,-105.007094,2/11/2018 18:23,18:23,12,0,1,I25 & SIXTH AVENUE WEST,1,3,0,0,1,4,,0,65,0,0,0,0,2,1,2,14
,2018_64573,39.724477,-105.012282,1/25/2018 13:06,13:06,12,0,0,I25 & SIXTH AVENUE WEST,1,1,0,0,1,4,,0,55,0,0,0,0,0,1,2,13
,2018_64574,39.768049,-104.994761,8/9/2018 8:20,8:20,15,0,0,I25 & PARK AVENUE WEST,1,1,0,0,1,4,,0,55,0,0,0,0,0,1,2,14
,2018_64575,39.768124,-104.99459,3/4/2018 0:42,0:42,5,0,2,I25 NORTHBOUND RAMP ON & PARK AVENUE WEST,1,3,0,0,2,8,,0,45,0,0,0,0,1,1,1,5
,2018_64576,39.768124,-104.99459,9/13/2018 16:14,16:14,15,0,0,I25 NORTHBOUND ON RAMP & PARK AVENUE WEST,1,1,0,0,1,8,,0,35,0,0,0,0,0,1,2,13
,2018_64588,39.71127,-105.051018,2/11/2018 11:10,11:10,5,0,1,ALAMEDA AVENUE WEST & YATES STREET SOUTH,6,1,1,0,3,3,,0,35,0,0,0,0,1,2,2,7
,2018_64589,39.711153,-105.034893,9/7/2018 18:21,18:21,12,0,0,LOWELL BOULEVARD SOUTH & ALAMEDA AVENUE WEST,1,1,0,0,1,1,,0,,0,0,0,0,0,2,2,13
,2018_64590,39.711155,-105.022579,9/25/2018 15:50,15:50,3,0,0,ALAMEDA AVENUE WEST & DECATUR STREET SOUTH,1,1,0,0,1,1,,0,5,0,0,0,0,0,2,2,13
,2018_64591,39.653088,-104.915178,12/10/2018 9:59,9:59,12,0,0,HAMPDEN AVENUE EAST & LOCUST STREET SOUTH,1,1,0,0,1,1,,0,40,0,0,0,0,0,2,2,13
,2018_64595,39.778252,-104.903409,1/26/2018 11:45,11:45,12,0,0,NORTHFIELD QUEBEC STREET NORTH & I70 INTCH APPROXIMATELY,1,1,0,0,1,1,,0,35,0,0,0,0,0,2,2,14
,2018_64610,39.777157,-104.883141,3/3/2018 13:39,13:39,12,0,0,I70 & CENTRAL PARK BOULEVARD NORTH,1,1,1,0,1,4,,0,65,0,0,0,0,0,1,2,7
,2018_64611,39.773999,-104.846793,3/15/2018 14:30,14:30,12,0,0,PEORIA STREET NORTH & I70 WB RAMPS,1,1,0,0,1,4,,0,40,0,0,0,0,0,1,3,3
,2018_64616,39.706694,-104.920077,10/10/2018 12:02,12:02,12,0,1,LEETSDALE DRIVE & JERSEY STREET SOUTH / 5800 BLOCK,2,1,0,1,1,2,,0,35,0,0,0,0,1,2,2,13
,2018_64626,39.729284,-105.025154,6/20/2018 18:10,18:10,15,0,0,FEDERAL BOULEVARD NORTH & EIGHTH AVENUE WEST,1,1,0,0,1,3,,0,35,0,0,0,0,0,2,2,7
,2018_64635,39.682251,-105.053195,3/8/2018 13:10,13:10,12,0,0,JEWELL AVENUE WEST & SHERIDAN BOULEVARD SOUTH,1,1,0,0,1,1,,0,30,0,0,0,0,0,2,2,13
,2018_64636,39.68432,-105.053187,2/4/2018 16:00,16:00,3,0,0,SHERIDAN BOULEVARD SOUTH & MEXICO AVENUE WEST,1,1,0,0,1,1,,0,25,0,0,0,0,0,2,2,7
,2018_64658,39.652979,-104.923957,3/18/2018 14:35,14:35,12,0,0,HUDSON STREET SOUTH & HAMPDEN AVENUE EAST,1,1,0,0,1,3,,0,35,0,0,0,0,0,2,2,13
,2018_64671,39.834281,-104.74685,11/18/2018 21:30,21:30,5,0,0,E470 SOUTHBOUND ON LOOP RAMP & PENA BOULEVARD,5,3,0,0,3,8,,0,65,0,0,0,0,0,2,1,14
,2018_64673,39.689417,-104.940546,10/16/2018 16:39,16:39,12,0,0,COLORADO BOULEVARD 1400 BLOCK SOUTH & FLORIDA AVENUE EAST,1,1,1,0,1,4,,0,35,0,0,0,0,0,2,2,7
,2018_64674,39.739981,-104.960052,11/4/2018 15:30,15:30,6,0,0,COLFAX AVENUE 2200 BLOCK EAST & YORK STREET NORTH,1,1,0,0,1,4,,0,30,0,0,0,0,0,2,2,13
,2018_64675,39.692854,-104.940549,8/1/2018 16:10,16:10,3,0,0,LOUISIANA AVENUE EAST & COLORADO BOULEVARD SOUTH,1,1,0,0,1,1,,0,30,0,0,0,0,0,2,2,13
,2018_64676,39.740236,-104.940601,8/14/2018 14:54,14:54,12,0,0,COLORADO BOULEVARD NORTH & COLFAX AVENUE EAST,1,1,0,0,1,3,,0,35,0,0,0,0,0,2,3,1
,2018_64678,39.725608,-105.044198,7/30/2018 20:54,20:54,6,0,0,SIXTH AVENUE WEST & TENNYSON STREET NORTH,1,3,0,0,1,4,,0,65,0,0,0,0,0,2,2,3
,2018_64682,39.690034,-104.973401,9/27/2018 18:23,18:23,15,0,0,I25 NORTHBOUND OFF RAMP & DOWNING STREET SOUTH,1,1,1,0,1,8,,0,35,0,0,0,0,0,1,2,7
,2018_64696,39.711124,-105.03249,4/1/2018 0:20,0:20,5,0,0,ALAMEDA AVENUE WEST & MORRISON ROAD / KNOX COURT,1,3,0,0,1,1,,0,45,0,0,0,0,0,2,2,7
,2018_64699,39.777649,-104.903415,10/4/2018 17:43,17:43,12,0,3,QUEBEC STREET NORTH & I70,1,2,1,0,1,4,,0,40,0,0,0,0,2,2,3,15
,2018_64700,39.778554,-104.903407,6/1/2018 17:09,17:09,15,0,0,QUEBEC STREET NORTH & I70,1,1,1,0,1,4,,0,45,0,0,0,0,0,2,2,13
,2018_64703,39.740081,-104.915749,7/18/2018 17:28,17:28,12,0,0,COLFAX AVENUE EAST & KRAMERIA STREET NORTH,1,1,0,0,1,3,,0,35,0,0,0,0,0,2,3,13
,2018_64704,39.740085,-104.901845,2/9/2018 2:11,2:11,6,0,0,COLFAX AVENUE EAST & QUINCE STREET NORTH,1,3,0,0,3,1,,0,35,0,0,0,0,0,2,2,3
,2018_64705,39.740085,-104.897523,5/5/2018 17:15,17:15,1,0,1,COLFAX AVENUE EAST & SPRUCE STREET NORTH,1,1,0,0,1,1,,0,35,0,0,0,0,1,2,2,1
,2018_64717,39.779914,-104.988476,1/13/2018 3:39,3:39,15,0,0,I70 EASTBOUND RAMP BEGIN & I25 NORTHBOUND RAMP END,2,3,0,4,1,8,,0,55,0,0,0,0,0,1,2,5
,2018_64718,39.776706,-104.878237,12/22/2018 12:17,12:17,15,0,0,I70 & CENTRAL PARK BOULEVARD,1,1,0,0,1,4,,0,65,0,0,0,0,0,1,2,1
,2018_64719,39.775573,-104.865095,5/15/2018 15:11,15:11,12,0,0,I70 & HAVANA STREET NORTH,1,1,0,0,1,4,,0,55,0,0,0,0,0,1,2,13
,2018_64729,39.689766,-104.992137,6/21/2018 17:40,17:40,12,0,0,SANTA FE DRIVE SOUTH & FLORIDA AVENUE WEST / 1400 BLOCK SOUTH,1,1,0,0,1,4,,0,45,0,0,0,0,0,2,2,13
,2018_64730,39.696679,-104.991877,3/11/2018 10:56,10:56,3,0,0,SANTA FE DRIVE SOUTH & MISSISSIPPI AVENUE WEST,1,1,0,0,1,1,,0,35,0,0,0,0,0,2,2,13
,2018_64731,39.697013,-104.991785,2/6/2018 13:55,13:55,12,0,0,SANTA FE DRIVE SOUTH & MISSISSIPPI AVENUE WEST,1,1,0,0,1,4,,0,45,0,0,0,0,0,2,2,8
,2018_64732,39.708493,-104.996204,5/8/2018 8:50,8:50,3,0,0,SANTA FE DRIVE SOUTH & I25 NORTHBOUND OFF RAMP COLLECTOR,1,1,0,0,1,1,,0,35,0,0,0,0,0,2,2,13
,2018_64737,39.698634,-105.025078,9/9/2018 20:51,20:51,12,0,1,FEDERAL BOULEVARD 1000 BLOCK SOUTH & TENNESSEE AVENUE WEST,1,3,0,0,1,1,,0,,0,0,0,1,2,2,2,13
,2018_64751,39.635522,-104.893462,2/9/2018 20:27,20:27,3,0,0,I225 EB/NB ON RAMP & DTC BOULEVARD SOUTH,2,4,0,0,1,1,,0,35,0,0,0,0,0,1,2,7
,2018_64780,39.716746,-104.94061,5/9/2018 11:00,11:00,12,0,0,LEETSDALE DRIVE & COLORADO BOULEVARD SOUTH,1,1,1,0,1,1,,0,35,0,0,0,0,0,2,2,14
,2018_64781,39.730607,-104.940605,4/25/2018 13:02,13:02,12,0,0,COLORADO BOULEVARD NORTH & NINTH AVENUE,1,1,1,0,1,1,,0,35,0,0,0,0,0,2,2,13
,2018_64782,39.78383,-104.940454,5/5/2018 2:30,2:30,12,0,0,COLORADO BOULEVARD 4800 BLOCK NORTH & 48TH AVENUE EAST,1,3,0,0,1,4,,0,35,0,0,0,0,0,2,2,1
,2018_64783,39.725416,-105.025449,8/14/2018 7:20,7:20,12,0,0,SIXTH AVENUE EASTBOUND OFF RAMP & FEDERAL BOULEVARD NORTH,1,1,1,0,1,8,,0,35,0,0,0,0,0,2,2,3
,2018_64785,39.711145,-105.020169,2/18/2018 1:53,1:53,12,0,0,ALAMEDA AVENUE 2600 BLOCK WEST & CLAY STREET SOUTH,1,3,0,0,1,3,,0,,0,0,0,0,0,2,2,13
,2018_64793,39.679023,-104.93413,7/20/2018 7:15,7:15,12,0,0,I25 NORTHBOUND ON RAMP & EVANS AVENUE EAST,1,1,0,0,1,8,,0,60,0,0,0,0,0,1,2,14
,2018_64794,39.720036,-105.007094,6/11/2018 12:40,12:40,15,0,0,I25 & SIXTH AVENUE WEST,1,1,1,0,1,4,,0,60,0,0,0,0,0,1,2,13
,2018_64802,39.711193,-105.042148,4/19/2018 19:45,19:45,5,0,0,ALAMEDA AVENUE WEST & RALEIGH STREET SOUTH,1,1,0,0,3,1,,0,25,0,0,0,0,0,2,1,13
,2018_64803,39.711187,-105.039895,1/15/2018 9:41,9:41,3,0,0,ALAMEDA AVENUE WEST & PERRY STREET SOUTH,5,1,1,2,1,1,,0,25,0,0,0,0,0,2,5,7
,2018_64804,39.711124,-105.03249,9/8/2018 16:27,16:27,3,0,0,ALAMEDA AVENUE WEST & MORRISON ROAD / KNOX COURT,1,1,0,0,1,1,,0,,0,0,0,0,0,2,2,13
,2018_64805,39.711085,-105.027583,10/13/2018 20:30,20:30,3,0,0,ALAMEDA AVENUE WEST & HAZEL COURT SOUTH,1,3,0,0,1,1,,0,30,0,0,0,0,0,2,2,1
,2018_64806,39.711077,-105.025075,6/15/2018 19:50,19:50,15,0,0,ALAMEDA AVENUE WEST & FEDERAL BOULEVARD SOUTH,1,1,0,0,1,1,,0,35,0,0,0,0,0,2,2,7
,2018_64807,39.711184,-105.003965,5/12/2018 18:39,18:39,12,0,0,ALAMEDA AVENUE WEST & NAVAJO STREET SOUTH,1,1,0,0,1,1,,0,35,0,0,0,0,0,2,2,3
,2018_64808,39.711184,-105.001918,11/28/2018 12:58,12:58,3,0,0,ALAMEDA AVENUE 1200 BLOCK WEST & LIPAN STREET SOUTH,1,1,0,0,1,2,,0,35,0,0,0,0,0,2,2,13
,2018_64812,39.777649,-104.903415,6/21/2018 8:27,8:27,12,0,0,QUEBEC STREET NORTH & I70 INTCH,1,1,1,0,1,3,,0,45,0,0,0,0,0,2,2,13
,2018_64821,39.740004,-104.967422,4/14/2018 22:56,22:56,12,0,0,COLFAX AVENUE 1600 BLOCK EAST & GILPIN STREET NORTH,1,3,0,0,1,4,,0,30,0,0,0,0,0,2,2,13
,2018_64822,39.740182,-104.956517,8/28/2018 9:00,9:00,6,0,0,COLFAX AVENUE 2500 BLOCK EAST & ELIZABETH STREET NORTH,1,1,0,0,1,4,,0,,0,0,0,0,0,2,2,13
,2018_64837,39.778295,-104.903089,11/17/2018 2:18,2:18,5,0,0,I70 & QUEBEC STREET NORTH,1,3,0,0,2,4,,0,55,0,0,0,0,0,1,1,13
,2018_64838,39.773203,-104.83755,11/1/2018 18:55,18:55,12,0,1,I70 WB ON RAMP FROM I225 & PEORIA STREET NORTH,1,3,1,0,1,8,,0,55,0,0,0,0,1,1,2,13
,2018_64845,39.700261,-104.908227,8/20/2018 18:00,18:00,15,0,0,LEETSDALE DRIVE & ONEIDA STREET SOUTH,1,1,0,0,1,1,,0,30,0,0,0,0,0,2,2,13
,2018_64854,39.660488,-105.025192,7/26/2018 15:00,15:00,1,0,0,FEDERAL BOULEVARD SOUTH & DARTMOUTH AVENUE WEST,1,1,0,0,1,1,,0,40,0,0,0,0,0,2,2,13
,2018_64884,39.793947,-105.025236,8/11/2018 18:02,18:02,12,0,0,HIGHWAY 287 & COLUMBINE ROAD,1,1,0,0,1,4,,0,45,0,0,0,0,0,2,3,13
,2018_64896,39.681508,-104.940538,1/10/2018 12:20,12:20,3,0,0,COLORADO BOULEVARD 1900 BLOCK SOUTH & I25 SOUTHBOUND RAMP OFF,1,1,0,0,1,1,,0,40,0,0,0,0,0,2,3,14
,2018_64897,39.687027,-104.940544,7/10/2018 18:13,18:13,15,0,0,COLORADO BOULEVARD 1600 SOUTH & IOWA AVENUE EAST,1,1,0,0,1,4,,0,45,0,0,0,0,0,2,2,13
,2018_64898,39.692854,-104.940549,4/10/2018 11:24,11:24,3,0,0,COLORADO BOULEVARD SOUTH & LOUISIANA AVENUE EAST,1,1,0,0,1,1,,0,35,0,0,0,0,0,2,2,13
,2018_64903,39.725269,-105.020195,9/11/2018 5:34,5:34,12,0,3,SIXTH AVENUE WB DISTRIBUTOR RAMP TO I25 & FEDERAL BOULEVARD NORTH,1,3,0,0,1,8,,0,55,0,0,0,0,2,2,3,3
,2018_64904,39.725533,-105.01288,8/16/2018 8:19,8:19,12,0,0,SIXTH AVENUE WEST & I25,1,1,0,0,1,4,,0,55,0,0,0,0,0,2,2,3
,2018_64914,39.684905,-104.954871,10/18/2018 18:25,18:25,12,0,1,I25 & UNIVERSITY BOULEVARD SOUTH,1,3,0,0,1,4,,0,55,0,0,0,0,2,1,4,13
,2018_64915,39.687566,-104.968441,6/22/2018 14:23,14:23,12,0,0,I25 NORTHBOUND EXIT GORE POINT & DOWNING STREET SOUTH,1,1,0,0,1,4,,0,60,0,0,0,0,0,1,2,13
,2018_64916,39.71413,-105.000671,4/8/2018 11:43,11:43,12,0,0,I25 & ALAMEDA AVENUE WEST,1,1,0,0,1,4,,0,55,0,0,0,0,0,1,3,1
,2018_64921,39.711332,-105.053258,5/26/2018 22:16,22:16,1,0,2,ALAMEDA AVENUE WEST & SHERIDAN BOULEVARD SOUTH,1,3,1,0,1,1,,0,40,0,0,0,0,2,2,2,13
,2018_64922,39.777347,-104.903418,9/8/2018 22:20,22:20,1,0,0,QUEBEC STREET NORTH & I70 EASTBOUND RAMPS,1,3,0,0,1,1,,0,40,0,0,0,0,0,2,2,12
,2018_64925,39.779316,-104.903391,4/11/2018 10:11,10:11,15,0,0,QUEBEC STREET & I70 WB RAMPS,1,1,0,0,1,1,,0,25,0,0,0,0,0,2,2,13
,2018_64933,39.740356,-105.050218,8/20/2018 17:47,17:47,12,0,0,COLFAX AVENUE WEST & WOLFF STREET NORTH,1,1,0,0,1,3,,0,35,0,0,0,0,0,2,3,13
,2018_64934,39.740028,-104.982228,8/18/2018 12:35,12:35,3,0,0,COLFAX AVENUE EAST & LOGAN STREET NORTH,2,1,0,1,1,1,,0,30,0,0,0,0,0,2,2,1
,2018_64935,39.740085,-104.90222,7/23/2018 7:38,7:38,1,0,0,COLFAX AVENUE EAST & QUINCE STREET NORTH,1,1,0,0,1,1,,0,30,0,0,0,0,0,2,2,3
,2018_64945,39.777139,-104.882953,5/7/2018 12:20,12:20,12,0,0,CENTRAL PARK BOULEVARD 4300 BLOCK NORTH & I70 EASTBOUND ON RAMP,1,1,0,0,1,1,,0,35,0,0,0,0,0,1,2,3
,2018_64956,39.70748,-105.025083,5/29/2018 11:13,11:13,12,0,0,FEDERAL BOULEVARD SOUTH & VIRGINIA AVENUE WEST,1,1,0,0,1,3,,0,35,0,0,0,0,0,2,2,12
,2018_64957,39.706181,-105.025085,5/26/2018 13:18,13:18,3,0,0,FEDERAL BOULEVARD 500 BLOCK SOUTH & VIRGINIA AVENUE WEST,1,1,0,0,1,2,,0,35,0,0,0,0,0,2,2,13
,2018_64963,39.655095,-105.053188,10/13/2018 20:13,20:13,15,0,0,SHERIDAN BOULEVARD & 3110 SOUTH,1,3,0,0,1,2,,0,5,0,0,0,0,0,2,2,13
,2018_64964,39.72643,-105.053134,11/8/2018 9:14,9:14,12,0,0,SIXTH AVENUE WEST WB OFF SLIP RAMP & SHERIDAN BOULEVARD NORTH,1,1,0,0,1,1,,0,35,0,0,0,0,0,2,2,14
,2018_64969,39.639223,-104.885207,5/25/2018 21:13,21:13,5,0,0,I225 NORTH SOUTHBOUND RAMPS & YOSEMITE STREET SOUTH,1,3,0,0,3,1,,0,30,0,0,0,0,0,4,1,1
,2018_64973,39.630329,-105.086586,8/7/2018 13:20,13:20,12,0,0,WADSWORTH BOULEVARD SOUTH & LAYTON AVENUE WEST,1,1,0,0,1,4,,0,35,0,0,0,0,0,2,2,13
,2018_64999,39.69659,-104.940565,5/7/2018 12:41,12:41,15,0,0,MISSISSIPPI AVENUE EAST & COLORADO BOULEVARD SOUTH,1,1,1,0,1,1,,0,30,0,0,0,0,0,2,2,13
,2018_65001,39.740236,-104.940601,12/2/2018 15:48,15:48,3,0,0,COLFAX AVENUE EAST & COLORADO BOULEVARD NORTH,1,1,0,0,1,1,,0,40,0,0,0,0,0,2,2,13
,2018_65002,39.740382,-104.940601,6/24/2018 16:35,16:35,12,0,0,COLORADO BOULEVARD NORTH & COLFAX AVENUE EAST,1,1,0,0,1,4,,0,35,0,0,0,0,0,2,2,3
,2018_65003,39.749866,-104.940598,7/5/2018 6:35,6:35,15,0,0,COLORADO BOULEVARD & 2200 BLOCK NORTH,1,1,0,0,1,4,,0,35,0,0,0,0,0,2,2,13
,2018_65004,39.725455,-105.032456,7/5/2018 18:01,18:01,12,0,0,SIXTH AVENUE WEST & KNOX COURT NORTH,1,1,0,0,1,4,,0,65,0,0,0,0,0,2,2,10
,2018_65012,39.69219,-104.976782,1/20/2018 18:36,18:36,12,0,0,I25 & EMERSON STREET SOUTH,1,3,0,0,1,4,,0,60,0,0,0,0,0,1,3,7
,2018_65013,39.760997,-105.004271,10/18/2018 7:00,7:00,12,0,0,I25 & 20TH STREET,1,1,0,0,1,4,,0,65,0,0,0,0,0,1,2,14
,2018_65031,39.783526,-105.043893,10/4/2018 16:25,16:25,12,0,0,I70 & TENNYSON STREET NORTH,1,1,0,0,1,4,,0,55,0,0,0,0,0,1,2,3
,2018_65032,39.740038,-104.997854,9/26/2018 21:25,21:25,15,0,0,SPEER BOULEVARD 1500 BLOCK NORTH & COLFAX AVENUE WEST,1,1,1,0,1,3,,0,35,0,0,0,0,0,2,2,13
,2018_65046,39.783149,-105.006371,9/4/2018 8:38,8:38,15,0,0,I70 & PECOS STREET NORTH,1,1,0,0,1,4,,0,,0,0,0,0,0,1,2,13
,2018_65047,39.773538,-104.841432,7/2/2018 5:41,5:41,5,0,1,I70 & PEORIA STREET NORTH EASTBOUND ENTRANCE GORE,1,1,0,0,3,4,,0,55,0,0,0,0,2,1,1,1
,2018_65048,39.77358,-104.837323,11/30/2018 13:00,13:00,5,0,0,I70 WB ON RAMP FROM I225 & PEORIA STREET NORTH,1,1,1,0,2,8,,0,35,0,0,0,0,0,1,1,13
,2018_65061,39.700256,-105.025084,12/10/2018 8:51,8:51,15,0,0,FEDERAL BOULEVARD 500 BLOCK NORTH & SIXTH AVENUE WEST,1,1,0,0,1,4,,0,35,0,0,0,0,0,2,2,13
,2018_65062,39.665151,-105.025141,1/13/2018 7:50,7:50,3,0,0,FEDERAL BOULEVARD SOUTH & AMHERST AVENUE WEST,1,1,0,0,1,1,,0,25,0,0,0,0,0,2,2,1
,2018_65063,39.660488,-105.025192,5/21/2018 18:36,18:36,12,0,1,DARTMOUTH AVENUE WEST & FEDERAL BOULEVARD SOUTH,1,1,1,0,1,3,,0,30,0,0,0,0,1,2,3,5
,2018_65066,39.631444,-105.025488,2/9/2018 17:16,17:16,12,0,0,FEDERAL BOULEVARD SOUTH & UNION AVENUE WEST,2,3,0,2,1,1,,0,30,0,0,0,0,0,2,2,13
,2018_65071,39.693285,-105.053215,12/19/2018 14:43,14:43,15,0,0,LOUISIANA AVENUE WEST  & SHERIDAN BOULEVARD SOUTH,1,1,0,0,1,3,,0,30,0,0,0,0,0,2,2,13
,2018_65076,39.629841,-105.087082,4/20/2018 16:05,16:05,12,0,0,WADSWORTH WAY SOUTH & LAYTON AVENUE WEST,2,1,0,1,1,3,,0,40,0,0,0,0,0,2,2,12
,2018_65090,39.78571,-105.025223,7/26/2018 16:49,16:49,12,0,0,FEDERAL BOULEVARD 4900 BLOCK NORTH & 49TH AVENUE WEST,1,1,0,0,1,4,,0,35,0,0,0,0,0,2,2,13
,2018_65100,39.675036,-104.940628,9/17/2018 11:11,11:11,15,0,0,ILIFF AVENUE EAST & COLORADO BOULEVARD SOUTH,1,1,0,0,1,3,,0,30,0,0,0,0,0,2,2,13
,2018_65101,39.67843,-104.940638,6/6/2018 10:11,10:11,15,0,2,EVANS AVENUE EAST & COLORADO BOULEVARD SOUTH,1,1,0,0,1,1,,0,35,0,0,0,0,1,2,2,7
,2018_65102,39.67843,-104.940638,8/25/2018 10:40,10:40,1,0,0,COLORADO BOULEVARD SOUTH & EVANS AVENUE EAST,1,1,0,0,1,1,,0,30,0,0,0,0,0,2,2,13