id,drcog_id,latitude,longitude,crashtime,time,crashtype,numbkilled,numbinjurd,drcoglocat,rdconditin,lightngcon,roadcntgrd,weatherco,location,roaddescrp,schoolzone,constrzone,splimit,bikeinv,pedinv,sctrinv,motoinv,svrty,rdsystem,ttlvehcls,hcf
,2018_65740,39.641856,-104.911809,8/15/2018 11:07,11:07,12,0,0,I25 & HAMPDEN AVENUE EAST,1,1,0,0,1,4,,0,65,0,0,0,0,0,1,2,8
,2018_65741,39.653259,-104.918319,3/19/2018 19:21,19:21,15,0,0,I25 & HAMPDEN AVENUE EAST,1,1,0,0,1,4,,0,55,0,0,0,0,0,1,2,13
,2018_65742,39.742179,-105.014799,6/11/2018 18:36,18:36,12,0,0,I25 & AURARIA PARKWAY,1,1,0,0,1,4,,0,55,0,0,0,0,0,1,2,13
,2018_65749,39.669351,-104.866091,10/8/2018 6:40,6:40,3,0,0,PARKER ROAD SOUTH & HAVANA STREET SOUTH,2,2,1,1,1,1,,0,,0,0,0,0,0,2,2,13
,2018_65760,39.74014,-104.943908,4/25/2018 16:39,16:39,12,0,2,COLFAX AVENUE EAST & GARFIELD STREET NORTH,1,1,0,0,1,3,,0,30,0,0,0,0,1,2,2,13
,2018_65761,39.740077,-104.928527,8/29/2018 19:09,19:09,12,0,0,COLFAX AVENUE EAST & FAIRFAX STREET NORTH,1,1,0,0,1,4,,0,30,0,0,0,0,0,2,2,1
,2018_65762,39.740077,-104.927212,10/3/2018 15:54,15:54,12,0,0,COLFAX AVENUE 5100 BLOCK EAST & FOREST STREET NORTH,1,1,0,0,1,4,,0,35,0,0,0,0,0,2,2,14
,2018_65770,39.776303,-104.873599,2/12/2018 8:48,8:48,12,0,0,I70 & CENTRAL PARK BOULEVARD,1,1,0,0,1,4,,0,55,0,0,0,0,0,1,2,13
,2018_65771,39.77597,-104.869716,9/12/2018 18:56,18:56,12,0,0,I70 & HAVANA STREET NORTH,1,1,0,0,1,4,,0,55,0,0,0,0,0,1,2,13
,2018_65772,39.773999,-104.846793,6/8/2018 11:40,11:40,12,0,1,PEORIA STREET NORTH & I70,1,1,0,0,1,4,,0,35,0,0,0,0,1,1,2,7
,2018_65773,39.773124,-104.836626,1/18/2018 7:48,7:48,15,0,0,I70 & PEORIA STREET NORTH WB RAMP OFF GORE,1,1,0,0,1,4,,0,55,0,0,0,0,0,1,2,13
,2018_65774,39.696412,-104.897693,5/24/2018 19:03,19:03,12,0,0,PARKER ROAD SOUTH & MISSISSIPPI AVENUE EAST / 1000 BLOCK SOUTH,1,1,0,0,1,4,,0,35,0,0,0,0,0,2,2,13
,2018_65776,39.688195,-104.991931,6/16/2018 16:18,16:18,12,0,0,SANTA FE DRIVE SOUTH & FLORIDA AVENUE WEST,1,1,1,0,1,4,,0,,0,0,0,0,0,2,2,13
,2018_65784,39.738122,-105.025276,4/15/2018 19:05,19:05,12,0,1,FEDERAL BOULEVARD NORTH & 14TH AVENUE WEST,1,1,1,0,1,4,,0,30,0,0,0,0,2,2,5,1
,2018_65785,39.705748,-105.025086,6/26/2018 19:14,19:14,12,0,0,CENTER AVENUE WEST  & FEDERAL BOULEVARD SOUTH,1,1,0,0,1,3,,0,25,0,0,0,0,0,2,2,13
,2018_65787,39.630288,-104.905053,9/5/2018 18:30,18:30,15,0,0,I225 SOUTHBOUND OFF RAMP & I25 NORTHBOUND,1,1,0,0,1,8,,0,55,0,0,0,0,0,1,2,14
,2018_65793,39.693285,-105.053215,1/24/2018 8:24,8:24,12,0,0,SHERIDAN BOULEVARD 1300 BLOCK SOUTH & LOUISIANA AVENUE WEST,1,1,0,0,1,4,,0,35,0,0,0,0,0,2,3,12
,2018_65804,39.629963,-105.086958,12/2/2018 18:56,18:56,12,0,0,LAYTON AVENUE WEST & WADSWORTH BOULEVARD SOUTH,1,3,1,0,1,1,,0,45,0,0,0,0,0,2,3,4
,2018_65820,39.774108,-105.025229,11/9/2018 7:59,7:59,12,0,1,FEDERAL BOULEVARD NORTH 4200 BLOCK & 42ND AVENUE WEST,1,1,0,0,1,1,,0,35,0,0,0,0,1,2,2,14
,2018_65828,39.729265,-105.014796,5/27/2018 4:52,4:52,5,0,0,I25 SOUTHBOUND & EIGHTH AVENUE WEST,1,3,0,0,1,4,,0,55,0,0,0,0,0,1,2,14
,2018_65832,39.667966,-104.940606,4/13/2018 15:55,15:55,12,0,2,YALE AVENUE 3900 EAST  & COLORADO BOULEVARD SOUTH,1,1,0,0,1,3,,0,25,0,0,0,0,1,2,2,13
,2018_65833,39.675036,-104.940628,11/25/2018 12:50,12:50,1,0,0,COLORADO BOULEVARD SOUTH & ILIFF AVENUE EAST,1,1,0,0,1,1,,0,40,0,0,0,0,0,2,2,13
,2018_65834,39.685533,-104.940543,7/10/2018 18:00,18:00,3,0,0,COLORADO BOULEVARD SOUTH & MEXICO AVENUE EAST,1,1,0,0,1,1,,0,30,0,0,0,0,0,2,2,13
,2018_65850,39.711184,-105.001732,10/26/2018 4:40,4:40,3,0,0,ALAMEDA AVENUE 1200 BLOCK WEST & LIPAN STREET SOUTH,1,3,0,0,1,1,,0,35,0,0,0,0,0,2,2,14
,2018_65856,39.740301,-104.98832,6/1/2018 16:00,16:00,12,0,0,COLFAX AVENUE WEST & 15TH STREET,1,1,0,0,1,1,,0,25,0,0,0,0,0,2,3,10
,2018_65879,39.689481,-104.99207,12/19/2018 7:05,7:05,12,0,0,FLORIDA AVENUE WEST & SANTA FE DRIVE SOUTH,1,1,0,0,1,1,,0,30,0,0,0,0,0,2,2,3
,2018_65880,39.696679,-104.991877,2/22/2018 4:56,4:56,15,0,0,SANTA FE DRIVE SOUTH & MISSISSIPPI AVENUE WEST,1,3,0,0,1,1,,0,45,0,0,0,0,0,2,2,13
,2018_65885,39.729137,-105.025151,11/6/2018 12:17,12:17,15,0,0,FEDERAL BOULEVARD NORTH & EIGHTH AVENUE WEST,1,1,0,0,1,3,,1,30,0,0,0,0,0,2,2,14
,2018_65887,39.727514,-105.025127,10/2/2018 18:11,18:11,14,0,0,FEDERAL BOULEVARD 600 BLOCK NORTH & SEVENTH AVENUE WEST,1,2,0,0,1,3,,0,30,0,0,0,0,0,2,2,1
,2018_65888,39.725357,-105.025125,2/24/2018 11:08,11:08,3,0,0,FEDERAL BOULEVARD NORTH & SIXTH AVENUE WB RAMPS,1,1,0,0,1,1,,0,35,0,0,0,0,0,2,2,13
,2018_65891,39.631444,-105.025488,4/3/2018 18:00,18:00,15,0,0,FEDERAL BOULEVARD SOUTH & UNION AVENUE WEST,1,1,0,0,1,1,,0,30,0,0,0,0,0,2,2,13
,2018_65914,39.635522,-104.893462,7/12/2018 9:11,9:11,1,0,0,TAMARAC STREET SOUTH & I225 SOUTHBOUND RAMPS,1,1,0,0,1,1,,0,35,0,0,0,0,0,1,2,13
,2018_65934,39.683013,-104.940374,2/21/2018 7:56,7:56,12,0,0,COLORADO BOULEVARD SOUTH & I25,5,1,0,0,1,4,,0,35,0,0,0,0,0,2,2,3
,2018_65940,39.667623,-104.925611,8/7/2018 15:49,15:49,12,0,0,I25 & YALE AVENUE EAST,1,1,0,0,1,4,,0,65,0,0,0,0,0,1,2,13
,2018_65941,39.729265,-105.014796,12/10/2018 7:46,7:46,15,0,0,I25 & EIGHTH AVENUE WEST,1,1,1,0,1,4,,0,55,0,0,0,0,0,1,2,13
,2018_65949,39.71127,-105.051018,2/28/2018 17:58,17:58,3,0,0,ALAMEDA AVENUE WEST & YATES STREET SOUTH,1,2,1,0,1,1,,0,35,0,0,0,0,0,2,2,7
,2018_65950,39.666703,-104.866156,11/21/2018 15:29,15:29,12,0,1,HAVANA STREET SOUTH & YALE AVENUE EAST,1,2,0,0,1,4,,0,35,0,0,0,0,1,2,3,13
,2018_65957,39.739993,-104.964972,11/17/2018 2:24,2:24,6,0,0,COLFAX AVENUE 1800 EAST & HIGH STREET NORTH,1,3,0,0,1,4,,0,30,0,0,0,0,0,2,2,5
,2018_65958,39.739992,-104.964783,8/1/2018 6:57,6:57,15,0,0,HIGH STREET NORTH & COLFAX AVENUE EAST,1,1,0,0,1,3,,0,25,0,0,0,0,0,2,2,13
,2018_65968,39.778289,-104.912566,7/31/2018 8:23,8:23,12,0,1,I70 & MONACO STREET NORTH,1,1,0,0,1,4,,0,55,0,0,0,0,1,1,3,8
,2018_65969,39.778295,-104.903636,1/22/2018 10:05,10:05,12,0,0,I70 EASTBOUND OFF RAMP & NORTHFIELD QUEBEC NORTH,2,1,1,0,1,8,,0,55,0,0,0,0,0,1,2,14
,2018_65970,39.773203,-104.83755,2/23/2018 20:41,20:41,12,0,4,I70 & PEORIA STREET NORTH,1,3,1,0,1,4,,0,55,0,0,0,0,1,1,2,1
,2018_65971,39.772901,-104.834038,2/17/2018 16:17,16:17,15,0,0,I70 WB ON RAMP FROM I225 & I70 WB RAMP OFF TO PEORIA,1,1,0,0,1,8,,0,55,0,0,0,0,0,1,2,13
,2018_65974,39.69629,-104.897364,3/7/2018 10:45,10:45,12,0,0,HIGHWAY 83 & MISSISSIPPI AVENUE EAST,1,1,0,0,1,1,,0,45,0,0,0,0,0,2,2,13
,2018_65984,39.67863,-105.025035,4/29/2018 6:27,6:27,12,0,0,EVANS AVENUE 2900 BLOCK WEST & FEDERAL BOULEVARD SOUTH,1,1,0,0,1,4,,0,35,0,0,0,0,0,2,2,12
,2018_65985,39.675279,-105.025053,1/13/2018 21:46,21:46,12,0,0,FEDERAL BOULEVARD 2300 BLOCK SOUTH & ILIFF AVENUE WEST,1,3,0,0,1,3,,0,40,0,0,0,0,0,2,2,2
,2018_65990,39.784657,-105.053269,1/1/2018 20:20,20:20,15,0,0,SHERIDAN BOULEVARD 4800 BLOCK NORTH & I70 WB SLIP RAMP OFF,1,3,0,0,1,3,,0,35,0,0,0,0,0,2,2,13
,2018_65991,39.691828,-105.053204,1/25/2018 21:15,21:15,3,0,0,SHERIDAN BOULEVARD SOUTH & WYOMING PLACE WEST,1,3,0,0,1,2,,0,35,0,0,0,0,0,2,2,14
,2018_66023,39.68904133,-104.9293594,9/19/2018 17:30,17:30,6,0,0,ELM STREET SOUTH & FLORIDA AVENUE EAST,1,2,1,0,1,2,,0,,0,0,0,0,0,4,2,13
,2018_66027,39.675036,-104.940628,5/18/2018 15:25,15:25,1,0,1,ILIFF AVENUE EAST & COLORADO BOULEVARD SOUTH,2,1,0,1,1,1,,0,40,0,0,0,0,2,2,4,13
,2018_66028,39.67843,-104.940638,4/18/2018 8:59,8:59,1,0,1,COLORADO BOULEVARD SOUTH & EVANS AVENUE EAST,1,1,1,0,1,1,,0,35,0,0,0,0,1,2,2,13
,2018_66029,39.685533,-104.940543,2/5/2018 15:42,15:42,12,0,0,MEXICO AVENUE EAST & COLORADO BOULEVARD SOUTH,1,1,0,0,1,3,,0,30,0,0,0,0,0,2,2,1
,2018_66030,39.716746,-104.94061,5/31/2018 13:09,13:09,12,0,0,LEETSDALE DRIVE & COLORADO BOULEVARD SOUTH,1,1,0,0,1,1,,0,35,0,0,0,0,0,2,2,14
,2018_66033,39.725487,-105.033022,8/25/2018 13:25,13:25,12,0,0,SIXTH AVENUE 3500 BLOCK WEST & LOWELL BOULEVARD NORTH,1,1,0,0,1,4,,0,40,0,0,0,0,0,2,2,13
,2018_66038,39.689632,-104.972597,2/21/2018 7:15,7:15,12,0,0,I25 SOUTHBOUND ON RAMP & DOWNING STREET,1,1,0,0,1,8,,0,45,0,0,0,0,0,1,2,13
,2018_66039,39.69219,-104.976782,10/2/2018 15:47,15:47,12,0,0,I25 & EMERSON STREET SOUTH,1,1,1,0,1,4,,0,60,0,0,0,0,0,1,3,14
,2018_66048,39.711094,-105.029925,11/25/2018 2:15,2:15,12,0,0,ALAMEDA AVENUE WEST & IRVING STREET SOUTH,5,3,0,0,1,1,,0,35,0,0,0,0,0,2,2,3
,2018_66049,39.711085,-105.027583,11/3/2018 2:40,2:40,3,0,0,ALAMEDA AVENUE WEST & HAZEL COURT SOUTH,1,3,0,0,1,1,,0,25,0,0,0,0,0,2,2,7
,2018_66050,39.711155,-105.022579,8/11/2018 13:07,13:07,12,0,0,ALAMEDA AVENUE WEST & DECATUR STREET SOUTH,1,1,0,0,1,1,,0,25,0,0,0,0,0,2,2,1
,2018_66051,39.711184,-105.001546,2/16/2018 15:57,15:57,3,0,0,ALAMEDA AVENUE WEST & LIPAN STREET SOUTH,1,1,0,0,1,1,,0,35,0,0,0,0,0,2,2,3
,2018_66052,39.653091,-104.900691,8/6/2018 16:30,16:30,12,0,0,HAMPDEN AVENUE 7600 EAST & TAMARAC STREET SOUTH,1,1,0,0,1,3,,0,40,0,0,0,0,0,2,2,13
,2018_66053,39.653077,-104.898619,12/19/2018 16:14,16:14,12,0,0,HAMPDEN AVENUE EAST & TAMARAC DRIVE SOUTH,1,1,0,0,1,3,,0,35,0,0,0,0,0,2,2,7
,2018_66058,39.778252,-104.903409,4/28/2018 12:40,12:40,12,0,0,QUEBEC STREET NORTH & I70 INTCH,1,1,2,0,1,4,,0,40,0,0,0,0,0,2,2,1
,2018_66059,39.779705,-104.903302,6/15/2018 7:59,7:59,15,0,0,QUEBEC STREET NORTH & 4600 BLOCK,1,1,0,0,1,3,,0,35,0,0,0,0,0,2,2,8
,2018_66065,39.740028,-105.002766,3/5/2018 1:30,1:30,10,0,0,MARIPOSA STREET NORTH & COLFAX AVENUE WEST,1,3,0,0,1,1,,0,,0,0,0,0,0,2,2,9
,2018_66066,39.740048,-104.999933,6/10/2018 1:48,1:48,10,0,0,KALAMATH STREET NORTH & COLFAX AVENUE WEST,1,3,0,0,1,1,,0,35,0,0,0,0,0,2,2,13
,2018_66067,39.740153,-104.947672,11/21/2018 20:50,20:50,3,0,1,COLFAX AVENUE EAST & COOK STREET NORTH,1,3,0,0,1,1,,0,25,0,0,0,0,1,2,2,1
,2018_66068,39.74014,-104.943908,1/22/2018 15:10,15:10,12,0,1,COLFAX AVENUE EAST & GARFIELD STREET NORTH,2,1,0,0,1,4,,0,35,0,0,0,0,1,2,2,14
,2018_66069,39.740062,-104.940759,9/26/2018 13:25,13:25,12,0,0,COLFAX AVENUE 3900 BLOCK EAST & COLORADO BOULEVARD NORTH,1,1,0,0,1,3,,0,35,0,0,0,0,0,2,2,13
,2018_66081,39.779589,-104.980889,7/17/2018 8:11,8:11,12,0,0,I70 & WASHINGTON STREET NORTH,1,1,1,0,1,4,,0,55,0,0,0,0,0,1,3,3
,2018_66082,39.779441,-104.979019,11/7/2018 13:53,13:53,15,0,0,I70 & WASHINGTON STREET NORTH,1,1,0,0,1,4,,0,65,0,0,0,0,0,1,2,13
,2018_66083,39.773904,-104.845684,8/6/2018 8:29,8:29,15,0,0,I70 & PEORIA STREET NORTH,1,1,0,0,1,4,,0,55,0,0,0,0,0,1,2,13
,2018_66091,39.668879,-104.995636,7/17/2018 16:38,16:38,12,0,0,SANTA FE DRIVE SOUTH & YALE AVENUE EAST  / 2600 BLOCK SOUTH,1,1,1,0,1,4,,0,55,0,0,0,0,0,2,2,13
,2018_66092,39.737983,-105.025273,4/21/2018 12:49,12:49,12,0,0,14TH AVENUE WEST & FEDERAL BOULEVARD NORTH,2,1,0,1,1,1,,0,35,0,0,0,0,0,2,2,7
,2018_66093,39.703865,-105.025087,9/23/2018 19:30,19:30,12,0,0,FEDERAL BOULEVARD SOUTH & EXPOSITION AVENUE WEST,1,3,0,0,1,3,,0,40,0,0,0,0,0,2,2,13
,2018_66105,39.679023,-104.93413,10/15/2018 22:09,22:09,5,0,0,I25 & EVANS AVENUE EAST APPROXIMATELY,1,3,0,0,3,4,,0,60,0,0,0,0,0,1,1,5
,2018_66108,39.784269,-105.053274,4/1/2018 13:55,13:55,15,0,0,SHERIDAN BOULEVARD NORTH & I70 WB RAMP OFF,1,1,1,0,1,1,,0,35,0,0,0,0,0,2,2,8
,2018_66131,39.783991,-105.025224,6/28/2018 8:00,8:00,15,0,0,FEDERAL BOULEVARD & I70,1,1,0,0,1,1,,0,35,0,0,0,0,0,2,2,14
,2018_66148,39.719664,-104.940609,8/23/2018 7:28,7:28,1,0,0,COLORADO BOULEVARD NORTH & FIRST AVENUE EAST,1,1,0,0,1,1,,0,35,0,0,0,0,0,2,2,13
,2018_66149,39.725354,-104.940607,6/27/2018 18:39,18:39,12,0,0,COLORADO BOULEVARD NORTH & SIXTH AVENUE PARKWAY EAST,1,1,1,0,1,3,,0,35,0,0,0,0,0,2,3,3
,2018_66156,39.706598,-104.99651,10/14/2018 16:16,16:16,12,0,0,I25 & SANTA FE DRIVE SOUTH,2,1,1,0,1,4,,0,65,0,0,0,0,0,1,2,13
,2018_66157,39.729265,-105.014796,10/17/2018 6:50,6:50,12,0,0,I25 & EIGHTH AVENUE WEST,1,2,0,0,1,4,,0,55,0,0,0,0,0,1,2,13
,2018_66172,39.653084,-104.91283,4/18/2018 18:23,18:23,12,0,0,MONACO STREET SOUTH & HAMPDEN AVENUE EAST,1,1,0,0,1,3,,0,35,0,0,0,0,0,2,2,12
,2018_66173,39.669351,-104.866091,10/12/2018 13:42,13:42,15,0,0,HAVANA STREET SOUTH & PARKER ROAD SOUTH,1,1,1,0,1,1,,0,40,0,0,0,0,0,2,2,7
,2018_66174,39.65305,-104.884342,3/22/2018 7:21,7:21,3,0,0,HAMPDEN AVENUE EAST & YOSEMITE STREET SOUTH,1,1,0,0,1,1,,0,40,0,0,0,0,0,2,2,14
,2018_66178,39.776619,-104.903424,4/16/2018 15:20,15:20,15,0,0,NORTHFIELD QUEBEC STREET NORTH & I70 EASTBOUND,1,1,1,0,1,4,,0,45,0,0,0,0,0,2,2,13
,2018_66182,39.740353,-105.04965,2/14/2018 15:00,15:00,15,0,0,COLFAX AVENUE WEST & WINONA STREET NORTH,1,1,0,0,1,3,,0,30,0,0,0,0,0,2,3,4
,2018_66183,39.740337,-105.03892,11/10/2018 11:39,11:39,6,0,1,COLFAX AVE3900 BLOCK WEST & PERRY STREET NORTH,1,1,0,0,1,4,,0,30,0,0,0,0,1,2,2,10
,2018_66184,39.740082,-104.912743,6/22/2018 14:46,14:46,12,0,0,MONACO PARKWAY SOUTHBOUND ROAD WEST & COLFAX AVENUE EAST,1,1,0,0,1,4,,0,35,0,0,0,0,0,2,2,13
,2018_66185,39.740084,-104.904663,2/10/2018 13:45,13:45,12,0,0,COLFAX AVENUE EAST & POPLAR STREET,4,1,0,2,1,1,,0,30,0,0,0,0,0,2,2,13
,2018_66186,39.740086,-104.893953,9/26/2018 14:46,14:46,6,0,0,ULSTER STREET 1400 BLOCK NORTH & COLFAX AVENUE EAST,1,1,0,0,1,3,,0,30,0,0,0,0,0,2,2,3
,2018_66196,39.784171,-105.051805,9/13/2018 15:25,15:25,12,0,0,I70 & YORK STREET NORTH,1,1,0,0,1,4,,0,55,0,0,0,0,0,1,2,13
,2018_66197,39.78001,-104.964254,2/20/2018 14:00,14:00,5,0,0,46TH AVENUE EAST & BRIGHTON BOULEVARD,5,1,0,0,3,4,,0,30,0,0,0,0,0,4,1,7
,2018_66198,39.780012,-104.959789,11/2/2018 7:08,7:08,12,0,0,I70 & YORK STREET NORTH,1,1,0,0,1,4,,0,65,0,0,0,0,0,1,3,13
,2018_66214,39.73954,-105.025299,10/18/2018 16:30,16:30,15,0,0,FEDERAL BOULEVARD 1400 BLOCK NORTH & 14TH AVENUE WEST,1,1,0,0,1,4,,0,30,0,0,0,0,0,2,2,13
,2018_66215,39.737983,-105.025273,10/7/2018 23:10,23:10,6,0,0,FEDERAL BOULEVARD NORTH & 14TH AVENUE WEST,2,3,0,1,1,4,,0,35,0,0,0,0,0,2,2,5
,2018_66216,39.676736,-105.025046,1/16/2018 21:06,21:06,3,0,0,FEDERAL BOULEVARD SOUTH & WARREN AVENUE WEST,5,3,0,0,1,1,,0,25,0,0,0,0,0,2,2,13
,2018_66217,39.660488,-105.025192,6/21/2018 15:24,15:24,5,0,0,FEDERAL BOULEVARD SOUTH & DARTMOUTH AVENUE WEST,1,1,1,0,3,1,,0,40,0,0,0,0,0,2,1,5
,2018_66222,39.656087,-105.053224,6/20/2018 15:45,15:45,1,0,0,DARTMOUTH AVENUE WEST & SHERIDAN BOULEVARD SOUTH,1,1,0,0,1,1,,0,25,0,0,0,0,0,2,2,14
,2018_66223,39.667204,-105.053255,12/2/2018 9:29,9:29,12,0,0,SHERIDAN BOULEVARD 2700 BLOCK SOUTH & YALE AVENUE WEST,1,1,1,0,1,4,,0,40,0,0,0,0,0,2,2,13
,2018_66224,39.678948,-105.053268,1/6/2018 18:11,18:11,12,0,3,SHERIDAN BOULEVARD 2100 BLOCK SOUTH & EVANS AVENUE WEST,1,3,0,0,1,3,,0,35,0,0,0,0,2,2,3,4
,2018_66225,39.682251,-105.053195,8/29/2018 7:15,7:15,12,0,0,JEWELL AVENUE 5200 WEST & SHERIDAN BOULEVARD SOUTH,1,1,0,0,1,4,,0,30,0,0,0,0,0,2,2,2
,2018_66226,39.695033,-105.053228,12/13/2018 8:27,8:27,12,0,0,SHERIDAN BOULEVARD 1200 BLOCK SOUTH & ARIZONA AVENUE WEST,1,1,0,0,1,4,,0,35,0,0,0,0,0,2,2,13
,2018_66243,39.652978,-104.917698,2/20/2018 1:39,1:39,1,0,0,HAMPDEN AVENUE EAST & I25 NORTHBOUND RAMPS,4,4,0,2,1,1,,0,45,0,0,0,0,0,2,2,13
,2018_66257,39.678571,-104.940638,5/5/2018 12:34,12:34,15,0,0,COLORADO BOULEVARD SOUTH & EAST EVANS AVENUE,1,1,0,0,1,3,,0,35,0,0,0,0,0,2,2,8
,2018_66258,39.685533,-104.940543,11/19/2018 16:30,16:30,1,0,0,MEXICO AVENUE EAST & COLORADO BOULEVARD SOUTH,1,1,0,0,1,1,,0,25,0,0,0,0,0,2,2,6
,2018_66259,39.689119,-104.940546,10/18/2018 0:34,0:34,12,0,0,COLORADO BOULEVARD 1500 BLOCK SOUTH & FLORIDA AVENUE EAST,1,3,1,0,1,3,,0,35,0,0,0,0,0,2,2,12
,2018_66262,39.725652,-105.053207,10/2/2018 12:25,12:25,12,0,0,SIXTH AVENUE WB OFF RAMP & SHERIDAN BOULEVARD NORTH,1,1,0,0,1,8,,0,25,0,0,0,0,0,2,2,13
,2018_66265,39.755118,-105.012754,9/4/2018 10:12,10:12,12,0,0,I25 & SPEER BOULEVARD NORTH,1,1,0,0,1,4,,0,55,0,0,0,0,0,1,2,13
,2018_66275,39.711332,-105.053258,7/17/2018 0:00,0:00,1,0,0,SHERIDAN BOULEVARD SOUTH & ALAMEDA AVENUE WEST,1,1,0,0,1,1,,0,40,0,0,0,0,0,2,2,14
,2018_66277,39.711269,-105.051205,11/11/2018 11:28,11:28,12,0,0,ALAMEDA AVENUE WEST & YATES STREET SOUTH / 5100 BLOCK WEST,5,1,1,2,1,4,,0,30,0,0,0,0,0,2,3,1
,2018_66278,39.711077,-105.025075,5/26/2018 18:08,18:08,12,0,0,FEDERAL BOULEVARD & ALAMEDA AVENUE WEST,1,1,1,0,1,1,,0,40,0,0,0,0,0,2,2,13
,2018_66280,39.740046,-104.984291,2/1/2018 22:36,22:36,6,0,0,COLFAX AVENUE 400 BLOCK EAST & LOGAN STREET NORTH,1,3,0,0,1,4,,0,,0,0,0,0,0,2,2,13
,2018_66282,39.740008,-104.972677,6/10/2018 16:40,16:40,6,0,0,COLFAX AVENUE EAST & DOWNING STREET NORTH,1,1,0,0,1,4,,0,30,0,0,0,0,0,2,2,13
,2018_66283,39.739995,-104.965538,9/4/2018 11:50,11:50,6,0,0,COLFAX AVENUE 1800 BLOCK EAST & WILLIAMS STREET NORTH,1,1,0,0,1,4,,0,30,0,0,0,0,0,2,2,13
,2018_66284,39.774794,-104.856036,5/20/2018 8:30,8:30,12,0,0,I70 & PEORIA STREET NORTH,1,1,0,0,1,4,,0,,0,0,0,0,0,1,2,13
,2018_66295,39.783687,-105.04473,6/11/2018 6:22,6:22,5,0,0,I70 WB & MM 271,1,1,0,0,3,4,,0,55,0,0,0,0,0,1,3,13
,2018_66296,39.780012,-104.961148,6/16/2018 0:35,0:35,12,0,0,I70 & BRIGHTON BOULEVARD NORTH,1,3,0,0,1,4,,0,65,0,0,0,0,0,1,2,14
,2018_66304,39.702954,-104.912867,4/24/2018 21:29,21:29,3,0,0,MONACO PARKWAY & LEETSDALE DRIVE,1,3,0,0,1,1,,0,35,0,0,0,0,0,2,3,8
,2018_66305,39.707328,-104.922192,3/21/2018 8:12,8:12,1,0,0,HOLLY STREET SOUTH & LEETSDALE DRIVE,1,1,1,0,1,1,,0,30,0,0,0,0,0,2,2,3
,2018_66309,39.696679,-104.991877,12/11/2018 15:08,15:08,1,0,4,MISSISSIPPI AVENUE WEST & PLATTE RIVER DRIVE SOUTH,1,1,0,0,1,1,,0,30,0,0,0,0,2,2,2,14
,2018_66315,39.731042,-105.02518,9/13/2018 8:45,8:45,1,0,0,FEDERAL BOULEVARD 1200 BLOCK NORTH & HOLDEN PLACE,1,1,0,0,1,4,,0,35,0,0,0,0,0,2,3,14
,2018_66316,39.729431,-105.025156,9/9/2018 22:33,22:33,5,0,0,FEDERAL BOULEVARD NORTH & EIGHTH AVENUE WEST,1,3,0,0,2,4,,0,35,0,0,0,0,0,2,1,5
,2018_66318,39.682275,-105.025016,9/15/2018 14:50,14:50,12,0,0,JEWELL AVENUE 3000 BLOCK WEST & FEDERAL BOULEVARD SOUTH,1,1,0,0,1,4,,0,30,0,0,0,0,0,2,2,13
,2018_66319,39.678484,-105.025036,6/16/2018 9:17,9:17,12,0,0,FEDERAL BOULEVARD 2000 BLOCK SOUTH & EVANS AVENUE WEST,1,1,0,0,1,4,,0,35,0,0,0,0,0,2,2,13
,2018_66335,39.629963,-105.086958,7/14/2018 14:45,14:45,12,0,2,WADSWORTH WAY 4800 SOUTH & LAYTON AVENUE WEST,1,1,0,0,1,1,,0,40,0,0,0,0,1,2,2,3
,2018_66345,39.652979,-104.923957,6/16/2018 10:38,10:38,12,0,0,HUDSON STREET 3500 BLOCK SOUTH & HAMPDEN AVENUE EAST,1,1,1,0,1,1,,0,25,0,0,0,0,0,2,2,13
,2018_66346,39.652979,-104.918863,4/3/2018 7:46,7:46,1,0,0,HAMPDEN AVENUE EAST & I25 SOUTHBOUND RAMPS,1,1,1,0,1,1,,0,40,0,0,0,0,0,2,2,14
,2018_66347,39.653091,-104.916934,10/15/2018 6:46,6:46,3,0,1,HAMPDEN AVENUE EAST & I25 NORTHBOUND RAMPS,1,2,1,0,1,1,,0,30,0,0,0,0,2,2,2,14
,2018_66348,39.780124,-105.025226,5/31/2018 7:41,7:41,12,0,0,FEDERAL BOULEVARD 4500 BLOCK NORTH & 46TH AVENUE WEST,1,1,0,0,1,3,,0,35,0,0,0,0,0,2,2,14
,2018_66358,39.686728,-104.940544,11/18/2018 10:57,10:57,12,0,0,COLORADO BOULEVARD 1600 BLOCK NORTH & IOWA AVENUE EAST,1,1,0,0,1,4,,0,35,0,0,0,0,0,2,2,13
,2018_66359,39.687326,-104.940544,1/15/2018 14:28,14:28,12,0,0,COLORADO BOULEVARD SOUTH & IOWA AVENUE EAST,5,1,0,0,1,1,,0,35,0,0,0,0,0,2,2,13
,2018_66360,39.687475,-104.940545,11/27/2018 11:55,11:55,12,0,0,COLORADO BOULEVARD SOUTH & IOWA AVENUE EAST,1,1,1,0,1,4,,0,35,0,0,0,0,0,2,3,13
,2018_66361,39.741258,-104.940601,4/2/2018 8:35,8:35,12,0,0,COLORADO BOULEVARD & 1580 NORTH,1,1,0,0,5,2,,0,10,0,0,0,0,0,2,2,3
,2018_66362,39.725638,-105.050392,2/27/2018 12:08,12:08,12,0,0,SIXTH AVENUE & SHERIDAN BOULEVARD NORTH,1,1,0,0,1,4,,0,55,0,0,0,0,0,2,2,13