id,drcog_id,latitude,longitude,crashtime,time,crashtype,numbkilled,numbinjurd,drcoglocat,rdconditin,lightngcon,roadcntgrd,weatherco,location,roaddescrp,schoolzone,constrzone,splimit,bikeinv,pedinv,sctrinv,motoinv,svrty,rdsystem,ttlvehcls,hcf
,2018_68444,39.738429,-104.9873895,9/22/2018 11:30,11:30,15,0,0,14TH AVENUE EAST & BROADWAY STREET NORTH,1,1,0,0,1,3,,0,30,0,0,0,0,0,4,2,13
,2018_68445,39.738276,-104.9326785,10/12/2018 14:25,14:25,3,0,0,14TH AVENUE EAST & DEXTER STREET NORTH,1,1,0,0,1,1,,0,25,0,0,0,0,0,4,2,8
,2018_68446,39.738474,-104.996502,4/21/2018 12:17,12:17,3,0,0,14TH AVENUE WEST & GALAPAGO STREET NORTH,2,1,0,1,1,1,,0,30,0,0,0,0,0,4,2,7
,2018_68447,39.738276,-104.923422,7/21/2018 8:23,8:23,3,0,0,14TH AVENUE EAST & HUDSON STREET NORTH,1,1,0,0,1,1,,0,25,0,0,0,0,0,4,2,8
,2018_68448,39.738456,-104.986143,11/28/2018 10:16,10:16,15,0,0,14TH AVENUE EAST & LINCOLN STREET NORTH,1,1,0,0,1,1,,0,30,0,0,0,0,0,4,2,14
,2018_68449,39.73842,-104.97528,3/1/2018 15:25,15:25,3,0,0,14TH AVENUE EAST & OGDEN STREET NORTH,1,1,0,0,1,1,,0,30,0,0,0,0,0,4,2,7
,2018_68450,39.738366,-104.963472,4/13/2018 7:10,7:10,3,0,0,14TH AVENUE EAST & RACE STREET NORTH,2,1,0,0,1,1,,0,30,0,0,0,0,0,4,2,13
,2018_68451,39.738456,-104.9976405,5/31/2018 8:41,8:41,12,0,0,14TH AVENUE WEST & SPEER BOULEVARD,1,1,0,0,1,1,,0,35,0,0,0,0,0,4,2,14
,2018_68452,39.749022,-105.0024915,11/1/2018 11:41,11:41,10,0,0,14TH STREET & WAZEE STREET,1,1,0,0,1,2,,0,25,0,0,0,0,0,4,2,14
,2018_68453,39.738366,-104.9598225,8/21/2018 2:07,2:07,3,0,2,14TH AVENUE EAST & YORK STREET NORTH,1,3,0,0,1,1,,0,30,0,0,0,0,2,4,2,16
,2018_68454,39.740895,-104.9889735,10/14/2018 2:00,2:00,15,0,0,15TH STREET & CLEVELAND PLACE,2,3,1,2,1,1,,0,30,0,0,0,0,0,4,2,13
,2018_68455,39.741606,-104.98995,9/5/2018 12:12,12:12,15,0,0,15TH STREET & COURT PLACE,1,1,0,0,1,1,,0,25,0,0,0,0,0,4,2,13
,2018_68456,39.754323,-105.0065595,6/24/2018 17:13,17:13,15,0,0,15TH STREET & LITTLE RAVEN STREET,1,1,0,0,1,3,,0,20,0,0,0,0,0,4,2,13
,2018_68457,39.754323,-105.0065595,7/21/2018 17:01,17:01,1,0,1,15TH STREET & LITTLE RAVEN STREET,1,1,0,0,1,1,,0,,0,0,0,1,2,4,2,7
,2018_68458,39.74895,-104.9995305,6/21/2018 17:59,17:59,15,0,0,15TH STREET & MARKET STREET,1,1,1,0,1,1,,0,30,0,0,0,0,0,4,2,8
,2018_68459,39.750255,-105.001182,1/16/2018 20:59,20:59,3,0,0,15TH STREET & WAZEE STREET,1,3,0,0,1,1,,0,30,0,0,0,0,0,4,2,13
,2018_68460,39.750255,-105.001182,6/29/2018 19:21,19:21,12,0,0,15TH STREET & WAZEE STREET,1,1,0,0,1,1,,0,30,0,0,0,0,0,4,2,1
,2018_68461,39.743604,-104.9925195,4/18/2018 20:29,20:29,15,0,0,15TH STREET & WELTON STREET,1,3,0,0,1,4,,0,25,0,0,0,0,0,4,2,16
,2018_68462,39.74652,-104.993919,11/2/2018 16:18,16:18,15,0,0,16TH STREET & CHAMPA STREET,1,1,0,0,1,1,,0,30,0,0,0,0,0,4,2,14
,2018_68463,39.753945,-105.0034635,8/16/2018 9:04,9:04,10,0,0,16TH STREET & CHESTNUT PLACE,1,1,0,0,1,1,,0,25,0,0,0,0,0,4,2,14
,2018_68464,39.741678,-104.9775795,5/19/2018 21:14,21:14,3,0,5,16TH AVENUE EAST & CLARKSON STREET NORTH,1,3,0,0,1,1,,0,30,0,0,0,0,2,4,2,13
,2018_68465,39.747204,-104.994819,10/20/2018 23:28,23:28,3,0,0,16TH STREET & CURTIS STREET,1,3,0,0,1,1,,0,10,0,0,0,0,0,4,2,13
,2018_68466,39.741642,-104.969691,12/4/2018 11:55,11:55,3,0,0,16TH AVENUE EAST & HUMBOLDT STREET NORTH,1,1,0,0,1,1,,0,30,0,0,0,0,0,4,2,13
,2018_68467,39.741642,-104.969691,12/29/2018 20:54,20:54,3,0,0,16TH AVENUE EAST & HUMBOLDT STREET NORTH,1,3,0,0,1,1,,0,30,0,0,0,0,0,4,2,16
,2018_68468,39.742722,-105.02991,11/16/2018 7:55,7:55,13,0,1,16TH AVENUE WEST & IRVING STREET NORTH,1,1,0,0,1,1,,0,20,0,0,0,0,2,4,2,14
,2018_68469,39.741651,-104.9709195,12/11/2018 9:12,9:12,3,0,0,16TH AVENUE EAST & LAFAYETTE STREET NORTH,1,1,0,0,1,1,,0,25,0,0,0,0,0,4,2,13
,2018_68470,39.741678,-104.9823495,11/13/2018 8:25,8:25,10,0,0,16TH AVENUE EAST & LOGAN STREET NORTH,1,1,0,0,1,1,,0,30,0,0,0,0,0,4,2,13
,2018_68471,39.74166,-104.9810895,10/7/2018 15:21,15:21,10,0,0,16TH AVENUE EAST & PENNSYLVANIA STREET NORTH,1,1,0,0,1,1,,0,35,0,0,0,0,0,4,2,14
,2018_68472,39.741966,-104.9010705,1/12/2018 11:52,11:52,3,0,0,16TH AVENUE EAST & ROSLYN STREET NORTH,1,1,0,0,1,1,,1,25,0,0,0,0,0,4,2,14
,2018_68473,39.745845,-104.993028,11/17/2018 14:40,14:40,12,0,0,16TH STREET & STOUT STREET,2,1,0,0,1,1,,0,35,0,0,0,0,0,4,2,13
,2018_68474,39.741957,-104.8987395,7/1/2018 12:05,12:05,3,0,0,16TH AVENUE EAST & SYRACUSE STREET NORTH,1,1,3,0,1,1,,0,25,0,0,0,0,0,4,3,13
,2018_68475,39.743406,-104.9873895,1/9/2018 15:40,15:40,15,0,0,17TH STREET & BROADWAY NORTH / COURT PLACE,1,1,0,0,1,1,,0,30,0,0,0,0,0,4,2,13
,2018_68476,39.743757,-104.9441895,8/1/2018 11:07,11:07,15,0,0,17TH AVENUE EAST & GARFIELD STREET NORTH,1,1,0,0,1,3,,0,35,0,0,0,0,0,4,3,1
,2018_68477,39.74328,-104.983578,5/25/2018 12:30,12:30,15,0,0,17TH AVENUE EAST & GRANT STREET NORTH,1,1,0,0,1,4,,0,25,0,0,0,0,0,4,2,1
,2018_68478,39.743208,-104.9696685,7/13/2018 20:17,20:17,15,0,0,17TH AVENUE EAST & HUMBOLDT STREET NORTH,1,3,0,0,1,1,,0,35,0,0,0,0,0,4,2,13
,2018_68479,39.750129,-104.9962005,10/13/2018 23:36,23:36,15,0,0,17TH STREET & LARIMER STREET,2,3,1,2,1,1,,0,30,0,0,0,0,0,4,2,5
,2018_68480,39.743964,-105.0451605,12/5/2018 16:22,16:22,1,0,0,17TH AVENUE WEST & UTICA STREET NORTH,1,3,0,0,1,1,,0,30,0,0,0,0,0,4,2,1
,2018_68481,39.743784,-104.88816,10/3/2018 16:53,16:53,3,0,0,17TH AVENUE EAST & WILLOW STREET NORTH,1,2,0,0,1,1,,0,25,0,0,0,0,0,4,2,1
,2018_68482,39.744855,-104.9873895,1/22/2018 17:07,17:07,15,0,0,18TH AVENUE EAST & BROADWAY STREET NORTH,2,2,0,2,1,1,,0,,0,0,0,0,0,4,2,13
,2018_68483,39.744837,-104.964759,7/3/2018 17:20,17:20,3,0,1,18TH AVENUE EAST & HIGH STREET NORTH,1,1,0,0,1,1,,0,30,0,0,0,0,1,4,2,3
,2018_68484,39.75174,-104.995872,10/8/2018 14:55,14:55,3,0,0,18TH STREET & MARKET STREET,2,1,0,1,1,1,,0,30,0,0,0,0,0,4,2,13
,2018_68485,39.74481,-104.9799015,8/18/2018 15:31,15:31,15,0,0,18TH AVENUE EAST & PEARL STREET NORTH,1,1,0,0,1,1,,0,35,0,0,0,0,0,4,2,13
,2018_68486,39.744783,-104.9598225,5/16/2018 17:00,17:00,14,0,0,18TH AVENUE EAST & YORK STREET NORTH,1,1,0,0,1,3,,0,30,0,0,0,0,0,4,2,13
,2018_68487,39.753333,-104.995521,6/21/2018 7:27,7:27,10,0,0,19TH STREET & BLAKE STREET,1,1,0,0,1,1,,0,30,0,0,0,0,0,4,2,13
,2018_68488,39.751344,-104.9929605,2/20/2018 9:30,9:30,10,0,0,19TH STREET & LAWRENCE STREET,4,1,0,0,1,1,,0,30,0,0,0,0,0,4,2,13
,2018_68489,39.751344,-104.9929605,8/16/2018 22:37,22:37,3,0,1,19TH STREET & LAWRENCE STREET,1,3,0,0,1,1,,0,30,0,0,0,0,1,4,2,12
,2018_68490,39.746187,-104.9861025,3/23/2018 16:25,16:25,3,0,0,19TH AVENUE EAST & LINCOLN STREET NORTH,1,1,0,0,1,1,,0,30,0,0,0,0,0,4,2,13
,2018_68491,39.71833604,-104.9763196,3/10/2018 13:33,13:33,3,0,0,FIRST AVENUE & 5100 BLOCK WEST,1,1,1,0,1,2,,0,30,0,0,0,0,0,4,2,13
,2018_68492,39.718026,-104.9546205,2/13/2018 7:23,7:23,1,0,0,FIRST AVENUE EAST & DETROIT STREET NORTH,1,1,0,0,1,1,,0,30,0,0,0,0,0,4,2,13
,2018_68493,39.718341,-104.9667795,9/30/2018 16:00,16:00,3,0,0,FIRST AVENUE EAST & GILPIN STREET NORTH,1,1,0,0,1,1,,0,30,0,0,0,0,0,4,2,7
,2018_68494,39.718332,-104.9826015,11/23/2018 16:09,16:09,3,0,0,FIRST AVENUE EAST & LOGAN STREET NORTH,1,1,0,0,1,1,,0,30,0,0,0,0,0,4,2,8
,2018_68495,39.718143,-105.0396885,9/7/2018 8:25,8:25,3,0,0,FIRST AVENUE WEST & PERRY STREET NORTH,1,1,0,0,1,1,,0,30,0,0,0,0,0,4,2,13
,2018_68496,39.718143,-105.0396885,10/9/2018 14:43,14:43,3,0,0,FIRST AVENUE WEST & PERRY STREET NORTH,2,1,0,0,1,1,,0,25,0,0,0,0,0,4,2,1
,2018_68497,39.718143,-105.040899,9/20/2018 15:27,15:27,5,0,0,FIRST AVENUE WEST & QUITMAN STREET NORTH,1,1,0,0,1,1,,0,30,0,0,0,0,0,4,2,14
,2018_68498,39.719538,-104.8994685,7/24/2018 14:00,14:00,3,0,0,FIRST AVENUE EAST & ROSLYN STREET NORTH,1,1,0,0,1,1,,0,25,0,0,0,0,0,4,2,3
,2018_68499,39.718188,-104.9593095,5/23/2018 17:00,17:00,12,0,0,FIRST AVENUE EAST & UNIVERSITY BOULEVARD NORTH,1,1,0,0,1,4,,0,25,0,0,0,0,0,4,2,16
,2018_68500,39.718188,-104.9593095,7/2/2018 14:00,14:00,12,0,0,FIRST AVENUE EAST & UNIVERSITY BOULEVARD SOUTH,14,1,0,0,1,1,,0,30,0,0,0,0,0,4,2,3
,2018_68501,39.754323,-104.99427,7/15/2018 17:11,17:11,12,0,0,20TH STREET & BLAKE STREET,2,1,0,0,1,1,,0,35,0,0,0,0,0,4,2,12
,2018_68502,39.757662,-104.9986305,5/20/2018 18:36,18:36,1,0,0,20TH STREET & CHESTNUT PLACE,2,3,0,1,1,1,,0,35,0,0,0,0,0,4,2,13
,2018_68503,39.752946,-104.9926095,5/14/2018 7:12,7:12,3,0,2,20TH STREET & LARIMER STREET,1,1,0,0,1,1,,0,30,0,0,0,0,2,4,2,1
,2018_68504,39.752946,-104.9926095,6/12/2018 10:43,10:43,6,0,0,20TH STREET & LARIMER STREET,1,1,0,0,1,4,,0,,0,0,0,0,0,4,2,13
,2018_68505,39.752946,-104.9926095,9/22/2018 1:37,1:37,15,0,0,20TH STREET & LARIMER STREET,1,3,0,0,1,1,,0,30,0,0,0,0,0,4,2,13
,2018_68506,39.752946,-104.9926095,10/24/2018 10:45,10:45,3,0,0,20TH STREET & LARIMER STREET,1,1,0,0,1,1,,0,30,0,0,0,0,0,4,2,13
,2018_68507,39.759588,-105.0017805,7/4/2018 17:24,17:24,1,0,0,20TH STREET & LITTLE RAVEN STREET,1,1,1,0,1,1,,0,35,0,0,0,0,0,4,2,13
,2018_68508,39.759588,-105.0017805,7/24/2018 16:45,16:45,1,0,1,20TH STREET & LITTLE RAVEN STREET,1,1,1,0,1,1,,0,30,0,0,0,0,1,4,2,13
,2018_68509,39.759588,-105.0017805,9/6/2018 13:34,13:34,3,0,2,20TH STREET & LITTLE RAVEN STREET,1,1,1,0,1,1,,0,30,0,0,0,0,1,4,2,8
,2018_68510,39.74958,-104.988249,8/6/2018 5:43,5:43,3,0,0,20TH STREET & STOUT STREET,1,1,0,0,1,1,,0,25,0,0,0,0,0,4,2,13
,2018_68511,39.74770765,-104.9835318,6/20/2018 7:57,7:57,3,0,0,20TH AVENUE EAST & TREMONTS PLACE,1,1,0,0,1,1,,0,30,0,0,0,0,0,4,2,13
,2018_68512,39.754989,-104.995143,3/31/2018 2:08,2:08,3,0,0,20TH STREET & WAZEE STREET,1,3,0,0,1,1,,0,35,0,0,0,0,0,4,2,3
,2018_68513,39.751866,-104.988762,4/20/2018 14:40,14:40,3,0,0,21ST STREET & CURTIS STREET,1,1,0,0,1,1,,0,30,0,0,0,0,0,4,2,8
,2018_68514,39.752667,-104.98743,10/28/2018 21:00,21:00,3,0,0,22ND STREET & BROADWAY STREET NORTH,1,3,0,0,1,1,,0,30,0,0,0,0,0,4,2,7
,2018_68515,39.752667,-104.98743,10/30/2018 9:04,9:04,15,0,0,22ND STREET & BROADWAY STREET NORTH,1,1,0,0,1,1,,0,25,0,0,0,0,0,4,2,14
,2018_68516,39.750759,-104.9849415,11/30/2018 18:46,18:46,3,0,0,22ND STREET & CALIFORNIA STREET,2,4,0,1,1,1,,0,35,0,0,0,0,0,4,2,16
,2018_68517,39.749814,-104.9034285,6/6/2018 17:34,17:34,3,0,0,22ND AVENUE EAST & QUEBEC STREET NORTH,1,1,0,0,1,1,,0,25,0,0,0,0,0,4,2,16
,2018_68518,39.7510155,-104.89824,2/13/2018 7:55,7:55,12,0,0,23RD AVENUE & 4300 BLOCK EAST,1,1,0,0,1,4,,0,30,0,0,0,0,0,4,3,14
,2018_68519,39.751056,-104.9234535,2/7/2018 18:35,18:35,3,0,0,23RD AVENUE EAST & HUDSON STREET NORTH,1,3,0,0,1,1,,0,25,0,0,0,0,0,4,2,1
,2018_68520,39.750714,-104.96223,8/7/2018 17:42,17:42,3,0,1,23RD AVENUE EAST & VINE STREET NORTH,1,1,0,0,1,1,,0,25,0,0,0,0,1,4,3,1
,2018_68521,39.750705,-104.9659425,2/28/2018 8:26,8:26,3,0,1,23RD AVENUE EAST & WILLIAMS STREET NORTH,1,1,0,0,1,1,,0,25,0,0,0,0,1,4,2,13
,2018_68522,39.750705,-104.9659425,3/5/2018 14:24,14:24,3,0,0,23RD AVENUE EAST & WILLIAMS STREET NORTH,1,1,0,0,1,1,,0,25,0,0,0,0,0,4,2,13
,2018_68523,39.750705,-104.9659425,6/15/2018 5:27,5:27,3,0,0,23RD AVENUE EAST & WILLIAMS STREET NORTH,1,1,0,1,1,1,,0,25,0,0,0,0,0,4,2,3
,2018_68524,39.751983,-104.9684085,12/13/2018 17:11,17:11,3,0,0,24TH AVENUE EAST & FRANKLIN STREET NORTH,1,4,0,1,1,1,,0,25,0,0,0,0,0,4,2,13
,2018_68525,39.76829996,-104.941692,8/15/2018 17:30,17:30,3,0,0,25TH AVENUE EAST & HARRISON STREET NORTH,1,1,0,0,1,1,,0,30,0,0,0,0,0,4,2,3
,2018_68526,39.757203,-104.9836005,3/27/2018 13:38,13:38,3,0,0,26TH STREET & ARAPAHOE STREET,1,1,0,0,1,1,,0,25,0,0,0,0,0,4,2,15
,2018_68527,39.754683,-104.933898,12/19/2018 18:57,18:57,3,0,0,26TH AVENUE EAST & CHERRY STREET NORTH,1,3,0,0,1,1,,0,25,0,0,0,0,0,4,2,1
,2018_68528,39.754818,-105.0205095,3/23/2018 1:48,1:48,5,0,0,26TH AVENUE 2700 BLOCK WEST & CLAY STREET NORTH,1,3,0,0,3,4,,0,25,0,0,0,0,0,4,3,5
,2018_68529,39.754863,-105.0346215,6/29/2018 11:41,11:41,3,0,0,26TH AVENUE WEST & LOWELL BOULEVARD NORTH,1,1,0,0,1,1,,0,30,0,0,0,0,0,4,2,13
,2018_68530,39.754863,-105.0346215,9/5/2018 10:18,10:18,3,0,0,26TH AVENUE WEST & LOWELL BOULEVARD NORTH,1,1,0,0,1,1,,0,25,0,0,0,0,0,4,2,16
,2018_68531,39.754863,-105.0358005,11/6/2018 15:20,15:20,3,0,0,26TH AVENUE WEST & MEADE STREET NORTH,1,1,0,0,1,1,,0,30,0,0,0,0,0,4,2,16
,2018_68532,39.754863,-105.0358005,11/16/2018 17:17,17:17,3,0,1,26TH AVENUE WEST & MEADE STREET NORTH,1,2,0,0,1,1,,0,25,0,0,0,0,1,4,2,13
,2018_68533,39.754773,-104.85405,7/13/2018 3:38,3:38,5,0,0,26TH AVENUE EAST & MOLINE STREET,1,3,0,0,4,1,,0,25,0,0,0,0,0,4,1,5
,2018_68534,39.754872,-105.038163,1/16/2018 11:05,11:05,3,0,0,26TH AVENUE WEST & OSCEOLA STREET NORTH,1,1,0,0,1,1,,0,,0,0,0,0,0,4,2,13
,2018_68535,39.755448,-104.978889,9/6/2018 15:20,15:20,12,0,0,27TH STREET & CALIFORNIA STREET,1,1,0,0,1,3,,0,25,0,0,0,0,0,4,2,15
,2018_68536,39.756807,-104.9806395,8/3/2018 17:58,17:58,3,0,0,27TH STREET & CHAMPA STREET,1,1,0,0,1,1,,0,30,0,0,0,0,0,4,2,8
,2018_68537,39.756132,-104.979771,7/14/2018 18:31,18:31,3,0,0,27TH STREET & STOUT STREET,1,1,0,0,1,1,,0,30,0,0,0,0,0,4,2,16
,2018_68538,39.758202,-104.949909,8/17/2018 14:54,14:54,3,0,0,29TH AVENUE EAST & STEELE STREET NORTH,1,1,0,0,1,1,,0,25,0,0,0,0,0,4,2,8
,2018_68539,39.719349,-104.987502,5/17/2018 9:25,9:25,6,0,1,SECOND AVENUE 3400 BLOCK WEST & SECOND AVENUE 3400 BLOCK WEST,1,1,0,0,1,4,,0,30,0,0,0,0,1,4,3,7
,2018_68540,39.719412,-104.9485815,3/29/2018 8:33,8:33,3,0,2,SECOND AVENUE EAST & ADAMS STREET NORTH,1,1,0,0,1,1,,0,25,0,0,0,0,1,4,2,13
,2018_68541,39.720213,-104.903622,4/21/2018 8:05,8:05,3,0,2,SECOND AVENUE EAST & QUEBEC STREET NORTH,4,1,0,2,1,1,,0,30,0,0,0,0,1,4,2,13
,2018_68542,39.759498,-104.9659515,11/26/2018 9:48,9:48,3,0,0,30TH AVENUE EAST & WILLIAMS STREET NORTH,1,1,0,0,1,1,,0,30,0,0,0,0,0,4,2,13
,2018_68543,39.763242,-104.979312,8/18/2018 14:30,14:30,1,0,0,31ST STREET & LARIMER STREET,1,1,0,0,1,1,,0,25,0,0,0,0,0,4,2,16
,2018_68544,39.762018,-105.0052905,6/2/2018 19:59,19:59,5,0,1,32ND AVENUE WEST & OSAGE STREET NORTH,1,2,1,0,2,4,,0,25,0,0,0,0,1,4,1,13
,2018_68545,39.762099,-105.028929,2/3/2018 18:24,18:24,3,0,0,32ND AVENUE WEST & SPEER BOULEVARD NORTH,1,3,0,0,1,1,,0,30,0,0,0,0,0,4,2,8
,2018_68546,39.762099,-105.028929,3/17/2018 8:25,8:25,1,0,0,32ND AVENUE WEST & SPEER BOULEVARD,1,1,0,0,1,1,,0,35,0,0,0,0,0,4,2,13
,2018_68547,39.765636,-104.90346,7/21/2018 21:50,21:50,3,0,0,35TH AVENUE EAST & QUEBEC STREET NORTH,1,3,0,0,1,1,,0,35,0,0,0,0,0,4,2,13
,2018_68548,39.765249,-104.8988925,4/22/2018 20:45,20:45,12,0,0,35TH AVENUE EAST & SYRACUSE NORTH,1,3,0,0,1,1,,0,35,0,0,0,0,0,4,2,13
,2018_68549,39.768147,-104.972121,2/2/2018 17:00,17:00,3,0,0,37TH AVENUE EAST & MARION STREET NORTH,1,2,0,0,1,1,,0,25,0,0,0,0,0,4,2,7
,2018_68550,39.769281,-105.0174225,7/19/2018 16:23,16:23,12,0,1,38TH AVENUE WEST & ALCOTT STREET NORTH,1,1,0,0,1,1,,0,35,0,0,0,0,1,4,2,7
,2018_68551,39.769281,-105.0174225,11/6/2018 19:32,19:32,12,0,0,38TH AVENUE WEST & ALCOTT STREET NORTH,1,3,0,0,1,1,,0,35,0,0,0,0,0,4,2,16
,2018_68552,39.76929,-105.025239,11/4/2018 10:47,10:47,12,0,0,38TH AVENUE 3000 BLOCK WEST & FEDERAL BOULEVARD NORTH,1,1,0,0,1,4,,0,35,0,0,0,0,0,4,2,13
,2018_68553,39.76929,-105.0017625,3/19/2018 10:25,10:25,1,0,1,38TH AVENUE WEST & LIPAN STREET NORTH,1,1,0,0,1,1,,0,30,0,0,0,0,2,4,2,13
,2018_68554,39.76929,-105.0017625,3/29/2018 18:49,18:49,12,0,2,38TH AVENUE WEST & LIPAN STREET NORTH,2,2,0,1,1,1,,0,,0,0,0,0,1,4,2,13
,2018_68555,39.769272,-105.004161,10/28/2018 16:38,16:38,1,0,0,38TH AVENUE WEST & NAVAJO STREET NORTH,1,3,0,0,1,1,,0,35,0,0,0,0,0,4,2,7
,2018_68556,39.769272,-105.004161,11/16/2018 15:55,15:55,12,0,0,38TH AVENUE WEST & NAVAJO STREET NORTH,1,1,0,0,1,4,,0,35,0,0,0,0,0,4,2,4
,2018_68557,39.769281,-105.0064515,10/9/2018 9:08,9:08,3,0,0,38TH AVENUE WEST & PECOS STREET NORTH,2,1,0,0,1,1,,0,35,0,0,0,0,0,4,2,1
,2018_68558,39.769281,-105.01119,7/12/2018 10:40,10:40,1,0,1,38TH AVENUE WEST & TEJON STREET NORTH,1,1,0,0,1,1,,0,40,0,0,0,0,2,4,2,13
,2018_68559,39.76938,-105.0486795,2/3/2018 12:15,12:15,3,0,0,38TH AVENUE WEST & WOLFF STREET NORTH,1,1,0,0,1,1,,0,35,0,0,0,0,0,4,2,13
,2018_68560,39.771072,-104.847039,2/2/2018 12:33,12:33,3,0,0,39TH AVENUE EAST & PEORIA STREET NORTH,1,1,0,0,1,1,,0,25,0,0,0,0,0,4,2,13
,2018_68561,39.720924,-104.98626,5/6/2018 2:09,2:09,12,0,1,THIRD AVENUE EAST & LINCOLN STREET NORTH,1,3,0,0,1,1,,0,35,0,0,0,0,1,4,2,13
,2018_68562,39.772917,-104.9556697,1/10/2018 8:00,8:00,12,0,0,40TH AVENUE & 2000 BLOCK EAST,1,1,0,0,1,4,,0,35,0,0,0,0,0,4,2,7
,2018_68563,39.77279975,-104.9403916,1/26/2018 18:20,18:20,6,0,1,40TH AVENUE & 4000 BLOCK EAST 40TH AVENUE,1,3,0,0,3,4,,0,30,0,0,0,0,1,4,2,5
,2018_68564,39.772917,-104.9556697,8/27/2018 11:54,11:54,15,0,1,40TH AVENUE & 9430 EAST,1,1,0,0,1,2,,0,35,0,0,0,0,1,4,2,1
,2018_68565,39.773187,-104.809932,6/14/2018 11:23,11:23,3,0,0,40TH AVENUE EAST & CHAMBERS ROAD NORTH,1,1,0,0,1,1,,0,40,0,0,0,0,0,4,2,13
,2018_68566,39.772917,-104.8564305,9/19/2018 6:39,6:39,15,0,0,40TH AVENUE EAST & LIMA STREET NORTH,1,1,0,0,1,1,,0,35,0,0,0,0,0,4,2,13
,2018_68567,39.77289,-104.791482,9/12/2018 7:53,7:53,12,0,0,40TH AVENUE EAST & PENA BOULEVARD,1,1,0,0,1,4,,0,35,0,0,0,0,0,4,2,13
,2018_68568,39.77447529,-104.9175765,9/11/2018 11:55,11:55,5,0,1,42ND AVENUE & 14100 BLOCK EAST,1,1,0,0,2,4,,0,35,0,0,0,0,1,4,1,3
,2018_68569,39.774114,-105.0220305,9/26/2018 20:45,20:45,6,0,1,42ND AVENUE WEST & DECATUR STREET NORTH,1,3,0,0,1,1,,0,25,0,0,0,0,2,4,2,2
,2018_68570,39.77424,-104.992389,2/16/2018 2:27,2:27,5,0,0,42ND AVENUE WEST & DELAWARE STREET,5,3,0,2,6,1,,0,25,0,0,0,0,0,4,1,13
,2018_68571,39.777426,-104.823909,4/18/2018 15:20,15:20,12,0,0,44TH AVENUE EAST & ANDREWS DRIVE EAST,1,1,0,0,1,1,,0,25,0,0,0,0,0,4,2,1
,2018_68572,39.776859,-104.8469535,3/8/2018 11:39,11:39,15,0,0,44TH AVENUE EAST & PEORIA STREET NORTH,1,1,0,0,1,1,,0,,0,0,0,0,0,4,2,13
,2018_68573,39.778929,-104.958261,5/23/2018 16:48,16:48,3,0,0,45TH AVENUE EAST & JOSEPHINE STREET NORTH,1,1,0,0,1,1,,0,30,0,0,0,0,0,4,2,3
,2018_68574,39.778929,-104.958261,6/1/2018 16:04,16:04,3,0,0,45TH AVENUE EAST & JOSEPHINE STREET NORTH,1,1,0,0,1,1,,0,25,0,0,0,0,0,4,2,1
,2018_68575,39.78035743,-104.962822,2/25/2018 10:30,10:30,15,0,0,46TH AVENUE & 1500 EAST,1,1,0,0,1,4,,0,20,0,0,0,0,0,4,2,13
,2018_68576,39.779118,-104.8215915,7/15/2018 9:53,9:53,3,0,1,46TH AVENUE EAST & DURHAM COURT NORTH,1,1,0,0,1,1,,0,25,0,0,0,0,2,4,2,14
,2018_68577,39.77784,-104.81571,6/24/2018 3:30,3:30,5,0,1,46TH AVENUE EAST & FAIRPLAY WAY NORTH,1,3,0,0,2,1,,0,30,0,0,0,0,2,4,1,2
,2018_68578,39.777597,-104.8148595,1/29/2018 7:50,7:50,12,0,0,46TH AVENUE EAST & FONTANA WAY NORTH,1,2,0,0,1,1,,0,30,0,0,0,0,0,4,2,7
,2018_68579,39.778848,-104.926968,10/7/2018 12:46,12:46,3,0,2,46TH AVENUE EAST & FOREST STREET NORTH,1,1,0,0,1,1,,0,25,0,0,0,0,1,4,2,3
,2018_68580,39.780171,-105.0064425,2/13/2018 13:07,13:07,10,0,0,46TH AVENUE WEST & PECOS STREET NORTH,1,1,1,0,1,1,,0,30,0,0,0,0,0,4,2,13
,2018_68581,39.780171,-105.0064425,4/2/2018 8:00,8:00,1,0,2,46TH AVENUE WEST & PECOS STREET NORTH,1,1,0,0,1,1,,0,30,0,0,0,0,2,4,2,13
,2018_68582,39.781953,-104.9602995,6/20/2018 21:01,21:01,6,0,0,47TH AVENUE EAST & CLAUDE COURT NORTH,1,3,0,0,1,3,,0,25,0,0,0,0,0,4,2,13
,2018_68583,39.782277,-104.865921,1/22/2018 13:08,13:08,15,0,0,47TH AVENUE EAST & HAVANA STREET NORTH,2,1,0,0,1,1,,0,30,0,0,0,0,0,4,2,13
,2018_68584,39.782277,-104.865921,10/17/2018 13:50,13:50,12,0,0,47TH AVENUE EAST & HAVANA STREET NORTH,1,1,0,0,1,3,,0,35,0,0,0,0,0,4,2,13
,2018_68585,39.722922,-105.0324705,7/2/2018 16:30,16:30,3,0,0,FOURTH AVENUE WEST & KNOX COURT NORTH,1,1,1,0,1,1,,0,25,0,0,0,0,0,4,2,13