id,drcog_id,latitude,longitude,crashtime,time,crashtype,numbkilled,numbinjurd,drcoglocat,rdconditin,lightngcon,roadcntgrd,weatherco,location,roaddescrp,schoolzone,constrzone,splimit,bikeinv,pedinv,sctrinv,motoinv,svrty,rdsystem,ttlvehcls,hcf
,2018_68733,39.667473,-104.931603,1/7/2018 11:34,11:34,3,0,0,DAHLIA STREET SOUTH & YALE AVENUE EAST,1,1,0,0,1,1,,0,40,0,0,0,0,0,4,2,13
,2018_68734,39.690819,-105.021288,4/18/2018 15:21,15:21,6,0,0,DALE COURT SOUTH & ARKANSAS AVENUE WEST,1,1,0,0,1,4,,0,25,0,0,0,0,0,4,2,1
,2018_68735,39.657438,-105.04791,6/3/2018 16:30,16:30,3,0,1,DARMOUTH AVENUE WEST & WOLFF STREET SOUTH,1,1,0,0,1,1,,0,25,0,0,0,0,1,4,3,5
,2018_68736,39.656367,-105.0505515,4/14/2018 12:06,12:06,14,0,0,DARMOUTH AVENUE WEST & ZURICH COURT SOUTH,1,1,0,0,1,1,,0,25,0,0,0,0,0,4,2,3
,2018_68737,39.66040587,-104.9659919,4/22/2018 9:15,9:15,6,0,0,DARTMOUTH AVENUE & 4020 WEST,1,1,1,0,3,4,,0,30,0,0,0,0,0,4,2,12
,2018_68738,39.66040587,-104.9659919,6/1/2018 12:35,12:35,3,0,0,DARTMOUTH AVENUE & 5171 WEST,1,1,0,0,1,2,,0,25,0,0,0,0,0,4,2,13
,2018_68739,39.66021,-104.862312,4/30/2018 19:35,19:35,5,0,0,DARTMOUTH AVENUE 10800 BLOCK EAST & JAMAICA STREET SOUTH,1,2,0,0,1,4,,0,35,0,0,0,0,0,4,1,13
,2018_68740,39.656736,-105.0496695,8/29/2018 13:44,13:44,3,0,1,DARTMOUTH AVENUE WEST & ZENOBIA STREET SOUTH,1,1,0,0,1,1,,0,30,0,0,0,0,1,4,2,12
,2018_68741,39.67035635,-104.8747362,3/11/2018 21:53,21:53,6,0,0,DAYTON WAY & 2400 BLOCK SOUTH,4,3,1,0,1,4,,0,35,0,0,0,0,0,4,3,5
,2018_68742,39.75153388,-105.0047074,9/9/2018 11:00,11:00,6,0,0,DELGANY STREET 1400 BLOCK & 15TH STREET,1,1,0,0,1,4,,0,30,0,0,0,0,0,4,2,13
,2018_68743,39.75228909,-105.0038794,6/8/2018 21:50,21:50,6,0,0,DELGANY STREET & 2400 BLOCK APPROXIMATELY,1,3,0,0,1,4,,0,25,0,0,0,0,0,4,2,13
,2018_68744,39.756987,-104.973372,10/9/2018 12:15,12:15,12,0,0,DOWING STREET NORTH & 28TH AVENUE EAST,2,1,1,1,1,1,,0,30,0,0,0,0,0,4,2,14
,2018_68745,39.68116337,-104.9734215,4/9/2018 7:23,7:23,12,0,0,DOWING STREET & 3400 BLOCK NORTH,1,1,0,0,1,4,,0,,0,0,0,0,0,4,2,8
,2018_68746,39.754548,-104.973372,10/24/2018 18:09,18:09,3,0,1,DOWNING STREET NORTH & 26TH AVENUE EAST,1,3,0,0,1,1,,0,30,0,0,0,0,2,4,2,12
,2018_68747,39.759498,-104.973372,9/1/2018 14:50,14:50,12,0,0,DOWNING STREET NORTH & 30TH AVENUE EAST,1,1,0,0,1,1,,0,30,0,0,0,0,0,4,2,16
,2018_68748,39.759498,-104.973372,9/3/2018 15:11,15:11,12,0,0,DOWNING STREET NORTH & 30TH AVENUE EAST,1,1,0,0,1,1,,0,30,0,0,0,0,0,4,2,1
,2018_68749,39.743802,-104.973399,2/20/2018 19:18,19:18,1,0,0,DOWNING STREET NORTH & PARK AVENUE,5,3,0,0,1,1,,0,35,0,0,0,0,0,4,2,7
,2018_68750,39.743802,-104.973399,7/5/2018 14:23,14:23,15,0,0,DOWNING STREET NORTH & PARK AVENUE WEST,1,1,0,0,1,1,,0,30,0,0,0,0,0,4,3,8
,2018_68751,39.624219,-104.889852,10/31/2018 10:59,10:59,12,0,0,DTC BOULEVARD & BELLEVIEW AVENUE EAST,1,1,1,0,1,1,,0,30,0,0,0,0,0,4,2,3
,2018_68752,39.633417,-104.893272,7/2/2018 7:48,7:48,3,0,0,DTC BOULEVARD & TUFTS AVENUE EAST,1,1,0,0,1,1,,0,35,0,0,0,0,0,4,2,3
,2018_68753,39.633417,-104.893272,7/13/2018 7:47,7:47,15,0,0,DTC BOULEVARD & TUFTS AVENUE EAST APPROXIMATELY,1,1,0,0,1,3,,0,35,0,0,0,0,0,4,2,13
,2018_68754,39.678417,-104.9642316,10/19/2018 18:24,18:24,12,0,0,EAST EVANS AVENUE & 7200 BLOCK,1,4,0,0,1,3,,0,35,0,0,0,0,0,4,2,2
,2018_68755,39.712986,-105.023844,11/23/2018 12:21,12:21,1,0,0,ELIOT STREET SOUTH & CEDAR AVENUE WEST,1,1,1,0,1,1,,0,25,0,0,0,0,0,4,2,13
,2018_68756,39.716235,-104.9449365,4/7/2018 15:08,15:08,3,0,0,ELLSWORTH AVENUE EAST & MONROE STREET NORTH,1,1,0,0,1,1,,0,25,0,0,0,0,0,4,2,16
,2018_68757,39.716244,-104.9499585,11/10/2018 17:50,17:50,3,0,0,ELLSWORTH AVENUE EAST & STEELE STREET NORTH,1,3,0,0,1,1,,0,30,0,0,0,0,0,4,2,8
,2018_68758,39.727287,-104.9764185,5/14/2018 10:14,10:14,3,0,0,EMERSON STREET NORTH & SEVENTH AVENUE EAST,1,1,1,0,1,1,,0,25,0,0,0,0,0,4,2,13
,2018_68759,39.727287,-104.9764185,8/31/2018 17:19,17:19,3,0,0,EMERSON STREET NORTH & SEVENTH AVENUE EAST,1,1,0,0,1,5,,0,,0,0,0,0,0,4,2,16
,2018_68760,39.711114,-104.976909,10/19/2018 8:57,8:57,3,0,1,EMERSON STREET SOUTH & ALAMEDA AVENUE EAST,1,1,1,0,1,1,,0,30,0,0,0,0,1,4,3,14
,2018_68761,39.7665045,-104.9305564,4/11/2018 22:00,22:00,6,0,0,EUDORA STREET & 751 NORTH,1,5,0,0,1,2,,0,25,0,0,0,0,0,4,2,1
,2018_68762,39.7057365,-104.8904798,7/26/2018 22:49,22:49,5,0,0,FAIRMOUNT DRIVE EAST & VALENTIA STREET SOUTH,1,4,0,0,2,6,,0,25,0,0,0,0,0,4,1,13
,2018_68763,39.678426,-104.9395905,8/4/2018 17:30,17:30,1,0,0,EVANS AVENUE EAST & ALBION STREET SOUTH,1,1,0,0,1,1,,0,35,0,0,0,0,0,4,2,10
,2018_68764,39.678426,-104.995971,1/22/2018 8:03,8:03,1,0,0,EVANS AVENUE WEST & GALAPAGO STREET SOUTH,5,1,1,0,1,1,,0,30,0,0,0,0,0,4,2,13
,2018_68765,39.678462,-104.9579415,7/15/2018 20:20,20:20,3,0,0,EVANS AVENUE EAST & JOSEPHINE STREET SOUTH,2,2,0,0,1,1,,0,35,0,0,0,0,0,4,2,8
,2018_68766,39.678435,-104.912892,10/8/2018 18:30,18:30,12,0,0,EVANS AVENUE EAST & MONACO STREET SOUTH,2,1,0,0,1,1,,0,30,0,0,0,0,0,4,2,3
,2018_68767,39.678435,-104.912892,10/19/2018 18:15,18:15,3,0,0,EVANS AVENUE EAST & MONACO STREET SOUTH,1,2,0,0,1,1,,0,25,0,0,0,0,0,4,2,13
,2018_68768,39.678435,-104.912892,10/24/2018 8:30,8:30,12,0,0,EVANS AVENUE EAST & MONACO STREET SOUTH,1,1,0,0,1,3,,0,35,0,0,0,0,0,4,2,7
,2018_68769,39.678381,-104.950809,1/31/2018 14:35,14:35,3,0,0,EVANS AVENUE EAST & STREET PAUL STREET SOUTH,1,1,0,0,1,1,,0,35,0,0,0,0,0,4,2,13
,2018_68770,39.678696,-105.015681,1/5/2018 23:00,23:00,12,0,0,EVANS AVENUE WEST & ZUNI STREET SOUTH,1,3,0,0,1,8,,0,35,0,0,0,0,0,4,2,5
,2018_68771,39.678696,-105.015681,6/4/2018 12:50,12:50,3,0,0,EVANS AVENUE WEST & ZUNI STREET NORTH,1,1,0,0,1,1,,0,25,0,0,0,0,0,4,2,7
,2018_68772,39.703842,-104.9547284,6/10/2018 12:50,12:50,6,0,0,EXPOSITION AVENUE & 10162 EAST,1,1,0,0,3,4,,0,25,0,0,0,0,0,4,3,12
,2018_68773,39.703887,-104.9129595,9/19/2018 10:51,10:51,12,0,0,EXPOSITION AVENUE WEST & MONACO STREET SOUTH,1,1,1,0,1,1,,0,20,0,0,0,0,0,4,2,12
,2018_68774,39.703968,-105.0086205,11/18/2018 14:40,14:40,3,0,0,EXPOSITION AVENUE WEST & RARITAN STREET SOUTH,1,1,0,0,1,1,,0,25,0,0,0,0,0,4,2,6
,2018_68775,39.717081,-104.8955513,9/18/2018 7:50,7:50,10,0,0,FAIRMONT DRIVE EAST & LOWRY BOULEVARD EAST,1,1,0,0,1,6,,0,15,0,0,0,0,0,4,2,13
,2018_68776,39.689523,-105.020361,12/16/2018 21:15,21:15,3,0,0,FLORIDA AVENUE WEST & CLAY STREET SOUTH,1,3,0,0,1,1,,0,35,0,0,0,0,0,4,2,13
,2018_68777,39.711177,-104.926959,12/14/2018 7:50,7:50,3,0,1,FOREST STREET SOUTH & ALAMEDA AVENUE EAST,1,1,0,0,1,1,,0,35,0,0,0,0,1,4,2,16
,2018_68778,39.74129092,-104.9684593,12/11/2018 5:36,5:36,5,0,0,FRANKLIN STREET NORTH & CHEESMAN PARK ROAD 2,1,2,0,0,3,1,,0,25,0,0,0,0,0,4,1,16
,2018_68779,39.692961,-104.968728,2/10/2018 21:24,21:24,5,0,1,FRANKLIN STREET SOUTH & LOUISIANA AVENUE EAST,5,3,0,2,6,1,,0,35,0,0,0,0,2,4,1,13
,2018_68781,39.746925,-104.9610105,5/14/2018 18:00,18:00,6,0,1,GAYLORD STREET 2500 BLOCK NORTH & GAYLORD STREET 2500 BLOCK NORTH,1,1,0,0,1,4,,0,25,0,0,0,0,2,4,4,1
,2018_68782,39.732039,-104.9836005,11/22/2018 13:10,13:10,3,0,1,GRANT STREET SOUTH & 10TH AVENUE EAST,1,1,0,0,1,1,,0,25,0,0,0,0,1,4,2,3
,2018_68783,39.738438,-104.9836185,3/23/2018 10:00,10:00,3,0,0,GRANT STREET NORTH & 14TH AVENUE EAST,1,1,0,0,1,1,,0,25,0,0,0,0,0,4,2,13
,2018_68784,39.616776,-105.065802,11/9/2018 15:30,15:30,6,0,0,GRANT RANCH BOULEVARD WEST & JAY CIRCLE SOUTH APPROXIMATELY,14,1,0,0,1,2,,0,,0,0,0,0,0,4,2,13
,2018_68785,39.723435,-104.9837895,3/11/2018 8:50,8:50,15,0,0,GRANT STREET NORTH & SPEER BOULEVARD EAST,1,1,0,0,1,1,,0,25,0,0,0,0,0,4,2,13
,2018_68786,39.78378,-104.8017015,10/4/2018 14:00,14:00,3,0,6,GREEN VALLEY RANCH BOULEVARD EAST & KITTREDGE STREET NORTH,1,1,0,0,1,1,,0,40,0,0,0,0,2,4,2,7
,2018_68787,39.783609,-104.791392,6/24/2018 15:18,15:18,12,0,0,GREEN VALLEY RANCH BOULEVARD & PENA BOULEVARD,2,1,1,1,1,1,,0,35,0,0,0,0,0,4,2,3
,2018_68788,39.783816,-104.781681,4/21/2018 22:25,22:25,12,0,1,GREEN VALLEY RANCH BOULEVARD & TELLURIDE STREET NORTH,1,3,0,0,1,1,,0,40,0,0,0,0,1,4,2,1
,2018_68790,39.783816,-104.781681,5/30/2018 12:19,12:19,3,0,1,GREEN VALLEY RANCH BOULEVARD EAST & TELLURIDE STREET NORTH,1,1,0,0,1,1,,0,40,0,0,0,0,2,4,2,12
,2018_68791,39.783816,-104.781681,8/22/2018 16:12,16:12,12,0,0,GREEN VALLEY RANCH BOULEVARD EAST & TELLURIDE STREET NORTH,1,1,0,0,1,1,,0,35,0,0,0,0,0,4,3,3
,2018_68792,39.783609,-104.772222,11/8/2018 17:24,17:24,15,0,0,GREEN VALLEY RANCH BOULEVARD & TOWER ROAD NORTH,1,3,0,0,1,1,,0,45,0,0,0,0,0,4,2,14
,2018_68793,39.653046,-104.9316705,9/25/2018 17:45,17:45,12,0,0,HAMPDEN AVENUE EAST & DAHLIA STREET SOUTH,1,1,0,0,1,1,,0,30,0,0,0,0,0,4,2,3
,2018_68794,39.703833,-104.943492,5/16/2018 17:36,17:36,3,0,0,HARRISON STREET SOUTH & EXPOSITION AVENUE EAST,1,1,0,0,1,1,,0,30,0,0,0,0,0,4,2,13
,2018_68795,39.782277,-104.865921,2/13/2018 7:30,7:30,12,0,0,HAVANA STREET NORTH & 47TH AVENUE EAST,2,1,0,0,1,1,,0,45,0,0,0,0,0,4,2,13
,2018_68796,39.698838,-105.029757,11/16/2018 19:09,19:09,5,0,0,IRVING STREET SOUTH & FORD PLACE WEST,1,3,1,0,3,1,,0,30,0,0,0,0,0,4,1,13
,2018_68797,39.77662058,-105.0287715,2/4/2018 13:45,13:45,12,0,3,HOOKER STREET & 148 NORTH,1,1,0,0,1,2,,0,25,0,0,0,0,1,4,2,4
,2018_68798,39.712914,-104.9698485,2/22/2018 9:12,9:12,3,0,0,HUMBOLDT STREET SOUTH & CEDAR AVENUE EAST,5,1,1,0,1,1,,0,25,0,0,0,0,0,4,2,16
,2018_68799,39.674889,-104.973471,5/5/2018 17:39,17:39,1,0,0,ILIFF AVENUE EAST & DOWNING STREET SOUTH,1,1,1,0,1,1,,0,30,0,0,0,0,0,4,2,13
,2018_68800,39.687579,-104.9804505,4/30/2018 18:51,18:51,12,0,0,IOWA AVENUE EAST & PEARL STREET SOUTH,1,1,0,0,1,1,,0,25,0,0,0,0,0,4,2,3
,2018_68801,39.719736,-105.030018,10/22/2018 6:05,6:05,3,0,1,IRVING STREET NORTH & SECOND AVENUE WEST,1,3,0,0,1,1,,0,25,0,0,0,0,1,4,2,8
,2018_68802,39.693069,-104.9991705,9/12/2018 11:32,11:32,3,0,0,JASON STREET SOUTH & LOUISIANA AVENUE WEST,1,1,0,0,1,1,,0,25,0,0,0,0,0,4,2,16
,2018_68803,39.786624,-104.8042935,3/3/2018 19:02,19:02,3,0,0,JASPER COURT NORTH & 51ST AVENUE EAST,1,3,0,0,1,1,,0,,0,0,0,0,0,4,2,13
,2018_68804,39.65019014,-104.9182867,11/25/2018 10:26,10:26,6,0,0,JEFFERSON & 8500 BLOCK EAST,5,4,0,0,1,4,,0,25,0,0,0,0,0,4,2,13
,2018_68805,39.682017,-104.944194,2/22/2018 9:06,9:06,3,0,0,JEWELL AVENUE EAST & GARFIELD STREET SOUTH,5,1,0,0,1,1,,0,25,0,0,0,0,0,4,2,13
,2018_68806,39.682242,-105.0297885,11/15/2018 8:03,8:03,13,0,1,JEWELL AVENUE WEST & IRVING STREET SOUTH,1,1,0,0,1,1,,0,30,0,0,0,0,2,4,2,13
,2018_68807,39.68217,-105.00183,9/19/2018 17:09,17:09,3,0,0,JEWEL AVENUE WEST & PLATTE RIVER DRIVE SOUTH,1,2,0,0,1,1,,0,40,0,0,0,0,0,4,2,13
,2018_68808,39.733434,-104.958639,9/11/2018 17:43,17:43,10,0,0,JOSEPHINE STREET NORTH & 11TH AVENUE EAST,1,1,1,0,1,1,,0,30,0,0,0,0,0,4,2,3
,2018_68809,39.754458,-104.9585805,3/19/2018 13:03,13:03,12,0,2,JOSEPHINE STREET NORTH & 26TH AVENUE EAST,1,1,0,0,1,1,,0,30,0,0,0,0,1,4,2,14
,2018_68810,39.720978,-104.95827,6/20/2018 16:30,16:30,10,0,0,JOSEPHINE STREET NORTH & THIRD AVENUE EAST,1,1,0,0,1,1,,0,25,0,0,0,0,0,4,2,8
,2018_68811,39.729123,-104.959071,7/27/2018 15:02,15:02,3,0,0,JOSEPHINE STREET NORTH & EIGHTH AVENUE EAST,1,1,0,0,1,1,,0,30,0,0,0,0,0,4,2,16
,2018_68812,39.726279,-105.000201,10/9/2018 16:20,16:20,15,0,0,KALAMATH STREET NORTH & SIXTH AVENUE WEST,1,1,0,0,1,1,,0,35,0,0,0,0,0,4,2,7
,2018_68813,39.700224,-104.959323,5/2/2018 19:17,19:17,12,0,1,KENTUCKY AVENUE EAST & UNIVERSITY BOULEVARD SOUTH,2,1,0,1,1,1,,0,30,0,0,0,0,1,4,3,13
,2018_68814,39.700224,-104.959323,8/9/2018 19:03,19:03,3,0,1,KENTUCKY AVENUE EAST & UNIVERSITY BOULEVARD SOUTH,1,1,0,0,1,1,,0,25,0,0,0,0,1,4,3,13
,2018_68815,39.743937,-105.03306,11/4/2018 13:00,13:00,3,0,0,KING STREET NORTH & 17TH AVENUE WEST,1,1,0,0,1,1,,0,25,0,0,0,0,0,4,2,1
,2018_68816,39.724506,-105.032502,8/18/2018 21:25,21:25,15,0,0,KNOX COURT NORTH & FIFTH AVENUE WEST,1,3,0,0,1,1,,0,35,0,0,0,0,0,4,2,13
,2018_68817,39.714966,-105.0324885,10/27/2018 10:20,10:20,3,0,1,KNOX COURT SOUTH & BAYAUD AVENUE WEST,1,1,1,0,1,1,,0,30,0,0,0,0,1,4,2,7
,2018_68818,39.75030133,-104.9709008,1/6/2018 21:55,21:55,5,0,0,LAFAYETTE STREET & 2256 BLOCK NORTH,1,3,0,0,1,1,,0,,0,0,0,0,0,4,1,13
,2018_68819,39.750723,-104.9708925,4/11/2018 9:37,9:37,3,0,0,LAFAYETTE STREET NORTH & 23RD AVENUE EAST,1,1,0,0,1,1,,0,25,0,0,0,0,0,4,2,3
,2018_68820,39.75201,-104.993811,4/22/2018 10:30,10:30,10,0,0,LARIMER STREET & 19TH STREET,1,5,1,0,1,1,,0,30,0,0,0,0,0,4,2,13
,2018_68821,39.755745,-104.9890095,2/11/2018 14:51,14:51,15,0,0,LARIMER STREET & PARK AVENUE WEST,2,1,0,0,1,1,,0,30,0,0,0,0,0,4,2,8
,2018_68822,39.763485,-104.977242,8/2/2018 9:47,9:47,3,0,0,LAWRENCE STREET & 32ND STREET,1,1,0,0,1,1,,0,25,0,0,0,0,0,4,2,6
,2018_68823,39.7432845,-105.0052545,5/18/2018 16:00,16:00,6,0,0,LAWRENCE STREET 777 & LAWRENCE STREET 777,1,1,0,0,1,7,,0,10,0,0,0,0,0,4,2,13
,2018_68824,39.729258,-104.915052,9/10/2018 7:51,7:51,12,0,0,LEYDEN STREET NORTH & EIGHTH AVENUE EAST,1,1,0,0,1,4,,0,25,0,0,0,0,0,4,2,13
,2018_68825,39.718359,-104.986269,8/14/2018 0:04,0:04,10,0,1,LINCOLN STREET NORTH & FIRST AVENUE EAST,1,3,0,0,1,1,,0,30,0,0,0,0,1,4,2,13
,2018_68826,39.724137,-104.9863095,1/18/2018 9:50,9:50,12,0,0,LINCOLN STREET NORTH & FIFTH AVENUE EAST,1,1,1,0,1,4,,0,30,0,0,0,0,0,4,2,13
,2018_68827,39.724137,-104.9863095,3/23/2018 8:33,8:33,3,0,1,LINCOLN STREET NORTH & FIFTH AVENUE EAST,1,1,0,0,1,3,,0,30,0,0,0,0,1,4,2,13
,2018_68828,39.716541,-104.9862825,5/3/2018 15:17,15:17,12,0,0,LINCOLN STREET 600 BLOCK SOUTH & LINCOLN STREET 600 BLOCK SOUTH,2,1,0,1,1,4,,0,,0,0,0,0,0,4,2,13
,2018_68829,39.701979,-104.987214,1/4/2018 6:55,6:55,3,0,0,LINCOLN STREET SOUTH & OHIO AVENUE EAST,1,1,0,0,1,1,,0,25,0,0,0,0,0,4,2,1
,2018_68830,39.701979,-104.987214,11/28/2018 8:11,8:11,15,0,0,LINCOLN STREET SOUTH & OHIO AVENUE EAST,1,1,0,0,1,3,,0,30,0,0,0,0,0,4,2,13
,2018_68831,39.71934,-104.9826015,10/20/2018 19:11,19:11,6,0,0,LOGAN STREET NORTH & SECOND AVENUE EAST,1,3,0,0,1,3,,0,30,0,0,0,0,0,4,2,8
,2018_68832,39.680316,-104.9828625,12/11/2018 17:30,17:30,3,0,0,LOGAN STREET & ASBURY AVENUE EAST,1,1,0,0,1,1,,0,30,0,0,0,0,0,4,2,8
,2018_68833,39.701988,-104.9827905,8/8/2018 18:00,18:00,12,0,0,LOGAN STREET SOUTH & OHIO AVENUE EAST,1,1,0,0,1,1,,0,25,0,0,0,0,0,4,2,16
,2018_68834,39.76956,-105.0346125,4/23/2018 13:20,13:20,12,0,0,LOWELL BOULEVARD NORTH & 38TH AVENUE WEST,1,1,0,0,1,1,,0,30,0,0,0,0,0,4,2,13
,2018_68835,39.713886,-104.9899815,7/7/2018 12:58,12:58,3,0,0,MAPLE AVENUE WEST & BANNOCK STREET SOUTH,1,1,0,0,1,1,,0,25,0,0,0,0,0,4,2,8
,2018_68836,39.754323,-104.97177,5/18/2018 15:40,15:40,6,0,0,MARION STREET 2558 NORTH & 2558 NORTH,1,1,0,0,1,4,,0,,0,0,0,0,0,4,3,13
,2018_68837,39.729069,-104.971761,5/7/2018 18:00,18:00,15,0,0,MARION STREET & EIGHTH AVENUE EAST,1,1,0,0,1,1,,0,,0,0,0,0,0,4,2,13
,2018_68838,39.678507,-104.9722785,8/28/2018 18:10,18:10,3,0,1,MARION STREET SOUTH & EVANS AVENUE EAST,1,1,0,0,1,1,,0,25,0,0,0,0,1,4,2,13
,2018_68839,39.692979,-104.972229,11/1/2018 15:41,15:41,6,0,0,MARION STREET SOUTH & LOUISIANA AVENUE EAST,1,1,0,0,1,1,,0,25,0,0,0,0,0,4,2,13
,2018_68840,39.6676695,-104.9722208,2/2/2018 15:44,15:44,6,0,0,MARION STREET 1544 NORTH & MARION STREET 1544 NORTH,1,3,0,0,1,4,,0,25,0,0,0,0,0,4,2,14
,2018_68841,39.750804,-104.997069,12/20/2018 5:37,5:37,3,0,1,MARKET STREET & 17TH STREET,1,3,0,1,1,1,,0,30,0,0,0,0,1,4,2,13
,2018_68842,39.75034112,-104.9976913,5/31/2018 0:32,0:32,6,0,0,MARKET STREET & 2000 BLOCK,1,3,0,0,1,4,,0,30,0,0,0,0,0,4,2,14
,2018_68843,39.761838,-104.9128605,5/23/2018 15:16,15:16,1,0,0,MLK BOULEVARD & MONACO PARKWAY,1,1,0,0,1,1,,0,35,0,0,0,0,0,4,2,13
,2018_68844,39.761982,-104.910561,5/22/2018 16:47,16:47,1,0,0,MLK BOULEVARD & NIAGRA STREET,1,1,0,0,1,1,,0,35,0,0,0,0,0,4,3,13
,2018_68845,39.761973,-104.903451,8/6/2018 12:04,12:04,12,0,1,MLK BOULEVARD EAST & QUEBEC STREET NORTH,1,1,0,0,1,1,,0,35,0,0,0,0,1,4,2,13
,2018_68846,39.685671,-104.939478,9/4/2018 9:56,9:56,3,0,0,MEXICO AVENUE EAST & ALBION STREET SOUTH,1,1,0,0,1,2,,0,,0,0,0,0,0,4,2,16
,2018_68847,39.696741,-105.02037,4/14/2018 9:15,9:15,3,0,1,MISSISSIPPI AVENUE WEST & CLAY STREET SOUTH,1,1,0,0,1,1,,0,35,0,0,0,0,1,4,2,1
,2018_68848,39.696741,-105.02037,5/25/2018 15:41,15:41,3,0,0,MISSISSIPPI AVENUE WEST & CLAY STREET SOUTH,1,1,0,1,1,1,,0,25,0,0,0,0,0,4,2,13
,2018_68849,39.696741,-105.02037,8/14/2018 16:49,16:49,3,0,0,MISSISSIPPI AVENUE WEST & CLAY STREET SOUTH,1,1,0,0,1,1,,0,30,0,0,0,0,0,4,3,7
,2018_68850,39.69657,-104.9441985,11/21/2018 15:45,15:45,3,0,0,MISSISSIPPI AVENUE EAST & GARFIELD STREET SOUTH,1,1,1,0,1,1,,0,30,0,0,0,0,0,4,2,3
,2018_68851,39.696696,-105.0015285,8/14/2018 17:43,17:43,3,0,1,MISSISSIPPI AVENUE WEST & LIPAN STREET SOUTH,2,1,1,1,1,1,,0,30,0,0,0,0,1,4,2,3
,2018_68852,39.696696,-105.0015285,9/6/2018 15:22,15:22,13,0,0,MISSISSIPPI AVENUE WEST & LIPAN STREET SOUTH,1,1,0,0,1,1,,0,,0,0,0,0,0,4,2,12
,2018_68853,39.69675,-105.01272,3/12/2018 16:07,16:07,3,0,0,MISSISSIPPI AVENUE WEST & TEJON STREET SOUTH,1,1,0,0,1,1,,0,30,0,0,0,0,0,4,2,16
,2018_68854,39.761838,-104.929371,7/27/2018 19:59,19:59,3,0,0,MLK BOULEVARD EAST & ELM STREET NORTH,1,2,1,0,1,1,,0,35,0,0,0,0,0,4,2,13
,2018_68855,39.761847,-104.922261,3/21/2018 7:16,7:16,3,0,0,MLK BOULEVARD EAST & HOLLY STREET NORTH,1,1,0,0,1,1,,0,25,0,0,0,0,0,4,2,13
,2018_68856,39.761838,-104.9199615,6/18/2018 1:57,1:57,5,0,0,MLK BOULEVARD EAST & IVY STREET NORTH,2,3,0,1,2,1,,0,25,0,0,0,0,0,4,1,13
,2018_68858,39.761838,-104.9128605,2/10/2018 18:25,18:25,1,0,1,MLK BOULEVARD & MONACO STREET NORTH,5,3,0,0,1,1,,0,30,0,0,0,0,2,4,2,1
,2018_68859,39.761973,-104.903451,6/9/2018 18:09,18:09,10,0,0,MLK JR BOULEVARD & QUEBEC STREET,1,1,0,0,1,1,,0,35,0,0,0,0,0,4,2,13
,2018_68860,39.782376,-104.854851,11/13/2018 15:28,15:28,12,0,0,MOLINE STREET NORTH & 47TH AVENUE EAST,1,1,0,0,1,1,,0,35,0,0,0,0,0,4,2,13
,2018_68862,39.682062,-104.912982,11/29/2018 15:05,15:05,3,0,1,MONACO STREET SOUTH & JEWELL AVENUE EAST,1,1,0,0,1,1,,0,35,0,0,0,0,1,4,2,7
,2018_68863,39.711447,-104.944968,1/4/2018 11:08,11:08,3,0,0,MONROE STREET SOUTH & ALAMEDA AVENUE EAST,1,1,0,0,1,1,,0,25,0,0,0,0,0,4,2,13
,2018_68864,39.711447,-104.944968,10/31/2018 18:00,18:00,6,0,0,MONROE STREET SOUTH & ALAMEDA AVENUE EAST,1,1,0,0,1,3,,0,25,0,0,0,0,0,4,2,13
,2018_68865,39.747438,-104.9105295,11/28/2018 9:13,9:13,5,0,0,MONTVIEW BOULEVARD & NIAGARA STREET NORTH,1,1,0,0,3,1,,0,35,0,0,0,0,0,4,1,14
,2018_68866,39.700413,-105.0481305,12/16/2018 16:27,16:27,10,0,0,MORRISON ROAD & KENTUCKY AVENUE WEST,1,1,0,0,1,1,,0,30,0,0,0,0,0,4,2,7
,2018_68867,39.78840084,-104.8526762,10/10/2018 9:47,9:47,3,0,0,NOME STREET & 3900 BLOCK NORTH,1,1,0,0,1,2,,0,25,0,0,0,0,0,4,2,13
,2018_68868,39.785598,-104.8880025,3/27/2018 7:27,7:27,12,0,1,NORTHFIELD BOULEVARD EAST & WILLOW STREET NORTH,1,1,0,0,1,1,,0,35,0,0,0,0,1,4,2,14
,2018_68869,39.797397,-104.7390795,5/15/2018 22:17,22:17,5,0,0,ODESSA STREET NORTH & RANDOLPH PLACE EAST,1,3,0,0,1,1,,0,35,0,0,0,0,0,4,1,14
,2018_68870,39.701979,-104.987214,4/11/2018 18:15,18:15,3,0,0,OHIO AVENUE EAST & LINCOLN STREET SOUTH,1,3,0,0,1,1,,0,30,0,0,0,0,0,4,2,13
,2018_68871,39.694536,-104.908239,5/22/2018 10:05,10:05,1,0,0,ONEIDA STREET SOUTH & ARIZONA AVENUE EAST,1,1,0,0,1,1,,0,30,0,0,0,0,0,4,2,13
,2018_68872,39.71655,-105.0384915,1/14/2018 13:06,13:06,15,0,0,OSCEOLA STREET NORTH & 160 NORTH OSCEOLA STREET,1,1,0,0,1,4,,0,25,0,0,0,0,0,4,2,1
,2018_68873,39.76540505,-105.0381443,7/11/2018 12:52,12:52,6,0,0,OSCEOLA STREET NORTH & 4500 BLOCK NORTH,1,1,0,0,1,4,,0,25,0,0,0,0,0,4,2,13