id,drcog_id,latitude,longitude,crashtime,time,crashtype,numbkilled,numbinjurd,drcoglocat,rdconditin,lightngcon,roadcntgrd,weatherco,location,roaddescrp,schoolzone,constrzone,splimit,bikeinv,pedinv,sctrinv,motoinv,svrty,rdsystem,ttlvehcls,hcf
,2018_68874,39.76540505,-105.0381443,10/22/2018 17:17,17:17,6,0,0,OSCEOLA STREET & 853 NORTH,1,1,0,0,1,4,,0,25,0,0,0,0,0,4,2,13
,2018_68875,39.757086,-104.9907105,2/26/2018 14:27,14:27,15,0,1,PARK AVENUE WEST & BLAKE STREET,1,1,0,0,1,1,,0,30,0,0,0,1,1,4,2,8
,2018_68876,39.753063,-104.9854905,9/28/2018 18:43,18:43,15,0,0,PARK AVENUE WEST & CHAMPA STREET,1,2,0,0,1,1,,0,30,0,0,0,0,0,4,2,13
,2018_68877,39.746979,-104.9775795,6/24/2018 21:49,21:49,10,0,0,PARK AVENUE & CLARKSON STREET NORTH,1,3,0,0,1,1,,0,30,0,0,0,0,0,4,2,8
,2018_68878,39.741903,-104.9709195,11/8/2018 9:50,9:50,10,0,0,PARK AVENUE WEST & LAFAYETTE STREET NORTH,1,1,0,0,1,1,,0,30,0,0,0,0,0,4,2,13
,2018_68879,39.759291,-104.993892,6/1/2018 13:31,13:31,12,0,0,PARK AVENUE WEST & WEWATTA STREET,1,1,0,0,1,1,,0,30,0,0,0,0,0,4,2,14
,2018_68880,39.783609,-104.791392,4/8/2018 16:35,16:35,12,0,1,PENA BOULEVARD & GREEN VALLEY RANCH BOULEVARD,1,1,1,0,1,3,,0,55,0,0,0,0,1,4,2,13
,2018_68881,39.844602,-104.680935,5/2/2018 12:25,12:25,15,0,0,PENA BOULEVARD 8400 BLOCK & PENA BOULEVARD 8400 BLOCK,2,1,0,1,1,4,,0,15,0,0,0,0,0,4,2,13
,2018_68882,39.833388,-104.771979,7/5/2018 7:05,7:05,5,0,0,PENA BOULEVARD OUTBOUND & TOWER ROAD NORTH,1,1,0,0,2,4,,0,40,0,0,0,0,0,4,1,10
,2018_68883,39.741831,-104.980842,1/23/2018 14:30,14:30,6,0,0,PENNSYLVANIA STREET & 1600 BLOCK NORTH PENNSYLVANIA STREET,1,1,0,0,1,4,,0,25,0,0,0,0,0,4,2,13
,2018_68884,39.779577,-104.847129,10/24/2018 13:06,13:06,1,0,0,PEORIA STREET NORTH & 46TH AVENUE EAST,1,1,0,0,1,1,,0,40,0,0,0,0,0,4,2,13
,2018_68885,39.784005,-104.84712,8/22/2018 5:40,5:40,1,0,1,PEORIA STREET NORTH & ALBROOK DRIVE EAST,1,2,0,0,1,1,,0,35,0,0,0,0,2,4,2,13
,2018_68886,39.696669,-104.9929605,12/14/2018 21:21,21:21,3,0,0,PLATTE RIVER DRIVE SOUTH & MISSISSIPPI AVENUE WEST,1,3,0,0,1,1,,0,35,0,0,0,0,0,4,2,13
,2018_68887,39.765627,-104.905791,9/21/2018 16:54,16:54,3,0,1,PONTIAC STREET NORTH & 35TH AVENUE EAST,1,2,0,0,1,1,,0,25,0,0,0,0,1,4,2,13
,2018_68888,39.743784,-104.903478,1/13/2018 12:34,12:34,12,0,0,QUEBEC STREET NORTH & 17TH AVENUE EAST,1,1,0,0,1,1,,0,30,0,0,0,0,0,4,3,14
,2018_68889,39.76138659,-104.9034517,8/19/2018 13:30,13:30,12,0,0,QUEBEC STREET & 2810 NORTH,1,1,0,0,5,7,,0,,0,0,0,0,0,3,2,13
,2018_68890,39.767391,-104.90346,12/24/2018 19:52,19:52,3,0,0,QUEBEC STREET NORTH & 36TH AVENUE EAST,1,3,0,0,1,3,,0,40,0,0,0,0,0,4,2,13
,2018_68891,39.76138659,-104.9034517,6/8/2018 18:23,18:23,5,0,2,QUEBEC STREET & 3800 BLOCK NORTH,1,2,0,0,3,4,,0,40,0,0,0,0,2,4,1,13
,2018_68892,39.76138659,-104.9034517,10/5/2018 19:45,19:45,12,0,0,QUEBEC STREET & 400 BLOCK SOUTH,2,4,0,1,1,4,,0,35,0,0,0,0,0,4,2,1
,2018_68893,39.76138659,-104.9034517,7/25/2018 20:30,20:30,15,0,0,QUEBEC STREET NORTH & 40TH AVENUE EAST,2,3,0,1,1,1,,0,30,0,0,0,0,0,4,2,13
,2018_68894,39.767391,-104.90346,12/9/2018 18:18,18:18,1,0,0,QUEBEC STREET NORTH & 36TH AVENUE EAST,1,3,0,0,1,1,,0,35,0,0,0,0,0,4,2,13
,2018_68895,39.728088,-104.903469,5/25/2018 11:33,11:33,1,0,0,QUEBEC STREET NORTH & EAST SEVERN PLACE,1,1,0,0,1,1,,0,30,0,0,0,0,0,4,2,13
,2018_68896,39.703869,-104.9034915,1/13/2018 19:00,19:00,12,0,0,QUEBEC STREET 835 SOUTH & EXPOSITION AVENUE EAST,1,3,0,0,1,4,,0,30,0,0,0,0,0,4,2,1
,2018_68897,39.689334,-104.896719,1/16/2018 7:43,7:43,3,0,0,QUEBEC WAY SOUTH & FLORIDA AVENUE EAST,1,1,0,0,1,1,,0,30,0,0,0,0,0,4,2,13
,2018_68898,39.761973,-104.903451,3/26/2018 13:20,13:20,3,0,0,QUEBEC STREET NORTH & MLK BOULEVARD,1,1,0,0,1,1,,0,35,0,0,0,0,0,4,2,13
,2018_68899,39.761973,-104.903451,11/8/2018 16:37,16:37,15,0,0,QUEBEC STREET NORTH & MLK BOULEVARD,1,2,0,0,1,1,,0,35,0,0,0,0,0,4,2,13
,2018_68900,39.667626,-104.9036085,4/13/2018 11:29,11:29,1,0,2,QUEBEC STREET SOUTH & YALE AVENUE EAST,1,1,0,0,1,1,,0,30,0,0,0,0,1,4,2,1
,2018_68901,39.638664,-104.89266,11/16/2018 14:39,14:39,1,0,1,QUINCY AVENUE EAST & TAMARAC DRIVE SOUTH,1,1,1,0,1,1,,0,30,0,0,0,0,2,4,2,3
,2018_68902,39.7847839,-105.0082383,5/11/2018 16:07,16:07,6,0,0,QUIVAS STREET 4257 NORTH & QUIVAS STREET 4257 NORTH,1,1,0,0,1,1,,0,25,0,0,0,0,0,4,2,13
,2018_68903,39.696588,-104.9640525,10/4/2018 17:08,17:08,3,0,1,RACE STREET SOUTH & MISSISSIPPI AVENUE EAST,1,1,0,0,1,1,,0,25,0,0,0,0,1,4,2,8
,2018_68904,39.702042,-104.964003,10/18/2018 13:11,13:11,3,0,1,RACE STREET SOUTH & OHIO AVENUE EAST,1,1,0,0,1,1,,0,25,0,0,0,0,1,4,2,13
,2018_68905,39.702195,-105.0423615,6/30/2018 18:00,18:00,3,0,3,RALEIGH STREET SOUTH & OHIO AVENUE WEST,1,1,0,0,1,1,,0,25,0,0,0,0,1,4,2,13
,2018_68906,39.702195,-105.0423615,8/15/2018 15:45,15:45,3,0,1,RALEIGH STREET SOUTH & OHIO AVENUE WEST,1,1,0,0,1,1,,0,25,0,0,0,0,1,4,2,13
,2018_68907,39.71715997,-105.008598,7/27/2018 15:09,15:09,12,0,0,RARITAN STREET & 300 BLOCK SOUTH,1,1,0,0,1,5,,0,25,0,0,0,0,0,4,2,13
,2018_68908,39.708468,-105.0086295,11/16/2018 7:41,7:41,3,0,1,RARITAN STREET SOUTH & ALASKA PLACE WEST,1,1,1,0,1,1,,0,25,0,0,0,0,1,4,2,7
,2018_68909,39.713049,-105.008652,2/1/2018 11:17,11:17,3,0,0,RARITAN STREET SOUTH & CEDAR AVENUE WEST,1,1,0,0,1,1,,0,25,0,0,0,0,0,4,2,7
,2018_68910,39.76056,-104.9001615,4/9/2018 15:25,15:25,1,0,0,ROSLYN STREET NORTH & MLK BOULEVARD,1,1,0,0,1,1,,0,35,0,0,0,0,0,4,2,7
,2018_68911,39.72411,-104.99859,4/25/2018 16:15,16:15,3,0,0,SANTA FE DRIVE NORTH & FIFTH AVENUE WEST,1,1,0,0,1,1,,0,25,0,0,0,0,0,4,2,13
,2018_68912,39.72411,-104.99859,7/23/2018 13:10,13:10,3,0,0,SANTA FE DRIVE NORTH & FIFTH AVENUE EAST,1,1,0,0,1,1,,0,30,0,0,0,0,0,4,2,8
,2018_68913,39.711186,-104.997132,6/30/2018 17:35,17:35,12,0,1,SANTA FE DRIVE SOUTH & ALAMEDA AVENUE WEST,1,1,0,0,1,1,,0,30,0,0,0,0,1,4,2,13
,2018_68914,39.728052,-104.92389,6/22/2018 8:10,8:10,12,0,0,SEVERN PLACE & HUDSON STREET NORTH,1,1,0,0,1,4,,0,25,0,0,0,0,0,4,2,7
,2018_68915,39.746196,-104.98482,11/15/2018 10:18,10:18,3,0,0,SHERMAN STREET & 19TH AVENUE EAST,1,1,0,0,1,1,,0,30,0,0,0,0,0,4,2,13
,2018_68916,39.774528,-104.9223105,1/31/2018 8:34,8:34,5,0,0,SMITH ROAD & HOLLY STREET NORTH,1,1,0,0,2,1,,0,25,0,0,0,0,0,4,1,13
,2018_68917,39.736872,-104.9964795,8/10/2018 9:38,9:38,2,0,1,SPEER BOULEVARD NORTH & 13TH AVENUE WEST,1,1,0,0,1,1,,0,,1,0,0,0,3,4,2,13
,2018_68918,39.733632,-104.9941215,2/8/2018 23:55,23:55,3,0,0,SPEER BOULEVARD NORTH & 11TH AVENUE WEST,4,3,0,2,1,1,,0,25,0,0,0,0,0,4,2,7
,2018_68919,39.738456,-104.9976405,6/10/2018 20:02,20:02,12,0,0,SPEER BOULEVARD & 14TH AVENUE WEST,1,1,0,0,1,4,,0,25,0,0,0,0,0,4,2,5
,2018_68920,39.744468,-105.0000435,10/5/2018 9:36,9:36,12,0,0,SPEER BOULEVARD NORTH SOUTHBOUND & ARAPAHOE STREET,1,1,0,0,1,1,,0,35,0,0,0,0,0,4,2,14
,2018_68921,39.748455,-105.003369,7/18/2018 9:05,9:05,12,0,0,SPEER BOULEVARD NORTH & AURARIA PARKWAY,1,1,0,0,1,1,,0,35,0,0,0,0,0,4,2,14
,2018_68922,39.729717,-104.991219,10/21/2018 21:53,21:53,15,0,0,SPEER BOULEVARD NORTH & BANNOCK STREET NORTH,1,3,0,0,1,1,,0,35,0,0,0,0,0,4,2,13
,2018_68923,39.729717,-104.991219,12/11/2018 9:00,9:00,12,0,0,SPEER BOULEVARD & BANNOCK STREET NORTH,1,1,0,0,1,1,,0,35,0,0,0,0,0,4,2,13
,2018_68924,39.742272,-104.9993505,1/24/2018 16:19,16:19,3,0,0,SPEER BOULEVARD NORTH & CHAMPA STREET,1,2,0,0,1,1,,0,30,0,0,0,0,0,4,2,3
,2018_68925,39.750039,-105.0049305,10/5/2018 6:59,6:59,12,0,2,SPEER BOULEVARD NORTH & CHOPPER CIRCLE,1,1,0,0,1,1,,0,35,0,0,0,0,1,4,2,14
,2018_68926,39.723435,-104.9837895,10/16/2018 18:35,18:35,12,0,0,SPEER BOULEVARD EAST & GRANT STREET NORTH,1,3,0,0,1,3,,0,35,0,0,0,0,0,4,2,1
,2018_68927,39.745764,-105.0001695,11/5/2018 2:02,2:02,15,0,0,SPEER BOULEVARD & LAWRENCE STREET,1,3,0,0,1,1,,0,30,0,0,0,0,0,4,2,8
,2018_68928,39.741426,-104.9988915,3/31/2018 11:21,11:21,3,0,0,SPEER BOULEVARD NORTH & STOUT STREET,1,1,0,0,1,1,,0,,0,0,0,0,0,4,2,13
,2018_68929,39.748761,-105.0033195,2/11/2018 16:25,16:25,3,0,0,SPEER BOULEVARD & WAZEE STREET,1,1,0,0,1,1,,0,30,0,0,0,0,0,4,3,1
,2018_68930,39.756339,-105.015852,5/12/2018 11:57,11:57,5,0,0,SPEER BOULEVARD NORTH & ZUNI STREET NORTH,1,1,1,0,3,3,,0,35,0,0,0,0,0,4,1,13
,2018_68931,39.73687739,-104.9711499,5/30/2018 19:01,19:01,3,0,0,STREET PAUL STREET NORTH & 13TH AVENUE EAST,1,1,0,0,1,1,,0,25,0,0,0,0,0,4,2,1
,2018_68932,39.67716315,-104.9508201,2/11/2018 9:00,9:00,6,0,0,STREET PAUL STREET NORTH & 4100 BLOCK,1,1,0,0,1,4,,0,,0,0,0,0,0,4,2,13
,2018_68933,39.778731,-104.9222925,4/10/2018 10:40,10:40,5,0,0,STAPLETON DRIVE NORTH & HOLLY STREET NORTH,1,1,0,0,3,1,,0,40,0,0,0,0,0,4,1,13
,2018_68934,39.78877643,-104.9499335,10/26/2018 16:15,16:15,5,0,0,STEELE STREET & 1020 SOUTH,1,1,0,0,2,5,,0,15,0,0,0,0,0,4,1,13
,2018_68935,39.744891,-104.99427,9/28/2018 14:45,14:45,15,0,0,STOUT STREET & 15TH STREET,1,1,0,0,1,1,,0,35,0,0,0,0,0,4,2,13
,2018_68936,39.741426,-104.9988915,8/1/2018 13:19,13:19,3,0,2,STOUT STREET & SPEER BOULEVARD NORTH,1,1,1,0,1,1,,0,30,0,0,0,0,2,4,2,13
,2018_68937,39.74921652,-104.8987377,7/12/2018 16:38,16:38,3,0,0,SYRACUSE STREET & 1500 BLOCK NORTH,1,1,0,0,1,2,,0,30,0,0,0,0,0,4,2,1
,2018_68938,39.74921652,-104.8987377,8/10/2018 15:20,15:20,6,0,0,SYRACUSE STREET & 1500 BLOCK NORTH,1,1,0,0,1,4,,0,25,0,0,0,0,0,4,2,13
,2018_68939,39.745602,-104.8987485,11/25/2018 14:35,14:35,3,0,0,SYRACUSE STREET NORTH & 19TH AVENUE EAST,1,1,0,0,1,1,,0,25,0,0,0,0,0,4,2,1
,2018_68940,39.657483,-104.9000805,6/7/2018 13:48,13:48,3,0,0,TAMARAC DRIVE SOUTH & EASTMAN AVENUE EAST,1,1,0,0,1,1,,0,30,0,0,0,0,0,4,2,14
,2018_68941,39.71879703,-105.0108279,5/22/2018 22:28,22:28,5,0,0,TEJON STREET & 4400 NORTH,1,3,0,0,5,3,,0,,0,0,0,0,0,3,1,13
,2018_68942,39.713049,-105.01101,8/15/2018 18:14,18:14,10,0,1,TEJON STREET SOUTH & CEDAR AVENUE WEST,1,1,0,0,1,1,,0,30,0,0,0,0,1,4,2,7
,2018_68943,39.67866,-105.011028,8/3/2018 22:59,22:59,3,0,0,TEJON STREET SOUTH & EVANS AVENUE WEST,1,3,0,0,1,1,,0,25,0,0,0,0,0,4,2,13
,2018_68944,39.69846,-104.912919,2/19/2018 11:59,11:59,1,0,0,TENNESSEE AVENUE EAST & MONACO STREET SOUTH,2,1,0,0,1,1,,0,35,0,0,0,0,0,4,2,13
,2018_68945,39.698433,-104.908212,12/19/2018 14:07,14:07,1,0,0,TENNESSEE AVENUE EAST & ONEIDA STREET SOUTH,1,1,0,0,1,1,,0,25,0,0,0,0,0,4,2,13
,2018_68946,39.78666688,-104.8391249,1/14/2018 12:50,12:50,5,0,0,TITAN COURT & 5105 NORTH,1,1,0,0,2,1,,0,25,0,0,0,0,0,4,1,1
,2018_68947,39.792591,-104.7721995,5/12/2018 7:45,7:45,12,0,0,TOWER ROAD NORTH & ELMENDORF DRIVE EAST,2,1,0,0,1,1,,0,40,0,0,0,0,0,4,2,13
,2018_68948,39.792591,-104.7721995,6/1/2018 17:14,17:14,3,0,2,TOWER ROAD NORTH & ELMENDORF DRIVE EAST,1,1,1,0,1,1,,0,45,0,0,0,0,1,4,3,14
,2018_68949,39.833388,-104.771979,5/2/2018 12:30,12:30,3,0,0,TOWER ROAD NORTH & PENA BOULEVARD INBOUND,2,1,0,1,1,1,,0,40,0,0,0,0,0,4,2,13
,2018_68950,39.833388,-104.771979,9/3/2018 22:35,22:35,3,0,0,TOWER ROAD NORTH & PENA BOULEVARD INBOUND,1,3,0,0,1,1,,0,35,0,0,0,0,0,4,2,13
,2018_68951,39.62760246,-104.9119043,9/2/2018 5:45,5:45,5,0,0,UNION AVENUE & 8300 BLOCK WEST,1,3,0,0,3,3,,0,25,0,0,0,0,0,4,1,2
,2018_68952,39.718188,-104.9593095,7/2/2018 22:00,22:00,12,0,0,UNIVERSITY BOULEVARD NORTH & FIRST AVENUE EAST,2,3,0,1,1,3,,0,35,0,0,0,0,0,4,2,13
,2018_68953,39.718188,-104.9593095,7/28/2018 5:12,5:12,12,0,0,UNIVERSITY BOULEVARD NORTH & FIRST AVENUE EAST,1,1,0,0,1,1,,0,30,0,0,0,0,0,4,2,16
,2018_68954,39.74629034,-105.0052044,5/14/2018 12:22,12:22,6,0,0,WALNUT STREET 3800 BLOCK & WALNUT STREET 3800 BLOCK,2,1,1,1,1,3,,0,30,0,0,0,0,0,4,2,13
,2018_68955,39.70386,-104.95935,6/27/2018 16:45,16:45,12,0,0,UNIVERSITY BOULEVARD SOUTH & EXPOSITION AVENUE EAST,1,1,0,0,1,1,,0,30,0,0,0,0,0,4,2,3
,2018_68956,39.700224,-104.959323,10/5/2018 11:27,11:27,3,0,0,UNIVERSITY BOULEVARD SOUTH & KENTUCKY AVENUE EAST,1,1,0,0,1,1,,0,25,0,0,0,0,0,4,3,6
,2018_68957,39.700224,-104.959323,10/10/2018 14:25,14:25,1,0,1,UNIVERSITY BOULEVARD SOUTH & KENTUCKY AVENUE EAST,2,1,0,2,1,1,,0,30,0,0,0,0,1,4,2,8
,2018_68958,39.673017,-104.9593905,12/4/2018 21:31,21:31,12,0,0,UNIVERSITY BOULEVARD SOUTH & WESLEY AVENUE EAST,1,3,0,0,1,1,,0,30,0,0,0,0,0,4,2,13
,2018_68959,39.759633,-105.013143,6/6/2018 10:20,10:20,3,0,0,VALLEJO STREET NORTH & 30TH AVENUE WEST,1,1,1,0,1,1,,0,25,0,0,0,0,0,4,2,13
,2018_68960,39.7221525,-105.0131745,2/8/2018 2:04,2:04,6,0,0,VALLEJO STREET & 800 BLOCK SOUTH,1,3,0,0,1,4,,0,25,0,0,0,0,0,4,2,5
,2018_68961,39.743199,-104.962239,6/6/2018 22:02,22:02,3,0,3,VINE STREET NORTH & 17TH AVENUE EAST,1,3,0,0,1,1,,0,30,0,0,0,0,1,4,2,1
,2018_68962,39.743199,-104.962239,12/17/2018 12:10,12:10,3,0,0,VINE STREET NORTH & 17TH AVENUE EAST,1,1,0,0,1,1,,0,30,0,0,0,0,0,4,3,13
,2018_68963,39.707505,-104.98635,7/23/2018 21:51,21:51,3,0,0,VIRGINIA AVENUE & LINCOLN STREET SOUTH,2,3,0,0,1,1,,0,30,0,0,0,0,0,4,2,13
,2018_68964,39.74629034,-105.0052044,10/31/2018 21:39,21:39,15,0,0,WALNUT STREET & 3500 BLOCK,1,3,0,0,1,4,,0,30,0,0,0,0,0,4,2,1
,2018_68965,39.676617,-104.9374215,10/25/2018 8:10,8:10,3,0,1,WARREN AVENUE EAST & BELLAIRE STREET SOUTH,1,1,0,0,1,1,,0,25,0,0,0,0,1,4,2,13
,2018_68966,39.716514,-104.97915,8/6/2018 7:50,7:50,6,0,0,WASHINGTON STREET NORTH & ELLSWORTH AVENUE EAST,1,1,0,0,1,5,,0,25,0,0,0,0,0,4,2,13
,2018_68967,39.775797,-104.9787495,6/19/2018 7:51,7:51,1,0,1,WASHINGTON STREET NORTH & RINGSBY COURT,1,1,0,0,1,1,,0,30,0,0,0,1,1,4,2,13
,2018_68968,39.775797,-104.9787495,11/13/2018 14:26,14:26,1,0,0,WASHINGTON STREET NORTH & RINGSBY COURT,1,1,1,0,1,1,,0,35,0,0,0,0,0,4,2,13
,2018_68969,39.737259,-104.8893705,5/8/2018 18:23,18:23,10,0,0,13TH AVENUE EAST & WABASH STREET,1,1,0,0,1,1,,0,30,0,0,0,0,0,4,2,13
,2018_68970,39.74147703,-104.995213,11/6/2018 7:30,7:30,15,0,0,WELTON STREET & 1500 BLOCK,1,1,0,0,1,4,,0,30,0,0,0,0,0,4,2,3
,2018_68971,39.75653605,-104.9973862,5/20/2018 14:50,14:50,15,0,0,WEWATTA STREET 1800 BLOCK & WEWATTA STREET 1800 BLOCK,1,1,0,0,1,4,,0,35,0,0,0,0,0,4,2,13
,2018_68972,39.79631951,-104.888538,11/7/2018 18:30,18:30,6,0,0,WILLOW STREET & 1321 SOUTH,1,3,0,0,1,2,,0,,0,0,0,0,0,4,2,13
,2018_68973,39.674241,-105.047919,11/8/2018 21:16,21:16,3,0,0,WOLFF STREET SOUTH & HARVARD AVENUE WEST,1,3,0,0,1,1,,0,25,0,0,0,0,0,4,2,13
,2018_68974,39.71052,-105.0485715,11/17/2018 19:38,19:38,5,0,0,WOLFF STREET SOUTH & NEVADA PLACE WEST,5,3,1,2,3,3,,0,25,0,0,0,0,0,4,2,14
,2018_68975,39.737259,-104.886999,11/15/2018 16:23,16:23,3,0,1,XANTHIA STREET NORTH & 13TH AVENUE EAST,1,2,0,0,1,1,,0,25,0,0,0,0,1,4,2,7
,2018_68976,39.667473,-104.931603,12/19/2018 8:39,8:39,3,0,0,YALE AVENUE EAST & DAHLIA STREET SOUTH,1,1,0,0,1,1,,0,30,0,0,0,0,0,4,2,6
,2018_68977,39.667464,-104.9325525,4/16/2018 16:15,16:15,15,0,0,YALE AVENUE EAST & DEXTER STREET SOUTH,1,1,0,0,1,4,,0,30,0,0,0,0,0,4,2,13
,2018_68978,39.667464,-104.9325525,5/16/2018 7:46,7:46,1,0,0,YALE AVENUE EAST & DEXTER STREET SOUTH,1,1,0,0,1,1,,1,30,0,0,0,0,0,4,2,7
,2018_68979,39.667626,-104.9036085,2/18/2018 12:38,12:38,12,0,0,YALE AVENUE EAST & QUEBEC STREET SOUTH,1,1,0,0,1,1,,0,30,0,0,0,0,0,4,3,14
,2018_68980,39.667626,-104.9036085,8/27/2018 19:20,19:20,12,0,0,YALE AVENUE EAST & QUEBEC STREET SOUTH,1,1,0,0,1,1,,0,25,0,0,0,0,0,4,2,2
,2018_68981,39.780099,-104.774472,2/28/2018 7:48,7:48,3,0,1,YAMPA STREET NORTH & 46TH AVENUE EAST,1,1,0,0,1,1,,0,25,0,0,0,0,2,4,2,13
,2018_68982,39.71488762,-105.0504662,8/4/2018 3:00,3:00,6,0,0,YATES WAY SOUTH & 100 SOUTH,1,3,1,0,1,4,,0,25,0,0,0,0,0,4,2,13
,2018_68983,39.78214406,-104.9592915,7/28/2018 12:38,12:38,15,0,0,YORK STREET & 1400 BLOCK NORTH,1,1,0,0,1,4,,0,30,0,0,0,0,0,4,2,1
,2018_68984,39.738366,-104.9598225,12/31/2018 14:43,14:43,15,0,0,YORK STREET NORTH & 14TH AVENUE EAST,4,1,0,2,1,1,,0,30,0,0,0,0,0,4,2,7
,2018_68985,39.777669,-104.959413,8/9/2018 10:31,10:31,10,0,0,YORK STREET NORTH & 44TH AVENUE EAST,1,1,1,0,1,1,,0,30,0,0,0,0,0,4,2,3
,2018_68986,39.78214406,-104.9592915,12/27/2018 21:17,21:17,9,0,0,YORK STREET & 4556 BLOCK NORTH,1,3,0,0,1,4,,0,35,0,0,0,0,0,4,3,14
,2018_68987,39.780018,-104.9593005,9/10/2018 15:20,15:20,3,0,0,YORK STREET NORTH & 46TH AVENUE EAST,1,1,0,0,1,1,,0,30,0,0,0,0,0,4,2,16
,2018_68988,39.764484,-104.959773,10/24/2018 13:00,13:00,12,0,1,YORK STREET NORTH & BRUCE RANDOLPH AVENUE EAST,1,1,0,0,1,1,,0,30,0,0,0,0,2,4,3,1
,2018_68989,39.70386,-104.9605515,8/3/2018 12:00,12:00,3,0,0,YORK STREET SOUTH & EXPOSITION AVENUE EAST,1,1,0,0,1,1,,0,25,0,0,0,0,0,4,2,14
,2018_68990,39.732831,-104.8847265,2/1/2018 8:08,8:08,12,0,1,YOSEMITE STREET NORTH & 11TH AVENUE EAST,1,1,0,0,1,1,,0,30,0,0,0,0,1,4,2,13
,2018_68991,39.732831,-104.8847265,5/23/2018 15:50,15:50,12,0,0,YOSEMITE STREET NORTH & 11TH AVENUE EAST,1,1,0,0,1,1,,0,30,0,0,0,0,0,4,2,14
,2018_68992,39.657051,-104.884821,8/3/2018 16:25,16:25,12,0,0,YOSEMITE STREET SOUTH & EASTMAN PLACE EAST,1,1,0,0,1,1,,0,30,0,0,0,0,0,4,3,7
,2018_68993,39.7237095,-104.8837095,2/22/2018 12:50,12:50,3,0,0,YOSEMITE WAY & LOWRY BOULEVARD,1,1,0,0,1,6,,0,25,0,0,0,0,0,4,2,13
,2018_68994,39.7239345,-104.883939,3/5/2018 14:00,14:00,10,0,0,YOSEMITE STREET NORTH & LOWRY BOULEVARD EAST ROUNDABOUT,1,1,0,6,1,6,,0,25,0,0,0,0,0,4,2,7
,2018_68995,39.713319,-105.05205,9/23/2018 13:24,13:24,3,0,0,ZENOBIA STREET SOUTH & CEDAR AVENUE WEST,1,1,0,0,1,1,,0,25,0,0,0,0,0,4,2,16
,2018_68996,39.76916782,-105.015861,5/10/2018 15:35,15:35,6,0,0,ZUNI STREET & 1171 SOUTH,1,1,0,0,1,4,,0,25,0,0,0,0,0,4,2,13
,2018_68997,39.77927594,-104.7552795,7/9/2018 12:00,12:00,5,0,0,HIMALAYA ROAD NORTH & 46TH AVENUE EAST,1,1,0,0,3,4,,0,,0,0,0,0,0,4,1,13
,2018_68998,39.729321,-105.0159285,1/11/2018 16:16,16:16,3,0,0,ZUNI STREET NORTH & EIGHTH AVENUE WEST,1,1,1,0,1,1,,0,30,0,0,0,0,0,4,2,13
,2018_68999,39.729321,-105.0159285,3/5/2018 12:29,12:29,3,0,0,ZUNI STREET NORTH & EIGHTH AVENUE WEST,1,1,1,0,1,1,,0,30,0,0,0,0,0,4,2,13
,2018_69000,39.656367,-105.0505515,12/31/2018 12:30,12:30,3,0,0,ZURICH COURT SOUTH & DARTMOUTH AVENUE WEST,4,1,0,2,1,1,,0,25,0,0,0,0,0,4,2,13
,2018_69082,39.74046843,-104.9904495,3/13/2018 9:45,9:45,6,0,0,14TH STREET 300 BLOCK & COLFAX AVENUE WEST,1,1,0,0,1,4,,0,,0,0,0,0,0,4,2,13
,2018_69850,39.77282666,-104.7914809,3/4/2018 23:36,23:36,12,0,0,PENA BOULEVARD NORTH & 40TH AVENUE EAST,1,4,0,0,1,4,,0,65,0,0,0,0,0,4,2,7
,2018_69851,39.77282666,-104.7914809,1/29/2018 5:55,5:55,12,0,0,PENA BOULEVARD NORTH & 40TH AVENUE EAST,1,3,0,0,1,4,,0,65,0,0,0,0,0,4,2,13
,2018_69879,39.75647066,-105.0092902,1/26/2018 22:40,22:40,15,0,0,15TH STREET 2300 BLOCK NORTH & PLATTE STREET,1,3,0,0,1,4,,0,30,0,0,0,0,0,4,2,13
,2018_69880,39.75647066,-105.0092902,1/5/2018 11:42,11:42,5,0,0,15TH STREET & PLATTE STREET,1,1,0,0,3,4,,0,25,0,0,0,0,0,4,1,13
,2018_69881,39.7004127,-105.0481301,11/7/2018 15:11,15:11,6,0,2,MORRISON ROAD & KENTUCKY AVENUE,1,1,0,0,1,4,,0,40,0,0,0,0,2,4,2,5
,2018_70046,39.80034536,-104.8843398,12/14/2018 8:25,8:25,12,0,0,DUP WITH SERIAL#00341732 & CENTRAL PARK BOULEVARD,1,1,0,0,1,4,,0,55,0,0,0,0,0,4,4,14
,2018_70097,39.76312702,-104.9743416,1/7/2018 15:07,15:07,6,0,0,33RD STREET & CURTIS STREET,1,1,0,0,1,4,,0,25,0,0,0,0,0,4,2,13
,2018_70143,39.74821652,-104.9861295,1/5/2018 22:10,22:10,12,0,0,20TH STREET & LINCOLN STREET NORTH,1,3,1,0,1,4,,0,,0,0,0,0,0,4,2,13
,2018_70155,39.74256005,-104.99283,5/2/2018 14:06,14:06,14,0,0,14TH STREET & GLENARM PLACE,1,1,1,0,1,1,,0,30,0,0,0,0,0,4,2,9
,2018_70156,39.74161525,-104.9919615,5/21/2018 12:51,12:51,6,0,0,14TH STREET 400 BLOCK & TREMONT STREET,1,1,0,0,1,4,,0,30,0,0,0,0,0,4,2,15