id,drcog_id,latitude,longitude,crashtime,time,crashtype,numbkilled,numbinjurd,drcoglocat,rdconditin,lightngcon,roadcntgrd,weatherco,location,roaddescrp,schoolzone,constrzone,splimit,bikeinv,pedinv,sctrinv,motoinv,svrty,rdsystem,ttlvehcls,hcf
,2018_70157,39.75053852,-104.9891625,8/17/2018 12:54,12:54,15,0,0,20TH STREET 900 BLOCK & CHAMPA STREET,1,1,0,0,1,4,,0,30,0,0,0,0,0,4,2,13
,2018_70158,39.75449943,-104.9893335,4/2/2018 9:57,9:57,6,0,0,22ND STREET 1200 BLOCK & LAWRENCE STREET,1,1,0,0,1,4,,0,25,0,0,0,0,0,4,2,13
,2018_70159,39.76055552,-104.939118,10/22/2018 9:00,9:00,6,0,0,ALBION STREET 3000 BLOCK NORTH & 30TH AVENUE EAST,1,1,1,0,1,2,,0,25,0,0,0,0,0,4,2,14
,2018_70160,39.66071021,-104.939748,9/8/2018 0:01,0:01,5,0,0,ALBION STREET 3151 SOUTH & EASTMAN AVENUE EAST,1,3,0,1,3,4,,0,40,0,0,0,0,0,4,1,13
,2018_70161,39.77460543,-105.0170805,11/21/2018 22:50,22:50,6,0,0,ALCOTT STREET 4200 BLOCK NORTH & 42ND AVENUE WEST,1,1,0,0,1,4,,0,25,0,0,0,0,0,4,2,5
,2018_70162,39.77460543,-105.0170805,11/25/2018 12:00,12:00,6,0,0,ALCOTT STREET 4200 BLOCK NORTH & 42ND AVENUE WEST,1,1,0,0,1,4,,0,25,0,0,0,0,0,4,2,13
,2018_70163,39.77536942,-104.8096641,5/28/2018 11:01,11:01,3,0,0,ANDREWS DRIVE 15400 BLOCK EAST & 40TH AVENUE EAST,1,1,0,0,1,2,,0,25,0,0,0,0,0,4,2,13
,2018_70164,39.73742552,-104.98689,1/11/2018 11:45,11:45,6,0,0,BROADWAY 1300 BLOCK NORTH & 13TH AVENUE EAST,1,1,0,0,1,4,,0,,0,0,0,0,0,4,2,13
,2018_70165,39.70295126,-104.927229,4/25/2018 6:50,6:50,5,0,0,CHERRY CREEK DRIVE 5000 BLOCK EAST & KENTUCKY AVENUE EAST,1,1,0,0,3,4,,0,35,0,0,0,0,0,4,1,13
,2018_70166,39.73543426,-104.977269,7/28/2018 9:00,9:00,6,0,0,CLARKSON STREET 1200 BLOCK NORTH & 12TH AVENUE EAST,1,3,0,0,1,4,,0,30,0,0,0,0,0,4,2,14
,2018_70168,39.77135552,-105.01983,11/21/2018 22:39,22:39,6,0,0,CLAY STREET 3900 BLOCK NORTH & 39TH AVENUE WEST,1,3,0,0,1,4,,0,25,0,0,0,0,0,4,3,13
,2018_70169,39.77203771,-105.02019,1/10/2018 19:45,19:45,5,0,0,CLAY STREET 4000 BLOCK NORTH & 40TH AVENUE WEST,1,4,0,0,2,4,,0,25,0,0,0,0,0,4,1,5
,2018_70171,39.66697353,-104.872608,11/30/2018 18:26,18:26,6,0,0,DAYTON WAY 2600 BLOCK SOUTH & ELMIRA STREET SOUTH,6,1,0,2,1,4,,0,25,0,0,0,0,0,4,2,14
,2018_70172,39.67042058,-104.873661,9/9/2018 7:30,7:30,6,0,0,DAYTON WAY 2500 BLOCK SOUTH & VASSAR DRIVE EAST,1,1,1,0,1,4,,0,,0,0,0,0,0,4,2,13
,2018_70173,39.78343805,-104.8649895,12/12/2018 13:10,13:10,12,0,0,HAVANA STREET 4700 BLOCK NORTH & 47TH AVENUE EAST,1,1,0,0,1,3,,0,40,0,0,0,0,0,4,3,13
,2018_70174,39.78343805,-104.8649895,12/27/2018 10:26,10:26,12,0,0,HAVANA STREET 4700 BLOCK NORTH & 47TH AVENUE EAST,1,1,0,0,1,4,,0,35,0,0,0,0,0,4,2,13
,2018_70175,39.7502285,-104.9645295,2/20/2018 20:59,20:59,6,0,0,HIGH STREET 2200 BLOCK SN & 22ND AVENUE EAST,4,3,0,0,1,4,,0,25,0,0,0,0,0,4,4,5
,2018_70176,39.73666057,-104.98572,8/4/2018 22:47,22:47,15,0,0,LINCOLN STREET 1200 BLOCK NORTH & 12TH AVENUE EAST,1,3,0,0,1,4,,0,35,0,0,0,0,0,4,2,1
,2018_70177,39.73590563,-104.98572,9/22/2018 13:54,13:54,12,0,0,LINCOLN STREET 1200 BLOCK NORTH & 12TH AVENUE EAST,1,1,0,0,1,4,,0,,0,0,0,0,0,4,5,13
,2018_70178,39.73591936,-104.98572,9/22/2018 20:15,20:15,15,0,0,LINCOLN STREET 1200 BLOCK NORTH & 12TH AVENUE,1,3,0,0,1,4,,0,35,0,0,0,0,0,4,2,13
,2018_70179,39.73624879,-104.98572,10/21/2018 2:00,2:00,3,0,0,LINCOLN STREET 1200 BLOCK & 12TH AVENUE,1,3,0,0,1,2,,0,25,0,0,0,0,0,4,2,5
,2018_70180,39.74210552,-104.985918,5/25/2018 21:55,21:55,15,0,0,LINCOLN STREET 1600 BLOCK NORTH & 16TH AVENUE EAST,1,3,0,0,1,4,,0,30,0,0,0,0,0,4,2,13
,2018_70181,39.74191336,-104.985918,1/1/2018 21:19,21:19,6,0,0,LINCOLN STREET 1600 BLOCK & 16TH AVENUE,1,3,0,0,1,4,,0,30,0,0,0,0,0,4,3,13
,2018_70182,39.74427005,-104.98545,3/4/2018 3:19,3:19,6,0,0,LINCOLN STREET 1700 BLOCK NORTH & 17TH AVENUE EAST,1,3,0,0,1,4,,0,30,0,0,0,0,0,4,2,5
,2018_70183,39.74399552,-104.98545,3/4/2018 15:05,15:05,15,0,0,LINCOLN STREET 1700 BLOCK NORTH & 17TH AVENUE EAST,1,1,0,0,1,4,,0,35,0,0,0,0,0,4,2,13
,2018_70184,39.74399552,-104.98545,10/24/2018 13:55,13:55,12,0,0,LINCOLN STREET 1700 BLOCK NORTH & 17TH AVENUE EAST,1,1,0,0,1,3,,0,25,0,0,0,0,0,4,2,7
,2018_70185,39.74560969,-104.9857515,5/30/2018 13:08,13:08,12,0,0,LINCOLN STREET 1800 BLOCK NORTH & 18TH AVENUE EAST,1,1,0,0,1,4,,0,30,0,0,0,0,0,4,2,7
,2018_70186,39.74656862,-104.985918,5/14/2018 13:20,13:20,15,0,0,LINCOLN STREET 1900 BLOCK NORTH & 19TH AVENUE EAST,2,1,1,0,1,4,,0,30,0,0,0,0,0,4,2,1
,2018_70187,39.74831751,-105.0006915,6/3/2018 0:50,0:50,15,0,0,MARKET STREET & 14TH STREET,1,3,0,0,1,4,,0,25,0,0,0,0,0,4,2,1
,2018_70188,39.75400936,-104.992551,9/17/2018 18:05,18:05,6,0,1,MARKET STREET 2000 BLOCK & 20TH STREET,1,3,0,0,1,4,,0,25,0,0,0,0,1,4,2,14
,2018_70189,39.75121795,-104.9969759,7/24/2018 13:10,13:10,12,0,0,MARKET STREET 1700 BLOCK & 17TH STREET,1,1,0,0,1,2,,0,30,0,0,0,0,0,4,2,13
,2018_70190,39.8459746,-104.680935,8/28/2018 18:32,18:32,15,0,0,PENA BOULEVARD 4200 BLOCK & 40TH AVENUE EAST,1,1,0,0,1,4,,0,45,0,0,0,0,0,4,2,1
,2018_70191,39.77508618,-104.791482,10/9/2018 22:55,22:55,12,0,0,PENA BOULEVARD & 40TH AVENUE,2,3,1,1,1,4,,0,45,0,0,0,0,0,4,2,1
,2018_70192,39.79867052,-104.7873105,1/11/2018 16:21,16:21,12,0,0,PENA BOULEVARD & 56TH AVENUE EAST,1,1,0,0,1,4,,0,65,0,0,0,0,0,4,2,3
,2018_70193,39.80114122,-104.7873105,3/27/2018 2:45,2:45,15,0,0,PENA BOULEVARD & 56TH AVENUE EAST,2,3,3,2,1,4,,0,65,0,0,0,0,0,4,2,13
,2018_70194,39.80045491,-104.7873105,10/25/2018 22:35,22:35,12,0,0,PENA BOULEVARD & 56TH AVENUE EAST,1,3,0,0,1,4,,0,65,0,0,0,0,0,4,2,4
,2018_70195,39.80004313,-104.7873105,11/29/2018 5:49,5:49,4,0,0,PENA BOULEVARD & 56TH AVENUE EAST,1,3,0,0,1,4,,0,65,0,0,0,0,0,4,1,13
,2018_70196,39.79921957,-104.7873105,12/26/2018 17:00,17:00,12,0,1,PENA BOULEVARD & 56TH AVENUE EAST,1,3,0,0,1,4,,0,65,0,0,0,0,1,4,2,3
,2018_70197,39.83654564,-104.6866252,2/11/2018 7:31,7:31,15,0,0,PENA BOULEVARD OUTBOUND & 75TH AVENUE EAST,1,1,0,0,1,4,,0,65,0,0,0,0,0,4,2,8
,2018_70198,39.83904045,-104.7221005,3/28/2018 17:37,17:37,5,0,0,PENA BOULEVARD 7500 BLOCK & 75TH AVENUE EAST,6,1,0,2,2,4,,0,65,0,0,0,0,0,4,1,1
,2018_70199,39.83492265,-104.7221005,8/8/2018 19:45,19:45,12,0,0,PENA BOULEVARD 7500 BLOCK & 75TH AVENUE EAST,1,1,0,0,1,4,,0,65,0,0,0,0,0,4,2,12
,2018_70200,39.78999004,-104.8468905,12/25/2018 23:05,23:05,8,0,6,PEORIA STREET 5100 BLOCK NORTH & 51ST AVEE,1,3,0,0,1,4,,0,40,0,0,0,0,3,4,2,5
,2018_70201,39.77985161,-104.8463685,5/11/2018 9:34,9:34,15,0,0,PEORIA STREET 4500 BLOCK NORTH & 45TH AVENUE EAST,1,1,0,0,1,1,,0,40,0,0,0,0,0,4,2,5
,2018_70202,39.77868489,-104.8463685,11/19/2018 13:00,13:00,12,0,0,PEORIA STREET 4500 BLOCK NORTH & 45TH AVENUE EAST,1,1,0,0,1,4,,0,40,0,0,0,0,0,4,2,13
,2018_70203,39.67957811,-104.998509,8/15/2018 13:27,13:27,3,0,0,PLATTE RIVER DRIVE SOUTH & EVANS AVENUE WEST,1,1,0,0,1,2,,0,35,0,0,0,0,0,4,2,14
,2018_70204,39.69721805,-104.9929605,9/15/2018 18:30,18:30,12,0,0,PLATTE RIVER DRIVE SOUTH & MISSISSIPPI AVENUE WEST,1,1,0,0,1,4,,0,45,0,0,0,0,0,4,2,13
,2018_70205,39.7086571,-104.9991885,2/5/2018 4:43,4:43,5,0,0,PLATTE RIVER DRIVE SOUTH & VIRGINIA AVENUE WEST,1,4,0,0,3,4,,0,40,0,0,0,0,0,4,1,14
,2018_70206,39.73898926,-104.903118,5/20/2018 9:10,9:10,12,0,0,QUEBEC STREET 1400 BLOCK NORTH & 13TH AVENUE EAST,1,1,0,0,1,4,,0,35,0,0,0,0,0,4,2,8
,2018_70207,39.73753508,-104.903082,6/27/2018 10:45,10:45,12,0,0,QUEBEC STREET 1300 BLOCK NORTH & 13TH AVENUE EAST,1,1,0,0,1,3,,0,30,0,0,0,0,0,4,3,16
,2018_70208,39.76820073,-104.902308,9/22/2018 14:45,14:45,12,0,0,QUEBEC STREET 3600 BLOCK NORTH & 36TH AVENUE EAST,1,1,0,0,1,4,,0,,0,0,0,0,0,4,2,13
,2018_70209,39.76775326,-104.902308,11/3/2018 0:10,0:10,15,0,1,QUEBEC STREET 3600 BLOCK NORTH & 36TH AVENUE EAST,1,3,0,0,1,4,,0,40,0,0,0,0,1,4,2,12
,2018_70210,39.7679317,-104.902308,12/2/2018 12:00,12:00,15,0,0,QUEBEC STREET 3600 BLOCK NORTH & 36TH AVENUE EAST,1,1,0,0,1,4,,0,45,0,0,0,0,0,4,2,7
,2018_70211,39.77003614,-104.901948,1/24/2018 8:50,8:50,12,0,0,QUEBEC STREET 3800 BLOCK NORTH & 38TH AVENUE EAST,1,1,0,0,1,4,,0,40,0,0,0,0,0,4,2,1
,2018_70212,39.77487828,-104.90148,5/25/2018 11:00,11:00,15,0,0,QUEBEC STREET 4000 BLOCK NORTH & 40TH AVENUE EAST,1,1,1,0,1,4,,0,45,0,0,0,0,0,4,2,3
,2018_70213,39.76275921,-104.9034517,9/9/2018 16:55,16:55,15,0,0,QUEBEC STREET NORTH & 40TH AVENUE EAST,1,1,1,0,1,4,,0,40,0,0,0,0,0,4,2,13
,2018_70214,39.75773852,-104.9815215,11/7/2018 5:30,5:30,6,0,0,27TH STREET 1000 BLOCK & CURTIS STREET,1,3,0,0,1,4,,0,25,0,0,0,0,0,4,2,3
,2018_70215,39.77504175,-104.8253798,1/31/2018 4:10,4:10,6,0,0,SABLE STREET 4300 BLOCK NORTH & 43RD AVENUE EAST,1,4,0,0,1,4,,0,25,0,0,0,0,0,4,2,13
,2018_70216,39.68811458,-104.950908,1/31/2018 12:30,12:30,6,0,0,STREET PAUL STREET 1600 BLOCK NORTH & 16TH AVENUE EAST,1,1,1,0,1,4,,0,,0,0,0,0,0,4,2,14
,2018_70217,39.7435004,-104.9965073,11/29/2018 21:59,21:59,3,0,1,STOUT STREET & 2700 BLOCK,1,3,0,0,1,1,,0,35,0,0,0,0,2,4,2,5
,2018_70218,39.75276257,-104.984631,8/19/2018 14:25,14:25,15,0,1,STOUT STREET 2300 BLOCK & PARK AVENUE WEST,1,1,0,0,1,4,,0,30,0,0,0,0,1,4,2,13
,2018_70221,39.73342706,-104.890239,11/1/2018 11:09,11:09,6,0,1,VERBENA STREET 1100 BLOCK NORTH & 11TH AVENUE EAST,1,1,0,0,1,4,,0,25,0,0,0,0,1,4,2,3
,2018_70222,39.78221626,-104.9620995,1/6/2018 23:46,23:46,6,0,0,VINE STREET 4700 BLOCK NORTH & 47TH AVENUE EAST,1,3,0,0,1,4,,0,25,0,0,0,0,0,4,2,13
,2018_70223,39.77586005,-105.0459615,2/24/2018 13:12,13:12,6,0,0,VRAIN STREET 4300 BLOCK NORTH & 43RD AVENUE WEST,1,1,0,0,1,4,,0,25,0,0,0,0,0,4,3,8
,2018_70224,39.77537963,-105.0459615,12/18/2018 21:00,21:00,6,0,0,VRAIN STREET 4300 BLOCK NORTH & 43RD AVENUE WEST,1,2,0,0,1,1,,0,30,0,0,0,0,0,4,2,14
,2018_70225,39.75080522,-105.0010895,1/31/2018 16:57,16:57,14,0,0,WAZEE STREET 1500 BLOCK & 15TH STREET,1,2,0,0,1,4,,0,30,0,0,0,0,0,4,7,1
,2018_70226,39.74266036,-104.993289,5/8/2018 11:44,11:44,12,0,0,WELTON STREET 1400 BLOCK & 14TH STREET,1,1,0,0,1,4,,0,30,0,0,0,0,0,4,2,13
,2018_70242,39.66782205,-105.004773,9/12/2018 13:10,13:10,15,0,0,PLATTE RIVER 2700 BLOCK SOUTH & DARTMOUTH AVENUE WEST,1,1,0,0,1,4,,0,30,0,0,0,0,0,4,2,1
,2018_70243,39.68579376,-105.00183,4/8/2018 5:00,5:00,5,0,0,PLATTE RIVER DRIVE 1800 BLOCK SOUTH & JEWELL AVENUE WEST,1,2,0,0,2,4,,0,35,0,0,0,0,0,4,1,2
,2018_70244,39.77784618,-104.903811,6/4/2018 15:00,15:00,15,0,0,QUEBEC STREET 4400 BLOCK NORTH & SANDOWN ROAD EAST,1,1,1,0,1,4,,0,45,0,0,0,0,0,4,2,14
,2018_70247,39.76457843,-105.0043385,12/7/2018 13:46,13:46,15,0,0,I25 & 20TH STREET,1,1,0,0,1,4,,0,55,0,0,0,0,0,1,2,13
,2018_70248,39.76122765,-104.9985579,12/7/2018 13:46,13:46,15,0,0,I25 DUP TO 332155 & 20TH STREET,1,1,0,0,1,4,,0,55,0,0,0,0,0,4,2,13
,2018_70329,39.83473233,-104.7877446,8/7/2018 18:43,18:43,8,0,0,96TH AVENUE EAST & BUCKLEY ROAD,1,1,0,0,6,4,,0,45,0,0,0,0,0,4,2,14
,2018_70330,39.696615,-104.9208349,7/19/2018 2:45,2:45,5,0,0,CHERRY CREEK DRIVE EAST & HOLLY STREET SOUTH,1,3,0,0,2,4,,0,,0,0,0,0,0,4,1,13
,2018_70331,39.833217,-104.6811244,5/8/2018 15:44,15:44,15,0,0,PENA BOULEVARD 26000 BLOCK & OAK HILL STREET,1,1,1,0,1,4,,0,65,0,0,0,0,0,4,2,7
,2018_70332,39.83338795,-104.7684183,3/3/2018 6:35,6:35,15,0,0,PENA BOULEVARD & TOWER ROAD 19150 BLOCK,1,1,1,0,1,4,,0,55,0,0,0,0,0,4,2,13
,2018_70333,39.83338791,-104.76735,7/24/2018 19:26,19:26,5,0,0,PENA BOULEVARD 7600 BLOCK & TOWER ROAD,2,2,0,1,2,4,,0,65,0,0,0,0,0,4,1,13
,2018_70334,39.83338795,-104.7684183,9/2/2018 6:11,6:11,15,0,0,PENA BOULEVARD 7500 BLOCK & TOWER ROAD NORTH,1,1,0,0,1,4,,0,65,0,0,0,0,0,4,2,1
,2018_70335,39.762099,-105.0283954,10/17/2018 7:00,7:00,12,0,0,SPEER BOULEVARD NORTH & GREEN COURT NORTH,1,1,0,0,1,3,,0,30,0,0,0,0,0,4,3,3
,2018_70336,39.72335881,-104.9837119,7/20/2018 2:34,2:34,5,0,0,SPEER BOULEVARD EAST & GRANT STREET NORTH,1,3,0,0,2,3,,0,,0,0,0,0,0,4,1,13
,2018_70337,39.7422413,-104.9902401,7/15/2018 17:26,17:26,6,0,0,TREMONT PLACE 1500 BLOCK & 15TH STREET,2,1,0,1,1,4,,0,25,0,0,0,0,0,4,2,13
,2018_70338,39.744081,-104.9879249,12/14/2018 17:09,17:09,15,0,0,TREMONT PLACE & 17TH STREET,1,3,0,0,1,4,,0,25,0,0,0,0,0,4,2,13
,2018_70339,39.6324,-105.034344,3/19/2018 9:00,9:00,6,0,0,UNION AVENUE 3500 BLOCK WEST & LOWELL BOULEVARD SOUTH,1,1,1,0,1,4,,0,25,0,0,0,0,0,4,2,3
,2018_70340,39.63184198,-105.0368878,1/25/2018 11:17,11:17,6,0,0,UNION AVENUE 3700 BLOCK & NEWTON STREET SOUTH,1,1,0,0,1,4,,0,25,0,0,0,0,0,4,2,1
,2018_70341,39.707532,-105.0155123,7/11/2018 17:08,17:08,6,0,0,VIRGINIA AVENUE 2200 BLOCK WEST & ZUNI STREET SOUTH,1,1,0,0,1,4,,0,25,0,0,0,0,0,4,2,5
,2018_70342,39.75529543,-104.9736819,9/28/2018 8:19,8:19,5,0,0,TREMONT PLACE 2860 & 29TH STREET,1,1,0,0,2,4,,0,25,0,0,0,0,0,4,1,13
,2018_70343,39.667572,-104.9403558,4/20/2018 9:50,9:50,15,0,0,YALE AVENUE 4000 BLOCK EAST & COLORADO BOULEVARD SOUTH,1,1,0,0,1,4,,0,30,0,0,0,0,0,4,2,16
,2018_70344,39.667158,-104.9239824,3/26/2018 8:35,8:35,12,0,0,YALE AVENUE 5400 BLOCK EAST & I25 NORTHBOUND RAMP,1,1,0,0,1,3,,0,30,0,0,0,0,0,4,2,12
,2018_70363,39.78988648,-104.852691,5/14/2018 1:39,1:39,5,0,0,NOME STREET NORTH & 51ST AVENUE EAST,2,4,0,1,2,4,,0,,0,0,0,0,0,4,1,13
,2018_70367,39.700197,-104.9074697,11/23/2018 17:52,17:52,3,0,0,LEETSDALE DRIVE & ONEIDA STREET SOUTH,1,3,0,0,1,2,,0,35,0,0,0,0,0,2,2,13
,2018_70368,39.64303135,-104.905683,11/23/2018 17:52,17:52,3,0,0,DUP WITH SERIAL#00335485 & ONEIDA STREET SOUTH,1,3,0,0,1,2,,0,35,0,0,0,0,0,4,2,13
,2018_70373,39.75000918,-104.8963995,12/29/2018 15:00,15:00,6,0,0,SPRUCE STREET NORTH & 22ND PLACE EAST,1,1,0,0,1,4,,0,25,0,0,0,0,0,4,2,3
,2018_70448,39.74360058,-104.9882805,5/16/2018 10:00,10:00,3,0,0,1635 TREMONT PLACE & 17TH STREET,1,1,0,0,1,2,,0,25,0,0,0,0,0,4,2,13
,2018_70449,39.74742971,-104.9959072,1/29/2018 7:50,7:50,10,0,0,16TH STREET 100 & 16TH AVENUE APPROXIMATELY,1,1,0,0,1,2,,0,30,0,0,0,0,0,4,2,14
,2018_70450,39.74002835,-104.9574285,2/27/2018 19:00,19:00,6,0,0,COLUMBINE STREET 1400 BLOCK NORTH & COLFAX AVENUE EAST,1,3,0,0,1,4,,0,,0,0,0,0,0,4,2,13
,2018_70451,39.75933595,-104.987079,5/31/2018 21:40,21:40,8,0,0,26TH STREET 1400 BLOCK & BLAKE STREET,1,3,0,0,1,5,,0,25,0,0,0,0,0,4,2,13
,2018_70452,39.76886564,-104.995332,5/5/2018 4:02,4:02,12,0,3,38TH AVENUE WEST & PARK AVENUE WEST,1,3,0,0,1,3,,0,35,0,0,0,0,1,4,3,5
,2018_70454,39.78060748,-104.88294,9/17/2018 13:00,13:00,12,0,0,46TH PLACE EAST & CENTRAL PARK BOULEVARD NORTH,1,1,0,0,1,4,,0,35,0,0,0,0,0,4,2,13
,2018_70455,39.78074474,-104.88294,11/23/2018 15:59,15:59,12,0,0,46TH PLACE EAST & CENTRAL PARK BOULEVARD,1,1,0,0,1,3,,0,35,0,0,0,0,0,4,2,12
,2018_70457,39.70330195,-104.949468,8/10/2018 14:04,14:04,12,0,0,BELCARO DRIVE 700 SOUTH & EXPOSITION AVENUE EAST,1,1,0,0,1,4,,0,25,0,0,0,0,0,4,2,13
,2018_70458,39.77815948,-104.9683995,10/23/2018 14:01,14:01,6,0,0,BRIGHTON BOULEVARD NORTH & 44TH STREET,1,1,0,0,1,4,,1,35,0,0,0,0,0,4,2,14
,2018_70459,39.74674948,-104.989761,6/29/2018 11:09,11:09,6,0,0,CALIFORNIA STREET & 18TH STREET,1,1,0,0,1,4,,0,25,0,0,0,0,0,4,2,14
,2018_70462,39.78080475,-104.9612819,8/12/2018 10:30,10:30,15,0,0,GAYLORD STREET 4700 BLOCK NORTH & 48TH AVENUE EAST,1,1,0,0,1,4,,0,25,0,0,0,0,0,4,2,7
,2018_70463,39.68518721,-104.9672385,3/7/2018 14:45,14:45,15,0,0,GILPIN STREET 1700 BLOCK NORTH & 18TH AVENUE EAST,1,1,0,0,1,4,,0,25,0,0,0,0,0,4,2,13
,2018_70464,39.68335121,-104.9672385,9/13/2018 12:17,12:17,15,0,0,GILPIN STREET 1800 BLOCK NORTH & 18TH AVENUE EAST,1,1,0,0,1,4,,0,25,0,0,0,0,0,4,2,6
,2018_70465,39.67568542,-104.96727,5/31/2018 7:50,7:50,1,0,0,GILPIN STREET 2200 BLOCK NORTH & 23RD AVENUE EAST,1,1,0,0,1,4,,0,10,0,0,0,0,0,4,2,8
,2018_70466,39.74543548,-104.9880105,7/25/2018 19:30,19:30,3,0,0,GLENARM PLACE 1700 BLOCK  & 18TH STREET,1,2,0,0,1,2,,0,25,0,0,0,0,0,4,2,14
,2018_70468,39.77443795,-105.0295995,8/29/2018 10:30,10:30,6,0,0,IRVING ST4200 BLOCK NORTH & 43RD AVENUE WEST,1,1,1,0,1,4,,0,,0,0,0,0,0,4,2,13
,2018_70469,39.73975648,-104.9697405,4/21/2018 21:15,21:15,6,0,0,HUMBOLDT STREET 1400 BLOCK & COLFAX AVENUE EAST,1,3,0,0,1,4,,0,25,0,0,0,0,0,4,2,13
,2018_70470,39.7529462,-104.990562,6/14/2018 13:00,13:00,15,0,0,LAWRENCE STREET & 21ST STREET,1,1,0,0,1,4,,0,30,0,0,0,0,0,4,2,8
,2018_70471,39.75293248,-104.993451,1/13/2018 21:22,21:22,15,0,0,MARKET STREET 1900 BLOCK & 20TH STREET,1,3,1,0,1,4,,0,30,0,0,0,0,0,4,2,1
,2018_70472,39.75316582,-104.993451,6/22/2018 23:20,23:20,15,0,0,MARKET STREET 1900 BLOCK & 20TH STREET,1,3,0,0,1,3,,0,30,0,0,0,0,0,4,2,13
,2018_70473,39.84103324,-104.680935,12/17/2018 16:15,16:15,15,0,0,PENA BOULEVARD 7700 BLOCK & 78TH AVENUE EAST,1,1,0,0,1,4,,0,45,0,0,0,0,0,4,2,8
,2018_70474,39.83332507,-104.7217261,4/14/2018 11:00,11:00,15,0,0,PENA BOULEVARD 7600 BLOCK & ELK STREET,1,1,0,0,1,4,,0,65,0,0,0,0,0,4,2,8
,2018_70475,39.78237365,-104.791392,7/14/2018 15:30,15:30,15,0,0,PENA BOULEVARD NORTHBOUND RAMP OFF & GREEN VALLEY RANCH ROAD,1,1,1,0,1,8,,0,65,0,0,0,0,0,4,2,13
,2018_70476,39.78278543,-104.791392,12/17/2018 20:48,20:48,12,0,0,PENA BOULEVARD & GREEN VALLEY RANCH BOULEVARD EAST,1,4,1,0,1,4,,0,40,0,0,0,0,0,4,2,13
,2018_70477,39.78251091,-104.791392,10/3/2018 5:40,5:40,12,0,0,PENA BOULEVARD OUTBOUND & GREEN VALLEY RANCH BOULEVARD,1,3,1,0,1,4,,0,65,0,0,0,0,0,4,2,13
,2018_70478,39.77949116,-104.791392,10/8/2018 21:14,21:14,15,0,0,PENA BOULEVARD INBOUND & GREEN VALLEY RANCH BOULEVARD NORTH,1,3,0,0,1,4,,0,65,0,0,0,0,0,4,2,1
,2018_70479,39.78106967,-104.791392,10/23/2018 20:58,20:58,12,0,0,PENA BOULEVARD INBOUND & GREEN VALLEY RANCH BOULEVARD NORTH,1,3,0,0,1,4,,0,65,0,0,0,0,0,4,2,1
,2018_70480,39.78333448,-104.791392,10/27/2018 12:40,12:40,12,0,1,PENA BOULEVARD & GREEN VALLEY RANCH BOULEVARD,1,1,0,0,1,4,,0,45,0,0,0,0,1,4,2,14
,2018_70481,39.78189323,-104.791392,10/31/2018 20:35,20:35,12,0,0,PENA BOULEVARD & GREEN VALLEY RANCH BOULEVARD,1,3,0,0,1,4,,0,65,0,0,0,0,0,4,3,1
,2018_70482,39.77936995,-104.8464495,2/19/2018 14:00,14:00,11,0,0,PEORIA STREET 4600 BLOCK & 47TH AVENUE,4,1,0,2,1,4,,0,,0,1,0,0,0,4,2,13
,2018_70483,39.77698948,-104.846049,6/13/2018 16:31,16:31,12,0,0,PEORIA STREET 4400 BLOCK NORTH & 45TH AVENUE EAST,1,1,0,0,1,4,,0,35,0,0,0,0,0,4,2,13
,2018_70484,39.69450719,-104.9847705,7/26/2018 11:02,11:02,6,0,0,SHERMAN STREET 1200 BLOCK NORTH & 13TH AVENUE EAST,1,1,0,0,1,4,,0,25,0,0,0,0,0,4,3,14
,2018_70485,39.68862204,-104.984811,5/5/2018 12:40,12:40,12,0,0,SHERMAN STREET 1500 BLOCK NORTH & 16TH AVENUE EAST,1,1,0,0,1,4,,0,25,0,0,0,0,0,4,2,13
,2018_70486,39.76922564,-104.972958,7/24/2018 11:57,11:57,10,0,0,WALNUT STREET 3700 BLOCK & 38TH AVENUE,1,1,0,0,1,2,,0,30,0,0,0,0,0,4,2,1
,2018_70487,39.78184948,-104.977368,6/26/2018 14:24,14:24,12,0,0,WASHINGTON STREET 4700 BLOCK NORTH & 48TH AVENUE WEST,1,1,1,0,1,4,,0,35,0,0,0,0,0,4,2,14
,2018_70488,39.75118643,-104.98167,9/5/2018 16:15,16:15,15,0,3,WELTON STREET & 24TH STREET,2,1,0,1,1,4,,0,30,0,0,0,0,2,4,2,5
,2018_70489,39.75333989,-104.9791779,4/9/2018 11:15,11:15,12,0,0,WELTON STREET 2600 BLOCK & 27TH STREET,1,1,0,0,1,4,,0,30,0,0,0,0,0,4,2,13
,2018_70490,39.75305681,-105.0021495,2/2/2018 18:15,18:15,15,0,0,WEWATTA STREET 1600 BLOCK & 17TH STREET,1,3,0,0,1,4,,0,30,0,0,0,0,0,4,2,7
,2018_70491,39.75682948,-104.996502,6/14/2018 22:47,22:47,12,0,1,WEWATTA STREET & 21ST STREET,1,3,0,0,1,4,,0,30,0,0,0,0,1,4,2,5
,2018_70492,39.75310348,-105.0021495,3/26/2018 7:41,7:41,6,0,0,WEWETTA STREET 1600 BLOCK & 17TH STREET,1,1,0,0,1,4,,0,5,0,0,0,0,0,4,2,14