id,drcog_id,latitude,longitude,crashtime,time,crashtype,numbkilled,numbinjurd,drcoglocat,rdconditin,lightngcon,roadcntgrd,weatherco,location,roaddescrp,schoolzone,constrzone,splimit,bikeinv,pedinv,sctrinv,motoinv,svrty,rdsystem,ttlvehcls,hcf
,2018_70493,39.74430283,-104.991291,7/30/2018 0:33,0:33,6,0,0,WLETON STREET 1500 BLOCK & 16TH STREET,1,3,0,0,1,4,,0,,0,0,0,0,0,4,2,13
,2018_70494,39.71080166,-105.0144885,12/21/2018 11:42,11:42,3,0,0,YUMA STREET SOUTH & ALAMEDA AVENUE WEST,1,1,0,0,1,2,,0,10,0,0,0,0,0,4,2,13
,2018_70495,39.73647821,-105.051771,3/7/2018 13:10,13:10,15,0,0,ZENOBIA STREET 1300 BLOCK NORTH & 14TH AVENUE WEST,1,1,0,0,1,4,,0,25,0,0,0,0,0,4,2,13
,2018_70496,39.75693521,-105.051771,12/23/2018 10:40,10:40,15,0,1,ZENOBIA STREET 2800 BLOCK NORTH & 29TH AVENUE WEST,1,1,1,0,1,4,,0,30,0,0,0,0,1,4,3,12
,2018_70497,39.76071738,-105.0526215,9/11/2018 0:05,0:05,6,0,0,ZENOBIA STREET NORTH & 32ND AVENUE WEST,1,4,1,0,1,4,,0,15,0,0,0,0,0,4,2,13
,2018_70522,39.65490627,-104.85898,6/13/2018 10:41,10:41,6,0,0,KENYON AVENUE 4300 BLOCK WEST & 4300 BLOCK WEST,1,1,0,0,1,4,,0,25,0,0,0,1,0,4,2,13
,2018_70523,39.83735468,-104.680935,7/16/2018 22:09,22:09,12,0,3,OB PENA BOULEVARD & MM 4,1,3,0,0,1,4,,0,55,0,0,0,0,2,4,2,12
,2018_70524,39.76114829,-104.99418,6/14/2018 9:32,9:32,15,0,0,PARK AVENUE WEST 3400 BLOCK & 38TH AVENUE WEST,1,1,0,0,1,4,,0,35,0,0,0,0,0,4,2,1
,2018_70525,39.84025361,-104.680935,4/18/2018 22:45,22:45,12,0,0,PENA BOULEVARD 7700 BLOCK & 78TH AVENUE,1,3,0,0,1,4,,0,,0,0,0,0,0,4,2,13
,2018_70526,39.84420934,-104.6739915,2/19/2018 22:52,22:52,5,0,0,PENA BOULEVARD 8300 & 84TH AVENUE,10,3,0,2,1,4,,0,45,0,0,0,0,0,4,1,7
,2018_70527,39.77581452,-104.846049,2/12/2018 13:26,13:26,15,0,0,PEORIA STREET 4400 BLOCK NORTH & 45TH AVENUE EAST,1,1,0,0,1,4,,0,35,0,0,0,0,0,4,2,13
,2018_70528,39.6832135,-104.8923495,1/2/2018 8:44,8:44,6,0,0,QUEBEC WAY SOUTH & COLORADO AVENUE EAST,1,1,0,0,1,4,,0,25,0,0,0,0,0,4,2,1
,2018_70529,39.708287,-104.997132,1/9/2018 16:49,16:49,12,0,0,SANTA FE DRIVE SOUTH & ALAMEDA AVENUE WEST,1,1,0,0,1,4,,0,45,0,0,0,0,0,4,2,13
,2018_70530,39.75151828,-105.012729,9/29/2018 22:00,22:00,12,0,0,SPEER BOULEVARD NORTH & I25 NORTHBOUND,1,3,1,0,1,4,,0,35,0,0,0,0,0,4,2,13
,2018_70550,39.67685099,-104.9051106,11/1/2018 6:39,6:39,15,0,0,EVANS AVENUE EAST & QUEBEC STREET SOUTH,1,1,1,0,1,4,,0,40,0,0,0,0,0,4,2,13
,2018_70599,39.756456,-105.0096825,9/28/2018 13:35,13:35,12,0,0,15TH STREET & PLATTE STREET,1,1,1,0,1,4,,0,25,0,0,0,0,0,4,2,16
,2018_70600,39.75417,-104.989867,12/3/2018 13:07,13:07,15,0,0,22ND STREET & LAWRENCE STREET,1,1,0,0,1,4,,0,30,0,0,0,0,0,4,2,8
,2018_70601,39.726279,-105.0005565,2/21/2018 18:37,18:37,15,0,0,SIXTH AVENUE WEST & KALAMATH STREET NORTH,2,3,0,0,1,4,,0,35,0,0,0,0,0,4,3,13
,2018_70602,39.726279,-105.0005565,2/28/2018 18:41,18:41,12,0,0,SIXTH AVENUE WEST & KALAMATH STREET NORTH,1,3,0,0,1,4,,0,35,0,0,0,0,0,4,2,13
,2018_70603,39.71016,-104.8714649,11/14/2018 8:19,8:19,12,0,0,ALAMEDA AVENUE 10000 BLOCK EAST & GALENA STREET SOUTH,1,1,0,0,1,3,,0,35,0,0,0,0,0,4,2,16
,2018_70604,39.711366,-104.9156244,9/5/2018 17:01,17:01,12,0,1,ALAMEDA AVENUE EAST & LEYDEN STREET EAST,1,1,0,0,1,4,,0,30,0,0,0,0,1,4,2,13
,2018_70605,39.711366,-104.9155533,12/29/2018 3:57,3:57,5,0,0,ALAMEDA AVENUE 6200 BLOCK EAST & LEYDEN STREET SOUTH,1,3,0,0,2,4,,0,35,0,0,0,0,0,4,1,5
,2018_70606,39.711366,-104.9143923,9/17/2018 11:30,11:30,12,0,0,ALAMEDA AVENUE EAST & LOCUST STREET SOUTH,1,1,0,0,1,4,,0,35,0,0,0,0,0,4,3,12
,2018_70607,39.711366,-104.9145345,11/20/2018 7:16,7:16,12,0,0,ALAMEDA AVENUE 6300 BLOCK EAST & LOCUST STREET SOUTH,1,1,0,0,1,4,,0,35,0,0,0,0,0,4,2,13
,2018_70608,39.711366,-104.913315,1/31/2018 17:23,17:23,15,0,0,ALAMEDA AVENUE 6400 BLOCK EAST & MONACO STREET SOUTH,1,1,0,0,1,4,,0,35,0,0,0,0,0,4,2,13
,2018_70609,39.711366,-104.9131372,2/27/2018 16:20,16:20,12,0,0,ALAMEDA AVENUE 6400 BLOCK EAST & MONACO STREET SOUTH,1,1,0,0,1,4,,0,35,0,0,0,0,0,4,2,16
,2018_70610,39.690828,-105.0257832,6/15/2018 6:00,6:00,6,0,0,ARKANSAS AVENUE 3127 WEST & FEDERAL BOULEVARD SOUTH,1,2,0,0,1,4,,0,25,0,0,0,0,0,4,2,13
,2018_70611,39.68276397,-104.9618191,7/17/2018 7:25,7:25,3,0,0,BUCHTEL BOULEVARD 2200 BLOCK EAST & UNIVERSITY BOULEVARD SOUTH,1,1,0,0,1,2,,0,30,0,0,0,0,0,4,2,13
,2018_70612,39.706056,-104.9417571,8/3/2018 3:20,3:20,5,0,1,CHERRY CREEK DRIVE NORTH & COLORADO BOULEVARD SOUTH,1,3,0,0,3,4,,0,,0,0,0,0,2,4,1,13
,2018_70613,39.751713,-104.9840067,2/8/2018 7:51,7:51,15,0,0,CALIFORNIA STREET & PARK AVENUE WEST,1,1,0,0,1,4,,0,30,0,0,0,0,0,4,2,13
,2018_70614,39.70692,-104.878201,7/12/2018 8:51,8:51,6,0,0,CENTER AVENUE 9300 BLOCK EAST & CLINTON STREET SOUTH,1,1,0,0,1,4,,0,25,0,0,0,0,0,4,2,13
,2018_70615,39.70691997,-104.8806534,11/11/2018 22:44,22:44,6,0,0,CENTER AVENUE 9300 BLOCK EAST & CLINTON STREET SOUTH,4,3,0,2,1,4,,0,25,0,0,0,0,0,4,2,14
,2018_70616,39.83355005,-104.7224566,11/22/2018 6:03,6:03,15,0,0,PENA BOULEVARD 7500 BLOCK & RTD LIGHT RAIL BRIDGE,1,2,0,0,1,4,,0,65,0,0,0,0,0,4,2,8
,2018_70617,39.83565145,-104.6753204,7/3/2018 16:19,16:19,15,0,0,PENA BOULEVARD 8100 BLOCK & SHADY GROVE STREET,1,1,0,0,1,1,,0,35,0,0,0,0,0,4,2,1
,2018_70618,39.83565147,-104.6746082,8/30/2018 19:17,19:17,12,0,0,PENA BOULEVARD INBOUND & SHADY GROVE STREET,1,1,0,0,1,4,,0,45,0,0,0,0,0,4,2,8
,2018_70619,39.83338788,-104.7773201,3/6/2018 9:44,9:44,5,0,0,PENA BOULEVARD 7000 BLOCK & TOWER ROAD,1,1,1,0,2,4,,0,65,0,0,0,0,0,4,2,3
,2018_70620,39.75849,-105.0063799,5/24/2018 11:35,11:35,6,0,0,PLATTE STREET 1800 BLOCK & 19TH STREET,1,1,0,0,1,4,,0,25,0,0,0,0,0,4,2,13
,2018_70622,39.774528,-104.923022,7/27/2018 16:30,16:30,12,0,1,SMITH ROAD EAST & HOLLY STREET NORTH,1,1,0,0,1,3,,0,30,0,0,0,0,1,4,3,1
,2018_70623,39.774528,-104.923022,12/30/2018 14:14,14:14,12,0,0,SMITH ROAD & HOLLY STREET NORTH,1,1,0,0,1,4,,0,30,0,0,0,0,0,4,2,13
,2018_70624,39.726603,-104.9878386,2/20/2018 9:57,9:57,12,0,0,SPEER BOULEVARD NORTH & BROADWAY NORTH,5,1,1,0,1,4,,0,35,0,0,0,0,0,4,2,13
,2018_70625,39.750039,-105.0056418,1/29/2018 8:59,8:59,15,0,0,SPEER BOULEVARD 1700 BLOCK NORTH & CHOPPER CIRCLE,1,1,1,0,1,4,,0,35,0,0,0,0,0,4,2,13
,2018_70626,39.798243,-104.7725374,12/2/2018 16:20,16:20,12,0,0,TOWER ROAD NORTH & 56TH AVENUE EAST,1,1,0,0,1,4,,0,45,0,0,0,0,0,4,2,5
,2018_70627,39.63341699,-104.8950472,12/4/2018 9:08,9:08,12,0,0,TUFTS AVENUE EAST & DTC BOULEVARD,5,1,0,0,1,4,,0,30,0,0,0,0,0,4,2,13
,2018_70628,39.632427,-105.0852046,12/13/2018 10:57,10:57,10,0,0,TUFTS AVENUE 7800 BLOCK WEST & WADSWORTH BOULEVARD SOUTH,1,1,0,0,1,4,,0,25,0,0,0,0,0,4,2,13
,2018_70629,39.760173,-104.8931036,11/30/2018 17:04,17:04,12,0,1,UINTA STREET NORTH & MLK BOULEVARD,2,3,0,1,1,4,,0,35,0,0,0,0,1,4,4,16
,2018_70630,39.629466,-104.8955948,5/14/2018 7:22,7:22,12,0,0,UNION AVENUE 7800 BLOCK EAST & ULSTER STREET SOUTH,2,1,1,0,1,4,,0,35,0,0,0,0,0,4,2,16
,2018_70631,39.708189,-105.0491227,2/20/2018 6:01,6:01,6,0,0,VIRGINIA AVENUE 4600 BLOCK WEST & WOLFF STREET SOUTH,5,1,1,0,1,4,,0,25,0,0,0,0,0,4,2,13
,2018_70649,39.83325131,-104.6913254,9/23/2018 16:45,16:45,5,0,0,PENA BOULEVARD INBO 7300 BLOCK & 75TH AVENUE EAST,1,1,1,0,3,4,,0,65,0,0,0,0,0,4,1,8
,2018_70664,39.77286203,-104.8809169,2/13/2018 18:21,18:21,15,0,0,40TH AVENUE 9900 BLOCK EAST & HAVANA STREET NORTH,1,3,0,0,1,4,,0,40,0,0,0,0,0,4,2,14
,2018_70665,39.77453698,-104.74175,8/19/2018 12:50,12:50,15,0,0,42ND AVENUE EAST & ODESSA STREET NORTH,1,1,0,0,1,4,,0,25,0,0,0,0,0,4,2,7
,2018_70666,39.7982429,-104.7768793,7/27/2018 14:39,14:39,12,0,0,56TH AVENUE EAST & TOWER ROAD NORTH,1,1,0,0,1,4,,0,40,0,0,0,0,0,4,2,1
,2018_70667,39.67667098,-104.9055653,7/10/2018 14:46,14:46,15,0,0,EVANS AVENUE 7100 BLOCK EAST & QUEBEC STREET SOUTH,1,1,0,0,1,4,,0,35,0,0,0,0,0,4,2,13
,2018_70668,39.78381598,-104.7835597,3/11/2018 1:00,1:00,12,0,4,GREEN VALLEY RANCH BOULEVARD 17000 BLOCK & TELLURIDE STREET NORTH,1,3,0,0,1,4,,0,45,0,0,0,0,2,4,2,5
,2018_70669,39.7728629,-104.8705856,9/13/2018 12:10,12:10,3,0,0,HAVANA STREET NORTH & 40TH AVENUE EAST,1,1,0,0,1,2,,0,35,0,0,0,0,0,4,2,13
,2018_70670,39.64958915,-105.0486937,12/3/2018 10:42,10:42,6,0,0,KENYON AVENUE 4067 BLOCK WEST & LOWELL BOULEVARD SOUTH,1,1,0,0,1,4,,0,25,0,0,0,0,0,4,2,13
,2018_70671,39.84460162,-104.6903369,6/29/2018 23:35,23:35,15,0,0,PENA BOULEVARD 7000 BLOCK & E470,1,3,0,0,1,4,,0,65,0,0,0,0,0,4,2,1
,2018_70672,39.83338762,-104.7813794,6/24/2018 2:00,2:00,5,0,0,PENA BOULEVARD 7100 BLOCK & TOWER ROAD NORTH,1,3,0,0,3,4,,0,65,0,0,0,0,0,4,1,2
,2018_70673,39.63505498,-105.0836832,12/17/2018 9:13,9:13,3,0,0,STANFORD AVENUE 7800 BLOCK WEST & WADSWORTH BOULEVARD SOUTH,1,1,0,0,1,2,,0,15,0,0,0,0,0,4,2,13
,2018_70674,39.62420094,-104.8984788,3/7/2018 2:56,2:56,5,0,0,ULSTER STREET 4982 SOUTH & BELLEVIEW AVENUE EAST,1,4,1,0,3,2,,0,30,0,0,0,0,0,4,1,1
,2018_70681,39.72539477,-105.0149472,5/2/2018 6:36,6:36,12,0,0,HIGHWAY 6 EXIT GORE POINT TO & I25 NB/SB RAMPS,2,1,0,1,1,4,,0,55,0,0,0,0,0,2,3,3
,2018_70684,39.78227365,-104.8655652,4/11/2018 17:13,17:13,12,0,1,47TH AVENUE EAST & HAVANA STREET NORTH,1,1,0,0,1,3,,0,35,0,0,0,0,1,4,2,13
,2018_70686,39.69282374,-104.9593432,5/21/2018 14:11,14:11,12,0,0,UNIVERSITY 1300 BLOCK SOUTH & LOUISIANA AVENUE EAST,1,1,0,0,1,3,,0,30,0,0,0,0,0,4,2,1
,2018_70687,39.67851225,-104.9732618,12/19/2018 14:07,14:07,5,0,1,EVANS AVENUE 1200 BLOCK EAST & DOWNING STREET SOUTH,1,3,0,0,2,4,,0,35,0,0,0,0,1,4,1,2
,2018_70689,39.71293919,-105.0110179,1/16/2018 14:11,14:11,6,0,0,TEJON STREET SOUTH & CEDAR AVENUE WEST,1,1,0,0,1,3,,0,25,0,0,0,0,0,4,3,14
,2018_70691,39.70223944,-104.9875198,9/7/2018 11:46,11:46,15,0,0,BROADWAY STREET SOUTH & OHIO AVENUE WEST,1,1,0,0,1,4,,0,35,0,0,0,0,0,4,2,13
,2018_70692,39.7823849,-104.847889,8/25/2018 16:31,16:31,15,0,0,47TH AVENUE EAST & PEORIA STREET NORTH,1,1,3,0,1,4,,0,35,0,0,0,0,0,4,2,13
,2018_70693,39.74321573,-104.9607348,4/18/2018 16:35,16:35,12,0,0,17TH AVENUE 2200 BLOCK EAST & GAYLORD STREET NORTH,1,1,0,0,1,4,,0,35,0,0,0,0,0,4,2,16
,2018_70696,39.67844925,-104.9352969,5/14/2018 16:51,16:51,12,0,0,EVANS AVENUE EAST & CLERMONT STREET SOUTH,1,1,0,0,1,3,,0,35,0,0,0,0,0,4,2,1
,2018_70702,39.72133431,-105.0362267,2/1/2018 15:13,15:13,6,0,0,THIRD AVENUE WEST & MEADE STREET NORTH,1,1,0,0,1,4,,0,25,0,0,0,0,0,4,2,7
,2018_70706,39.71818653,-104.9593079,8/27/2018 11:08,11:08,12,0,0,UNIVERSITY BOULEVARD 100 SOUTH & FIRST AVENUE EAST,1,1,0,0,1,4,,0,35,0,0,0,0,0,4,4,13
,2018_70709,39.62877997,-104.8852439,2/28/2018 7:52,7:52,12,0,1,YOSEMITE STREET 4800 BLOCK SOUTH & CAMPUS DRIVE EAST,1,1,1,0,1,4,,0,35,0,0,0,0,1,4,3,16
,2018_70711,39.71813427,-105.0361106,11/12/2018 13:45,13:45,12,0,0,FIRST AVENUE WEST & MEADE STREET NORTH,1,1,0,0,1,4,,0,25,0,0,0,0,0,4,2,13
,2018_70713,39.71820473,-104.9522014,8/25/2018 2:29,2:29,15,0,0,FIRST AVENUE EAST & MILWAUKEE STREET NORTH,1,3,0,0,1,3,,0,35,0,0,0,0,0,4,5,5
,2018_70714,39.74603112,-104.9979953,10/20/2018 22:05,22:05,6,0,1,14TH STREET 1000 BLOCK & ARAPAHOE STREET,1,3,0,0,3,3,,0,30,0,0,0,0,2,4,2,5
,2018_70715,39.74732004,-104.9925586,2/27/2018 14:55,14:55,6,0,0,CHAMPA STREET 1700 BLOCK & 17TH STREET,1,1,0,0,1,4,,0,25,0,0,0,0,0,4,2,13
,2018_70724,39.7495592,-105.0004225,3/18/2018 4:48,4:48,6,0,1,15TH STREET & BLAKE STREET,1,3,0,0,1,4,,0,30,0,0,0,0,1,4,2,5
,2018_70725,39.75019985,-104.9840015,8/19/2018 13:36,13:36,6,0,0,WELTON STREET WEST & 22ND STREET,1,1,0,0,1,4,,0,35,0,0,0,0,0,4,2,14
,2018_70731,39.74377456,-104.9058176,5/16/2018 18:01,18:01,12,0,0,17TH AVENUE EAST & PONTIAC STREET NORTH,1,1,0,0,1,4,,0,30,0,0,0,0,0,4,2,1
,2018_70734,39.73833332,-104.9440491,1/10/2018 17:46,17:46,5,0,0,14TH AVENUE EAST & GARFIELD STREET NORTH,2,3,0,1,3,3,,0,30,0,0,0,0,0,4,1,13
,2018_70735,39.66928629,-104.9593934,6/24/2018 8:05,8:05,6,0,0,UNIVERSITY BOULEVARD 2565 BLOCK SOUTH & HARVARD AVENUE EAST,1,1,0,0,1,4,,0,35,0,0,0,0,0,4,3,5
,2018_70736,39.72290782,-105.0397176,4/10/2018 14:19,14:19,12,0,0,PERRY STREET NORTH & FOURTH AVENUE WEST,1,1,1,0,1,3,,0,25,0,0,0,0,0,4,2,3
,2018_70740,39.67838821,-104.9875677,10/3/2018 15:15,15:15,12,0,0,BROADWAY SOUTH & EVANS AVENUE EAST,1,1,0,0,1,3,,0,35,0,0,0,0,0,4,2,13
,2018_70744,39.70762427,-104.959328,8/23/2018 8:29,8:29,12,0,0,UNIVERSITY BOULEVARD SOUTH & VIRGINIA AVENUE EAST,1,1,0,0,1,3,,0,30,0,0,0,0,0,4,4,12
,2018_70745,39.67846513,-104.9301376,5/29/2018 7:02,7:02,12,0,1,EVANS AVENUE 4800 BLOCK EAST & DAHLIA STREET SOUTH,1,1,0,0,1,4,,0,35,0,0,0,0,1,4,2,3
,2018_70747,39.66763206,-104.9127819,9/18/2018 8:40,8:40,3,0,2,YALE AVENUE 6500 BLOCK EAST & MONACO STREET SOUTH,1,1,0,0,1,2,,0,30,0,0,0,0,1,4,2,1
,2018_70748,39.72559823,-104.9660259,7/17/2018 20:00,20:00,15,0,0,SIXTH AVENUE EAST & WILLIAMS STREET NORTH,1,1,0,0,1,4,,0,35,0,0,0,0,0,4,2,13
,2018_70750,39.74634898,-105.0283804,12/31/2018 17:58,17:58,6,0,0,19TH AVENUE WEST & HOOKER STREET NORTH,4,4,0,2,1,4,,0,25,0,0,0,0,0,4,2,13
,2018_70752,39.73839849,-104.9646343,1/28/2018 12:10,12:10,6,0,0,14TH AVENUE EAST & HIGH STREET NORTH,1,1,0,0,1,4,,0,30,0,0,0,0,0,4,2,13
,2018_70755,39.67670631,-104.9889151,5/5/2018 23:33,23:33,6,0,0,WARREN AVENUE 100 BLOCK WEST & ACOMA STREET SOUTH,1,3,0,0,1,4,,0,25,0,0,0,0,0,4,2,15
,2018_70756,39.71835476,-104.9862691,7/18/2018 19:16,19:16,14,0,0,FIRST AVENUE EAST & LINCOLN AVENUE NORTH,1,1,0,0,1,5,,0,,0,0,0,0,0,4,2,13
,2018_70759,39.72892427,-105.0001435,9/20/2018 15:28,15:28,12,0,0,EIGHTH AVENUE WEST & KALAMATH STREET NORTH,1,1,0,0,1,3,,0,30,0,0,0,0,0,4,2,13
,2018_70760,39.67846153,-104.9122524,1/17/2018 9:45,9:45,12,0,0,EVANS AVENUE 6500 BLOCK EAST & MONACO STREET SOUTH,1,1,0,0,1,2,,0,35,0,0,0,0,0,4,3,1
,2018_70761,39.67846252,-104.9136025,10/12/2018 12:55,12:55,12,0,0,EVANS AVENUE EAST & MONACO STREET SOUTH,1,1,0,0,1,4,,0,35,0,0,0,0,0,4,3,7
,2018_70766,39.78561951,-105.0345807,9/20/2018 13:30,13:30,12,0,0,LOWELL BOULEVARD NORTH & 49TH AVENUE WEST,1,1,0,0,1,3,,0,30,0,0,0,0,0,4,3,13
,2018_70769,39.68935808,-104.9804264,5/19/2018 17:00,17:00,6,0,0,FLORIDA AVENUE EAST & PEARL STREET SOUTH,1,1,0,0,1,4,,0,,0,0,0,0,0,4,2,13
,2018_70770,39.74326386,-104.9798877,10/7/2018 16:38,16:38,12,0,0,PEARL STREET NORTH & 17TH AVENUE EAST,2,1,0,1,1,4,,0,35,0,0,0,0,0,4,2,14
,2018_70771,39.68939478,-104.9804438,9/2/2018 18:51,18:51,6,0,0,FLORIDA AVENUE EAST & PERAL STREET SOUTH,1,1,0,0,1,4,,0,25,0,0,0,0,0,4,2,3
,2018_70774,39.77483434,-104.8470303,5/31/2018 14:45,14:45,12,0,0,PEORIA STREET NORTH & 39TH AVENUE EAST,1,1,0,0,1,4,,0,35,0,0,0,0,0,4,2,14
,2018_70777,39.75648621,-105.0163371,9/30/2018 12:16,12:16,3,0,0,27TH AVENUE 2400 WEST & ZUNI STREET NORTH,1,1,0,0,1,2,,0,25,0,0,0,0,0,4,2,13
,2018_70780,39.7770008,-104.8657478,8/2/2018 18:14,18:14,1,0,0,HAVANNA STREET NORTH & 45TH AVENUE EAST,1,1,0,0,1,1,,0,40,0,0,0,0,0,4,3,1
,2018_70781,39.79544412,-104.88419,9/4/2018 16:56,16:56,6,0,0,CENTRAL PARK BOULEVARD NORTH & 54TH AVENUE EAST,1,1,0,0,1,4,,0,,0,0,0,0,0,4,2,13
,2018_70782,39.74327747,-104.9848781,6/3/2018 18:18,18:18,15,0,0,17TH AVENUE EAST & SHERMAN STREET NORTH,1,1,0,0,1,4,,0,35,0,0,0,0,0,4,2,14
,2018_70785,39.68951627,-104.9804435,3/2/2018 19:23,19:23,6,0,0,PEARL STREET SOUTH & FLORIDA AVENUE SOUTH,1,5,0,0,1,4,,0,25,0,0,0,0,0,4,2,14
,2018_70788,39.68749795,-104.9394119,7/7/2018 7:06,7:06,6,0,0,IOWA AVENUE 4100 BLOCK EAST & ALBION STREET SOUTH,1,1,0,0,1,4,,0,30,0,0,0,1,0,4,5,14
,2018_70791,39.78238651,-104.8474443,12/23/2018 18:42,18:42,3,0,0,47TH AVENUE 12000 BLOCK EAST & PEORIA STREET NORTH,1,3,0,0,1,2,,0,45,0,0,0,0,0,4,2,1
,2018_70792,39.76213452,-105.0338605,11/9/2018 18:16,18:16,12,0,0,32ND AVENUE 3400 BLOCK WEST & LOWELL BOULEVARD NORTH,1,3,0,0,1,2,,0,30,0,0,0,0,0,4,2,13
,2018_70795,39.71149358,-104.9687057,6/5/2018 14:52,14:52,15,0,0,FRANKLIN STREET 200 BLOCK SOUTH & ALAMEDA AVENUE EAST,1,1,0,0,1,4,,0,25,0,0,0,0,0,4,2,13
,2018_70797,39.68120479,-104.9593831,12/19/2018 12:07,12:07,12,0,1,UNIVERSITY BOULEVARD SOUTH & ASBURY AVENUE EAST,1,1,0,0,1,4,,0,30,0,0,0,1,1,4,2,7
,2018_70798,39.7123301,-104.9222827,7/12/2018 16:01,16:01,6,0,0,HOLLY STREET SOUTH & CEDAR AVENUE EAST,1,1,0,0,1,4,,0,25,0,0,0,0,0,4,2,13
,2018_70801,39.68945101,-104.9205782,5/1/2018 4:30,4:30,6,0,0,IVY WAY 1400 BLOCK SOUTH & FLORIDA AVENUE EAST,1,3,0,0,1,4,,0,25,0,0,0,0,0,4,2,1
,2018_70802,39.74750058,-104.9781577,5/9/2018 17:30,17:30,12,0,0,PARK AVENUE WEST & WASHINGTON STREET NORTH,1,1,0,0,1,3,,0,30,0,0,0,0,0,4,3,8
,2018_70804,39.67846231,-104.9129986,2/13/2018 17:00,17:00,15,0,0,MONACO STREET SOUTH & EVANS AVENUE EAST,1,2,0,0,1,3,,0,35,0,0,0,0,0,4,2,1
,2018_70805,39.67007029,-104.9127446,6/6/2018 7:48,7:48,5,0,0,MONACO STREET 2600 BLOCK NORTH & 26TH AVENUE EAST,1,1,0,0,3,4,,0,30,0,0,0,0,0,4,1,2
,2018_70808,39.71131138,-105.0007013,10/17/2018 10:02,10:02,12,0,0,PLATTE RIVER DRIVE SOUTH & ALAMEDA AVENUE WEST,1,1,0,0,1,1,,0,30,0,0,0,0,0,4,2,16
,2018_70810,39.77093125,-104.7412663,12/11/2018 13:26,13:26,6,0,0,MALTA STREET 3994 NORTH & 40TH AVENUE EAST,1,1,0,0,1,3,,0,25,0,0,0,0,0,4,2,7
,2018_70811,39.63870839,-105.08341,7/7/2018 17:53,17:53,3,0,1,QUINCY AVENUE WEST & WADSWORTH BOULEVARD SOUTH,2,1,1,1,1,1,,0,40,0,0,0,0,1,4,2,7
,2018_70813,39.71786378,-104.9510711,9/27/2018 9:50,9:50,15,0,0,FIRST AVENUE EAST & STEELE STREET SOUTH,1,1,0,0,1,4,,0,30,0,0,0,0,0,4,2,13
,2018_70819,39.77832611,-104.9847073,12/2/2018 2:28,2:28,6,0,0,45TH AVENUE EAST & SHERMAN STREET NORTH,1,3,0,0,1,4,,0,25,0,0,0,0,0,4,3,5
,2018_70823,39.72544227,-104.9038284,2/26/2018 7:45,7:45,12,0,0,SIXTH AVENUE EAST & QUEBEC STREET NORTH,1,1,1,0,1,1,,0,25,0,0,0,0,0,4,2,16
,2018_70824,39.79301802,-104.7762463,6/23/2018 21:55,21:55,5,0,0,ELMENDORF 18200 BLOCK EAST & WALDEN COURT NORTH,1,3,0,0,2,4,,0,25,0,0,0,0,0,4,1,7
,2018_70825,39.7387014,-104.9034588,7/5/2018 15:11,15:11,12,0,0,QUEBEC STREET 1400 NORTH & 14TH AVENUE EAST,1,1,0,0,1,4,,0,35,0,0,0,0,0,4,3,3
,2018_70829,39.74744903,-104.8966863,2/17/2018 4:11,4:11,6,0,0,MONTVIEW BOULEVARD 8000 EAST & ULSTER STREET NORTH,1,3,0,0,1,4,,0,30,0,0,0,0,0,4,4,14
,2018_70830,39.74744162,-104.9035845,9/10/2018 7:46,7:46,12,0,0,MONTVIEW BOULEVARD EAST & QUEBEC STREET NORTH,1,1,0,0,1,4,,0,25,0,0,0,0,0,4,2,16
,2018_70831,39.678565,-104.9828182,5/25/2018 2:36,2:36,12,0,1,EVANS AVENUE EAST & LOGAN STREET SOUTH,1,3,0,0,1,3,,0,35,0,0,0,0,1,4,2,5
,2018_70832,39.70402062,-105.0317327,4/21/2018 22:03,22:03,6,0,1,EXPOSITION AVENUE WEST & KNOX COURT SOUTH,1,3,0,0,1,4,,0,25,0,0,0,0,2,4,2,5
,2018_70833,39.69317053,-105.0517368,7/4/2018 18:26,18:26,6,0,0,LOUISIANA AVENUE WEST & ZENOBIA STREET SOUTH,1,1,0,0,2,4,,0,25,0,0,0,0,0,4,2,16
,2018_70842,39.666473,-105.053253,6/2/2018 19:52,19:52,5,0,0,SHERIDAN BOULEVARD & LINVALE PLACE,1,1,1,0,2,4,,0,,0,0,0,0,0,2,1,13
,2018_70843,39.740013,-104.970057,11/21/2018 8:14,8:14,6,0,0,COLFAX AVENUE 1331 EAST & HUMBOLDT STREET NORTH,1,1,0,0,1,4,,0,,0,0,0,0,0,2,2,13
,2018_70851,39.678447,-104.993319,4/25/2018 6:00,6:00,14,0,0,EVANS AVENUE WEST & SANTA FE DRIVE SOUTH,5,2,2,0,1,4,,0,,0,0,0,0,0,2,2,13
,2018_70857,39.746519,-105.018115,10/1/2018 21:46,21:46,5,0,0,I25 & 19TH AVENUE WEST,1,3,0,0,2,4,,0,,0,0,0,0,0,1,1,13
,2018_70862,39.67248,-104.928859,9/22/2018 3:47,3:47,5,0,0,I25 & EVANS AVENUE EAST,1,3,0,0,3,4,,0,,0,0,0,0,0,1,1,13
,2018_70863,39.740257,-105.013939,2/6/2018 16:00,16:00,12,0,0,I25 & COLFAX AVENUE WEST,1,1,1,0,1,4,,0,55,0,0,0,0,0,1,2,13
,2018_70870,39.743733,-105.016365,6/3/2018 23:51,23:51,9,0,1,I25 & COLFAX AVENUE WEST,1,3,0,0,1,4,,0,55,0,0,0,0,2,1,1,5