id,drcog_id,latitude,longitude,crashtime,time,crashtype,numbkilled,numbinjurd,drcoglocat,rdconditin,lightngcon,roadcntgrd,weatherco,location,roaddescrp,schoolzone,constrzone,splimit,bikeinv,pedinv,sctrinv,motoinv,svrty,rdsystem,ttlvehcls,hcf
,2018_70871,39.738631,-104.940602,12/30/2018 21:15,21:15,12,0,0,COLORADO BOULEVARD 1400 BLOCK NORTH & 14TH AVENUE EAST,1,3,0,0,1,4,,0,35,0,0,0,0,0,2,2,5
,2018_70875,39.741888,-105.014554,7/6/2018 23:44,23:44,5,0,1,I25 SOUTHBOUND RAMP OFF & COLFAX AVENUE WEST,1,3,0,0,3,8,,0,55,0,0,0,0,2,1,1,14
,2018_70878,39.716532,-105.0349005,4/3/2018 16:45,16:45,5,0,0,LOWELL BOULEVARD & LOWELL BOULEVARD 1010 NORTH,1,1,0,0,3,4,,0,25,0,0,0,1,0,4,1,13
,2018_70880,39.776724,-105.0346395,9/10/2018 21:12,21:12,5,0,0,LOWELL BOULEVARD NORTH & 44TH AVENUE WEST,1,3,0,0,3,1,,0,35,0,0,0,0,0,4,1,16
,2018_70882,39.736872,-104.9964795,8/28/2018 10:35,10:35,2,0,0,13TH AVENUE & SPEER BOULEVARD,1,1,0,0,1,1,,0,,1,0,0,0,0,4,2,13
,2018_70884,39.770112,-104.991502,12/4/2018 11:32,11:32,5,0,0,I25 & MM 213,1,1,0,0,3,4,,0,55,0,0,0,0,0,1,1,7
,2018_70886,39.775573,-104.865095,11/25/2018 3:55,3:55,5,0,0,I70 & HAVANA STREET NORTH EASTBOUND OFF RAMP,2,3,0,1,3,4,,0,,0,0,0,0,0,1,1,13
,2018_70887,39.76557047,-105.0346222,7/6/2018 7:43,7:43,6,0,0,LOWELL BOULEVARD & 4900 BLOCK NORTH,1,1,0,0,1,3,,0,30,0,0,0,0,0,4,2,13
,2018_70897,39.746664,-105.018145,12/17/2018 1:23,1:23,5,0,0,I25 & 17TH AVENUE WEST C RAMP ENTRANCE GORE,1,3,1,0,2,4,,0,55,0,0,0,0,0,1,1,5
,2018_70904,39.779426,-104.978653,7/4/2018 3:28,3:28,5,0,0,I70 & WASHINGTON STREET NORTH,1,3,1,0,2,4,,0,55,0,0,0,0,0,1,1,13
,2018_70910,39.725542,-105.03471,8/19/2018 9:10,9:10,6,0,0,LOWELL BOULEVARD NORTH  & SIXTH AVENUE WEST,1,1,0,0,1,4,,0,25,0,0,0,0,0,2,2,13
,2018_70911,39.79094776,-104.985189,5/31/2018 10:30,10:30,6,0,0,SHERMAN STREET & 2600 BLOCK SOUTH,1,1,0,0,1,4,,0,,0,0,0,0,0,4,2,13
,2018_70914,39.780032,-104.931784,5/26/2018 2:55,2:55,5,0,0,I70 & DAHLIA STREET NORTH,1,3,1,0,2,4,,0,55,0,0,0,0,0,1,1,13
,2018_70916,39.709278,-104.9734825,10/5/2018 13:16,13:16,6,0,0,DAKOTA AVENUE & 33 SOUTH,1,1,0,0,1,3,,0,25,0,0,0,0,0,4,2,13
,2018_70918,39.702089,-104.988205,10/5/2018 22:01,22:01,5,0,0,I25 & BROADWAY SOUTH,2,3,1,1,2,4,,0,55,0,0,0,0,0,1,1,13
,2018_70924,39.780204,-104.972329,1/30/2018 3:13,3:13,5,0,0,46TH AVENUE & 1300 BLOCK EAST,1,3,1,0,3,4,,0,30,0,0,0,0,0,4,1,13
,2018_70925,39.775891,-104.868792,2/3/2018 22:13,22:13,5,0,0,I70 & HAVANA STREET NORTH,1,3,1,0,3,4,,0,55,0,0,0,0,0,1,1,1
,2018_70940,39.669351,-104.866091,5/15/2018 20:35,20:35,3,0,0,HAVANA STREET SOUTH & PARKER ROAD SOUTH,1,2,1,0,1,1,,0,45,0,0,0,0,0,2,2,13
,2018_70941,39.653087,-104.914636,3/11/2018 11:51,11:51,12,0,1,HAMPDEN AVENUE 6400 BLOCK EAST & LOCUST STREET SOUTH,1,1,1,0,1,4,,0,45,0,0,0,0,1,2,2,13
,2018_70948,39.740079,-104.921574,9/9/2018 0:30,0:30,6,0,0,COLFAX AVENUE EAST & IVANHOE STREET NORTH,1,3,0,0,1,4,,0,35,0,0,0,0,0,2,2,3
,2018_70955,39.781946,-104.901631,11/20/2018 6:02,6:02,12,0,0,QUEBEC STREET 4500 BLOCK NORTH & SAND CREEK DRIVE,1,3,1,0,1,1,,0,40,0,0,0,0,0,2,2,14
,2018_70956,39.781946,-104.901631,12/5/2018 6:21,6:21,12,0,0,QUEBEC STREET 4500 BLOCK NORTH & SAND CREEK ROAD,1,3,1,0,1,1,,0,40,0,0,0,0,0,2,2,3
,2018_70957,39.782467,-104.901216,6/25/2018 11:47,11:47,3,0,0,NORTHFIELD QUEBEC STREET NORTH & SAND CREEK ROAD NORTH,1,1,1,0,1,1,,0,30,0,0,0,0,0,2,2,7
,2018_70958,39.667733,-105.081421,7/1/2018 17:16,17:16,15,0,0,WADSWORTH BOULEVARD SOUTH & YALE AVENUE WEST,1,1,0,0,1,1,,0,40,0,0,0,0,0,2,2,13
,2018_70960,39.65302,-104.876313,6/24/2018 14:29,14:29,15,0,0,HAMPDEN AVENUE EAST & DAYTON STREET SOUTH,2,1,0,1,1,4,,0,45,0,0,0,0,0,2,2,13
,2018_70961,39.777045,-104.90342,10/7/2018 20:41,20:41,12,0,0,QUEBEC STREET NORTH & I70 EASTBOUND OFF RAMP,2,3,1,1,1,3,,0,45,0,0,0,0,0,2,2,13
,2018_70962,39.777347,-104.903418,6/2/2018 0:49,0:49,12,0,0,QUEBEC STREET 4300 BLOCK NORTH & I70 EASTBOUND RAMPS,1,3,0,0,1,3,,0,40,0,0,0,0,0,2,2,5
,2018_70963,39.778252,-104.903409,9/25/2018 12:10,12:10,15,0,0,QUEBEC STREET NORTH & I70,1,1,0,0,1,4,,0,40,0,0,0,0,0,2,2,12
,2018_70964,39.740084,-104.903724,11/5/2018 18:10,18:10,12,0,1,COLFAX AVENUE 7200 BLOCK EAST & QUEBEC STREET NORTH,1,3,0,0,1,3,,0,35,0,0,0,0,1,2,2,14
,2018_70971,39.76418,-105.053233,10/30/2018 14:33,14:33,15,0,0,SHERIDAN BOULEVARD & 3300 BLOCK,1,1,0,0,1,4,,0,35,0,0,0,0,0,2,2,13
,2018_71000,39.718546,-105.025156,4/16/2018 21:40,21:40,3,0,0,FIRST AVENUE WEST  & FEDERAL BOULEVARD NORTH,1,3,0,0,1,3,,0,,0,0,0,0,0,2,2,13
,2018_71002,39.654191,-105.036656,5/22/2018 19:27,19:27,9,0,0,HAMPDEN AVENUE WEST & KNOX COURT SOUTH,1,1,0,0,3,4,,0,55,0,0,0,0,0,2,1,5
,2018_71007,39.775573,-104.865095,4/30/2018 13:32,13:32,5,0,0,I70 & HAVANA STREET NORTH,1,1,1,0,1,4,,0,65,0,0,0,0,0,1,2,1
,2018_71009,39.777347,-104.903418,1/7/2018 18:08,18:08,1,0,0,NORTHFIELD QUEBEC STREET NORTH & I70 EASTBOUND RAMP ON,1,3,1,0,1,1,,0,40,0,0,0,0,0,2,2,12
,2018_71010,39.779316,-104.903391,7/11/2018 0:00,0:00,12,0,1,QUEBEC STREET NORTH & I70,1,1,0,0,1,4,,0,45,0,0,0,0,1,2,2,1
,2018_71014,39.78595,-105.053255,3/8/2018 15:17,15:17,12,0,0,SHERIDAN BOULEVARD SOUTH & MM 9,1,1,0,0,1,4,,0,45,0,0,0,0,0,2,2,13
,2018_71025,39.779316,-104.903391,8/19/2018 12:31,12:31,10,0,0,QUEBEC STREET NORTH & I70 WB RAMPS,1,1,0,0,1,4,,0,45,0,0,0,0,0,2,2,1
,2018_71026,39.780012,-104.959983,10/11/2018 16:40,16:40,15,0,0,I70 & YORK STREET NORTH,1,1,0,0,1,4,,0,55,0,0,0,0,0,1,2,5
,2018_71027,39.779503,-104.903348,7/11/2018 8:28,8:28,12,0,0,QUEBEC STREET NORTH & I70 OFF RAMP,1,1,0,0,1,4,,0,35,0,0,0,0,0,2,2,3
,2018_71037,39.740085,-104.90222,1/10/2018 16:10,16:10,3,0,0,QUINCE STREET NORTH & COLFAX AVENUE EAST,1,2,0,1,1,1,,0,25,0,0,0,0,0,2,2,7
,2018_71038,39.740086,-104.89057,6/11/2018 18:29,18:29,12,0,0,COLFAX AVENUE EAST & VERBENA STREET NORTH,1,1,0,0,1,1,,0,35,0,0,0,0,0,2,3,1
,2018_71043,39.787724,-104.902646,7/16/2018 22:48,22:48,5,0,0,QUEBEC STREET SOUTHBOUND EXIT GORE POINT & NORTHFIELD BOULEVARD,1,3,0,0,2,8,,0,35,0,0,0,0,0,2,1,7
,2018_71045,39.740392,-104.988449,6/13/2018 14:18,14:18,5,0,0,COLFAX AVENUE WEST & 15TH STREET,1,1,0,0,3,4,,0,30,0,0,0,0,0,2,1,7
,2018_71048,39.737983,-105.025273,9/20/2018 16:54,16:54,1,0,0,14TH AVENUE WEST & FEDERAL BOULEVARD NORTH,1,1,0,0,1,1,,0,30,0,0,0,0,0,2,2,8
,2018_71049,39.729284,-105.025154,1/21/2018 2:00,2:00,12,0,0,FEDERAL BOULEVARD NORTH & EIGHTH AVENUE WEST,2,3,0,1,1,3,,0,35,0,0,0,0,0,2,2,5
,2018_71054,39.740035,-104.99723,10/7/2018 1:48,1:48,5,0,0,COLFAX AVENUE 600 BLOCK WEST & GLENARM PLACE,1,3,0,0,2,3,,0,30,0,0,0,0,0,2,1,5
,2018_71058,39.740165,-104.951436,7/11/2018 14:18,14:18,15,0,1,COLFAX AVENUE EAST & STREET PAUL STREET NORTH,1,1,0,0,1,4,,0,30,0,0,0,0,1,2,2,4
,2018_71068,39.778554,-104.903407,5/29/2018 7:50,7:50,14,0,0,QUEBEC STREET 4300 BLOCK NORTH & I70,1,1,0,0,1,4,,0,40,0,0,0,0,0,2,2,14
,2018_71069,39.779876,-104.903237,8/31/2018 10:20,10:20,15,0,0,NORTHFIELD QUEBEC STREET NORTH & I70 WB ON SLIP RAMP,1,1,1,0,1,8,,0,45,0,0,0,0,0,2,2,1
,2018_71073,39.72244,-105.009858,8/26/2018 8:00,8:00,15,0,0,I25 & SIXTH AVENUE WEST,1,1,0,0,1,4,,0,55,0,0,0,0,0,1,2,14
,2018_71078,39.778252,-104.903409,4/28/2018 6:02,6:02,1,0,0,QUEBEC STREET NORTH & I70,1,1,0,0,1,1,,0,45,0,0,0,0,0,2,2,13
,2018_71079,39.779316,-104.903391,4/25/2018 10:30,10:30,15,0,0,NORTHFIELD QUEBEC STREET NORTH & I70 HIGHWAY RAMP,1,1,1,0,1,1,,0,45,0,0,0,0,0,2,2,7
,2018_71080,39.740007,-104.973239,2/3/2018 4:30,4:30,6,0,0,COLFAX AVENUE 1100 BLOCK EAST & DOWNING STREET NORTH,1,3,1,0,1,4,,0,30,0,0,0,0,0,2,2,14
,2018_71087,39.72643,-105.053134,12/15/2018 14:20,14:20,12,0,0,SIXTH AVENUE WB SLIP RAMP OFF & SHERIDAN BOULEVARD NORTH,1,1,1,0,1,1,,0,55,0,0,0,0,0,2,2,3
,2018_71091,39.785531,-104.899639,11/11/2018 16:52,16:52,15,0,0,NORTHFIELD BOULEVARD EAST & NORTHFIELD QUEBEC STREET SOUTHBOUND RAMPS,5,3,1,2,1,1,,0,35,0,0,0,0,0,2,2,13
,2018_71104,39.737983,-105.025273,4/6/2018 15:52,15:52,12,0,0,FEDERAL BOULEVARD 1400 BLOCK NORTH & 14TH AVENUE WEST,1,1,1,0,1,4,,0,35,0,0,0,0,0,2,2,14
,2018_71110,39.698614,-104.903606,4/29/2018 11:50,11:50,12,0,1,LEETSDALE DRIVE & QUEBEC STREET SOUTH,1,1,0,0,1,1,,0,30,0,0,0,0,1,2,2,7
,2018_71122,39.653118,-104.90465,2/19/2018 12:25,12:25,15,0,0,POPLAR STREET SOUTH & HAMPDEN AVENUE EAST,2,1,0,2,1,1,,0,25,0,0,0,0,0,2,2,13
,2018_71124,39.777347,-104.903418,8/18/2018 18:08,18:08,12,0,1,QUEBEC STREET NORTH & I70 EASTBOUND RAMPS,1,1,1,0,1,3,,0,45,0,0,0,0,1,2,2,14
,2018_71126,39.740085,-104.897899,10/2/2018 14:48,14:48,3,0,0,COLFAX AVENUE 7700 BLOCK EAST & SPRUCE STREET NORTH,1,1,0,0,1,2,,0,35,0,0,0,0,0,2,2,1
,2018_71142,39.696679,-104.991877,2/23/2018 21:57,21:57,5,0,0,PLATTE RIVER DRIVE SOUTH  & MISSISSIPPI AVENUE WEST,1,3,0,0,2,1,,0,35,0,0,0,0,0,2,1,5
,2018_71145,39.711126,-105.015905,11/18/2018 17:45,17:45,12,0,0,ALAMEDA AVENUE WEST & ZUNI STREET SOUTH,1,3,0,0,1,3,,0,35,0,0,0,0,0,2,2,3
,2018_71149,39.779316,-104.903391,11/12/2018 7:20,7:20,12,0,0,QUEBEC STREET 4400 BLOCK NORTH & I70 WB RAMPS,5,1,0,2,1,3,,0,45,0,0,0,0,0,2,3,13
,2018_71150,39.781946,-104.901631,3/2/2018 9:00,9:00,12,0,0,QUEBEC STREET NORTH & SANDCREEK DRIVE,1,1,0,0,1,1,,0,,0,0,0,0,0,2,2,13
,2018_71156,39.781946,-104.901631,1/8/2018 18:30,18:30,3,0,0,NORTHFIELD QUEBEC STREET & SAND CREEK DRIVE NORTH,1,3,0,0,1,1,,0,,0,0,0,0,0,2,2,13
,2018_71158,39.778252,-104.903409,6/1/2018 16:32,16:32,12,0,0,QUEBEC STREET NORTH & I70,1,1,0,0,1,3,,0,45,0,0,0,0,0,2,2,13
,2018_71165,39.706618,-104.996726,6/11/2018 15:04,15:04,12,0,0,SANTA FE DRIVE SOUTH  & I25 NORTHBOUND OFF RAMP/SB ON RAMP,1,1,0,0,1,1,,0,45,0,0,0,0,0,2,2,1
,2018_71166,39.687431,-105.025035,10/15/2018 5:45,5:45,15,0,0,FEDERAL BOULEVARD SOUTH & 1600 BLOCK,1,3,0,0,1,4,,0,40,0,0,0,0,0,2,3,13
,2018_71175,39.776524,-104.903499,7/9/2018 14:00,14:00,15,0,0,QUEBEC STREET NORTH & I70,1,1,1,0,1,4,,0,45,0,0,0,0,0,2,2,7
,2018_71176,39.778252,-104.903409,8/20/2018 5:17,5:17,5,0,0,QUEBEC STREET NORTH & I70 EASTBOUND,1,3,0,0,3,3,,0,30,0,0,0,0,0,2,1,1
,2018_71177,39.781946,-104.901631,12/20/2018 7:56,7:56,12,0,0,QUEBEC STREET & SAND CREEK ROAD SOUTH,1,1,0,0,1,1,,0,40,0,0,0,0,0,2,3,13
,2018_71182,39.737983,-105.025273,11/21/2018 10:56,10:56,5,0,0,FEDERAL BOULEVARD NORTH & HOWARD PLACE,1,1,0,0,3,1,,0,35,0,0,0,0,0,2,1,14
,2018_71185,39.734758,-105.025171,9/12/2018 7:40,7:40,3,0,0,12TH AVENUE WEST & FEDERAL BOULEVARD NORTH,1,1,0,0,1,1,,0,25,0,0,0,0,0,2,2,3
,2018_71186,39.731188,-105.025182,5/5/2018 22:18,22:18,3,0,0,FEDERAL BOULEVARD NORTH & NINTH AVENUE WEST,1,3,1,0,1,1,,0,,0,0,0,0,0,2,2,13
,2018_71187,39.711077,-105.025075,3/3/2018 21:15,21:15,12,0,0,FEDERAL BOULEVARD SOUTH & ALAMEDA AVENUE WEST,1,3,1,0,1,1,,0,,0,0,0,0,0,2,2,13
,2018_71190,39.778101,-104.903411,5/23/2018 18:19,18:19,15,0,0,NORTHFIELD STREET NORTH & I70,1,1,1,0,1,3,,0,45,0,0,0,0,0,2,2,13
,2018_71199,39.777347,-104.903418,5/15/2018 17:40,17:40,15,0,0,NORTHFIELD QUEBEC STREET NORTH & I70,1,1,0,0,1,3,,0,35,0,0,0,0,0,2,2,13
,2018_71204,39.701432,-104.993475,8/21/2018 22:25,22:25,12,0,0,SANTA FE DRIVE SOUTH & OHIO AVENUE WEST,2,3,0,1,1,4,,0,45,0,0,0,0,0,2,2,13
,2018_71205,39.789204,-105.053236,9/6/2018 16:52,16:52,12,0,1,SHERIDAN BOULEVARD 5100 BLOCK NORTH & 51ST AVENUE WEST,1,1,1,0,1,3,,0,35,0,0,0,0,1,2,2,13
,2018_71212,39.77795,-104.903412,7/16/2018 10:40,10:40,12,0,0,QUEBEC STREET NORTH & I70,1,1,1,0,1,4,,0,45,0,0,0,0,0,2,2,10
,2018_71213,39.781424,-104.902112,10/27/2018 12:59,12:59,12,0,0,NORTHFIELD QUEBEC STREET NORTH & SAND CREEK DRIVE NORTH,1,1,1,0,1,3,,0,40,0,0,0,0,0,2,3,14
,2018_71214,39.783593,-104.900128,11/19/2018 16:26,16:26,1,0,0,QUEBEC STREET SOUTH & I270 WB/NB ON RAMP,1,2,1,0,1,1,,0,35,0,0,0,0,0,2,2,13
,2018_71215,39.783721,-104.900018,4/17/2018 17:11,17:11,12,0,1,NORTHFIELD QUEBEC STREET NORTH & I270 WB RAMP ON,1,1,1,6,1,1,,0,40,0,0,0,0,1,2,2,8
,2018_71288,39.709026,-104.8754385,6/9/2018 17:20,17:20,12,0,0,ALAMEDA AVENUE EAST & DAYTON STREET SOUTH,1,1,0,0,1,1,,0,40,0,0,0,0,0,4,2,12
,2018_71291,39.75417,-104.9893335,1/31/2018 10:55,10:55,3,0,1,22ND STREET & LAWRENCE STREET,1,1,0,0,1,1,,0,30,0,0,0,0,2,4,2,13
,2018_71292,39.745206,-105.009579,7/1/2018 21:40,21:40,3,0,0,SEVENTH STREET & AURARIA PARKWAY,1,3,0,0,1,1,,0,30,0,0,0,0,0,4,2,9
,2018_71293,39.75640837,-104.9372194,10/1/2018 18:30,18:30,6,0,0,BELLAIRE STREET & 1434 NORTH,1,1,0,0,1,4,,0,25,0,0,0,0,0,4,2,1
,2018_71294,39.78788888,-105.0239385,10/28/2018 7:10,7:10,6,0,1,ELIOT STREET & 920 SOUTH,1,2,1,0,1,4,,0,25,0,0,0,0,1,4,3,3
,2018_71295,39.783663,-104.7649095,6/3/2018 22:30,22:30,15,0,0,GREEN VALLEY RANCH BOULEVARD EAST & ARGONNE STREET NORTH,1,3,0,0,1,1,,0,35,0,0,0,0,0,4,2,13
,2018_71296,39.675942,-104.922261,9/4/2018 6:12,6:12,5,0,0,HOLLY STREET SOUTH & ILIFF AVENUE EAST,1,2,0,0,3,1,,0,30,0,0,0,0,0,4,1,1
,2018_71297,39.667626,-104.9036085,4/10/2018 7:36,7:36,3,0,0,QUEBEC STREET SOUTH & YALE AVENUE EAST,1,1,0,0,1,1,,0,30,0,0,0,0,0,4,2,13
,2018_71312,39.64910174,-104.8978363,12/15/2018 8:45,8:45,6,0,0,KENYON AVENUE 8000 BLOCK EAST & TAMARAC DRIVE SOUTH,1,1,0,0,1,4,,0,25,0,0,0,0,0,4,2,6
,2018_71341,39.624201,-105.0945435,5/25/2018 16:41,16:41,3,0,1,DUDLEY STREET WEST & BELLEVIEW AVENUE WEST,1,1,0,0,1,1,,0,30,0,0,0,0,1,4,2,7
,2018_71380,39.66768747,-104.9739369,5/19/2018 12:40,12:40,12,0,0,YALE AVENUE 5400 BLOCK EAST & YALE AVENUE 5400 BLOCK EAST,2,1,0,1,1,4,,0,25,0,0,0,0,0,4,2,3
,2018_71399,39.7750008,-104.9780079,2/28/2018 8:40,8:40,6,0,0,ARKINS COURT 3800 BLOCK & 38TH AVENUE,1,1,0,0,1,4,,0,,0,0,0,0,0,4,2,13
,2018_71422,39.74893448,-105.0012411,4/13/2018 22:47,22:47,5,0,1,14TH STREET & BLAKE STREET,1,3,0,0,2,4,,0,25,0,0,0,0,1,4,1,5
,2018_71504,39.76542879,-105.0393202,5/18/2018 8:15,8:15,5,0,0,SIXTH AVENUE FRONTAGE ROAD SOUTH  & PERRY STREET 540 NORTH,1,1,0,0,3,4,,0,25,0,0,0,0,0,4,1,8
,2018_71522,39.77282936,-104.7898938,2/13/2018 15:47,15:47,12,0,1,AIRPORT BOULEVARD NORTH & 40TH AVENUE EAST,1,1,0,0,1,3,,0,40,0,0,0,0,1,4,2,13
,2018_71580,39.78113784,-104.8425837,1/16/2018 13:45,13:45,5,0,0,ALBROOK DRIVE 13300 BLOCK EAST & TULSA COURT NORTH,1,1,0,0,2,4,,0,20,0,0,0,0,0,4,1,13
,2018_71735,39.79165265,-104.8284509,7/20/2018 14:59,14:59,6,0,0,ATCHISON WAY 5300 BLOCK NORTH & ELMENDORF PLACE EAST,1,1,0,0,1,2,,0,25,0,0,0,0,0,4,2,13
,2018_71788,39.77793,-104.8506753,1/15/2018 5:50,5:50,5,0,0,PARIS STREET NORTH & 45TH AVENUE EAST,5,3,0,2,3,3,,0,25,0,0,0,0,0,4,1,13
,2018_71801,39.76746059,-104.9034601,9/11/2018 13:10,13:10,12,0,0,36TH AVENUE EAST & QUEBEC STREET NORTH,1,1,0,0,1,4,,0,,0,0,0,0,0,4,2,13
,2018_71836,39.77282666,-104.7914809,10/26/2018 0:02,0:02,5,0,1,PENA BOULEVARD & 40TH AVENUE EAST,1,3,0,0,1,1,,0,55,0,0,0,0,1,4,2,5
,2018_71837,39.77282666,-104.7914809,3/3/2018 23:36,23:36,5,0,2,PENA BOULEVARD NORTH & 40TH AVENUE EAST,1,3,1,0,2,4,,0,65,0,0,0,0,1,4,1,1
,2018_71959,39.74091822,-104.9890036,1/25/2018 19:15,19:15,6,0,0,15TH STREET & CLEVELAND PLACE,1,1,0,0,1,3,,0,25,0,0,0,0,0,4,2,5
,2018_71960,39.74160761,-104.989948,4/26/2018 17:58,17:58,2,0,0,15TH STREET 200 BLOCK & COURT PLACE,1,1,0,0,1,7,,0,,1,0,0,0,0,4,2,14
,2018_71961,39.75029378,-105.0012319,2/16/2018 19:20,19:20,15,0,0,15TH STREET & WAZEE STREET,1,3,0,0,1,4,,0,30,0,0,0,0,0,4,2,4
,2018_71962,39.75094087,-105.0020976,8/21/2018 10:55,10:55,15,0,0,15TH STREET 1600 BLOCK & WYNKOOP STREET,1,1,0,0,1,4,,0,25,0,0,0,0,0,4,2,13
,2018_71963,39.74490864,-104.9942466,4/21/2018 18:44,18:44,15,0,0,15TH STREET 700 BLOCK & STOUT STREET,2,1,0,1,1,4,,0,30,0,0,0,0,0,4,2,8
,2018_71964,39.74544212,-104.9901012,9/23/2018 0:19,0:19,15,0,0,17TH STREET 600 BLOCK & WELTON STREET,1,3,0,0,1,4,,0,30,0,0,0,0,0,4,2,13
,2018_71965,39.75277378,-104.9875729,12/10/2018 7:00,7:00,12,0,0,22ND STREET & CURTIS STREET,1,1,0,0,1,1,,0,30,0,0,0,0,0,4,3,13
,2018_71966,39.75547417,-104.9910255,9/19/2018 8:50,8:50,12,0,0,22ND STREET & MARKET STREET,1,1,0,0,1,1,,0,30,0,0,0,0,0,4,2,1
,2018_71967,39.76294711,-104.9813774,2/11/2018 15:34,15:34,15,0,0,30TH STREET & WALNUT STREET,1,1,0,0,1,4,,0,30,0,0,0,0,0,4,2,14
,2018_71968,39.7637588,-104.9751589,8/28/2018 18:35,18:35,6,0,0,33RD STREET & ARAPAHOE STREET,1,1,0,0,1,4,,0,25,0,0,0,0,0,4,4,5
,2018_71970,39.77296059,-104.9754285,4/6/2018 6:55,6:55,15,0,0,38TH STREET 1800 BLOCK & BRIGHTON BOULEVARD,1,1,0,0,1,4,,0,30,0,0,0,0,0,4,2,7
,2018_71971,39.77288034,-104.9404682,3/8/2018 13:40,13:40,6,0,0,40TH AVENUE 4000 BLOCK EAST & COLORADO BOULEVARD NORTH,1,1,0,0,1,4,,0,35,0,0,0,0,0,4,2,1
,2018_71972,39.74777922,-105.0043427,10/3/2018 11:35,11:35,10,0,0,AURARIA PARKWAY 1200 BLOCK NORTH & 12TH STREET,1,1,0,0,1,3,,0,30,0,0,0,0,0,4,2,13
,2018_71973,39.74896489,-105.0012013,12/15/2018 10:45,10:45,15,0,0,BLAKE STREET 1400 BLOCK & 14TH STREET,1,1,0,0,1,4,,0,30,0,0,0,0,0,4,2,3
,2018_71974,39.75435828,-104.9942434,6/14/2018 8:40,8:40,15,0,0,BLAKE STREET 2000 BLOCK & 20TH STREET,1,1,0,0,1,4,,0,30,0,0,0,0,0,4,2,1
,2018_71975,39.76548605,-104.9798534,9/11/2018 13:19,13:19,6,0,0,BLAKE STREET & 32ND STREET,1,1,0,0,1,4,,0,30,0,0,0,0,0,4,2,13
,2018_71976,39.77122721,-104.9776716,7/4/2018 22:56,22:56,12,0,0,BRIGHTON BOULEVARD 3500 BLKN & 36TH STREET,1,3,0,0,1,4,,1,25,0,0,0,0,0,4,3,13
,2018_71977,39.69149883,-104.9769649,6/28/2018 7:20,7:20,12,0,0,BUCHTEL BOULEVARD 900 BLOCK & EMERSON STREET SOUTH,1,1,0,0,1,4,,0,30,0,0,0,1,0,4,2,13
,2018_71978,39.748068,-104.987961,8/22/2018 13:20,13:20,15,0,0,CALIFORNIA STREET 1900 BLOCK & 19TH STREET,1,1,0,0,1,4,,0,25,0,0,0,0,0,4,2,13
,2018_71979,39.74653675,-104.9939399,12/9/2018 14:37,14:37,6,0,0,CHAMPA STREET & 16TH STREET,1,3,0,0,1,4,,0,25,0,0,0,0,0,4,2,13
,2018_71980,39.76942602,-104.8892116,1/17/2018 9:10,9:10,15,0,0,CENTRAL PARK BOULEVARD 3800 BLOCK NORTH & 40TH AVENUE EAST,1,1,1,0,1,4,,0,35,0,0,0,0,0,4,2,7
,2018_71981,39.75395311,-105.0034093,12/7/2018 15:50,15:50,15,0,0,CHESTNUT PLACE 1700 BLOCK & 18TH STREET,1,1,0,0,1,2,,0,20,0,0,0,0,0,4,2,1
,2018_71982,39.72907794,-104.9752501,12/16/2018 12:16,12:16,6,0,0,OGDEN STREET 700 BLOCK NORTH & EIGHTH AVENUE,1,3,0,0,1,4,,0,25,0,0,0,0,0,4,2,13
,2018_71983,39.71870918,-104.9732848,6/23/2018 14:15,14:15,5,0,0,DOWNING STREET NORTH & FIRST AVENUE EAST,1,1,0,0,2,3,,0,30,0,0,0,0,0,4,1,1
,2018_71984,39.6894781,-105.0087781,1/15/2018 8:14,8:14,3,0,0,FLORIDA AVENUE WEST & RARITAN STREET SOUTH,5,1,1,2,1,1,,1,20,0,0,0,0,0,4,2,7
,2018_71985,39.74845876,-104.984359,1/10/2018 13:57,13:57,6,0,0,GLENARM PLACE 2100 BLOCK & 22ND STREET,1,1,0,0,1,4,,0,25,0,0,0,0,0,4,2,14
,2018_71986,39.74295639,-104.9915962,1/2/2018 18:30,18:30,6,0,0,GLENARM PLACE 1500 BLOCK & 16TH STREET,1,3,0,0,1,4,,0,25,0,0,0,0,0,4,2,1
,2018_71987,39.75037929,-104.9819903,12/16/2018 11:35,11:35,6,0,0,GLENARM PLACE 2200 BLOCK & PARK AVENUE WEST,1,1,0,0,1,4,,0,30,0,0,0,0,0,4,2,5
,2018_71988,39.74935945,-104.9831298,1/4/2018 15:30,15:30,15,0,0,GLENARM STREET 2200 BLOCK & 21ST STREET,1,1,0,0,1,4,,0,25,0,0,0,0,0,4,2,13
,2018_71989,39.73107482,-104.9273363,1/25/2018 12:00,12:00,5,0,0,HALE PARKWAY 5200 BLOCK EAST & NINTH AVENUE EAST,1,1,0,0,3,3,,0,30,0,0,0,0,0,4,1,13
,2018_71990,39.75881742,-104.8630456,3/11/2018 3:15,3:15,15,0,0,HAVANA WAY NORTH & IRONTON STREET NORTH,1,3,0,0,1,4,,0,25,0,0,0,0,0,4,2,1
,2018_71991,39.74733629,-104.9998128,1/6/2018 19:15,19:15,6,0,0,LARIMER STREET & 14TH STREET,1,3,0,0,1,4,,0,,0,0,0,0,0,4,2,13
,2018_71992,39.761289,-104.981301,4/9/2018 13:40,13:40,12,0,0,LARIMER STREET 2900 BLOCK & 30TH STREET,1,1,0,0,1,5,,0,25,0,0,0,0,0,4,2,3