id,drcog_id,latitude,longitude,crashtime,time,crashtype,numbkilled,numbinjurd,drcoglocat,rdconditin,lightngcon,roadcntgrd,weatherco,location,roaddescrp,schoolzone,constrzone,splimit,bikeinv,pedinv,sctrinv,motoinv,svrty,rdsystem,ttlvehcls,hcf
,2018_71993,39.69309436,-105.0343785,6/15/2018 12:20,12:20,2,0,0,LOWELL BOULEVARD SOUTH & LOUISIANA AVENUE WEST,1,1,0,0,1,1,,0,25,1,0,0,0,0,4,2,13
,2018_71994,39.753927,-104.992551,8/3/2018 23:45,23:45,15,0,0,MARKET STREET 2000 BLOCK & 20TH STREET,1,3,0,0,1,4,,0,30,0,0,0,0,0,4,2,1
,2018_71995,39.74809684,-105.0005595,12/14/2018 10:40,10:40,6,0,0,MARKET STREET 1400 BLOCK & 15TH STREET,1,1,0,0,1,4,,0,25,0,0,0,0,0,4,2,13
,2018_71996,39.70673327,-105.0391316,10/20/2018 5:43,5:43,6,0,0,MORRISON ROAD 3900 BLOCK & PATTON COURT SOUTH,1,3,0,0,1,4,,0,35,0,0,0,0,0,4,3,14
,2018_71997,39.70673327,-105.0391316,12/7/2018 23:05,23:05,5,0,0,MORRISON ROAD 3900 BLOCK & PATTON COURT SOUTH,1,3,0,0,2,4,,0,30,0,0,0,0,0,4,1,2
,2018_71998,39.7004127,-105.0481301,10/28/2018 21:35,21:35,12,0,0,MORRISON ROAD & KENTUCKY AVENUE WEST,1,3,0,0,1,4,,0,35,0,0,0,0,0,4,2,16
,2018_71999,39.74324073,-104.9727451,12/25/2018 18:48,18:48,5,0,0,PARK AVENUE WEST 1700 BLOCK & 16TH AVENUE EAST APPROXIMATELY,1,3,0,0,1,4,,1,35,0,0,0,0,0,4,1,13
,2018_72000,39.75305209,-104.9854765,11/20/2018 12:00,12:00,12,0,0,PARK AVENUE WEST 800 BLOCK & CHAMPA STREET,1,1,0,0,1,3,,0,30,0,0,0,0,0,4,3,13
,2018_72001,39.83346184,-104.692932,11/8/2018 7:50,7:50,12,0,0,PENA BOULEVARD INBOUND & JACKSON GAP STREET NORTH,1,1,1,0,1,4,,0,45,0,0,0,0,0,4,2,14
,2018_72002,39.83339549,-104.7719815,6/2/2018 7:15,7:15,5,0,1,PENA BOULEVARD 7100 BLOCK & TOWER ROAD,1,1,1,0,2,4,,0,55,0,0,0,0,3,4,1,2
,2018_72003,39.83339549,-104.7719815,1/6/2018 13:27,13:27,12,0,1,PENA BOULEVARD 7200 BLOCK & TOWER ROAD,1,1,1,0,1,4,,0,65,0,0,0,0,1,4,2,13
,2018_72004,39.71658899,-105.0016114,3/23/2018 23:32,23:32,5,0,1,RIO GRANDE BOULEVARD NORTH & LIPAN STREET NORTH,1,3,0,0,2,4,,0,30,0,0,0,0,2,4,1,5
,2018_72005,39.77417713,-104.9936214,11/30/2018 8:20,8:20,6,0,0,31ST STREET & ELATI STREET NORTH,1,3,1,0,3,4,,0,25,0,0,0,0,0,4,3,13
,2018_72006,39.74020749,-104.9981469,5/25/2018 16:40,16:40,15,0,0,SPEER BOULEVARD 1400 BLOCK NORTH & COLFAX AVENUE WEST,1,1,0,0,1,4,,0,35,0,0,0,0,0,4,2,16
,2018_72007,39.75631511,-105.0158666,12/9/2018 13:45,13:45,12,0,1,SPEER BOULEVARD & ZUNI STREET NORTH,1,1,0,0,1,4,,0,35,0,0,0,0,2,4,2,12
,2018_72008,39.75631511,-105.0158666,12/21/2018 11:33,11:33,12,0,0,SPEER BOULEVARD 2500 BLOCK & ZUNI STREET NORTH,1,1,1,0,1,4,,0,30,0,0,0,0,0,4,2,1
,2018_72009,39.75830782,-104.9874585,10/11/2018 1:01,1:01,6,0,0,WALNUT STREET 2500 BLOCK & BROADWAY STREET NORTH,1,3,0,0,1,4,,0,30,0,0,0,0,0,4,2,13
,2018_72010,39.76294711,-104.9813774,1/9/2018 16:18,16:18,15,0,0,WALNUT STREET & 30TH STREET,1,1,0,0,1,4,,0,30,0,0,0,0,0,4,3,4
,2018_72011,39.74544212,-104.9901012,5/5/2018 13:52,13:52,6,0,1,WELTON STREET & 17TH STREET,1,1,0,0,1,1,,0,30,0,0,0,0,3,4,2,10
,2018_72012,39.74266852,-104.9936982,10/15/2018 9:00,9:00,15,0,0,WELTON STREET & 14TH STREET,1,1,0,0,1,4,,0,25,0,0,0,0,0,4,2,13
,2018_72013,39.753873,-104.995899,1/13/2018 1:26,1:26,3,0,0,WAZEE STREET 1900 BLOCK & 19TH STREET,1,3,0,0,1,2,,0,30,0,0,0,0,0,4,2,13
,2018_72014,39.75106418,-104.9828912,4/1/2018 15:14,15:14,12,0,0,WELTON STREET & PARK AVENUE WEST,1,1,0,0,1,3,,0,35,0,0,0,0,0,4,3,13
,2018_72220,39.83903084,-104.6718726,12/20/2018 3:30,3:30,5,0,0,PENA BOULEVARD 8500 BLOCK & 40TH AVENUE EAST,1,3,0,0,3,4,,0,55,0,0,0,0,0,4,1,13
,2018_72221,39.78720006,-104.8123601,3/26/2018 2:37,2:37,6,0,0,ENID WAY NORTH & FONTANA COURT NORTH,1,3,0,0,1,4,,0,20,0,0,0,0,0,4,2,5
,2018_72228,39.67123151,-104.9036059,10/17/2018 13:50,13:50,11,0,1,QUEBEC STREET SOUTH & HARVARD AVENUE EAST,1,1,0,0,1,3,,0,,0,1,0,0,2,4,2,13
,2018_72243,39.74022252,-104.8905181,5/12/2018 2:00,2:00,6,0,0,VERBENA STREET NORTH & COLFAX AVENUE EAST,1,4,0,0,1,4,,0,,0,0,0,0,0,4,2,13
,2018_72296,39.78023775,-105.0228181,7/20/2018 19:19,19:19,11,1,0,ELM COURT  & 46TH AVENUE WEST,1,1,0,0,1,4,,0,25,0,1,0,0,4,4,2,5
,2018_72297,39.77850443,-104.9792471,6/29/2018 9:07,9:07,15,0,0,WASHINGTON STREET 4500 BLOCK NORTH & 45TH AVENUE EAST,1,1,0,0,1,1,,0,35,0,0,0,0,0,4,2,14
,2018_72298,39.732041,-104.9836005,6/25/2018 16:30,16:30,2,0,1,10TH AVENUE EAST & GRANT STREET NORTH,1,1,0,0,1,1,,0,35,1,0,0,0,2,4,2,13
,2018_72299,39.77420363,-104.8471214,10/31/2018 8:30,8:30,6,0,0,PEORIA STREET NORTH & I70,2,1,0,0,1,4,,0,30,0,0,0,0,0,4,2,13
,2018_72300,39.74561102,-104.8940266,5/21/2018 16:10,16:10,12,0,0,19TH AVENUE EAST & ULSTER STREET NORTH,1,1,0,0,1,1,,0,25,0,0,0,0,0,4,2,16
,2018_72301,39.76746059,-104.9034601,6/24/2018 15:57,15:57,15,0,0,36TH AVENUE EAST & QUEBEC STREET NORTH,1,1,0,0,1,1,,0,40,0,0,0,0,0,4,2,13
,2018_72302,39.68757728,-104.98878,1/8/2018 6:51,6:51,12,0,0,ACOMA STREET 1500 BLOCK SOUTH & IOWA AVENUE WEST,1,2,1,0,1,2,,0,25,0,0,0,0,0,4,2,16
,2018_72303,39.75948283,-104.9876307,11/1/2018 15:44,15:44,5,0,1,BLAKE STREET & BROADWAY NORTH,1,1,0,0,2,3,,0,40,0,0,0,0,1,4,1,10
,2018_72304,39.74691936,-104.9969001,4/6/2018 17:37,17:37,15,0,0,ARAPAHOE STREET & 15TH STREET,2,1,0,2,1,4,,0,30,0,0,0,0,0,4,2,1
,2018_72305,39.7384321,-104.9873896,9/7/2018 10:25,10:25,15,0,0,BROADWAY 1400 NORTH & 14TH AVENUE WEST,1,1,0,0,1,4,,0,30,0,0,0,0,0,4,2,14
,2018_72306,39.742056,-104.986962,4/17/2018 9:37,9:37,12,0,0,BROADWAY 1600 BLOCK NORTH & 16TH STREET,1,1,0,0,1,1,,0,25,0,0,0,0,0,4,2,14
,2018_72307,39.70103536,-104.9874703,12/21/2018 12:37,12:37,14,0,0,BROADWAY / LINCOLN STREET 507 NORTH & FIFTH AVENUE EAST ALLEY,1,1,0,0,1,2,,0,10,0,0,0,0,0,4,2,13
,2018_72308,39.78372659,-104.8098468,1/7/2018 18:05,18:05,15,0,0,CHAMBERS ROAD NORTH & GATEWAY AVENUE EAST,1,2,1,0,1,3,,0,40,0,0,0,0,0,4,2,5
,2018_72309,39.73710562,-104.9916498,4/20/2018 13:38,13:38,12,0,0,CHEROKEE STREET 1300 BLOCK NORTH & 13TH AVENUE WEST,1,1,0,0,1,4,,0,,0,0,0,0,0,4,2,13
,2018_72310,39.70389907,-105.020361,4/21/2018 10:17,10:17,6,0,0,CLAY STREET 39S & EXPOSITION AVENUE WEST,2,3,1,0,1,4,,0,25,0,0,0,0,0,4,2,1
,2018_72311,39.67488482,-104.9734711,5/8/2018 17:00,17:00,12,0,0,DOWING STREET SOUTH & ILIFF AVENUE EAST,1,1,0,0,1,1,,0,30,0,0,0,0,0,4,2,7
,2018_72312,39.672864,-104.973138,4/19/2018 8:21,8:21,6,0,1,DOWNING STREET 2400 BLOCK NORTH & 24TH AVENUE EAST,1,1,0,0,1,4,,0,30,0,0,0,0,1,4,2,7
,2018_72313,39.62419983,-105.0944562,2/2/2018 18:16,18:16,12,0,0,DUDLEY STREET SOUTH & BELLEVIEW AVENUE WEST,1,3,1,0,1,4,,0,30,0,0,0,0,0,4,2,13
,2018_72314,39.7272779,-104.9775587,5/29/2018 10:41,10:41,5,0,0,EMERSON STREET CLARKSON ALLEY & SEVENTH AVENUE,1,1,0,0,2,4,,0,5,0,0,0,0,0,4,1,14
,2018_72315,39.74499,-104.9608215,5/12/2018 7:15,7:15,6,0,0,GAYLORD STREET 1800 BLOCK NORTH & 18TH AVENUE EAST,1,1,1,1,1,4,,0,25,0,0,0,0,0,4,2,7
,2018_72316,39.74200596,-104.9928235,3/15/2018 15:22,15:22,12,0,0,GLENARM STREET & 14TH STREET,1,1,0,0,1,1,,0,30,0,0,0,0,0,4,2,8
,2018_72317,39.74337899,-104.9257984,10/2/2018 21:57,21:57,6,0,0,GLENCOE STREET NORTH & 17TH AVENUE EAST,1,3,0,0,1,3,,0,25,0,0,0,0,0,4,2,13
,2018_72318,39.74322444,-104.96475,5/30/2018 18:02,18:02,12,0,0,HIGH STREET NORTH & 17TH AVENUE EAST,1,1,0,0,1,1,,0,25,0,0,0,0,0,4,2,12
,2018_72319,39.73839076,-104.9587021,8/9/2018 2:14,2:14,5,0,1,JOSEPHINE STREET 1400 NORTH & 14TH AVENUE EAST,1,3,1,0,2,4,,0,30,0,0,0,0,2,4,1,2
,2018_72320,39.75072711,-104.9708925,4/12/2018 18:30,18:30,6,0,0,LAFAYETTE STREET 2321 BLOCK & 23RD AVENUE EAST,1,1,0,0,1,4,,0,25,0,0,0,0,0,4,2,7
,2018_72321,39.73384773,-104.9861608,2/28/2018 16:33,16:33,12,0,1,LINCOLN STREET 1120 NORTH & 11TH AVENUE EAST,1,1,0,0,1,4,,0,30,0,0,0,0,1,4,2,1
,2018_72322,39.743721,-104.98545,1/16/2018 13:26,13:26,12,0,0,LINCOLN 1700 BLOCK NORTH & 17TH AVENUE EAST,1,1,0,0,1,4,,0,30,0,0,0,0,0,4,2,13
,2018_72325,39.7419255,-104.912793,6/21/2018 16:57,16:57,12,0,0,MONACO PARKWAY SOUTHBOUND ROAD WEST & 16TH AVENUE EAST,1,1,0,0,1,1,,0,30,0,0,0,0,0,4,2,13
,2018_72326,39.77868601,-104.912879,6/1/2018 3:24,3:24,3,0,0,MONACO STREET 4600 BLOCK NORTH & STAPLETON NORTH DRIVE,1,3,0,0,1,2,,0,,0,0,0,0,0,4,2,13
,2018_72327,39.75943319,-104.9937296,6/23/2018 12:20,12:20,12,0,0,PARK AVENUE WEST & DELGANY STREET,1,1,0,0,1,1,,0,35,0,0,0,0,0,4,2,13
,2018_72328,39.71291402,-104.9803889,1/31/2018 14:26,14:26,15,0,0,PEARL STREET 200 BLOCK SOUTH & CEDAR AVENUE EAST,1,1,0,0,1,4,,0,25,0,0,0,0,0,4,2,13
,2018_72329,39.844602,-104.680935,11/27/2018 8:10,8:10,12,0,0,PENA BOULEVARD 4200 BLOCK & 40TH AVENUE EAST,1,1,1,0,1,4,,0,65,0,0,0,0,0,4,2,13
,2018_72330,39.7983851,-104.7864107,11/20/2018 19:40,19:40,12,0,0,PENA BOULEVARD SOUTHBOUND & 56TH AVENUE EAST,1,3,0,0,1,4,,0,65,0,0,0,0,0,4,2,7
,2018_72331,39.79839308,-104.7873106,11/29/2018 5:55,5:55,9,0,1,PENA BOULEVARD & 56TH AVENUE EAST,1,3,0,0,1,4,,0,65,0,0,0,0,1,4,1,14
,2018_72332,39.66908122,-104.9983757,10/31/2018 8:52,8:52,5,0,0,PLATTE RIVER 2600 BLOCK SOUTH & YALE AVENUE WEST,1,1,0,0,2,4,,0,30,0,0,0,0,0,4,1,14
,2018_72333,39.737268,-104.9034577,6/1/2018 12:14,12:14,12,0,0,QUEBEC STREET & 13TH AVENUE EAST,1,1,0,0,1,4,,0,30,0,0,0,0,0,4,2,13
,2018_72335,39.74378396,-104.9034551,4/25/2018 8:50,8:50,12,0,0,QUEBEC STREET NORTHBOUND & 17TH AVENUE EAST,1,1,0,0,1,4,,0,30,0,0,0,0,0,4,2,12
,2018_72337,39.7338502,-104.9848127,6/12/2018 13:00,13:00,14,0,0,SHERMAN STREET 1100 BLOCK SOUTH & 1100 BLOCK SOUTH,1,1,0,0,1,4,,0,,0,0,0,0,0,4,2,13
,2018_72338,39.72805401,-104.929398,4/27/2018 12:15,12:15,3,0,0,SEVERN PLACE EAST & ELM STREET NORTH,1,1,0,0,1,1,,0,25,0,0,0,0,0,4,2,1
,2018_72339,39.74228983,-104.999371,3/25/2018 2:25,2:25,3,0,1,SPEER BOULEVARD NORTH & CHAMPA STREET,1,3,0,0,1,1,,0,30,0,0,0,0,1,4,2,5
,2018_72340,39.72343526,-104.9837911,5/18/2018 21:57,21:57,15,0,0,SPEER BOULEVARD EAST & GRANT STREET NORTH,1,3,0,0,1,4,,0,35,0,0,0,0,0,4,2,8
,2018_72341,39.63835133,-104.8946911,2/5/2018 7:45,7:45,12,0,0,TAMARAC STREET 4300 BLOCK SOUTH & I225 SOUTHBOUND RAMPS,1,1,0,0,1,4,,0,35,0,0,0,0,0,4,2,13
,2018_72342,39.64101336,-104.8931792,5/21/2018 15:00,15:00,12,0,0,TAMARAC DRIVE SOUTH & OXFORD DRIVE EAST,1,1,0,0,1,1,,0,25,0,0,0,0,0,4,2,7
,2018_72343,39.74021883,-104.8987621,3/15/2018 16:56,16:56,12,0,0,SYRACUSE STREET 1500 BLOCK NORTH & COLFAX AVENUE EAST,1,1,0,0,1,4,,0,35,0,0,0,0,0,4,2,14
,2018_72345,39.79259102,-104.7721476,10/3/2018 9:29,9:29,3,0,0,TOWER ROAD NORTH & ELMENDORF DRIVE EAST,1,1,0,0,1,1,,0,35,0,0,0,0,0,4,2,16
,2018_72346,39.73419902,-104.8905886,6/10/2018 19:57,19:57,6,0,0,VERBENA STREET 1100 NORTH BLOCK & RICHTHOFEN AVENUE,1,1,0,0,1,4,,0,25,0,0,0,0,0,4,2,14
,2018_72347,39.782124,-104.977368,5/31/2018 10:30,10:30,15,0,0,WASHINGTON STREET 4700 BLOCK NORTH & 46TH AVENUE EAST,1,1,0,0,1,4,,1,35,0,0,0,0,0,4,2,13
,2018_72349,39.78184706,-104.9786368,9/7/2018 12:39,12:39,12,0,0,WASHINGTON STREET NORTH & 47TH AVENUE WEST,1,1,1,0,1,4,,0,30,0,0,0,0,0,4,2,13
,2018_72350,39.72562369,-104.9787496,5/6/2018 8:08,8:08,3,0,0,WASHINGTON STREET NORTH & SIXTH AVENUE EAST,1,1,0,0,1,1,,0,30,0,0,0,0,0,4,2,13
,2018_72352,39.73049051,-104.9601695,5/18/2018 12:04,12:04,12,0,0,YORK STREET 1005 NORTH & NINTH AVENUE EAST,1,1,0,0,1,4,,0,,0,0,0,0,0,4,2,13
,2018_72354,39.680046,-104.960412,12/12/2018 13:07,13:07,5,0,0,YORK STREET 2000 BLOCK NORTH & 20TH STREET EAST,1,1,0,0,3,4,,0,35,0,0,0,0,0,4,1,2
,2018_72355,39.75715792,-105.0158355,8/10/2018 14:49,14:49,10,0,0,ZUNI STREET NORTH & 28TH AVENUE WEST,1,1,0,0,1,4,,0,35,0,0,0,0,0,4,2,3
,2018_72356,39.75631511,-105.0158666,5/10/2018 14:04,14:04,3,0,0,ZUNI STREET 2700 BLOCK NORTH & SPEER BOULEVARD,1,1,1,0,1,2,,0,30,0,0,0,0,0,4,2,13
,2018_72433,39.72931587,-105.02172,12/15/2018 21:54,21:54,12,0,0,DECATUR STREET 800 BLOCK NORTH & EIGHTH AVENUE WEST,1,3,0,0,1,4,,0,25,0,0,0,0,0,4,2,5
,2018_72434,39.70023292,-104.9216316,7/2/2018 15:27,15:27,6,0,0,HOLLY STREET SOUTH & KENTUCKY AVENUE EAST,1,1,0,0,1,4,,0,30,0,0,0,0,0,4,3,1
,2018_72435,39.79839308,-104.7873106,4/25/2018 4:01,4:01,6,0,0,PENA BOULEVARD & 56TH AVENUE EAST,1,3,0,0,1,4,,0,65,0,0,0,0,0,4,2,12
,2018_72436,39.700224,-104.9593281,4/13/2018 6:58,6:58,12,0,0,UNIVERSITY BOULEVARD 800 BLOCK SOUTH & KENTUCKY AVENUE EAST,2,2,0,0,1,4,,0,30,0,0,0,0,0,4,2,13
,2018_72468,39.71820466,-104.8706595,4/13/2018 7:53,7:53,12,0,2,FIRST AVENUE EAST & FULTON STREET NORTH,1,1,0,0,1,2,,0,35,0,0,0,0,1,4,2,1
,2018_72493,39.66751488,-104.8660997,7/24/2018 13:00,13:00,12,0,0,YALE AVENUE EAST & HAVANA STREET SOUTH,1,1,0,0,1,4,,0,35,0,0,0,0,0,4,3,3
,2018_72507,39.67156837,-104.8753155,6/27/2018 17:00,17:00,6,0,0,HARVARD AVENUE 9900 BLOCK EAST & DAYTON WAY SOUTH,1,3,1,0,1,4,,0,30,0,0,0,0,0,4,2,14
,2018_72516,39.678444,-104.9187915,11/10/2018 10:05,10:05,3,0,0,EVANS AVENUE 6101 BLOCK EAST & JASMINE STREET SOUTH,1,1,0,0,1,2,,0,35,0,0,0,0,0,4,2,13
,2018_72528,39.69626579,-104.8974099,7/17/2018 7:34,7:34,15,0,0,MISSISSIPPI AVENUE EAST & PARKER ROAD SOUTH,1,1,0,0,1,3,,0,35,0,0,0,0,0,4,2,13
,2018_72529,39.73297759,-105.0251859,8/16/2018 7:39,7:39,6,0,0,10TH AVENUE WEST & FEDERAL BOULEVARD NORTH,1,1,0,0,1,4,,0,25,0,0,0,0,0,4,2,14
,2018_72530,39.74141955,-105.0142576,9/1/2018 13:00,13:00,12,0,0,AURARIA PARKWAY & I25,1,3,0,0,1,4,,0,35,0,0,0,0,0,4,2,3
,2018_72531,39.73286121,-104.9395126,1/5/2018 18:20,18:20,6,0,0,11TH AVENUE 4100 BLOCK EAST & ALBION STREET NORTH,1,3,0,0,1,4,,0,25,0,0,0,0,0,4,2,13
,2018_72532,39.73370782,-104.9822992,8/9/2018 8:21,8:21,3,0,0,11TH AVENUE 400 BLOCK EAST & LOGAN STREET NORTH,1,1,0,0,1,5,,0,5,0,0,0,0,0,4,2,14
,2018_72533,39.73844896,-104.9902424,1/21/2018 18:00,18:00,2,0,1,14TH AVENUE 100 BLOCK WEST & BANNOCK STREET,4,3,0,2,1,4,,0,,1,0,0,0,2,4,2,5
,2018_72534,39.73839654,-104.9634719,4/2/2018 7:43,7:43,6,0,0,14TH AVENUE EAST & RACE STREET NORTH,1,1,0,0,1,1,,0,25,0,0,0,0,0,4,3,14
,2018_72535,39.73869,-104.9023195,3/8/2018 8:36,8:36,4,0,0,14TH AVENUE 7400 BLOCK EAST & QUINCE STREET,1,1,0,0,2,4,,0,30,0,0,0,0,0,4,1,14
,2018_72536,39.73903897,-105.0280208,6/28/2018 2:17,2:17,6,0,0,14TH AVENUE 3100 BLOCK EAST & STREET PAUL STREET NORTH,1,3,0,0,1,4,,0,30,0,0,0,0,0,4,3,5
,2018_72537,39.76561799,-104.9393058,3/4/2018 2:25,2:25,6,0,0,35TH AVENUE 4112 EAST & ALBION STREET NORTH,1,3,0,0,1,4,,0,30,0,0,0,0,0,4,2,13
,2018_72538,39.71781268,-104.9347362,3/15/2018 15:52,15:52,6,0,0,FIRST AVENUE EAST & CLERMONT STREET NORTH,1,1,0,0,1,4,,0,25,0,0,0,0,0,4,2,13
,2018_72539,39.76095336,-105.0043396,3/18/2018 1:56,1:56,12,0,1,20TH STREET & I25 NORTHBOUND RAMPS,1,3,1,0,1,4,,0,35,0,0,0,0,1,4,2,5
,2018_72540,39.75361202,-105.0252835,7/1/2018 13:09,13:09,6,0,0,25TH AVENUE 3000 BLOCK WEST & FEDERAL BOULEVARD NORTH,1,1,0,0,1,4,,0,25,0,0,0,1,0,4,2,13
,2018_72541,39.75285218,-104.9328225,4/3/2018 19:31,19:31,6,0,0,25TH AVENUE EAST & DEXTER STREET,1,1,0,0,1,4,,0,20,0,0,0,0,0,4,2,13
,2018_72542,39.76016402,-104.9293881,3/19/2018 18:40,18:40,5,0,0,30TH AVENUE 5000 BLOCK EAST & ELM STREET EAST,1,2,0,0,3,4,,0,25,0,0,0,0,0,4,2,14
,2018_72543,39.7621388,-105.0345719,5/25/2018 11:58,11:58,15,0,0,32ND AVENUE 3400 BLOCK WEST & LOWELL BOULEVARD NORTH,1,1,1,0,1,4,,0,30,0,0,0,0,0,4,2,13
,2018_72544,39.764484,-104.958564,4/3/2018 7:33,7:33,15,0,0,34TH AVENUE 2400 BLOCK EAST & JOSEPHINE STREET NORTH,1,1,1,0,1,4,,0,30,0,0,0,0,0,4,2,13
,2018_72545,39.76928097,-105.0064581,2/22/2018 15:39,15:39,15,0,0,38TH AVENUE 1600 BLOCK WEST & PECOS STREET NORTH,1,1,1,0,1,4,,0,35,0,0,0,0,0,4,2,13
,2018_72547,39.80377379,-104.8818194,12/16/2018 23:48,23:48,5,0,0,46TH PLACE EAST & BEELER COURT NORTH,1,4,0,0,4,3,,0,25,0,0,0,0,0,4,1,5
,2018_72548,39.77657292,-105.0508316,7/23/2018 17:35,17:35,6,0,0,44TH AVENUE WEST & YATES STREET NORTH,2,1,0,1,1,4,,0,30,0,0,0,0,0,4,2,13
,2018_72549,39.7823733,-104.858991,1/5/2018 12:29,12:29,15,0,2,47TH AVENUE EAST & KINGSTON STREET NORTH,1,1,0,0,1,3,,0,30,0,0,0,0,1,4,2,8
,2018_72550,39.72893828,-104.9928614,4/26/2018 15:16,15:16,12,0,0,EIGHTH AVENUE 300 BLOCK WEST & DELAWARE STREET NORTH,1,1,1,0,1,4,,0,30,0,0,0,0,0,4,2,16
,2018_72551,39.73050146,-105.0001696,3/16/2018 16:54,16:54,14,0,0,NINTH AVENUE 900 BLOCK WEST & KALAMATH STREET NORTH,1,1,1,0,1,4,,0,25,0,0,0,0,0,4,2,13
,2018_72552,39.70944003,-105.0275376,6/12/2018 15:29,15:29,11,0,1,ALASKA PLACE 3101 WEST / DAKOTA ALLEY & HAZEL COURT SOUTH,1,1,0,0,1,5,,0,,0,1,0,0,3,4,2,13
,2018_72553,39.71113204,-104.9815318,5/29/2018 13:40,13:40,12,0,0,ALAMEDA AVENUE EAST & PENNSYLVANIA STREET SOUTH,1,1,0,0,1,1,,0,25,0,0,0,1,0,4,2,16
,2018_72554,39.71134753,-104.9034899,10/29/2018 7:12,7:12,12,0,0,ALAMEDA AVENUE EAST & QUEBEC STREET SOUTH,1,2,0,0,1,4,,0,35,0,0,0,0,0,4,2,8
,2018_72555,39.71134753,-104.9034899,5/25/2018 14:42,14:42,12,0,0,ALAMEDA AVENUE EAST & QUEBEC STREET SOUTH,1,1,0,0,1,4,,0,35,0,0,0,0,0,4,2,1
,2018_72556,39.691431,-104.9128892,9/4/2018 8:00,8:00,12,0,0,CHERRY CREEK DRIVE SOUTH & MONACO PARKWAY SOUTH,1,1,0,0,1,4,,0,35,0,0,0,0,0,4,2,3
,2018_72557,39.67847485,-104.9234219,3/2/2018 9:36,9:36,3,0,0,EVANS AVENUE EAST 5500 BLOCK & HUDSON STREET SOUTH,1,1,0,0,1,2,,0,30,0,0,0,0,0,4,2,13
,2018_72558,39.69664398,-104.917554,2/8/2018 16:56,16:56,8,0,0,KEARNEY STREET SOUTH & MISSISSIPPI AVENUE 6300 EAST,1,1,0,0,1,4,,0,20,0,0,0,0,0,4,2,14
,2018_72559,39.71390529,-104.9890927,9/30/2018 10:53,10:53,6,0,0,MAPLE AVENUE WEST & BANNOCK STREET SOUTH,1,1,0,0,1,4,,0,25,0,0,0,0,0,4,2,13
,2018_72560,39.69658804,-104.8706661,5/30/2018 17:10,17:10,15,0,0,MISSISSIPPI AVENUE EAST & FULTON STREET SOUTH,1,1,0,0,1,1,,0,30,0,0,0,0,0,4,2,13
,2018_72561,39.69675023,-105.0156669,2/1/2018 15:48,15:48,15,0,0,MISSISSIPPI AVENUE 2300 BLOCK WEST & ZUNI STREET,1,1,0,0,1,4,,0,30,0,0,0,0,0,4,2,14
,2018_72562,39.77282666,-104.7914809,10/9/2018 4:50,4:50,12,0,0,PENA BOULEVARD & 40TH AVENUE,2,3,0,1,1,4,,0,65,0,0,0,0,0,4,2,16
,2018_72563,39.7836413,-104.7913916,11/15/2018 2:40,2:40,4,0,0,PENA BOULEVARD & GREEN VALLEY RANCH BOULEVARD,1,3,0,0,1,4,,0,65,0,0,0,0,0,4,1,13
,2018_72564,39.76208358,-105.028932,4/25/2018 12:01,12:01,15,0,0,SPEER BOULEVARD 3100 BLOCK NORTH & GREEN COURT NORTH,1,1,1,0,1,4,,0,30,0,0,0,0,0,4,2,13
,2018_72565,39.66746752,-104.936211,11/11/2018 17:55,17:55,15,0,0,YALE AVENUE & CLERMONT STREET SOUTH,5,3,0,2,1,1,,0,,0,0,0,0,0,4,3,13
,2018_72656,39.77714074,-104.8829694,12/14/2018 8:25,8:25,12,0,0,I70 EASTBOUND EXIT GORE POINT & CENTRAL PARK BOULEVARD,1,1,0,0,1,4,,0,55,0,0,0,0,0,1,4,14
,2018_72660,39.83346184,-104.692932,9/3/2018 17:55,17:55,15,0,0,PENA BOULEVARD 8400 BLOCK & JACKSON GAP STREET NORTH,1,1,1,0,1,4,,0,45,0,0,0,0,0,4,2,8
,2018_72661,39.83346184,-104.692932,5/10/2018 18:15,18:15,15,0,0,PENA BOULEVARD 8100 BLOCK & JACKSON GAP STREET NORTH,1,1,1,1,1,4,,0,45,0,0,0,0,0,4,2,8
,2018_72662,39.83339549,-104.7719815,1/21/2018 14:10,14:10,5,0,0,PENA BOULEVARD & TOWER ROAD NORTH,4,1,1,2,3,4,,0,55,0,0,0,0,0,4,1,13
,2018_72665,39.74604759,-105.0021933,10/6/2018 8:00,8:00,6,0,0,LAWRENCE 1200 BLOCK & LARIMER STREET,1,1,0,0,1,4,,0,25,0,0,0,0,0,4,2,14
,2018_72666,39.76927667,-105.0029594,2/17/2018 14:30,14:30,6,0,0,MARIPOSA STREET 3746 NORTH & 38TH AVENUE WEST,1,1,0,0,1,4,,0,,0,0,0,0,0,4,2,13
,2018_72746,39.71112841,-105.0327428,3/29/2018 18:16,18:16,3,0,0,MORRISON ROAD & ALAMEDA AVENUE WEST,2,3,0,0,1,2,,0,,0,0,0,0,0,4,2,13
,2018_72747,39.65175182,-105.0531568,12/17/2018 8:52,8:52,12,0,0,SHERIDAN BOULEVARD NORTHBOUND ON SLIP RAMP & HAMPDEN AVENUE WEST,1,1,0,0,1,4,,0,40,0,0,0,0,0,4,2,13