id,drcog_id,latitude,longitude,crashtime,time,crashtype,numbkilled,numbinjurd,drcoglocat,rdconditin,lightngcon,roadcntgrd,weatherco,location,roaddescrp,schoolzone,constrzone,splimit,bikeinv,pedinv,sctrinv,motoinv,svrty,rdsystem,ttlvehcls,hcf
,2018_72748,39.74691936,-104.9969001,5/8/2018 9:04,9:04,15,0,0,15TH STREET 1000 BLOCK & ARAPAHOE STREET,1,1,0,0,1,4,,0,25,0,0,0,0,0,4,2,13
,2018_72749,39.74403472,-104.9882696,3/27/2018 3:00,3:00,12,0,0,17TH STREET & TREMONT STREET,4,3,0,2,1,4,,0,25,0,0,0,0,0,4,2,13
,2018_72750,39.78273673,-104.760981,2/15/2018 7:20,7:20,3,0,0,47TH DRIVE EAST & FLANDERS WAY NORTH,1,1,1,0,1,2,,0,20,0,0,0,0,0,4,2,13
,2018_72752,39.77004259,-105.0174299,11/12/2018 14:16,14:16,6,0,0,ALCOTT STREET NORTH & 39TH AVENUE WEST,5,1,0,0,1,4,,0,25,0,0,0,0,0,4,2,13
,2018_72753,39.740544,-104.986728,4/2/2018 11:33,11:33,15,0,0,BROADWAY 1500 BLOCK NORTH & 16TH STREET,1,1,0,0,1,1,,0,25,0,0,0,0,0,4,2,14
,2018_72754,39.684123,-105.0180337,2/6/2018 17:55,17:55,5,0,0,BRYANT STREET 1814 SOUTH & COLORADO AVENUE WEST,1,3,0,0,2,4,,0,25,0,0,0,0,0,4,3,14
,2018_72755,39.71356995,-104.9923691,9/6/2018 23:00,23:00,6,0,0,CHEROKEE STREET SOUTH & MAPLE AVENUE WEST,1,3,0,0,1,4,,0,,0,0,0,0,0,4,2,13
,2018_72756,39.78034555,-104.809849,2/23/2018 7:50,7:50,15,0,1,CHAMBERS ROAD NORTH & BOLLING DRIVE EAST,9,1,0,2,1,3,,0,40,0,0,0,0,1,4,2,14
,2018_72757,39.74379595,-104.956961,10/17/2018 11:12,11:12,3,0,0,CITY PARK ESPLANADE & 17TH AVENUE EAST,1,1,0,0,1,2,,0,,0,0,0,0,0,4,2,13
,2018_72758,39.71465935,-104.9499454,10/17/2018 13:11,13:11,15,0,0,CHERRY CREEK DRIVE NORTH & BAYAUD AVENUE EAST,1,1,1,0,1,4,,0,30,0,0,0,0,0,4,2,13
,2018_72759,39.7416779,-104.9775569,12/16/2018 0:00,0:00,12,0,0,CLARKSON STREET & 16TH AVENUE EAST,1,3,0,0,1,3,,0,30,0,0,0,0,0,4,2,13
,2018_72760,39.7402412,-104.9547442,3/8/2018 13:55,13:55,6,0,0,DETROIT STREET 1500 BLOCK NORTH & 16TH AVENUE EAST,1,1,0,0,1,4,,0,25,0,0,0,0,0,4,2,15
,2018_72761,39.75000119,-105.0252795,8/2/2018 0:55,0:55,5,0,0,FEDERAL BOULEVARD 2142 NORTH & 22ND AVENUE WEST,1,3,0,0,3,4,,0,35,0,0,0,0,0,4,1,14
,2018_72763,39.74020188,-104.9268692,1/23/2018 12:30,12:30,6,0,0,FOREST STREET 1400 BLOCK NORTH & COLFAX AVENUE,1,1,0,0,1,4,,0,25,0,0,0,0,0,4,2,13
,2018_72764,39.71131855,-104.8928965,10/15/2018 15:22,15:22,12,0,2,FAIRMOUNT DRIVE EAST & ALAMEDA AVENUE EAST,1,1,0,0,1,2,,0,30,0,0,0,0,2,4,2,16
,2018_72765,39.70566901,-104.968711,5/15/2018 18:00,18:00,6,0,0,FRANKLIN STREET SOUTH & CENTRE AVENUE EAST,1,1,0,0,1,4,,0,20,0,0,0,0,0,4,2,12
,2018_72766,39.73845397,-104.9953095,5/29/2018 15:51,15:51,6,0,0,FOX STREET 1330 NORTH & 14TH AVENUE WEST,1,1,0,0,1,4,,0,25,0,0,0,0,0,4,2,14
,2018_72767,39.7400214,-104.9964478,3/23/2018 8:31,8:31,3,0,0,GALAPAGO STREET 1400 BLOCK NORTH & COLFAX AVENUE WEST,1,1,0,0,1,2,,0,10,0,0,0,0,0,4,2,14
,2018_72768,39.68935572,-104.9264592,3/10/2018 22:00,22:00,5,0,1,GLENCOE STREET 1503 SOUTH & FLORIDA AVENUE EAST,1,4,0,0,2,4,,0,25,0,0,0,0,2,4,1,10
,2018_72769,39.74027654,-105.0298605,3/7/2018 15:28,15:28,15,0,0,IRVING STREET 1400 BLOCK NORTH & COLFAX AVENUE WEST,1,1,1,0,1,4,,0,30,0,0,0,0,0,4,2,13
,2018_72770,39.68223264,-105.043248,3/30/2018 19:57,19:57,12,0,0,JEWELL AVENUE WEST & STUART STREET SOUTH,1,4,0,0,1,1,,0,25,0,0,0,0,0,4,2,14
,2018_72771,39.74004702,-105.0001922,2/9/2018 13:39,13:39,12,0,0,KALAMATH STREET 1400 BLOCK NORTH & COLFAX AVENUE WEST,1,1,1,0,1,4,,0,30,0,0,0,0,0,4,2,3
,2018_72773,39.73525186,-104.9861233,3/8/2018 13:22,13:22,12,0,0,LINCOLN STREET NORTH & 12TH AVENUE EAST,1,1,0,0,1,1,,0,30,0,0,0,0,0,4,2,14
,2018_72774,39.732291,-104.9857515,12/14/2018 10:00,10:00,12,0,0,LINCOLN STREET 1000 BLOCK NORTH & 11TH AVENUE,1,1,0,0,1,4,,0,30,0,0,0,0,0,4,3,14
,2018_72775,39.743721,-104.98545,4/12/2018 10:49,10:49,15,0,0,LINCOLN STREET 1700 BLOCK NORTH & 17TH STREET,1,1,0,0,1,4,,0,25,0,0,0,0,0,4,2,14
,2018_72776,39.70569614,-104.9863028,5/3/2018 15:20,15:20,12,0,0,LINCOLN STREET SOUTH & CENTER AVENUE EAST,2,1,0,1,1,4,,0,30,0,0,0,0,0,4,2,1
,2018_72777,39.758382,-104.9140144,3/23/2018 1:05,1:05,6,0,0,LOCUST STREET & 29TH AVENUE EAST,1,3,0,0,1,4,,0,25,0,0,0,0,0,4,3,5
,2018_72778,39.73515483,-104.9817283,1/10/2018 11:30,11:30,15,0,0,LOGAN STREET 1200 BLOCK NORTH & 13TH AVENUE,1,1,0,0,1,4,,0,25,0,0,0,0,0,4,2,14
,2018_72779,39.741903,-104.9819805,1/26/2018 8:20,8:20,12,0,0,LOGAN STREET 1600 BLOCK NORTH & 17TH AVENUE EAST,1,1,0,0,1,4,,0,25,0,0,0,0,0,4,3,14
,2018_72780,39.71444846,-104.9757485,4/5/2018 20:18,20:18,6,0,0,OGDEN STREET SOUTH & BAYAUD AVENUE EAST,1,3,0,0,1,2,,0,,0,0,0,0,0,4,2,13
,2018_72781,39.72927933,-104.912811,11/2/2018 7:17,7:17,12,0,0,MONACO STREET 700 BLOCK NORTH & EIGHTH AVENUE EAST,1,2,0,0,1,4,,0,30,0,0,0,0,0,4,3,13
,2018_72782,39.73691082,-105.0052571,9/17/2018 12:12,12:12,6,0,0,OSAGE STREET 1300 BLOCK NORTH & 14TH AVENUE WEST,1,1,0,0,1,4,,0,25,0,0,0,0,0,4,2,13
,2018_72783,39.76568219,-104.9948421,4/30/2018 16:27,16:27,15,0,0,PARK AVENUE WEST 3300 BLOCK & GLOBEVILLE ROAD,1,1,1,0,1,4,,0,35,0,0,0,0,0,4,2,13
,2018_72784,39.74326405,-104.9798306,3/2/2018 12:15,12:15,6,0,0,PEARL STREET 1700 BLOCK NORTH & 18TH AVENUE,1,1,0,0,1,4,,0,25,0,0,0,0,0,4,2,14
,2018_72785,39.7983851,-104.7864107,4/5/2018 15:38,15:38,12,0,0,PENA BOULEVARD 5500 BLOCK & 56TH AVENUE EAST,1,1,0,0,1,4,,0,55,0,0,0,0,0,4,2,3
,2018_72786,39.844602,-104.680935,3/27/2018 5:48,5:48,15,0,0,PENA BOULEVARD & EAST / WEST TERMINAL SPLIT,2,3,0,0,1,4,,0,45,0,0,0,0,0,4,2,1
,2018_72787,39.83339549,-104.7719815,10/18/2018 10:10,10:10,15,0,0,PENA BOULEVARD & TOWER ROAD NORTH,1,1,0,0,1,4,,0,55,0,0,0,0,0,4,2,16
,2018_72788,39.83339549,-104.7719815,10/18/2018 10:50,10:50,12,0,0,PENA BOULEVARD INBOUND & TOWER ROAD NORTH,1,1,0,0,1,4,,0,65,0,0,0,0,0,4,2,14
,2018_72789,39.69117901,-104.9815904,6/3/2018 17:04,17:04,6,0,0,PENNSYLVANIA 1400 BLOCK SOUTH & ARKANSAS AVENUE EAST,1,1,0,0,1,4,,0,25,0,0,0,0,0,4,2,13
,2018_72790,39.77420363,-104.8471214,10/31/2018 21:40,21:40,15,0,0,PEORIA STREET NORTH & I70,1,3,0,0,1,8,,0,30,0,0,0,0,0,4,2,3
,2018_72791,39.77420363,-104.8471214,4/17/2018 18:00,18:00,15,0,0,PEORIA STREET & I70 EASTBOUND SLIP RAMP OFF,1,1,0,0,1,3,,0,35,0,0,0,0,0,4,4,13
,2018_72792,39.63203459,-105.0415721,8/28/2018 16:00,16:00,6,0,0,PERRT STREET & 300 BLOCK SOUTH,1,1,0,0,1,4,,0,25,0,0,0,0,0,4,2,13
,2018_72793,39.77685,-105.038919,3/9/2018 14:22,14:22,14,0,0,PERRY STREET 4400 BLOCK NORTH & 45TH AVENUE WEST,1,1,1,0,1,4,,0,25,0,0,0,0,0,4,2,13
,2018_72794,39.74259601,-104.9034587,6/26/2018 15:15,15:15,12,0,0,QUEBEC STREET NORTH & BATAVIA PLACE,1,1,0,0,1,4,,0,30,0,0,0,0,0,4,2,13
,2018_72795,39.73362983,-104.9940972,7/27/2018 19:17,19:17,15,0,0,SPEER BOULEVARD & ELATI STREET NORTH,1,1,0,0,1,4,,0,30,0,0,0,0,0,4,2,14
,2018_72796,39.70385992,-104.9593595,3/22/2018 16:28,16:28,12,0,0,UNIVERSITY BOULEVARD 700 BLOCK SOUTH & EXPOSITION AVENUE EAST,1,1,0,0,1,4,,0,30,0,0,0,0,0,4,2,13
,2018_72797,39.692961,-104.9593432,6/27/2018 12:05,12:05,12,0,0,UNIVERSITY 1300 BLOCK SOUTH & LOUISIANA AVENUE EAST,1,1,0,0,1,4,,0,35,0,0,0,0,0,4,3,3
,2018_72798,39.63861914,-105.045304,2/11/2018 6:00,6:00,6,0,0,UTICA STREET SOUTH & QUINCY AVENUE WEST,2,3,0,0,1,4,,0,25,0,0,0,0,0,4,2,13
,2018_72799,39.746412,-104.97897,5/9/2018 10:12,10:12,6,0,0,WASHINGTON STREET 1915 BLOCK NORTH & 19TH STREET,1,1,0,0,1,4,,0,25,0,0,0,0,0,4,2,14
,2018_72800,39.74148677,-104.9952256,11/24/2018 18:53,18:53,12,0,0,WELTON STREET & 1600 BLOCK,1,3,0,0,1,4,,0,25,0,0,0,0,0,4,2,14
,2018_72801,39.77861359,-104.9594,9/5/2018 17:27,17:27,15,0,0,YORK STREET NORTH & 45TH AVENUE EAST,2,1,0,1,1,4,,0,30,0,0,0,0,0,4,2,13
,2018_72802,39.65309102,-104.8847846,5/28/2018 15:30,15:30,15,0,0,YOSEMITE STREET SOUTH & HAMPDEN AVENUE EAST,1,1,0,0,1,4,,0,30,0,0,0,0,0,4,2,13
,2018_72881,39.69853222,-104.9035564,8/21/2018 8:34,8:34,1,0,2,PARKER ROAD SOUTH & QUEBEC STREET SOUTH,1,1,0,0,1,2,,0,35,0,0,0,0,1,4,2,13
,2018_72882,39.83339549,-104.7719815,1/9/2018 15:35,15:35,9,0,1,PENA BOULEVARD 7000 BLOCK & TOWER ROAD,1,1,0,0,3,4,,0,65,0,0,0,0,2,4,1,10
,2018_72883,39.844602,-104.680935,8/24/2018 5:00,5:00,5,0,0,PENA BOULEVARD 6000 BLOCK & 78TH AVENUE,1,3,0,0,2,4,,0,55,0,0,0,0,0,4,1,13
,2018_72885,39.75383836,-104.9944815,12/11/2018 15:17,15:17,6,0,0,BLAKE STREET 1940 BLOCK NORTH & 20TH STREET,1,1,0,0,1,4,,0,,0,0,0,0,0,4,2,13
,2018_72898,39.75713369,-104.9634496,7/22/2018 16:27,16:27,6,0,0,RACE STREET NORTH & 28TH AVENUE EAST,1,1,0,0,1,4,,0,25,0,0,0,0,0,4,2,13
,2018_72977,39.83339549,-104.7719815,10/7/2018 17:01,17:01,9,0,0,PENA BOULEVARD OUTB 6700 BLOCK & TOWER ROAD,2,1,1,1,1,4,,0,55,0,0,0,0,0,4,1,7
,2018_72978,39.73507201,-104.9586094,10/13/2018 13:44,13:44,12,0,0,12TH AVENUE EAST & JOSEPHINE STREET,1,1,0,0,1,5,,0,15,0,0,0,0,0,4,2,7
,2018_72979,39.73687209,-104.9798808,4/11/2018 8:25,8:25,15,0,0,13TH AVENUE & PEARL STREET NORTH,1,1,0,0,1,4,,0,,0,0,0,0,0,4,2,8
,2018_72980,39.74324898,-104.973408,4/16/2018 11:31,11:31,5,0,0,17TH AVENUE EAST & DOWNING STREET NORTH,1,1,0,0,3,4,,0,25,0,0,0,0,0,4,1,14
,2018_72981,39.71816101,-105.0250196,1/20/2018 23:55,23:55,12,0,0,FIRST AVENUE 3000 BLOCK WEST & FEDERAL BOULEVARD NORTH,2,3,0,2,1,4,,0,25,0,0,0,0,0,4,2,13
,2018_72982,39.71782113,-104.9461605,6/5/2018 14:20,14:20,6,0,0,FIRST AVENUE EAST & MADISON STREET NORTH,1,1,0,0,1,1,,0,25,0,0,0,0,0,4,2,3
,2018_72983,39.75615727,-104.9919213,10/3/2018 20:32,20:32,12,0,1,22ND STREET & BLAKE STREET,1,4,0,0,1,3,,0,30,0,0,0,0,1,4,2,1
,2018_72984,39.75102898,-104.9407642,10/22/2018 12:23,12:23,12,0,0,23RD AVENUE EAST & COLORADO BOULEVARD NORTH,1,1,0,0,1,2,,0,30,0,0,0,0,0,4,2,8
,2018_72985,39.75072711,-104.9708925,4/13/2018 9:15,9:15,6,0,0,23RD AVENUE 1300 BLOCK EAST & LAFAYETTE STREET,1,1,0,0,1,4,,0,25,0,0,0,0,0,4,2,7
,2018_72986,39.76030801,-105.0428337,10/12/2018 18:13,18:13,6,0,0,30TH AVENUE 4300 BLOCK WEST & STUART STREET NORTH,1,1,0,0,1,4,,0,20,0,0,0,0,0,4,2,13
,2018_72987,39.76762504,-105.0381358,1/17/2018 14:53,14:53,5,0,1,37TH AVENUE WEST & OSCEOLA STREET NORTH,1,1,0,0,3,3,,0,25,0,0,0,0,1,4,1,10
,2018_72988,39.76927634,-104.9045395,8/23/2018 12:07,12:07,6,0,0,38TH AVENUE 7100 BLOCK EAST & POPLAR STREET,1,1,0,0,1,4,,0,25,0,0,0,0,0,4,2,13
,2018_72989,39.77053046,-105.0029594,8/8/2018 15:48,15:48,14,0,0,39TH AVENUE 1400 WEST & MARIPOSA STREET NORTH,1,1,1,0,1,4,,0,25,0,0,0,0,0,4,2,13
,2018_72990,39.77650759,-104.9624319,9/12/2018 17:19,17:19,12,0,1,43RD AVENUE EAST & VINE STREET NORTH,1,1,0,0,1,4,,0,25,0,0,0,1,1,4,2,13
,2018_72991,39.77673909,-105.0357691,8/27/2018 14:24,14:24,3,0,1,44TH AVENUE 3800 BLOCK WEST & MEADE STREET NORTH,1,1,0,0,1,2,,0,30,0,0,0,1,1,4,2,13
,2018_72992,39.77888669,-104.8247804,1/31/2018 19:37,19:37,5,0,0,46TH AVENUE EAST & ANDREWS DRIVE EAST,1,3,0,0,2,4,,0,30,0,0,0,0,0,4,1,13
,2018_72993,39.779127,-104.8225236,10/13/2018 3:00,3:00,6,0,0,46TH AVENUE EAST & DULUTH COURT NORTH,1,3,0,0,2,4,,0,25,0,0,0,0,0,4,2,2
,2018_72994,39.80147088,-104.8820492,2/5/2018 15:03,15:03,6,0,0,58TH AVENUE & BEELER STREET,1,1,0,0,1,4,,0,,0,0,0,0,0,4,2,13
,2018_72995,39.72563101,-104.9775548,10/13/2018 18:01,18:01,3,0,0,SIXTH AVENUE EAST & CLARKSON STREET NORTH,1,1,0,0,1,2,,0,30,0,0,0,0,0,4,2,8
,2018_72996,39.72565007,-104.9891899,3/12/2018 16:43,16:43,12,0,0,SIXTH AVENUE 100 BLOCK WEST & ACOMA STREET NORTH,1,1,1,0,1,4,,0,30,0,0,0,0,0,4,2,16
,2018_72997,39.7262796,-105.000164,12/5/2018 9:57,9:57,12,0,0,SIXTH AVENUE WEST & KALAMATH STREET NORTH,1,1,1,0,1,4,,0,35,0,0,0,0,0,4,2,13
,2018_72998,39.72737686,-104.9406044,10/27/2018 11:00,11:00,3,0,0,SEVENTH AVENUE EAST & COLORADO BOULEVARD,1,1,0,0,1,5,,0,,0,0,0,0,0,4,2,13
,2018_72999,39.74830468,-104.9986178,9/6/2018 12:47,12:47,6,0,0,LARIMER STREET & 15TH STREET,1,1,0,0,1,4,,0,,0,0,0,0,0,4,2,13
,2018_73000,39.73046597,-104.969448,9/28/2018 21:00,21:00,6,0,0,NINTH AVENUE 1400 BLOCK & HUMBOLDT STREET NORTH,1,3,0,0,1,4,,0,30,0,0,0,0,0,4,2,5
,2018_73001,39.71118605,-104.8929097,7/13/2018 17:20,17:20,12,0,0,ALAMEDA AVENUE 7800 EAST & FAIRMOUNT DRIVE EAST,1,1,0,0,1,4,,0,45,0,0,0,0,0,4,2,13
,2018_73002,39.70707432,-104.8854052,11/25/2018 4:13,4:13,5,0,1,ALAMEDA AVENUE 8600 BLOCK EAST & XENIA STREET SOUTH,5,3,0,2,3,4,,0,35,0,0,0,0,3,4,1,7
,2018_73003,39.69477471,-104.9792533,9/13/2018 10:55,10:55,12,0,0,BUCHTEL BOULEVARD EAST & WASHINGTON STREET SOUTH,1,1,0,0,1,4,,0,30,0,0,0,0,0,4,2,13
,2018_73004,39.706056,-104.9407892,3/5/2018 12:04,12:04,15,0,0,CHERRY CREEK SOUTH DRIVE & COLORADO BOULEVARD SOUTH,1,1,0,0,1,4,,0,30,0,0,0,0,0,4,2,13
,2018_73005,39.75005519,-105.0049104,11/21/2018 12:38,12:38,12,0,1,CHOPPER CIRCLE 1100 BLOCK & SPEER BOULEVARD,1,1,1,0,1,4,,0,30,0,0,0,0,1,4,2,13
,2018_73006,39.722526,-104.9928245,2/9/2018 11:59,11:59,3,0,0,DELAWARE STREET NORTH & FOURTH AVENUE WEST,1,1,0,0,1,1,,0,25,0,0,0,0,0,4,2,13
,2018_73007,39.67849802,-104.9875673,2/7/2018 16:12,16:12,15,0,0,EVANS AVENUE WEST & BROADWAY SOUTH,1,1,0,0,1,4,,0,35,0,0,0,0,0,4,2,13
,2018_73008,39.67845252,-104.9407432,3/9/2018 16:11,16:11,12,0,0,EVANS AVENUE 3900 BLOCK EAST & COLORADO BOULEVARD SOUTH,1,1,0,0,1,3,,0,35,0,0,0,0,0,4,3,7
,2018_73009,39.67846381,-104.9251907,11/21/2018 7:44,7:44,12,0,0,EVANS AVENUE 5000 BLOCK EAST & GRAPE STREET SOUTH,1,1,0,0,1,4,,0,30,0,0,0,0,0,4,2,3
,2018_73010,39.68225025,-105.0283214,8/23/2018 8:00,8:00,12,0,0,JEWELL AVENUE 3200 WEST & HOOKER STREET SOUTH,1,1,0,0,1,4,,0,30,0,0,0,0,0,4,3,1
,2018_73011,39.75239624,-104.9915543,7/9/2018 17:00,17:00,10,0,0,LAWRENCE STREET 2000 BLOCK & 21ST STREET,1,1,0,0,1,2,,0,35,0,0,0,0,0,4,2,7
,2018_73012,39.74617936,-104.9765715,11/19/2018 13:30,13:30,12,0,0,PARK AVENUE WEST & 19TH AVENUE EAST,1,1,1,0,1,1,,0,,0,0,0,0,0,4,2,3
,2018_73013,39.83346184,-104.692932,10/25/2018 20:05,20:05,5,0,0,PENA BOULEVARD INBOUND & JACKSON GAP ROAD NORTH,1,3,0,0,3,4,,0,55,0,0,0,0,0,4,1,14
,2018_73014,39.844602,-104.680935,6/30/2018 3:57,3:57,15,0,0,PENA BOULEVARD 7200 BLOCK & E470 SOUTHBOUND RAMP ENTRANCE GORE,1,3,0,0,1,4,,0,,0,0,0,0,0,4,2,13
,2018_73015,39.83441409,-104.7155128,11/17/2018 14:10,14:10,12,0,0,PENA BOULEVARD EASTBOUND RAMP OFF & GUN CLUB ROAD,5,1,1,2,1,4,,0,45,0,0,0,0,0,4,2,1
,2018_73016,39.83339549,-104.7719815,9/8/2018 3:30,3:30,9,0,1,PENA BOULEVARD 6500 BLOCK & TOWER ROAD,1,5,1,0,1,4,,0,25,0,0,0,1,3,4,1,13
,2018_73017,39.63867014,-104.8926597,11/8/2018 18:43,18:43,12,0,0,QUINCY AVENUE 7900 BLOCK EAST & TAMARAC DRIVE SOUTH,1,3,0,0,1,4,,0,30,0,0,0,0,0,4,2,16
,2018_73018,39.63977228,-105.0533098,10/7/2018 11:25,11:25,12,0,0,QUINCY AVENUE WEST & SHERIDAN BOULEVARD SOUTH,1,1,0,0,1,4,,0,35,0,0,0,0,0,4,2,16
,2018_73019,39.75507786,-105.0127937,9/5/2018 14:29,14:29,12,0,0,SPEER BOULEVARD NORTH & I25 NORTHBOUND ON RAMP GORE POINT,1,1,0,0,1,4,,0,35,0,0,0,0,0,4,2,12
,2018_73020,39.69843285,-104.9082324,12/24/2018 14:20,14:20,3,0,0,TENNESSEE AVENUE 6800 BLOCK EAST & ONEIDA STREET,1,1,0,0,1,2,,0,25,0,0,0,0,0,4,2,13
,2018_73021,39.66762584,-104.9036085,12/7/2018 14:59,14:59,12,0,1,YALE AVENUE 7200 BLOCK EAST & QUEBEC STREET SOUTH,1,1,1,0,1,4,,0,30,0,0,0,0,2,4,2,13
,2018_73095,39.74957765,-104.9830483,11/17/2018 20:00,20:00,6,0,0,GLENARM PLACE 2200 BLOCK & 22ND STREET,1,1,0,0,1,4,,0,30,0,0,0,0,0,4,2,13
,2018_73096,39.76928678,-105.0112113,3/19/2018 8:02,8:02,5,0,0,38TH AVENUE WEST & TEJON STREET NORTH,1,1,0,0,3,4,,0,,0,0,0,0,0,4,1,13
,2018_73099,39.73276522,-105.0286719,8/20/2018 16:32,16:32,6,0,0,HOOKER STREET NORTH & 10TH AVENUE WEST,1,1,0,0,1,4,,0,,0,0,0,0,0,4,2,13
,2018_73108,39.83339549,-104.7719815,8/2/2018 12:55,12:55,15,0,0,PENA BOULEVARD 7400 BLOCK & TOWER ROAD,1,1,0,0,1,4,,0,,0,0,0,0,0,4,2,12
,2018_73110,39.77837143,-105.0427372,8/24/2018 11:01,11:01,6,0,0,45TH AVENUE WEST & STUART STREET NORTH,1,1,0,0,1,4,,0,25,0,0,0,0,0,4,2,13
,2018_73111,39.76463224,-104.9809774,4/22/2018 20:13,20:13,6,0,0,31ST STREET & BLAKE STREET,1,2,1,0,1,4,,0,25,0,0,0,0,0,4,2,14
,2018_73112,39.77886775,-104.8146995,6/6/2018 19:35,19:35,6,0,0,FONTANA WAY 4600 BLOCK NORTH & 46TH AVENUE EAST,1,1,0,0,1,2,,0,25,0,0,0,0,0,4,2,13
,2018_73198,39.65746183,-105.03468,6/1/2018 17:27,17:27,5,0,0,LOWELL ROAD SOUTH & GIRARD AVENUE WEST,1,1,1,0,3,4,,0,25,0,0,0,0,0,4,1,1
,2018_73222,39.73891052,-104.9681115,4/5/2018 14:00,14:00,6,0,0,FRANKLIN STREET 1400 BLOCK NORTH & 14TH AVENUE EAST,1,1,0,0,1,4,,0,,0,0,0,0,0,4,2,13
,2018_73261,39.74347418,-104.982039,12/30/2018 16:10,16:10,6,0,0,LOGAN STREET 1700 BLOCK NORTH & 17TH AVENUE EAST,1,2,0,0,1,4,,0,30,0,0,0,0,0,4,2,13
,2018_73270,39.74056205,-104.975307,4/13/2018 21:00,21:00,6,0,0,COLFAX AVENUE EAST & OGDEN STREET NORTH,1,2,0,0,1,4,,0,30,0,0,0,0,0,4,2,13
,2018_73308,39.78977113,-104.902848,1/31/2018 12:47,12:47,14,0,0,SANDCREEK DRIVE & 49TH AVENUE EAST,1,1,0,0,1,4,,0,,0,0,0,0,0,4,2,13
,2018_73310,39.78498161,-104.791392,9/17/2018 2:30,2:30,15,0,0,PENA BOULEVARD INBO 4900 BLOCK & GREEN VALLEY RANCH BOULEVARD,1,1,0,0,1,4,,0,55,0,0,0,0,0,4,2,13
,2018_73311,39.75309317,-104.9921415,12/11/2018 21:08,21:08,6,0,0,LARIMER STREET 2000 BLOCK & 20TH STREET,1,3,1,0,1,3,,0,30,0,0,0,0,0,4,3,1
,2018_73313,39.74356978,-104.994621,1/30/2018 9:05,9:05,6,0,0,14TH STREET & CALIFORNIA STREET,1,1,0,0,1,4,,0,30,0,0,0,0,0,4,2,7
,2018_73314,39.74922452,-104.9995305,2/8/2018 21:05,21:05,6,0,0,15TH STREET & MARKET STREET,1,3,1,0,1,4,,0,25,0,0,0,0,0,4,2,7
,2018_73315,39.74818465,-104.9959072,9/12/2018 19:00,19:00,12,0,0,16TH STREET & NINTH AVENUE EAST,1,1,0,0,1,4,,0,35,0,0,0,0,0,4,2,5
,2018_73316,39.74793642,-104.992722,10/10/2018 13:55,13:55,15,0,0,17TH STREET 900 BLOCK & CHAMPA STREET,1,1,0,0,1,4,,0,30,0,0,0,0,0,4,2,13
,2018_73317,39.75696452,-104.9998815,2/10/2018 17:52,17:52,5,0,0,19TH STREET & CHESTNUT PLACE,4,3,0,2,3,4,,0,25,0,0,0,0,0,4,1,5
,2018_73318,39.75041479,-104.9911515,10/17/2018 19:30,19:30,15,0,0,19TH STREET & CURTIS STREET,1,3,0,0,1,4,,0,25,0,0,0,0,0,4,2,13
,2018_73319,39.75082657,-104.9911515,12/2/2018 15:00,15:00,6,0,0,19TH STREET & CURTIS STREET,1,1,0,0,1,4,,0,35,0,0,0,0,0,4,2,13
,2018_73320,39.74789252,-104.9855805,7/10/2018 17:30,17:30,12,0,0,20TH STREET 500 BLOCK & GLENARM PLACE,1,1,0,0,1,3,,0,30,0,0,0,0,0,4,2,13
,2018_73321,39.77486105,-104.9772015,8/31/2018 9:55,9:55,12,0,0,38TH STREET & CHESTNUT PLACE,1,1,0,0,1,4,,0,30,0,0,0,0,0,4,2,14
,2018_73322,39.77389352,-104.976288,10/1/2018 6:47,6:47,12,0,0,38TH STREET & DELGANY STREET,1,1,1,0,1,4,,0,35,0,0,0,0,0,4,2,16
,2018_73324,39.79135352,-105.02163,4/21/2018 2:52,2:52,6,0,0,52ND AVENUE WEST & DECATUR STREET NORTH,2,3,0,1,1,4,,0,25,0,0,0,0,0,4,4,13
,2018_73325,39.79212933,-104.746563,9/13/2018 13:15,13:15,14,0,0,52ND AVENUE EAST & KIRK STREET NORTH,1,1,0,0,1,4,,0,25,0,0,0,0,0,4,2,3
,2018_73326,39.85756211,-104.639229,11/18/2018 23:37,23:37,5,0,1,88TH AVENUE EAST & HARDWRICK STREET NORTH,1,4,0,0,2,4,,0,,0,0,0,0,2,4,1,8
,2018_73327,39.72974366,-105.0314085,1/4/2018 8:30,8:30,5,0,0,EIGHTH AVENUE WEST 800 BLOCK ALLEY & 3417 WEST EIGHTH AVENUE,1,1,0,0,3,5,,0,,0,0,0,0,0,4,1,13
,2018_73329,39.77380825,-104.937939,6/5/2018 7:45,7:45,3,0,1,ALBION STREET 4000 BLOCK NORTH & 40TH AVENUE EAST,1,1,0,0,1,1,,0,30,0,0,0,1,3,4,2,13
,2018_73330,39.73444879,-104.98986,6/17/2018 17:07,17:07,8,0,1,BANNOCK STREET 1100 BLOCK NORTH & 11TH AVENUE EAST,2,1,0,1,1,4,,0,30,0,0,0,0,1,4,3,13
,2018_73332,39.76504562,-104.984892,6/14/2018 9:30,9:30,12,0,0,BRIGHTON BOULEVARD 2900 BLOCK & 29TH STREET,1,1,0,0,1,3,,0,30,0,0,0,0,0,4,2,3
,2018_73333,39.73259252,-104.9870205,4/29/2018 3:22,3:22,6,0,0,BROADWAY STREET 1000 BLOCK NORTH & 10TH AVENUE EAST,1,3,0,0,1,4,,0,30,0,0,0,0,0,4,2,5