id,drcog_id,latitude,longitude,crashtime,time,crashtype,numbkilled,numbinjurd,drcoglocat,rdconditin,lightngcon,roadcntgrd,weatherco,location,roaddescrp,schoolzone,constrzone,splimit,bikeinv,pedinv,sctrinv,motoinv,svrty,rdsystem,ttlvehcls,hcf
,2018_73334,39.74233052,-104.986962,3/1/2018 13:40,13:40,6,0,0,BROADWAY 1600 BLOCK NORTH & 16TH STREET,1,1,0,0,1,4,,0,25,0,0,0,0,0,4,2,14
,2018_73335,39.74260505,-104.986962,3/13/2018 15:10,15:10,6,0,0,BROADWAY 1600 BLOCK NORTH & 16TH STREET,1,1,0,0,1,4,,0,30,0,0,0,0,0,4,2,13
,2018_73336,39.74260505,-104.986962,6/27/2018 12:30,12:30,15,0,0,BROADWAY 1600 BLOCK NORTH & 16TH AVENUE EAST,1,1,0,0,1,4,,0,30,0,0,0,0,0,4,2,13
,2018_73337,39.74647726,-104.9871915,10/15/2018 17:35,17:35,15,0,0,BROADWAY 1900 BLOCK NORTH & 19TH AVENUE EAST,1,1,1,0,1,4,,0,30,0,0,0,0,0,4,2,13
,2018_73338,39.67655672,-104.98716,9/11/2018 12:55,12:55,15,0,0,BROADWAY STREET 2200 BLOCK NORTH & 22ND STREET,1,1,0,0,1,4,,0,30,0,0,0,0,0,4,2,13
,2018_73339,39.6731762,-104.9875811,11/3/2018 4:56,4:56,5,0,0,BROADWAY SOUTH & WESLEY AVENUE EAST,2,3,0,1,3,4,,0,35,0,0,0,0,0,4,1,5
,2018_73340,39.75305179,-104.9825115,11/10/2018 0:00,0:00,6,0,2,CALIFORNIA STREET & 24TH STREET,1,3,0,0,1,4,,0,25,0,0,0,0,1,4,4,5
,2018_73341,39.76049221,-105.006879,6/17/2018 22:13,22:13,14,0,0,CENTRAL STREET & 18TH STREET,2,3,0,1,1,4,,0,25,0,0,0,0,0,4,2,1
,2018_73342,39.76068351,-105.0067859,11/29/2018 23:30,23:30,8,0,3,CENTRAL STREET 1800 BLOCK & 18TH STREET,1,3,0,0,1,4,,0,25,0,0,0,0,2,4,2,5
,2018_73343,39.77098684,-104.887831,10/14/2018 7:40,7:40,14,0,0,CENTRAL PARK BOULEVARD NORTH & SMITH ROAD EAST,4,1,1,2,1,4,,0,35,0,0,0,0,0,4,2,14
,2018_73344,39.77351327,-104.8096811,2/21/2018 17:56,17:56,15,0,0,CHAMBERS ROAD 4000 BLOCK NORTH & 40TH AVENUE EAST,1,3,0,0,1,4,,0,40,0,0,0,0,0,4,2,1
,2018_73345,39.80785956,-104.884578,5/22/2018 14:04,14:04,6,0,1,CENTRAL PARK 5100 BLOCK NORTH & PRAIRIE VIEW,1,1,0,0,1,4,,0,30,0,0,0,0,1,4,2,3
,2018_73346,39.74329991,-104.9980444,11/30/2018 0:05,0:05,6,0,0,CHAMPA STREET & 2900 BLOCK,1,3,0,0,1,4,,0,25,0,0,0,0,0,4,3,13
,2018_73347,39.74706905,-104.993919,6/5/2018 17:45,17:45,15,0,0,CHAMPA STREET & 16TH STREET,1,1,0,0,1,4,,0,30,0,0,0,0,0,4,2,13
,2018_73348,39.74773052,-104.992722,6/22/2018 12:23,12:23,6,0,0,CHAMPA STREET & 17TH STREET,1,1,0,0,1,4,,0,25,0,0,0,0,0,4,2,13
,2018_73349,39.74766189,-104.992722,12/19/2018 13:30,13:30,15,0,0,CHAMPA STREET & 17TH STREET,1,1,0,6,1,3,,0,30,0,0,0,0,0,4,2,8
,2018_73350,39.75817279,-104.97942,4/27/2018 15:06,15:06,12,0,0,CHAMPA STREET & 28TH STREET,1,1,0,0,1,4,,0,30,0,0,0,0,0,4,2,13
,2018_73351,39.75689078,-105.000596,5/5/2018 17:40,17:40,12,0,0,CHESTNUT PLACE 1800 BLOCK & 18TH STREET,1,1,0,0,1,4,,0,25,0,0,0,0,0,4,2,12
,2018_73354,39.69910358,-104.977782,12/17/2018 5:44,5:44,6,0,0,CLARKSON STREET 1000 BLOCK NORTH & 10TH AVENUE EAST,1,4,0,0,1,4,,0,35,0,0,0,0,0,4,2,13
,2018_73356,39.77025752,-105.01974,5/10/2018 11:39,11:39,12,0,0,CLAY STREET 3800 BLOCK NORTH & 38TH AVENUE,1,1,0,0,1,4,,0,25,0,0,0,0,0,4,4,3
,2018_73357,39.73899987,-104.93469,8/21/2018 15:00,15:00,6,0,0,CLERMONT STREET 1400 BLOCK NORTH & 14TH AVENUE EAST,2,1,1,1,1,4,,0,25,0,0,0,0,0,4,2,6
,2018_73358,39.66161853,-104.93478,7/16/2018 14:35,14:35,6,0,0,CLERMONT STREET SOUTH & DARTMOUTH AVENUE EAST,1,1,0,0,1,4,,0,25,0,0,0,0,0,4,2,1
,2018_73359,39.73862836,-104.957109,9/11/2018 18:50,18:50,6,0,0,COLUMBINE 1400 BLOCK NORTH & 14TH AVENUE EAST,1,3,0,0,1,4,,0,20,0,0,0,0,0,4,2,13
,2018_73360,39.73464457,-104.9469705,5/21/2018 8:58,8:58,15,0,0,COOK STREET 1100 BLOCK NORTH & 11TH AVENUE EAST,1,1,0,0,1,4,,0,25,0,0,0,0,0,4,2,13
,2018_73362,39.74836907,-104.981472,9/6/2018 15:00,15:00,6,0,0,COURT PLACE & 22ND STREET,1,3,0,0,1,4,,0,,0,0,0,0,0,4,2,13
,2018_73363,39.78629643,-104.8301202,12/13/2018 7:45,7:45,11,0,1,CROWN BOULEVARD & 5000 BLOCK NORTH,1,1,0,0,1,4,,0,25,0,1,0,0,1,4,2,13
,2018_73364,39.71876179,-104.9745915,11/13/2018 19:56,19:56,6,0,0,CORONA STREET 100 BLOCK NORTH & SPEER BOULEVARD,1,4,0,0,1,4,,0,30,0,0,0,0,0,4,2,3
,2018_73365,39.78954325,-104.8280763,5/14/2018 7:21,7:21,6,0,0,CROWN BOULEVARD 5100 BLOCK NORTH & 51ST AVENUE EAST,2,1,0,0,1,4,,0,,0,0,0,0,0,4,2,13
,2018_73366,39.73692152,-104.9312205,10/21/2018 8:00,8:00,6,0,0,DAHLIA STREET 1300 BLOCK NORTH & 13TH AVENUE EAST,1,1,0,0,1,4,,0,25,0,0,0,0,0,4,2,13
,2018_73367,39.79120957,-104.875911,2/27/2018 14:56,14:56,5,0,1,DALLAS STREET & PRAIRIE MEADOWS,1,1,0,0,2,4,,0,30,0,0,0,0,1,4,1,2
,2018_73369,39.66697353,-104.872608,1/26/2018 23:45,23:45,6,0,0,DAYTON WAY SOUTH & ELMIRA STREET SOUTH,5,4,0,0,1,4,,0,20,0,0,0,0,0,4,4,5
,2018_73370,39.66077253,-105.0230115,11/27/2018 5:19,5:19,6,0,0,DECATUR STREET SOUTH & DARTMOUTH AVENUE WEST,1,3,1,0,1,4,,0,25,0,0,0,0,0,4,2,9
,2018_73372,39.74037189,-104.954139,9/18/2018 12:05,12:05,6,0,0,DETROIT STREET 1500 BLOCK NORTH & COLFAX AVENUE EAST,1,1,1,0,1,4,,0,25,0,0,0,0,0,4,2,7
,2018_73373,39.78461171,-104.8223925,5/26/2018 4:10,4:10,6,0,1,DILLON STREET 4900 BLOCK NORTH & BOILING DRIVE EAST,1,3,0,0,3,4,,0,25,0,0,0,0,2,4,2,2
,2018_73374,39.6714049,-104.9731515,10/28/2018 18:35,18:35,6,0,0,DOWNING STREET 2500 BLOCK NORTH & 25TH AVENUE EAST,1,3,0,0,1,4,,0,30,0,0,0,0,0,4,2,14
,2018_73375,39.78631804,-105.023619,6/14/2018 0:07,0:07,6,0,0,ELIOT STREET 4900 BLOCK NORTH & 49TH AVENUE WEST,1,3,0,0,1,4,,0,25,0,0,0,0,0,4,3,5
,2018_73376,39.63143836,-104.8923,5/16/2018 16:05,16:05,12,0,0,DTC BOULEVARD & UNION AVENUE EAST,1,1,0,0,1,4,,0,30,0,0,0,0,0,4,3,12
,2018_73377,39.62787759,-105.093963,7/29/2018 17:59,17:59,1,0,2,DUDLEY STREET 4800 SOUTH & BALSAM WAY SOUTH,1,1,0,0,1,3,,0,25,0,0,0,0,1,4,2,3
,2018_73378,39.73615426,-104.993802,8/27/2018 8:55,8:55,6,0,0,ELATI STREET 1200 BLOCK NORTH & 12TH AVENUE WEST,1,1,0,0,1,4,,0,25,0,0,0,0,0,4,2,14
,2018_73379,39.77187078,-104.992281,10/5/2018 23:04,23:04,6,0,0,ELATI STREET 3900 BLOCK NORTH & 39TH AVENUE WEST,2,3,0,1,1,4,,0,25,0,0,0,0,0,4,3,5
,2018_73381,39.77591178,-105.023358,11/21/2018 22:25,22:25,6,0,0,ELIOT STREET 4300 BLOCK NORTH & 43RD AVENUE WEST,1,4,0,0,1,4,,0,25,0,0,0,0,0,4,4,13
,2018_73382,39.78260014,-104.955822,9/28/2018 9:26,9:26,6,0,0,ELIZABETH STREET 4700 BLOCK NORTH & 47TH AVENUE EAST,1,1,0,0,1,4,,0,25,0,0,0,0,0,4,2,13
,2018_73383,39.73733331,-104.9288985,4/29/2018 2:49,2:49,6,0,0,ELM STREET 1300 BLOCK NORTH & 13TH AVENUE EAST,1,3,0,0,1,4,,0,30,0,0,0,0,0,4,2,14
,2018_73384,39.74592962,-104.929479,2/27/2018 10:50,10:50,6,0,0,ELM STREET 1900 BLOCK NORTH & 17TH AVENUE EAST,1,1,0,0,1,4,,0,25,0,0,0,0,0,4,2,13
,2018_73385,39.74378943,-104.9757885,5/14/2018 11:53,11:53,6,0,0,EMERSON STREET 1700 BLOCK NORTH & 17TH AVENUE EAST,2,1,0,1,1,2,,0,25,0,0,0,0,0,4,2,13
,2018_73387,39.74373452,-104.9757885,6/5/2018 14:24,14:24,6,0,0,EMERSON STREET 1700 BLOCK NORTH & 17TH AVENUE EAST,1,1,0,0,1,4,,0,25,0,0,0,0,0,4,2,13
,2018_73388,39.74400905,-104.9757885,8/27/2018 1:55,1:55,12,0,0,EMERSON STREET 1700 BLOCK NORTH & 17TH AVENUE EAST,1,3,0,0,1,4,,0,25,0,0,0,0,0,4,2,13
,2018_73389,39.77156779,-104.7606608,12/31/2018 16:28,16:28,6,0,0,ENSENADA 4000 BLOCK NORTH & 40TH AVENUE EAST,4,4,0,2,1,4,,0,25,0,0,0,0,0,4,2,7
,2018_73390,39.74035952,-104.9280795,5/21/2018 10:00,10:00,6,0,0,FAIRFAX STREET 1500 BLOCK NORTH & COLFAX AVENUE EAST,1,1,0,0,1,4,,0,25,0,0,0,0,0,4,2,7
,2018_73391,39.78587254,-105.0598141,7/26/2018 7:25,7:25,6,0,0,FENTON STREET 3400 BLOCK SOUTH & HAMPDEN FRONTAGE ROAD NORTH,1,1,1,0,1,4,,0,25,0,0,0,0,0,4,2,1
,2018_73392,39.74836514,-104.96682,10/9/2018 21:24,21:24,5,0,0,GILPIN STREET 2100 BLOCK & 21ST AVENUE,2,3,0,1,3,4,,0,30,0,0,0,0,0,4,1,3
,2018_73393,39.73798403,-104.994981,12/9/2018 12:10,12:10,6,0,0,FOX STREET 1300 BLOCK NORTH & 13TH AVENUE WEST,1,1,0,0,1,4,,0,30,0,0,0,0,0,4,2,13
,2018_73394,39.7571949,-104.9686515,7/8/2018 12:01,12:01,6,0,0,FRANKLIN STREET NORTH 2801 BLOCK & 28TH AVENUE EAST,1,1,0,0,1,4,,0,30,0,0,0,0,0,4,2,13
,2018_73395,39.66457279,-104.961402,12/15/2018 12:55,12:55,15,0,0,GAYLORD STREET 2900 BLOCK NORTH & 29TH AVENUE EAST,1,1,0,0,1,4,,0,25,0,0,0,0,0,4,2,3
,2018_73396,39.74877452,-104.9844195,9/11/2018 12:07,12:07,6,0,0,GLENARM PLACE & 21ST STREET,1,1,0,0,1,4,,0,25,0,0,0,0,0,4,2,14
,2018_73397,39.73353138,-104.9253885,12/28/2018 21:00,21:00,6,0,0,GLENCOE STREET 1100 BLOCK NORTH & 11TH AVENUE,1,4,0,0,1,4,,0,25,0,0,0,0,0,4,2,1
,2018_73399,39.74553452,-104.983218,10/11/2018 7:55,7:55,15,0,0,GRANT STREET 1800 BLOCK NORTH & 18TH AVENUE EAST,1,1,0,0,1,4,,0,30,0,0,0,0,0,4,2,13
,2018_73401,39.76278531,-105.028929,12/31/2018 21:32,21:32,3,0,0,GREEN COURT 3100 BLOCK NORTH & SPEER BOULEVARD,4,3,1,2,1,5,,0,10,0,0,0,0,0,4,2,13
,2018_73402,39.78068671,-105.0260895,9/4/2018 19:35,19:35,14,0,0,GROVE STREET 4600 BLOCK NORTH & 46TH AVENUE WEST,1,1,0,0,1,4,,0,25,0,0,0,0,0,4,2,13
,2018_73403,39.77159862,-104.864562,8/22/2018 17:00,17:00,12,0,0,HAVANA STREET 3700 BLOCK NORTH & 37TH AVENUE EAST,1,1,0,0,1,4,,0,,0,0,0,0,0,4,3,13
,2018_73404,39.78751194,-104.865971,12/13/2018 17:37,17:37,12,0,3,HAVANA STREET & 4400 BLOCK NORTH,1,2,0,0,1,4,,0,5,0,0,0,0,1,4,3,13
,2018_73405,39.77196305,-104.921658,4/24/2018 10:12,10:12,15,0,0,HOLLY STREET 3900 BLOCK NORTH & 39TH AVENUE EAST,2,1,0,1,1,4,,0,25,0,0,0,0,0,4,2,3
,2018_73406,39.77196305,-104.921658,10/19/2018 7:44,7:44,6,0,0,HOLLY STREET 3900 BLOCK NORTH & 39TH AVENUE EAST,1,2,0,0,1,4,,0,30,0,0,0,0,0,4,2,13
,2018_73407,39.75913714,-104.997789,5/7/2018 7:34,7:34,6,0,0,INCA STREET 2900 BLOCK NORTH & 29TH AVENUE WEST,1,1,0,0,1,4,,0,25,0,0,0,0,0,4,2,13
,2018_73409,39.77419924,-104.94234,4/13/2018 10:45,10:45,12,0,0,JACKSON STREET 4100 BLOCK NORTH & 40TH AVENUE EAST,1,1,0,6,1,4,,0,25,0,0,0,0,0,4,2,3
,2018_73410,39.67030828,-104.942799,11/1/2018 13:37,13:37,6,0,0,JACKSON 2500 BLOCK SOUTH & YALE AVENUE EAST,1,1,0,0,1,4,,0,25,0,0,0,0,0,4,2,13
,2018_73411,39.76725962,-104.9991795,12/9/2018 11:02,11:02,15,0,0,JASON STREET 3600 BLOCK NORTH & 36TH AVENUE,1,1,0,0,1,4,,0,25,0,0,0,0,0,4,2,7
,2018_73415,39.69441453,-104.917689,9/1/2018 3:10,3:10,5,0,0,KEARNEY STREET SOUTH & CHERRY CREEK DRIVE NORTH,1,3,0,0,2,4,,0,25,0,0,0,0,0,4,1,6
,2018_73416,39.7342711,-105.031791,5/2/2018 17:45,17:45,12,0,1,KNOX COURT 1000 BLOCK NORTH & 10TH AVENUE WEST,2,1,0,1,1,4,,0,35,0,0,0,0,2,4,2,3
,2018_73417,39.73863218,-105.03189,11/10/2018 12:30,12:30,6,0,2,KNOX COURT 1400 BLOCK NORTH & 14TH AVENUE WEST,1,1,0,0,1,4,,0,25,0,0,0,0,2,4,2,5
,2018_73418,39.76854752,-104.970492,12/13/2018 13:51,13:51,6,0,0,LAFAYETTE STREET 3700 BLOCK NORTH & 37TH AVENUE EAST,1,1,0,0,1,5,,0,25,0,0,0,0,0,4,2,14
,2018_73419,39.74606132,-105.0021933,12/1/2018 2:09,2:09,14,0,3,LARIMER STREET & 2700 BLOCK,1,3,0,0,1,1,,0,30,0,0,0,0,2,4,2,5
,2018_73420,39.74872369,-104.998662,8/3/2018 12:49,12:49,12,0,0,LARIMER STREET & 15TH STREET,1,1,0,0,1,4,,0,30,0,0,0,0,0,4,2,8
,2018_73422,39.75817505,-104.98626,10/19/2018 9:30,9:30,6,0,0,LARIMER STREET 2500 BLOCK & 25TH STREET,1,3,0,0,1,4,,0,25,0,0,0,1,0,4,2,13
,2018_73423,39.74908972,-104.9964267,12/1/2018 21:29,21:29,6,0,0,LAWRENCE STREET 1600 BLOCK & 16TH STREET,1,3,0,0,1,4,,0,30,0,0,0,0,0,4,2,13
,2018_73424,39.75012771,-104.9952253,6/8/2018 1:40,1:40,6,0,0,LAWRENCE STREET 1700 BLOCK & 17TH STREET,1,3,0,0,1,3,,0,30,0,0,0,0,0,4,2,13
,2018_73425,39.74985319,-104.9952253,12/1/2018 17:18,17:18,15,0,0,LAWRENCE STREET 1700 BLOCK & 17TH STREET,1,2,0,0,1,3,,0,30,0,0,0,0,0,4,2,13
,2018_73426,39.76227005,-104.97924,12/16/2018 14:20,14:20,3,0,1,LAWRENCE STREET 3000 BLOCK & 30TH STREET,1,1,0,0,1,2,,0,5,0,0,0,0,1,4,2,7
,2018_73427,39.78624489,-104.856111,1/22/2018 8:53,8:53,6,0,0,LIMA STREET 4900 NORTH & 49TH AVENUE,5,1,0,2,1,4,,0,25,0,0,0,0,0,4,2,13
,2018_73431,39.76868252,-105.001452,6/8/2018 16:00,16:00,6,0,0,LIPAN STREET 3700 BLOCK NORTH & 37TH AVENUE WEST,1,1,0,0,1,4,,0,30,0,0,0,0,0,4,2,13
,2018_73432,39.73414907,-104.982102,9/12/2018 12:05,12:05,6,0,0,LOGAN STREET 1100 BLOCK NORTH & 11TH AVENUE EAST,1,1,0,0,1,4,,0,25,0,0,0,0,0,4,2,13
,2018_73433,39.73576505,-104.9817285,7/15/2018 18:30,18:30,15,0,0,LOGAN STREET 1200 BLOCK NORTH & 12TH AVENUE EAST,1,1,0,0,1,4,,0,30,0,0,0,0,0,4,2,13
,2018_73436,39.70410753,-104.982579,11/11/2018 11:35,11:35,15,0,0,LOGAN STREET 700 BLOCK NORTH & 17TH AVENUE EAST,2,1,1,0,1,4,,0,30,0,0,0,0,0,4,2,13
,2018_73437,39.77385305,-105.0343785,10/8/2018 8:00,8:00,15,0,0,LOWELL BOULEVARD 4100 BLOCK NORTH & 41ST AVENUE WEST,2,1,0,0,1,4,,0,30,0,0,0,0,0,4,2,14
,2018_73438,39.77737381,-105.034149,1/14/2018 21:30,21:30,6,0,0,LOWELL BOULEVARD 4400 BLOCK NORTH & 44TH AVENUE WEST,1,3,0,0,1,4,,0,30,0,0,0,0,0,4,2,13
,2018_73439,39.78619833,-105.03432,6/20/2018 9:47,9:47,5,0,0,LOWELL BOULEVARD 4900 BLOCK NORTH & 49TH AVENUE WEST,1,1,0,0,1,4,,0,35,0,0,0,0,0,4,1,14
,2018_73440,39.75681172,-104.9033973,3/3/2018 23:30,23:30,6,0,0,QUEBEC STREET NORTH & 28TH AVENUE EAST,1,3,0,0,1,4,,0,35,0,0,0,0,0,4,2,13
,2018_73442,39.73533436,-104.945841,9/29/2018 17:08,17:08,6,0,0,MADISON STREET 1200 BLOCK NORTH & 12TH AVENUE EAST,1,1,0,0,1,4,,0,25,0,0,0,0,0,4,2,1
,2018_73443,39.66977706,-104.946219,11/28/2018 14:30,14:30,6,0,0,MADISON STREET 2600 BLOCK NORTH & 26TH AVENUE EAST,1,1,0,0,1,4,,0,25,0,0,0,0,0,4,2,13
,2018_73444,39.70987597,-105.035047,1/9/2018 8:18,8:18,6,0,0,LOWELL BOULEVARD 300 BLOCK SOUTH & MORRISON ROAD,1,1,0,0,1,4,,0,25,0,0,0,0,0,4,2,13
,2018_73446,39.73882862,-105.002532,11/28/2018 11:33,11:33,6,0,0,MARIPOSA STREET 1400 BLOCK NORTH & 14TH AVENUE WEST,1,1,0,0,1,4,,0,30,0,0,0,0,0,4,2,13
,2018_73447,39.77030589,-105.00264,5/2/2018 13:22,13:22,6,0,0,MARIPOSA STREET 3800 BLOCK NORTH & 38TH AVENUE WEST,1,1,1,0,1,4,,0,25,0,0,0,0,0,4,4,9
,2018_73448,39.75400936,-104.992551,5/10/2018 18:16,18:16,15,0,0,MARKET STREET 2000 BLOCK & 20TH STREET,1,2,0,0,1,4,,0,25,0,0,0,0,0,4,2,4
,2018_73449,39.75406426,-104.992551,10/7/2018 3:15,3:15,6,0,0,MARKET STREET 2000 BLOCK & 20TH STREET,1,3,0,0,1,4,,0,30,0,0,0,0,0,4,2,4
,2018_73450,39.79214552,-104.8190715,2/10/2018 8:30,8:30,6,0,0,MAXWELL PLACE EAST & SABLE STREET NORTH,4,1,0,2,1,4,,0,25,0,0,0,0,0,4,2,3
,2018_73451,39.78894618,-104.7970395,2/7/2018 5:22,5:22,6,0,0,MEMPHIS STREET 5100 BLOCK NORTH & 49TH AVENUE EAST,1,3,0,0,3,4,,0,40,0,0,0,0,0,4,3,2
,2018_73452,39.69679726,-104.888151,5/13/2018 15:30,15:30,15,0,0,MISSISSIPPI AVENUE EAST & WILLOW STREET SOUTH,1,1,0,0,1,4,,0,45,0,0,0,0,0,4,2,13
,2018_73453,39.77564459,-104.7678054,1/2/2018 8:18,8:18,12,0,0,MITCHELL PLACE 18800 BLOCK EAST & 43RD AVENUE EAST,1,1,0,0,1,4,,0,25,0,0,0,0,0,4,2,13
,2018_73455,39.76580071,-104.9128695,8/15/2018 8:29,8:29,15,0,0,MONACO STREET 3800 NORTH & 35TH AVENUE EAST,1,1,1,0,1,4,,0,30,0,0,0,0,0,4,2,3
,2018_73456,39.74064305,-104.912802,10/6/2018 15:19,15:19,12,0,0,MONACO STREET NORTH & COLFAX AVENUE EAST,1,1,0,0,1,4,,0,30,0,0,0,0,0,4,2,3
,2018_73457,39.70123658,-105.0481305,11/25/2018 15:29,15:29,3,0,0,MORRISON ROAD 4460 BLOCK & KENTUCKY AVENUE WEST,1,1,0,0,1,2,,0,35,0,0,0,0,0,4,3,13
,2018_73458,39.75617252,-104.9719095,10/15/2018 17:53,17:53,6,0,0,MARION STREET 2700 BLOCK NORTH & 27TH AVENUE EAST,1,1,0,0,1,4,,0,30,0,0,0,0,0,4,2,13
,2018_73459,39.73568943,-104.9795415,8/13/2018 14:30,14:30,15,0,0,PEARL STREET 1200 BLOCK NORTH & 12TH AVENUE EAST,1,1,0,0,1,4,,0,30,0,0,0,0,0,4,2,13
,2018_73460,39.78471835,-104.973291,11/16/2018 17:53,17:53,5,0,0,NATIONAL WESTERN DR/ PACKING HOUSE ROAD & 47TH AVENUE EAST,1,3,1,0,2,4,,0,35,0,0,0,0,0,4,1,13
,2018_73461,39.76362727,-105.0039315,11/15/2018 16:25,16:25,6,0,0,NAVAJO STREET 3300 BLOCK NORTH & 33RD AVENUE WEST,1,1,0,0,1,4,,0,25,0,0,0,0,0,4,2,14
,2018_73462,39.71624918,-104.909931,2/14/2018 12:41,12:41,5,0,0,NEWPORT STREET NORTH & LOWRY BOULEVARD EAST,1,1,0,0,3,4,,0,25,0,0,0,0,0,4,1,7
,2018_73463,39.73908489,-104.9079285,10/9/2018 17:06,17:06,6,0,0,ONEIDA STREET 1400 BLOCK NORTH & 14TH AVENUE EAST,2,1,1,0,1,2,,0,30,0,0,0,0,0,4,2,14
,2018_73464,39.76797715,-104.9078205,5/23/2018 10:49,10:49,6,0,0,ONEIDA STREET 3600 BLOCK NORTH & 36TH AVENUE EAST,1,1,0,0,1,4,,0,25,0,0,0,0,0,4,2,3
,2018_73466,39.76347826,-105.005088,9/27/2018 2:30,2:30,6,0,0,OSAGE STREET 3300 BLOCK NORTH & 33RD AVENUE WEST,1,3,0,0,1,4,,0,25,0,0,0,0,0,4,2,2
,2018_73467,39.75647943,-105.0376815,9/5/2018 9:36,9:36,6,0,0,OSCEOLA STREET 2600 BLOCK NORTH & 26TH AVENUE WEST,1,1,1,0,1,4,,0,25,0,0,0,0,0,4,3,15
,2018_73468,39.77594754,-105.0377985,10/9/2018 20:39,20:39,6,0,0,OSCEOLA STREET 4300 BLOCK NORTH & 43RD AVENUE WEST,1,4,0,0,1,4,,0,25,0,0,0,0,0,4,2,3
,2018_73469,39.75333752,-104.9854905,4/28/2018 19:25,19:25,15,0,1,PARK AVENUE WEST & CHAMPA STREET,1,3,0,0,1,4,,0,25,0,0,0,0,1,4,2,13
,2018_73470,39.76038909,-104.993892,1/6/2018 16:43,16:43,15,0,0,PARK AVENUE WEST 2300 BLOCK & WEWATTA STREET,1,2,0,0,1,4,,0,35,0,0,0,0,0,4,2,13
,2018_73471,39.76066362,-104.993892,1/20/2018 17:06,17:06,15,0,0,PARK AVENUE WEST 1800 BLOCK & WEWATTA STREET,1,2,0,0,1,4,,0,35,0,0,0,0,0,4,2,1
,2018_73472,39.7593459,-104.993892,5/16/2018 8:53,8:53,12,0,0,PARK AVENUE WEST & WEWATTA STREET,1,1,0,0,1,3,,0,35,0,0,0,0,0,4,2,10
,2018_73475,39.77371357,-104.791482,1/9/2018 18:48,18:48,15,0,0,PENA BOULEVARD & 40TH AVENUE EAST,1,1,0,0,1,4,,0,65,0,0,0,0,0,4,2,1
,2018_73476,39.84679816,-104.680935,1/15/2018 14:09,14:09,12,0,0,PENA BOULEVARD 4200 BLOCK & 40TH AVENUE EAST,2,1,0,2,1,4,,0,55,0,0,0,0,0,4,2,1
,2018_73477,39.8459746,-104.680935,4/27/2018 8:00,8:00,12,0,0,PENA BOULEVARD 4000 BLOCK & 40TH AVENUE EAST,1,1,1,0,1,8,,0,45,0,0,0,0,0,4,2,13
,2018_73478,39.84515104,-104.680935,6/14/2018 17:37,17:37,12,0,0,PENA BOULEVARD 4000 BLOCK & 40TH AVENUE EAST,1,1,0,0,1,4,,0,65,0,0,0,0,0,4,2,12
,2018_73479,39.8459746,-104.680935,6/15/2018 7:25,7:25,12,0,0,PENA BOULEVARD 4000 BLOCK & 40TH AVENUE EAST,1,1,1,0,1,4,,0,45,0,0,0,0,0,4,2,7
,2018_73480,39.79921957,-104.7873105,2/19/2018 22:01,22:01,5,0,0,PENA BOULEVARD & 56TH AVENUE EAST,10,3,1,2,2,4,,0,55,0,0,0,0,0,4,1,13
,2018_73481,39.78498161,-104.791392,10/27/2018 7:45,7:45,15,0,1,PENA BOULEVARD & GREEN VALLEY RANCH BOULEVARD,1,1,0,0,1,4,,0,45,0,0,0,0,1,4,3,14
,2018_73482,39.73553326,-104.9807115,6/29/2018 18:30,18:30,6,0,0,PENNSYLVANIA STREET 1200 BLOCK NORTH & 12TH AVENUE EAST,1,3,0,0,1,4,,0,20,0,0,0,0,0,4,2,13
,2018_73483,39.73728871,-104.9806215,1/15/2018 8:11,8:11,6,0,0,PENNSYLVANIA 1300 BLOCK NORTH & 13TH AVENUE EAST,5,1,0,2,1,4,,0,,0,0,0,0,0,4,2,13
,2018_73484,39.77740126,-104.846049,3/21/2018 8:38,8:38,15,0,0,PEORIA STREET 4400 BLOCK NORTH & 44TH AVENUE EAST,1,1,0,0,1,4,,0,35,0,0,0,0,0,4,2,13
,2018_73485,39.77861626,-104.8463685,3/12/2018 12:03,12:03,12,0,0,PEORIA STREET 4500 BLOCK NORTH & 45TH AVENUE EAST,1,1,0,0,1,4,,0,35,0,0,0,0,0,4,2,3
,2018_73487,39.7571292,-105.0092157,4/27/2018 18:37,18:37,12,0,0,PLATTE STREET 1500 BLOCK & 15TH STREET,1,1,0,0,1,4,,0,30,0,0,0,0,0,4,2,1
,2018_73488,39.75879605,-105.0067395,3/21/2018 13:20,13:20,6,0,0,PLATTE STREET 1700 BLOCK & 17TH STREET,1,1,0,0,1,4,,0,,0,0,0,0,0,4,2,13
,2018_73489,39.73754881,-104.903082,11/10/2018 11:35,11:35,12,0,0,QUEBEC STREET 1300 BLOCK NORTH & 13TH AVENUE EAST,1,1,1,0,1,4,,0,30,0,0,0,0,0,4,2,16
,2018_73490,39.74599689,-104.903091,5/15/2018 16:43,16:43,12,0,0,QUEBEC STREET 1900 BLOCK NORTH & 19TH AVENUE EAST,1,1,0,0,1,4,,0,35,0,0,0,0,0,4,4,3
,2018_73491,39.75977252,-104.90346,8/4/2018 10:46,10:46,12,0,0,QUEBEC STREET NORTH & 29TH DRIVE EAST,1,1,0,0,1,4,,0,35,0,0,0,0,0,4,2,13