id,drcog_id,latitude,longitude,crashtime,time,crashtype,numbkilled,numbinjurd,drcoglocat,rdconditin,lightngcon,roadcntgrd,weatherco,location,roaddescrp,schoolzone,constrzone,splimit,bikeinv,pedinv,sctrinv,motoinv,svrty,rdsystem,ttlvehcls,hcf
,2018_73492,39.76591052,-104.90346,3/7/2018 17:53,17:53,15,0,0,QUEBEC STREET NORTH & 35TH AVENUE EAST,1,2,0,0,1,4,,0,45,0,0,0,0,0,4,2,13
,2018_73493,39.74249886,-104.96313,5/13/2018 18:50,18:50,6,0,0,RACE STREET 1600 BLOCK NORTH & 16TH AVENUE EAST,1,1,0,0,1,4,,0,30,0,0,0,0,0,4,2,13
,2018_73494,39.74620279,-104.903091,11/9/2018 14:31,14:31,12,0,0,QUEBEC STREET 1900 BLOCK NORTH & 19TH AVENUE EAST,1,1,0,0,1,4,,0,30,0,0,0,0,0,4,2,13
,2018_73495,39.64142279,-104.9040855,1/18/2018 18:17,18:17,8,0,2,QUEBEC STREET SOUTH & EASTMOOR DRIVE EAST,1,3,0,0,1,4,,0,35,0,0,0,0,1,4,2,14
,2018_73496,39.76209654,-104.903451,5/29/2018 10:01,10:01,12,0,0,QUEBEC STREET 3200 BLOCK NORTH & MLK BOULEVARD,1,1,0,0,1,3,,0,35,0,0,0,0,0,4,2,3
,2018_73497,39.7620279,-104.903451,10/10/2018 13:28,13:28,12,0,0,QUEBEC STREET NORTH & MLK BOULEVARD EAST,2,1,0,0,1,3,,0,35,0,0,0,0,0,4,2,1
,2018_73498,39.78631241,-104.8449015,12/24/2018 0:30,0:30,6,0,0,QUENTIN STREET 4900 BLOCK NORTH & ANDREWS DRIVE EAST,1,3,0,0,1,4,,0,30,0,0,0,0,0,4,2,13
,2018_73499,39.77007978,-105.040179,11/3/2018 8:40,8:40,6,0,0,QUITMAN 3800 BLOCK NORTH & 38TH AVENUE WEST,1,1,0,0,1,4,,0,30,0,0,0,0,0,4,2,13
,2018_73500,39.73731305,-105.0412905,9/7/2018 22:35,22:35,6,0,0,RALEIGH STREET 1300 BLOCK NORTH & 13TH AVENUE WEST,1,3,0,0,1,4,,0,,0,0,0,0,0,4,3,13
,2018_73501,39.77575652,-105.0084585,9/2/2018 16:21,16:21,6,0,0,RARITAN 4300 BLOCK NORTH & 43RD AVENUE WEST,1,1,0,0,1,4,,0,30,0,0,0,0,0,4,2,13
,2018_73502,39.76976711,-104.9008181,2/19/2018 11:14,11:14,3,0,0,ROSLYN STREET 3600 BLOCK NORTH & 35TH AVENUE EAST,2,1,0,2,1,2,,0,25,0,0,0,0,0,4,2,7
,2018_73503,39.74251952,-104.99076,12/11/2018 16:06,16:06,2,0,0,15TH STREET 400 BLOCK & TREMONT PLACE,1,1,0,0,1,2,,0,25,1,0,0,0,0,4,2,13
,2018_73504,39.75214052,-104.988762,12/6/2018 11:03,11:03,6,0,0,21ST STREET & CURTIS STREET,14,1,0,0,1,4,,0,25,0,0,0,0,0,4,2,14
,2018_73505,39.71159779,-104.997132,8/2/2018 5:50,5:50,15,0,0,SANTA FE DRIVE 200 BLOCK SOUTH & ALAMEDA AVENUE WEST,1,1,1,0,1,4,,0,30,0,0,0,0,0,4,2,14
,2018_73506,39.78442352,-105.01047,11/5/2018 0:07,0:07,5,0,0,SHOSHONE STREET NORTH 4815 BLOCK & 48TH AVENUE WEST,1,3,0,0,2,4,,0,,0,0,0,0,0,4,1,9
,2018_73507,39.74550976,-104.999904,7/13/2018 14:50,14:50,12,0,0,SPEER BOULEVARD 1300 NORTH & 13TH STREET,1,1,0,0,1,4,,0,35,0,0,0,0,0,4,2,13
,2018_73508,39.73725089,-104.9957367,8/19/2018 13:01,13:01,15,0,0,SPEER BOULEVARD 1300 BLOCK & 13TH AVENUE WEST,1,1,0,0,1,4,,0,30,0,0,0,0,0,4,2,13
,2018_73509,39.72453979,-104.98455,1/13/2018 21:01,21:01,12,0,2,SPEER BOULEVARD 100 BLOCK EAST & FIFTH AVENUE EAST,1,3,1,0,1,4,,0,35,0,0,0,1,1,4,2,1
,2018_73511,39.75895919,-105.0214021,11/29/2018 6:50,6:50,15,0,0,SPEER BOULEVARD 2900 BLOCK & 29TH AVENUE WEST,1,1,0,0,1,4,,0,35,0,0,0,0,0,4,2,13
,2018_73512,39.75086257,-105.0049305,8/1/2018 16:06,16:06,12,0,0,SPEER BOULEVARD NORTH & CHOPPER CIRCLE,1,1,0,0,1,4,,0,35,0,0,0,0,0,4,3,14
,2018_73513,39.74668652,-105.0014385,4/2/2018 13:34,13:34,15,0,0,SPEER BOULEVARD NORTH & LARIMER STREET,1,1,3,0,1,4,,0,35,0,0,0,0,0,4,2,13
,2018_73514,39.78492345,-104.8408605,7/23/2018 16:58,16:58,5,0,0,TULSA COURT NORTH & ANDREWS DRIVE,2,1,0,1,2,4,,0,25,0,0,0,0,0,4,1,7
,2018_73517,39.75047552,-105.0047415,4/20/2018 14:28,14:28,12,0,2,SPEER BOULEVARD NORTH & WEWATTA STREET,1,1,1,1,1,4,,0,35,0,0,0,0,1,4,2,16
,2018_73519,39.73698136,-104.949171,12/28/2018 9:18,9:18,12,0,0,STEELE STREET 1300 BLOCK NORTH & 13TH AVENUE EAST,1,1,0,0,1,4,,0,30,0,0,0,0,0,4,2,16
,2018_73520,39.71814416,-104.950818,8/3/2018 15:15,15:15,3,0,1,STEELE STREET NORTH & FIRST AVENUE EAST,2,1,0,1,1,1,,0,25,0,0,0,0,1,4,2,13
,2018_73521,39.77428052,-104.949432,7/26/2018 1:42,1:42,6,0,0,STEELE STREET 4100 BLOCK NORTH & 41ST AVENUE EAST,1,3,0,0,1,4,,0,25,0,0,0,0,0,4,2,13
,2018_73522,39.75171752,-104.985828,8/23/2018 10:26,10:26,11,0,1,STOUT STREET 2135 & 22ND STREET,1,1,0,0,1,4,,0,25,0,1,0,0,1,4,2,14
,2018_73523,39.74467505,-104.995008,6/11/2018 22:55,22:55,15,0,0,STOUT STREET 1400 BLOCK & 14TH STREET,1,3,0,0,1,4,,0,30,0,0,0,0,0,4,2,7
,2018_73524,39.75358052,-104.9834205,2/16/2018 5:53,5:53,6,0,0,STOUT STREET & 24TH STREET,1,1,0,0,1,4,,0,25,0,0,0,0,0,4,2,14
,2018_73525,39.74197505,-104.9988915,3/3/2018 21:31,21:31,6,0,0,STOUT STREET 1300 BLOCK & SPEER BOULEVARD,1,3,0,0,1,4,,0,30,0,0,0,0,0,4,2,8
,2018_73526,39.74421152,-104.894829,11/7/2018 14:40,14:40,6,0,0,TAMARAC STREET 1700 BLOCK NORTH & 17TH AVENUE EAST,1,1,0,0,1,4,,0,25,0,0,0,0,0,4,2,8
,2018_73527,39.76341818,-105.010722,4/18/2018 10:00,10:00,12,0,0,TEJON STREET 3300 BLOCK NORTH & 33RD AVENUE WEST,1,1,0,0,1,4,,0,25,0,0,0,0,0,4,2,13
,2018_73528,39.7771479,-105.0105915,10/17/2018 22:44,22:44,6,0,0,TEJON STREET 4400 BLOCK NORTH & 44TH AVENUE WEST,1,3,0,0,1,4,,0,30,0,0,0,0,0,4,2,3
,2018_73529,39.77242205,-105.0108795,11/25/2018 22:00,22:00,6,0,0,TEJON STREET 4000 BLOCK NORTH & 40TH AVENUE WEST,1,3,0,0,1,4,,0,25,0,0,0,0,0,4,3,14
,2018_73530,39.76807389,-105.0438105,4/24/2018 10:25,10:25,6,0,0,TENNYSON STREET 3700 BLOCK NORTH & 37TH AVENUE WEST,2,1,1,1,1,4,,0,25,0,0,0,0,0,4,2,13
,2018_73531,39.77557944,-105.043662,1/10/2018 13:15,13:15,15,0,0,TENNYSON STREET 4300 BLOCK NORTH & 43RD AVENUE WEST,1,1,0,0,1,4,,0,30,0,0,0,0,0,4,2,13
,2018_73532,39.77280005,-104.771952,5/6/2018 23:46,23:46,5,0,0,TOWER ROAD 4100 BLOCK NORTH & 40TH AVENUE EAST,1,3,0,0,1,4,,0,,0,0,0,0,0,4,2,13
,2018_73533,39.8205009,-104.7715785,6/18/2018 9:10,9:10,12,0,0,TOWER ROAD 6800 BLOCK NORTH & 68TH AVENUE EAST,1,1,0,0,1,4,,0,45,0,0,0,0,0,4,2,16
,2018_73534,39.7811529,-104.841288,6/8/2018 18:37,18:37,12,0,0,TULSA COURT NORTH & ALBROOK DRIVE EAST,1,1,0,0,1,4,,0,25,0,0,0,0,0,4,2,13
,2018_73535,39.74948281,-104.8935105,11/30/2018 8:48,8:48,6,0,0,ULSTER STREET 2200 BLOCK NORTH & 22ND AVENUE EAST,1,5,0,0,1,4,,0,30,0,0,0,0,0,4,2,13
,2018_73536,39.73794843,-105.0115095,8/27/2018 6:18,6:18,5,0,0,UMATILLA STREET 1300 BLOCK NORTH & 13TH AVENUE WEST,1,1,0,0,3,4,,0,25,0,0,0,0,0,4,1,13
,2018_73538,39.73917243,-104.890239,4/3/2018 12:10,12:10,6,0,0,VERBENA STREET 1400 BLOCK NORTH & 14TH AVENUE EAST,1,1,1,0,1,4,,0,25,0,0,0,0,0,4,2,7
,2018_73539,39.76798278,-105.0448995,3/22/2018 6:10,6:10,6,0,0,UTICA STREET 3700 BLOCK NORTH & 36TH AVENUE WEST,1,3,0,0,1,4,,0,25,0,0,0,0,0,4,2,13
,2018_73540,39.7007779,-104.8917105,12/27/2018 10:41,10:41,10,0,2,VALENTIA STREET 1000 BLOCK SOUTH & MISSISSIPPI AVENUE EAST,1,1,0,0,1,2,,0,30,0,0,0,0,1,4,2,6
,2018_73541,39.75891752,-105.012648,8/6/2018 18:00,18:00,6,0,0,VALLEJO STREET 2900 BLOCK NORTH & 29TH AVENUE WEST,1,2,0,0,1,4,,0,25,0,0,0,0,0,4,2,14
,2018_73543,39.66908302,-104.9739367,1/19/2018 14:00,14:00,3,0,0,VALLEY ROAD 2600 BLOCK SOUTH  & YALE AVENUE 5395 EAST,1,1,0,0,1,2,,0,35,0,0,0,0,0,4,2,13
,2018_73545,39.74401036,-104.978241,12/15/2018 15:03,15:03,12,0,0,WASHINGTON STREET 1700 BLOCK NORTH & 17TH AVENUE EAST,1,1,0,0,1,4,,0,25,0,0,0,0,0,4,2,14
,2018_73546,39.78216518,-104.977368,6/20/2018 15:44,15:44,12,0,0,WASHINGTON STREET 4700 BLOCK NORTH & 47TH AVENUE EAST,1,1,0,0,1,3,,0,35,0,0,0,0,0,4,2,13
,2018_73547,39.78374289,-104.9774985,5/31/2018 12:04,12:04,12,0,0,WASHINGTON 4800 BLOCK NORTH & 48TH AVENUE WEST,1,1,1,0,1,4,,0,,0,0,0,0,0,4,2,13
,2018_73548,39.78357818,-104.9774985,8/10/2018 16:40,16:40,15,0,0,WASHINGTON STREET 4800 BLOCK NORTH & 48TH AVENUE EAST,1,1,0,0,1,2,,0,35,0,0,0,0,0,4,2,13
,2018_73549,39.75128159,-104.9999462,5/25/2018 21:35,21:35,5,0,0,WAZEE STREET 1626 & 16TH STREET,1,3,0,0,3,4,,0,20,0,0,0,0,0,4,1,14
,2018_73550,39.7539279,-104.995899,4/20/2018 23:48,23:48,11,0,1,WAZEE STREET 1900 BLOCK & 19TH STREET,2,3,0,1,1,4,,0,,0,1,0,0,3,4,2,13
,2018_73551,39.74159257,-104.996088,9/6/2018 17:30,17:30,6,0,0,WELTON STREET & 12TH STREET,1,1,1,0,1,4,,0,,0,0,0,0,0,4,2,13
,2018_73552,39.74028526,-104.9964705,7/13/2018 23:10,23:10,15,0,0,WELTON STREET & COLFAX AVENUE WEST,1,3,0,0,1,3,,0,30,0,0,0,0,0,4,2,12
,2018_73553,39.75341918,-105.0021495,11/20/2018 16:50,16:50,15,0,0,WEWATTA STREET 1600 BLOCK & 16TH STREET,1,1,0,0,1,4,,0,30,0,0,0,0,0,4,2,13
,2018_73554,39.73926379,-104.8878405,8/16/2018 19:20,19:20,6,0,0,WILLOW STREET 1400 BLOCK NORTH & 14TH AVENUE EAST,1,2,0,0,1,4,,0,,0,0,0,0,0,4,2,13
,2018_73555,39.73968457,-104.8855185,10/9/2018 17:47,17:47,6,0,0,XENIA STREET 1400 BLOCK NORTH & 14TH AVENUE EAST,2,2,0,0,1,2,,0,25,0,0,0,0,0,4,2,13
,2018_73556,39.68249762,-105.051069,12/2/2018 3:20,3:20,6,0,0,YATES STREET 1600 BLOCK SOUTH & JEWELL AVENUE WEST,1,4,0,0,1,4,,0,25,0,0,0,0,0,4,2,5
,2018_73557,39.74254493,-104.9594895,4/13/2018 11:15,11:15,15,0,0,YORK STREET 1600 BLOCK NORTH & 16TH AVENUE EAST,1,1,0,0,1,4,,0,30,0,0,0,0,0,4,2,8
,2018_73558,39.66925545,-104.9602815,1/21/2018 11:05,11:05,12,0,0,YORK STREET 2600 BLOCK NORTH & 26TH AVENUE EAST,5,1,0,2,1,3,,0,30,0,0,0,0,0,4,2,7
,2018_73559,39.76517479,-104.959422,3/5/2018 7:40,7:40,12,0,0,YORK STREET 3400 BLOCK NORTH & 34TH AVENUE EAST,1,1,0,0,1,4,,0,30,0,0,0,0,0,4,2,13
,2018_73560,39.76972652,-104.95926,4/9/2018 10:30,10:30,14,0,0,YORK STREET 3800 BLOCK NORTH & 38TH AVENUE EAST,1,1,0,0,1,2,,0,30,0,0,0,0,0,4,2,13
,2018_73561,39.73104005,-104.9602185,7/28/2018 1:15,1:15,5,0,0,YORK STREET NORTH & NINTH AVENUE EAST,1,3,1,0,3,4,,0,25,0,0,0,0,0,4,1,13
,2018_73563,39.78617178,-105.01551,10/10/2018 0:35,0:35,6,0,0,ZUNI STREET 4900 BLOCK NORTH & 49TH AVENUE WEST,2,3,1,1,1,4,,0,25,0,0,0,0,0,4,2,5
,2018_73564,39.72988378,-105.0159285,3/15/2018 11:48,11:48,12,0,0,ZUNI STREET 800 BLOCK NORTH & EIGHTH AVENUE WEST,1,1,0,0,1,4,,0,30,0,0,0,0,0,4,2,1
,2018_73649,39.785247,-104.902663,7/20/2018 17:25,17:25,5,0,0,49TH AVENUE EAST & SAND CREEK DRIVE SOUTH,1,1,1,0,2,4,,0,20,0,0,0,0,0,4,1,13
,2018_73650,39.84822566,-104.680935,10/2/2018 6:05,6:05,12,0,1,PENA BOULEVARD OUTBOUND & 61ST AVENUE EAST,1,2,0,0,1,4,,0,45,0,0,0,0,1,4,3,3
,2018_73653,39.748032,-105.0003359,6/15/2018 0:00,0:00,11,0,1,14TH STREET & MARKET STREET,1,3,0,0,1,4,,0,,0,1,0,0,1,4,2,13
,2018_73736,39.79800996,-104.8088704,7/27/2018 11:00,11:00,6,0,0,CHAMBERS ROAD & 4000 BLOCK NORTH,1,1,0,0,1,4,,0,25,0,0,0,0,0,4,2,13
,2018_73740,39.71015999,-104.8689723,11/21/2018 6:30,6:30,5,0,0,ALAMEDA AVENUE EAST & GALENA WAY SOUTH,1,1,0,0,3,4,,0,40,0,0,0,0,0,4,1,1
,2018_73809,39.83473237,-104.7894823,2/20/2018 1:46,1:46,14,0,0,96TH AVENUE EAST & BUCKLEY ROAD,4,4,0,2,1,4,,0,,0,0,0,0,0,4,2,13
,2018_73838,39.783816,-104.7815031,4/28/2018 7:25,7:25,8,1,2,GREEN VALLEY RANCH BOULEVARD  & TELLURIDE STREET NORTH,1,1,0,0,1,4,,0,35,0,0,0,0,4,4,2,14
,2018_73839,39.722616,-104.981913,6/23/2018 1:53,1:53,2,1,0,SPEER BOULEVARD  & LOGAN STREET NORTH,1,3,0,0,1,4,,0,35,1,0,0,0,4,4,2,13
,2018_73841,39.743298,-104.9942654,7/6/2018 9:28,9:28,12,0,0,14TH STREET & CALIFORNIA STREET,1,1,0,0,1,4,,0,25,0,0,0,1,0,4,2,14
,2018_73842,39.742929,-104.9908952,4/30/2018 14:45,14:45,15,0,0,15TH STREET 400 BLOCK & GLENARM STREET,1,1,0,0,1,4,,0,30,0,0,0,0,0,4,2,13
,2018_73843,39.754323,-105.006026,8/26/2018 16:30,16:30,15,0,0,15TH STREET 2100 BLOCK & LITTLE RAVEN STREET,1,1,0,0,1,4,,0,30,0,0,0,0,0,4,2,13
,2018_73844,39.750255,-105.0009153,5/10/2018 14:00,14:00,12,0,0,15TH STREET & WAZEE STREET,1,1,0,0,1,5,,0,25,0,0,0,0,0,4,2,3
,2018_73845,39.747204,-104.9943389,8/28/2018 18:14,18:14,11,0,2,16TH STREET & CURTIS STREET,1,1,0,0,1,4,,0,,0,1,0,0,2,4,2,8
,2018_73846,39.742506,-104.9883254,8/13/2018 14:25,14:25,12,0,0,16TH STREET & COURT PLACE,1,1,0,0,1,5,,0,30,0,0,0,0,0,4,2,13
,2018_73847,39.747204,-104.9944634,6/24/2018 2:18,2:18,5,0,1,16TH STREET & CURTIS STREET,1,3,0,0,3,4,,0,35,0,0,0,0,1,4,2,5
,2018_73848,39.746106,-104.9904736,4/19/2018 10:44,10:44,2,0,0,17TH STREET 600 BLOCK & CALIFORNIA STREET,1,1,0,0,1,4,,0,30,1,0,0,0,0,4,2,13
,2018_73849,39.760182,-105.0087665,1/21/2018 20:31,20:31,14,0,0,17TH STREET 2500 BLOCK & BOULDER STREET,5,3,1,2,1,4,,0,25,0,0,0,0,0,4,2,1
,2018_73850,39.747024,-104.9894054,9/19/2018 16:40,16:40,15,0,0,18TH STREET & CALIFORNIA STREET,1,1,0,0,1,3,,0,25,0,0,0,0,0,4,2,14
,2018_73851,39.746367,-104.988292,10/8/2018 10:06,10:06,6,0,0,18TH STREET 500 BLOCK & WELTON STREET,2,1,0,1,1,4,,0,30,0,0,0,0,0,4,2,13
,2018_73852,39.74607,-104.9645724,7/21/2018 2:22,2:22,6,0,1,19TH AVENUE 1900 BLOCK EAST & HIGH STREET NORTH,1,3,0,0,1,4,,0,30,0,0,0,0,1,4,4,5
,2018_73853,39.754008,-104.9960563,12/11/2018 13:39,13:39,6,0,0,19TH STREET & WAZEE STREET,1,1,0,0,1,3,,0,25,0,0,0,0,0,4,2,8
,2018_73854,39.718341,-104.966424,9/25/2018 7:26,7:26,12,0,0,FIRST AVENUE EAST & GILPIN STREET NORTH,1,1,0,0,1,4,,0,30,0,0,0,0,0,4,2,13
,2018_73855,39.71835,-104.9630306,5/14/2018 7:33,7:33,12,0,0,FIRST AVENUE 2000 BLOCK EAST & RACE STREET NORTH,1,1,0,0,1,4,,0,25,0,0,0,0,0,4,3,3
,2018_73856,39.751578,-104.9899519,12/1/2018 18:28,18:28,12,0,1,20TH STREET & ARAPAHOE STREET,1,3,0,0,1,3,,0,30,0,0,0,0,2,4,2,8
,2018_73857,39.752532,-104.9892973,1/2/2018 15:40,15:40,1,0,0,21ST STREET & ARAPAHOE STREET,1,1,0,0,1,2,,0,30,0,0,0,0,0,4,2,16
,2018_73858,39.74629034,-105.0050266,7/15/2018 11:50,11:50,15,0,0,22ND STREET 1400 BLOCK & WALNUT STREET,1,1,0,0,1,4,,0,30,0,0,0,0,0,4,2,13
,2018_73859,39.751956,-105.0142385,9/14/2018 20:53,20:53,3,0,0,23RD AVENUE WEST & SEVENTH STREET,1,3,0,0,1,1,,0,35,0,0,0,0,0,4,2,1
,2018_73860,39.756654,-104.9747193,1/30/2018 15:45,15:45,6,0,0,29TH STREET ALLEY & WELTON STREET,1,1,0,0,1,5,,0,25,0,0,0,0,0,4,2,13
,2018_73861,39.75899693,-104.8942328,10/1/2018 11:00,11:00,6,0,0,29TH PLACE EAST & ULSTER STREET NORTH,1,1,0,0,1,4,,0,,0,0,0,0,0,4,2,13
,2018_73862,39.761667,-104.8922764,3/10/2018 23:00,23:00,6,0,0,32ND AVENUE & UINTA STN,1,3,0,0,1,4,,0,,0,0,0,0,0,4,2,13
,2018_73863,39.76563599,-104.9016814,7/10/2018 13:21,13:21,1,0,0,35TH AVENUE 7800 EAST & QUEBEC STREET,1,1,0,0,1,2,,0,25,0,0,0,0,0,4,2,1
,2018_73864,39.77027956,-104.8989352,9/10/2018 13:00,13:00,3,0,0,36TH AVENUE EAST & SYRACUSE STREET NORTH,1,1,0,0,1,1,,0,30,0,0,0,0,0,4,2,16
,2018_73865,39.772971,-104.9750862,6/12/2018 19:17,19:17,15,0,0,38TH STREET & BRIGHTON BOULEVARD NORTH,1,1,0,0,1,4,,0,30,0,0,0,0,0,4,2,10
,2018_73866,39.776859,-104.8465977,1/23/2018 15:29,15:29,10,0,0,44TH AVENUE 12100 BLOCK EAST & PEORIA STREET NORTH,1,2,0,0,1,2,,0,30,0,0,0,0,0,4,2,13
,2018_73867,39.78076499,-104.9650545,7/26/2018 22:15,22:15,5,0,0,46TH AVENUE EAST & BRIGHTON STREET NORTH,1,3,0,0,2,4,,0,25,0,0,0,0,0,4,1,5
,2018_73868,39.7817831,-104.9779015,11/1/2018 13:46,13:46,1,0,0,46TH AVENUE 700 BLOCK EAST & WASHINGTON STREET NORTH,1,1,1,0,1,2,,0,30,0,0,0,0,0,4,2,16
,2018_73869,39.78038632,-104.9634222,8/21/2018 13:47,13:47,5,0,0,46TH AVENUE 2000 EAST & RACE STREET,1,1,1,0,3,4,,0,,0,0,0,0,0,4,1,13
,2018_73870,39.77999099,-104.7475591,3/14/2018 12:00,12:00,6,0,0,47TH AVENUE 20500 BLOCK EAST & JEBEL STREET NORTH,1,1,0,0,1,4,,0,25,0,0,0,0,0,4,2,3
,2018_73871,39.79067399,-104.8231966,10/30/2018 16:01,16:01,12,0,0,52ND AVENUE 14200 BLOCK EAST & CROWN BOULEVARD,2,1,0,2,1,2,,0,25,0,0,0,0,0,4,2,14
,2018_73872,39.79848595,-104.8720373,5/23/2018 16:45,16:45,12,0,0,56TH AVENUE 10000 BLKE & DALLAS STREET NORTH,1,1,0,0,1,4,,0,45,0,0,0,0,0,4,2,16
,2018_73873,39.803661,-104.8691291,6/15/2018 13:30,13:30,12,0,0,59TH AVENUE EAST & TOWER ROAD NORTH,1,1,0,0,1,4,,0,25,0,0,0,0,0,4,2,3
,2018_73874,39.727503,-105.0112642,8/23/2018 12:00,12:00,6,0,0,SEVENTH AVENUE 2000 WEST & UMATILLA STREET NORTH,1,1,0,0,1,4,,0,,0,0,0,0,0,4,3,13
,2018_73875,39.81296965,-104.8663644,11/29/2018 10:37,10:37,12,0,0,SIXTH AVENUE 3100 BLOCK EAST & STREET PAUL STREET NORTH,1,1,1,0,1,3,,0,35,0,0,0,0,0,4,2,3
,2018_73876,39.83136497,-104.6911725,10/30/2018 6:20,6:20,15,0,0,76TH AVENUE EAST & JACKSON GAP STREET NORTH,1,3,0,0,1,4,,0,45,0,0,0,0,0,4,2,14
,2018_73877,39.83553,-104.7183754,11/16/2018 15:15,15:15,12,0,0,76TH AVENUE 22950 BLOCK EAST & WENATCHEE STREET,1,1,0,0,1,1,,0,15,0,0,0,0,0,4,2,7
,2018_73878,39.72741285,-104.9393444,7/10/2018 13:17,13:17,6,0,0,SEVENTH AVENUE EAST & ALBION STREET NORTH,1,1,0,0,1,3,,0,25,0,0,0,0,0,4,2,13
,2018_73881,39.78814692,-104.9631056,9/9/2018 11:00,11:00,1,0,0,EIGHTH STREET 1700 BLOCK 3 & BRIGHTON BOULEVARD,1,1,0,0,1,1,,0,25,0,0,0,0,0,4,2,7
,2018_73882,39.70902598,-104.8731282,11/16/2018 7:17,7:17,12,0,0,ALAMEDA AVENUE 9800 BLOCK EAST & DAYTON STREET SOUTH,1,1,0,0,1,4,,0,30,0,0,0,0,0,4,2,13
,2018_73883,39.711366,-104.9126041,2/9/2018 7:41,7:41,12,0,0,ALAMEDA AVENUE EAST & MONACO PARKWAY SOUTH,1,1,0,0,1,4,,0,,0,0,0,0,0,4,2,13
,2018_73884,39.711366,-104.9126041,11/29/2018 18:40,18:40,12,0,1,ALAMEDA AVENUE 6500 BLOCK EAST & MONACO STREET SOUTH,1,3,0,0,1,4,,0,35,0,0,0,0,1,4,2,13
,2018_73885,39.711348,-104.9029673,6/15/2018 20:45,20:45,5,0,0,ALAMEDA AVENUE EAST & QUEBEC STREET SOUTH,1,3,0,0,3,4,,0,35,0,0,0,0,0,4,1,10
,2018_73886,39.71134799,-104.9017233,9/25/2018 7:45,7:45,12,0,0,ALAMEDA AVENUE 7000 BLOCK EAST & QUEBEC STREET SOUTH,1,2,0,0,1,4,,0,30,0,0,0,0,0,4,2,13
,2018_73887,39.783996,-104.8463536,8/7/2018 7:01,7:01,5,0,0,ALBROOK DRIVE EAST & PEORIA STREET NORTH,1,1,0,0,3,3,,0,35,0,0,0,0,0,4,3,13
,2018_73888,39.773043,-104.8163665,1/15/2018 13:03,13:03,5,0,0,ANDREWS DRIVE 15072 BLOCK EAST & 43RD DRIVE EAST,5,1,0,2,2,4,,0,25,0,0,0,0,0,4,1,13
,2018_73889,39.69301968,-104.9872483,7/30/2018 11:16,11:16,6,0,0,LOUISIANA AVENUE EAST & BROADWAY SOUTH,1,1,0,0,1,4,,0,,0,0,0,0,0,4,2,13
,2018_73890,39.773628,-104.815777,11/24/2018 22:33,22:33,6,0,0,ANDREWS DRIVE 15077 BLOCK EAST & 43RD AVENUE EAST,5,3,0,2,1,4,,0,25,0,0,0,0,0,4,2,13
,2018_73891,39.779694,-104.8257617,9/16/2018 1:57,1:57,6,0,1,ANDREWS DRIVE 14500 BLOCK EAST & 44TH AVENUE EAST,1,3,0,0,3,4,,0,25,0,0,0,0,1,4,2,2
,2018_73892,39.74688894,-104.9964227,12/31/2018 21:53,21:53,15,0,0,ARAPAHOE STREET 1500 BLOCK & 14TH STREET,4,3,0,2,1,4,,0,30,0,0,0,0,0,4,2,14
,2018_73893,39.74892991,-105.0008008,12/1/2018 22:42,22:42,6,0,0,BLAKE STREET 1400 BLOCK & 14TH STREET,1,3,0,0,1,4,,0,25,0,0,0,0,0,4,2,7
,2018_73894,39.750741,-104.9981026,2/19/2018 6:59,6:59,15,0,0,BLAKE STREET 1600 BLOCK & 16TH STREET,2,2,1,2,1,4,,0,30,0,0,0,0,0,4,2,13
,2018_73895,39.753333,-104.9951653,10/5/2018 22:30,22:30,6,0,0,BLAKE STREET 1909 & 19TH STREET,2,3,0,1,1,4,,0,30,0,0,0,0,0,4,2,5
,2018_73896,39.751713,-104.982673,12/8/2018 10:30,10:30,15,0,0,CALIFORNIA STREET 2300 BLOCK & PARK AVENUE WEST,1,1,0,0,1,4,,0,30,0,0,0,0,0,4,2,13
,2018_73897,39.756816,-104.9797411,9/28/2018 6:40,6:40,6,0,0,CHAMPA STREET 2700 BLOCK & 27TH STREET NORTH,1,2,0,0,1,4,,0,25,0,0,0,0,0,4,2,2
,2018_73898,39.746529,-104.9936047,2/13/2018 12:55,12:55,12,0,0,CHAMPA STREET 1600 BLOCK & 16TH STREET,1,1,0,0,1,3,,0,30,0,0,0,0,0,4,2,8
,2018_73899,39.745764,-104.9939918,11/13/2018 11:38,11:38,15,0,0,CHAMPA STREET 1500 BLOCK & 15TH STREET,1,1,0,0,1,4,,0,25,0,0,0,0,0,4,2,13
,2018_73900,39.74158928,-104.9889674,11/24/2018 8:41,8:41,6,0,0,COURT PLACE 1500 BLOCK & 15TH STREET,1,1,0,0,1,4,,0,30,0,0,0,0,0,4,2,1
,2018_73901,39.748104,-104.9925756,12/19/2018 9:39,9:39,15,0,0,CURTIS STREET 1700 BLOCK & 17TH STREET,1,1,0,0,1,4,,0,25,0,0,0,0,0,4,2,13
,2018_73902,39.750003,-104.9904616,7/13/2018 14:08,14:08,12,0,0,CURTIS STREET & 19TH STREET,1,1,0,0,1,2,,0,30,0,0,0,0,0,4,2,13
,2018_73903,39.741264,-105.00527,9/20/2018 17:18,17:18,11,0,1,CURTIS STREET 800 BLOCK & SEVENTH STREET,1,1,0,0,1,4,,0,15,0,1,0,0,3,4,2,12