id,drcog_id,latitude,longitude,crashtime,time,crashtype,numbkilled,numbinjurd,drcoglocat,rdconditin,lightngcon,roadcntgrd,weatherco,location,roaddescrp,schoolzone,constrzone,splimit,bikeinv,pedinv,sctrinv,motoinv,svrty,rdsystem,ttlvehcls,hcf
,2018_73904,39.793032,-104.7755914,7/2/2018 15:35,15:35,5,0,0,ELMENDORF DRIVE EAST & WALDEN COURT NORTH,1,1,0,0,3,4,,0,25,0,0,0,0,0,4,1,10
,2018_73905,39.68922599,-104.9988787,6/6/2018 13:10,13:10,12,0,0,FLORIDA AVENUE 1000 BLOCK WEST & PLATTE RIVER DRIVE SOUTH,1,1,0,0,1,4,,0,30,0,0,0,0,0,4,3,5
,2018_73907,39.78386315,-104.7912102,7/27/2018 12:45,12:45,12,0,1,GREEN VALLEY RANCH BOULEVARD 16800 EAST & AIRPORT WAY NORTH,1,1,0,0,1,8,,0,40,0,0,0,0,1,4,2,1
,2018_73908,39.78381599,-104.7802079,5/15/2018 6:56,6:56,12,0,1,GREEN VALLEY RANCH BOULEVARD 17900 BLOCK & TELLURIDE STREET NORTH,1,1,0,0,1,4,,0,30,0,0,0,1,2,4,2,13
,2018_73909,39.654045,-104.8686754,6/17/2018 2:20,2:20,6,0,0,HAMILTON PLACE 10200 BLOCK EAST & GALENA STREET SOUTH,1,3,0,0,1,4,,0,25,0,0,0,0,0,4,2,5
,2018_73910,39.78041665,-104.9695522,12/2/2018 11:00,11:00,6,0,0,HUMBOLDT STREET & 2755 BLOCK SOUTH,1,1,0,0,1,2,,0,25,0,0,0,0,0,4,2,7
,2018_73911,39.682053,-105.014066,6/10/2018 14:47,14:47,12,0,0,JEWELL AVENUE 2222 WEST & 2222 WEST,1,1,0,0,1,4,,0,30,0,0,0,0,0,4,2,1
,2018_73912,39.747348,-104.9992154,5/15/2018 15:00,15:00,15,0,0,LARIMER STREET 1400 BLOCK & 14TH STREET,1,1,0,0,1,3,,0,30,0,0,0,0,0,4,2,7
,2018_73913,39.747348,-104.9986819,11/21/2018 12:30,12:30,6,0,0,LARIMER STREET 1400 BLOCK & 14TH STREET,1,1,0,0,1,4,,0,30,0,0,0,0,0,4,2,14
,2018_73914,39.742281,-105.0072727,10/21/2018 15:00,15:00,6,0,0,LAWRENCE WAY 700 BLOCK & SEVENTH STREET,1,1,0,0,1,4,,0,25,0,0,0,0,0,4,2,13
,2018_73915,39.71994299,-104.88951,3/30/2018 10:34,10:34,6,0,0,LOWRY BOULEVARD EAST & UINTA WAY NORTH,1,1,0,0,1,4,,0,30,0,0,0,0,0,4,2,13
,2018_73916,39.686787,-105.0349936,2/19/2018 17:52,17:52,5,0,0,MABRY WAY 1566 SOUTH & MABRY WAY 1566 BLOCK SOUTH,4,1,1,2,4,1,,0,25,0,0,0,0,0,4,1,1
,2018_73917,39.69661499,-104.9064262,8/5/2018 13:03,13:03,6,0,0,MISSISSIPPI AVENUE 7100 EAST & ONEIDA STREET SOUTH,1,1,0,0,1,4,,0,25,0,0,0,0,0,4,2,14
,2018_73918,39.761973,-104.9030953,10/16/2018 11:46,11:46,5,0,1,MLK BOULEVARD EAST & QUEBEC STREET NORTH,1,1,0,0,3,4,,0,35,0,0,0,0,1,4,1,7
,2018_73919,39.761973,-104.9032732,10/28/2018 12:54,12:54,15,0,0,MLK BOULEVARD 7200 BLOCK EAST & QUEBEC STREET NORTH,1,1,0,0,1,4,,0,35,0,0,0,0,0,4,2,14
,2018_73920,39.78555295,-104.8777527,6/29/2018 10:45,10:45,5,0,1,NORTHFIELD BOULEVARD & BEELER STREET NORTH,1,1,0,0,2,4,,0,40,0,0,0,0,1,4,1,5
,2018_73921,39.69661499,-104.9064262,9/24/2018 0:08,0:08,6,0,0,ONEIDA STREET SOUTH & MISSISSIPPI AVENUE EAST,1,3,0,0,1,4,,0,25,0,0,0,0,0,4,3,1
,2018_73922,39.76540505,-105.0377174,5/7/2018 10:23,10:23,6,0,1,OSCEOLA STREET & 2106 SOUTH,1,1,0,0,2,4,,0,30,0,0,0,0,2,4,2,2
,2018_73923,39.757086,-104.9903548,5/11/2018 22:59,22:59,3,0,0,PARK AVENUE WEST 1400 BLOCK & BLAKE STREET,2,3,0,1,1,5,,0,35,0,0,0,0,0,4,2,14
,2018_73924,39.759426,-104.9928498,4/6/2018 21:14,21:14,12,0,0,PARK AVENUE WEST & DELGANY STREET,5,3,1,4,1,4,,0,40,0,0,0,0,0,4,2,8
,2018_73925,39.84460199,-104.6791543,8/6/2018 16:19,16:19,12,0,0,PENA BOULEVARD 4100 BLOCK & 40TH AVENUE EAST,1,1,0,0,1,4,,0,65,0,0,0,0,0,4,2,13
,2018_73926,39.844602,-104.6808638,7/26/2018 22:18,22:18,10,0,0,PENA BOULEVARD 23600 BLOCK & CALAWABA COURT NORTH,1,3,0,0,1,4,,0,45,0,0,0,0,0,4,2,4
,2018_73927,39.83338795,-104.7684183,4/1/2018 12:19,12:19,15,0,1,PENA BOULEVARD 7500 BLOCK & TOWER ROAD NORTH,1,1,0,0,1,3,,0,65,0,0,0,0,3,4,3,8
,2018_73928,39.63815999,-104.9107566,7/24/2018 20:00,20:00,11,0,1,QUINCY AVENUE EAST & HAPPY CANYON ROAD EAST,2,1,0,0,1,4,,0,30,0,1,0,0,1,4,2,6
,2018_73930,39.83565149,-104.6703174,1/4/2018 17:46,17:46,3,0,0,SHADY GROVE STREET 7700 BLOCK NORTH & PENA BOULEVARD,1,3,0,0,1,2,,0,25,0,0,0,0,0,4,2,1
,2018_73931,39.75234299,-105.0063137,7/11/2018 20:52,20:52,15,0,4,SPEER BOULEVARD & ELITCH CIRCLE,1,3,0,0,1,4,,0,30,0,0,0,0,2,4,2,14
,2018_73932,39.760299,-105.0249684,1/2/2018 8:13,8:13,15,0,0,SPEER BOULEVARD 2900 BLOCK NORTH & FEDERAL BOULEVARD NORTH,1,1,0,0,1,4,,0,35,0,0,0,0,0,4,2,13
,2018_73933,39.760299,-105.0249328,7/9/2018 16:52,16:52,12,0,0,SPEER BOULEVARD 2900 NORTH & FEDERAL BOULEVARD NORTH,1,1,1,0,1,4,,0,30,0,0,0,0,0,4,2,16
,2018_73934,39.741426,-104.9980025,7/29/2018 2:04,2:04,5,0,1,STOUT STREET 1200 BLOCK & SPEER BOULEVARD NORTH,1,3,0,0,3,4,,0,25,0,0,0,1,3,4,1,5
,2018_73935,39.742245,-104.9900488,3/18/2018 20:46,20:46,5,0,0,TREMONT PLACE & 15TH STREET,2,3,0,2,3,4,,0,30,0,0,0,0,0,4,1,5
,2018_73936,39.74341804,-104.9954404,5/26/2018 0:01,0:01,5,0,0,STOUT STREET & 1300 BLOCK,1,3,0,0,3,4,,0,15,0,0,0,0,0,4,1,12
,2018_73937,39.7422413,-104.9903112,2/20/2018 14:22,14:22,12,0,0,TREMONT PLACE 1500 BLOCK & 15TH STREET,6,1,0,0,1,2,,0,25,0,0,0,0,0,4,3,13
,2018_73939,39.759201,-104.985677,10/12/2018 21:48,21:48,15,0,0,WALNUT STREET & 26TH STREET,1,3,0,0,1,4,,0,30,0,0,0,0,0,4,2,13
,2018_73941,39.750255,-105.0005632,3/27/2018 7:50,7:50,6,0,0,WAZEE STREET & 15TH STREET,6,1,0,0,1,4,,0,25,0,0,0,0,0,4,2,7
,2018_73942,39.742578,-104.992969,7/16/2018 13:22,13:22,10,0,0,WELTON STREET 1400 BLOCK & 14TH STREET,1,1,0,0,1,2,,0,25,0,0,0,0,0,4,2,8
,2018_73943,39.752892,-104.9989552,3/25/2018 11:03,11:03,6,0,0,WYNKOOP STREET 1700 BLOCK & 17TH STREET,1,1,0,0,1,4,,0,25,0,0,0,0,0,4,2,13
,2018_73945,39.79164599,-104.9580879,11/16/2018 14:21,14:21,6,0,2,YORK STREET & BRIGHTON BOULEVARD,1,1,1,0,2,4,,0,,0,0,0,0,1,4,2,3
,2018_74027,39.83185786,-104.6873099,9/13/2018 14:50,14:50,5,0,0,75TH AVENUE 25000 EAST & JACKSON GAP,1,1,0,0,3,4,,0,,0,0,0,0,0,4,1,2
,2018_74042,39.77051362,-104.9970372,4/29/2018 13:18,13:18,6,0,0,39TH AVENUE 1600 BLOCK WEST & PECOS STREET NORTH,1,1,0,0,1,4,,0,25,0,0,0,0,0,4,2,13
,2018_74044,39.68498662,-104.8942103,10/2/2018 8:26,8:26,3,0,1,CHERRY CREEK SOUTH DRIVE EAST & QUEBEC STREET SOUTH,1,1,0,0,1,1,,0,35,0,0,0,0,1,4,2,13
,2018_74045,39.65175891,-105.0485096,5/3/2018 10:52,10:52,12,0,0,HAMPDEN AVENUE 5000 BLOCK WEST & SHERIDAN BOULEVARD SOUTH,2,1,0,1,1,4,,0,55,0,0,0,0,0,4,2,7
,2018_74046,39.75633862,-105.0064621,12/18/2018 10:28,10:28,15,0,0,SPEER BOULEVARD & ZUNI STREET NORTH,1,1,0,0,1,4,,0,35,0,0,0,0,0,4,2,13
,2018_74047,39.69809962,-105.042038,1/27/2018 17:58,17:58,15,0,0,TENNESSEE AVENUE 4600 BLOCK WEST & MORRISON ROAD,1,4,0,0,1,4,,0,25,0,0,0,0,0,4,2,13
,2018_74054,39.71610972,-104.9872083,4/8/2018 10:24,10:24,5,0,0,PRIVATE PROPERTY & HOLLY STREET 22 SOUTH / ELLSWORTH AVENUE EAST,1,1,0,0,2,4,,0,25,0,0,0,0,0,4,1,13
,2018_74128,39.74000129,-104.953599,12/7/2018 0:00,0:00,6,0,0,FILLMORE SOUTH 1400 BLOCK NORTH & COLFAX AVENUE EAST,1,3,0,0,1,4,,0,25,0,0,0,0,0,4,2,13
,2018_74131,39.71725195,-104.950818,1/30/2018 1:17,1:17,5,0,0,FIRST AVENUE EAST & STEELE STREET NORTH,1,3,0,0,2,4,,0,35,0,0,0,0,0,4,1,13
,2018_74178,39.78725848,-104.834538,10/7/2018 2:00,2:00,6,0,0,UTOPIA COURT 5000 BLOCK NORTH & WHEELING STREET NORTH,1,3,0,0,1,4,,0,25,0,0,0,0,0,4,2,13
,2018_74181,39.74156862,-104.9798969,5/23/2018 2:14,2:14,6,0,0,PEARL STREET NORTH & 16TH AVENUE EAST,1,3,0,0,1,4,,0,,0,0,0,0,0,4,2,13
,2018_74199,39.71422795,-105.0001515,6/9/2018 2:22,2:22,5,1,0,KALAMATH SOUTH  & BAYAUD AVENUE WEST,1,3,0,0,3,4,,0,35,0,0,0,0,4,4,1,13
,2018_74205,39.71063695,-104.997132,5/14/2018 18:14,18:14,15,0,0,SANTA FE DRIVE SOUTH  & ALAMEDA AVENUE WEST,1,1,0,0,1,2,,0,30,0,0,0,0,0,4,2,7
,2018_74206,39.73629821,-105.0319305,5/30/2018 13:55,13:55,12,0,0,KNOX COURT 1300 BLOCK & 14TH AVENUE WEST,1,1,1,0,1,4,,0,25,0,0,0,0,0,4,2,13
,2018_74207,39.73639158,-104.9964795,4/30/2018 14:59,14:59,5,0,0,13TH AVENUE WEST & SPEER BOULEVARD NORTH,1,1,0,0,3,4,,0,35,0,0,0,0,0,4,1,3
,2018_74208,39.74401438,-104.993379,11/13/2018 16:11,16:11,15,0,0,15TH STREET 600 BLOCK & CALIFORNIA STREET,1,2,0,0,1,4,,0,25,0,0,0,0,0,4,2,16
,2018_74209,39.74523657,-104.995152,10/29/2018 9:12,9:12,15,0,0,15TH STREET & CHAMPA STREET,1,1,0,0,1,4,,0,25,0,0,0,0,0,4,2,16
,2018_74210,39.74852248,-104.994459,7/19/2018 7:48,7:48,15,0,0,17TH STREET 900 BLOCK & ARAPAHOE STREET,1,1,0,0,1,4,,0,25,0,0,0,0,0,4,2,13
,2018_74211,39.74609248,-104.988861,11/2/2018 10:30,10:30,15,0,0,18TH STREET & WELTON STREET,1,1,0,0,1,4,,0,30,0,0,0,0,0,4,2,13
,2018_74212,39.74908093,-104.99031,4/27/2018 7:42,7:42,12,0,0,19TH STREET 800 BLOCK & CHAMPA STREET,1,1,0,0,1,4,,0,25,0,0,0,0,0,4,2,13
,2018_74213,39.75741493,-104.9986305,10/1/2018 17:01,17:01,15,0,0,20TH STREET 1900 BLOCK & CHESTNUT STREET,1,1,1,0,1,4,,0,35,0,0,0,0,0,4,2,13
,2018_74214,39.75745611,-104.9986305,10/6/2018 10:30,10:30,12,0,0,20TH STREET & CHESTNUT PLACE,1,1,1,0,1,4,,0,25,0,0,0,0,0,4,2,16
,2018_74215,39.74933293,-104.988249,6/4/2018 16:35,16:35,15,0,0,20TH STREET 700 BLOCK & STOUT STREET,1,1,0,0,1,4,,0,25,0,0,0,0,0,4,2,8
,2018_74216,39.75460311,-104.9901885,10/12/2018 18:05,18:05,12,0,0,22ND STREET & LARIMER STREET,1,2,1,0,1,3,,0,30,0,0,0,0,0,4,2,3
,2018_74217,39.76227875,-104.9784525,5/1/2018 13:13,13:13,6,0,0,31ST STREET & LAWRENCE STREET,1,1,0,0,1,4,,0,30,0,0,0,0,0,4,3,13
,2018_74219,39.77461257,-104.9780205,6/12/2018 22:10,22:10,12,0,1,38TH STREET 1900 BLOCK & ARKINS COURT,1,3,3,0,1,4,,0,30,0,0,0,0,2,4,3,16
,2018_74220,39.77255922,-104.975442,3/24/2018 14:20,14:20,15,0,0,38TH STREET & BRIGHTON BOULEVARD,1,1,0,0,1,4,,0,30,0,0,0,0,0,4,2,13
,2018_74222,39.84055211,-104.6803412,3/13/2018 15:08,15:08,12,0,1,80TH AVENUE EAST & TOWER ROAD NORTH,1,1,0,0,1,4,,0,20,0,0,0,0,1,4,4,13
,2018_74225,39.78535578,-104.8839458,11/1/2018 17:00,17:00,6,0,0,AKRON STREET 4900 BLOCK NORTH & 50TH AVENUE EAST,1,1,0,0,1,4,,0,25,0,0,0,0,0,4,2,3
,2018_74226,39.65471541,-104.884002,4/24/2018 12:27,12:27,6,0,0,AKRON STREET 3400 BLOCK SOUTH & FLOYD PLACE EAST,2,1,1,1,1,4,,0,15,0,0,0,0,0,4,2,13
,2018_74227,39.74448157,-104.9991763,8/12/2018 13:30,13:30,15,0,0,ARAPAHOE STREET 1300 BLOCK & 14TH STREET,1,1,0,0,1,2,,0,30,0,0,0,0,0,4,2,16
,2018_74228,39.74733409,-105.0051755,7/24/2018 2:34,2:34,5,0,0,AURARIA PARKWAY 1100 BLOCK & 12TH STREET,1,3,0,0,2,4,,0,30,0,0,0,0,0,4,1,13
,2018_74229,39.74820793,-105.003369,1/11/2018 17:30,17:30,12,0,0,AURARIA PARKWAY & SPEER BOULEVARD NORTH,1,3,0,0,1,4,,0,35,0,0,0,0,0,4,2,7
,2018_74230,39.72916795,-104.991219,1/17/2018 10:49,10:49,11,0,1,BANNOCK STREET 700 BLOCK NORTH & SPEER BOULEVARD NORTH,1,1,1,0,1,3,,0,30,0,1,0,0,1,4,2,13
,2018_74232,39.76143521,-104.9356125,9/3/2018 19:15,19:15,14,0,0,BIRCH STREET NORTH & MLK BOULEVARD EAST,1,2,0,0,1,4,,0,25,0,0,0,0,0,4,2,13
,2018_74233,39.75291897,-104.995428,5/11/2018 17:49,17:49,12,0,0,BLAKE STREET 1900 BLOCK & 20TH STREET,1,1,0,0,1,4,,0,25,0,0,0,0,0,4,2,14
,2018_74234,39.76332255,-104.986692,12/15/2018 22:24,22:24,5,0,0,BRIGHTON BOULEVARD 2800 BLOCK & 29TH STREET,1,3,0,0,3,4,,0,30,0,0,0,0,0,4,1,5
,2018_74235,39.77192943,-104.9763708,1/5/2018 10:04,10:04,12,0,0,BRIGHTON BOULEVARD 3700 BLOCK NORTH & 38TH AVENUE EAST,1,1,3,0,1,4,,1,30,0,0,0,0,0,4,2,13
,2018_74236,39.77269648,-104.975442,8/17/2018 11:39,11:39,12,0,0,BRIGHTON BOULEVARD 3700 NORTH & 38TH STREET,1,1,0,0,1,4,,0,35,0,0,0,0,0,4,2,16
,2018_74237,39.73218074,-104.9870205,11/3/2018 7:42,7:42,12,0,0,BROADWAY 1000 BLOCK NORTH & 11TH AVENUE EAST,2,1,0,1,1,4,,0,30,0,0,0,0,0,4,2,16
,2018_74239,39.69799195,-104.952951,10/25/2018 10:46,10:46,6,0,0,CLAYTON WAY 1000 BLOCK SOUTH & BONNIE BRAE BOULEVARD,1,1,0,0,1,4,,0,25,0,0,0,0,0,4,2,13
,2018_74240,39.75409795,-104.9851395,3/5/2018 6:56,6:56,5,0,1,CURTIS STREET & 24TH STREET,1,1,0,0,1,4,,0,25,0,0,0,0,1,4,1,14
,2018_74241,39.74748858,-104.9885415,10/17/2018 16:55,16:55,2,0,0,CALIFORNIA STREET & 19TH STREET,1,1,0,0,1,4,,0,30,1,0,0,0,0,4,2,1
,2018_74242,39.75174739,-104.8886595,9/2/2018 21:23,21:23,5,0,0,CENTRAL PARK 2400 BLOCK NORTH & 25TH DRIVE EAST,1,3,0,0,3,4,,0,30,0,0,0,0,0,4,2,5
,2018_74243,39.76390393,-104.89014,1/10/2018 14:55,14:55,12,0,0,CENTRAL PARK BOULEVARD 3400 BLOCK NORTH & 35TH AVENUE EAST,1,1,0,0,1,4,,0,30,0,0,0,0,0,4,3,1
,2018_74244,39.77259512,-104.882868,9/10/2018 18:30,18:30,12,0,0,CENTRAL PARK BOULEVARD NORTH & 40TH AVENUE EAST,1,1,1,0,1,4,,0,35,0,0,0,0,0,4,3,16
,2018_74245,39.79672925,-104.8841895,4/4/2018 15:09,15:09,12,0,0,CENTRAL PARK BOULEVARD 5500 BLOCK NORTH & 56TH AVENUE EAST,1,1,0,0,1,4,,0,45,0,0,0,0,0,4,3,3
,2018_74246,39.77434777,-104.8825013,2/24/2018 0:26,0:26,5,0,0,CENTRAL PARK BOULEVARD NORTH & I70,1,3,1,0,3,4,,0,30,0,0,0,0,0,4,1,10
,2018_74247,39.78920811,-104.8093785,4/25/2018 19:51,19:51,15,0,1,CHAMBERS ROAD 5200 BLOCK NORTH & 53RD AVENUE EAST,1,2,0,0,1,4,,0,45,0,0,0,0,1,4,2,1
,2018_74248,39.78124067,-104.809653,11/13/2018 14:50,14:50,12,0,1,CHAMBERS ROAD 4600 BLOCK NORTH & GREEN VALLEY RANCH BOULEVARD,1,1,0,0,1,4,,0,40,0,0,0,0,1,4,3,4
,2018_74249,39.74428639,-104.996358,10/9/2018 14:55,14:55,15,0,0,CHAMPA STREET & 14TH STREET,2,1,1,1,1,4,,0,30,0,0,0,0,0,4,2,13
,2018_74250,39.74481106,-104.995152,2/2/2018 15:29,15:29,15,0,1,CHAMPA STREET & 15TH STREET APPROXIMATELY,1,1,0,0,1,4,,0,25,0,0,0,0,2,4,2,14
,2018_74251,39.74644664,-104.993658,3/27/2018 17:00,17:00,12,0,0,CHAMPA STREET 1600 BLOCK & 17TH STREET,1,1,0,0,1,4,,0,30,0,0,0,0,0,4,2,13
,2018_74252,39.71328737,-104.949972,5/17/2018 11:30,11:30,15,0,0,CHERRY CREEK NORTH DRIVE & BAYAUD AVENUE EAST,1,1,0,0,1,4,,0,35,0,0,0,1,0,4,2,13
,2018_74253,39.69795057,-104.977782,6/4/2018 6:30,6:30,12,0,0,CLARKSON 1000 BLOCK NORTH & 11TH AVENUE EAST,1,1,0,0,1,4,,0,25,0,0,0,0,0,4,3,3
,2018_74254,39.68725228,-104.9778,2/25/2018 13:30,13:30,15,0,0,CLARKSON STREET 1600 BLOCK & 16TH STREET EAST,1,1,0,0,1,3,,0,30,0,0,0,0,0,4,3,13
,2018_74255,39.73472005,-104.9548005,2/27/2018 10:30,10:30,6,0,0,CLAYTON STREET 1200 BLOCK NORTH & 13TH AVENUE EAST,1,1,1,0,1,4,,0,25,0,0,0,0,0,4,2,14
,2018_74256,39.73961212,-104.9476238,7/9/2018 6:30,6:30,6,0,0,COOK STREET 1500 BLOCK NORTH & 16TH AVENUE EAST,1,1,0,0,1,4,,0,25,0,0,0,0,0,4,3,2
,2018_74257,39.74230011,-104.988681,7/27/2018 7:06,7:06,6,0,0,COURT PLACE & 16TH STREET,1,1,0,0,1,4,,0,25,0,0,0,0,0,4,2,13
,2018_74258,39.74827606,-104.98023,4/16/2018 10:10,10:10,1,0,0,COURT PLACE 2100 BLOCK & PARK AVENUE WEST,1,1,0,0,1,4,,0,30,0,0,0,0,0,4,2,13
,2018_74259,39.78067093,-104.8369095,2/1/2018 8:15,8:15,15,0,0,CROWN ROAD NORTH & TOPEKA COURT NORTH,1,1,0,0,1,4,,0,25,0,0,0,0,0,4,2,13
,2018_74260,39.68028801,-104.9757337,7/21/2018 15:31,15:31,6,0,0,OGDEN STREET SOUTH & ASBURY AVENUE EAST,1,1,0,0,1,3,,0,25,0,0,0,0,0,4,2,5
,2018_74261,39.74832674,-104.9729805,1/17/2018 8:20,8:20,12,0,0,DOWNING STREET 2100 BLOCK NORTH & 22ND AVENUE EAST,1,1,0,0,1,4,,0,25,0,0,0,0,0,4,2,14
,2018_74262,39.75857086,-104.9729805,5/8/2018 13:40,13:40,12,0,0,DOWNING STREET 2900 BLOCK NORTH & 30TH AVENUE EAST,1,1,0,0,1,3,,0,30,0,0,0,0,0,4,3,3
,2018_74264,39.77019448,-104.973399,10/31/2018 14:47,14:47,15,0,0,DOWNING STREET 1400 BLOCK NORTH & BLAKE STREET,1,1,0,0,1,5,,0,35,0,0,0,0,0,4,2,13
,2018_74265,39.66922342,-104.9748885,3/1/2018 18:00,18:00,11,0,0,DOWNING STREET 2525 SOUTH & DICK CONNER AVENUE WEST,1,1,0,0,1,4,,0,,0,1,0,0,0,4,2,13
,2018_74266,39.73969257,-104.9734215,4/3/2018 9:37,9:37,15,0,0,DOWNING STREET 1400 BLOCK NORTH & COLFAX AVENUE EAST,1,1,0,0,1,4,,0,30,0,0,0,0,0,4,2,16
,2018_74267,39.78451716,-104.815188,9/14/2018 14:00,14:00,6,0,0,ENID WAY 5000 BLOCK NORTH & GATEWAY AVENUE EAST,1,1,0,0,1,4,,0,25,0,0,0,0,0,4,2,3
,2018_74268,39.70512437,-104.885694,7/7/2018 16:17,16:17,6,0,0,FAIRMOUNT DRIVE 8300 BLOCK EAST & XENIA STREET SOUTH,1,3,0,0,1,4,,0,30,0,0,0,0,0,4,2,13
,2018_74269,39.67875442,-105.0440895,6/20/2018 12:40,12:40,6,0,0,EVANS AVENUE WEST & TENNYSON STREET 2100 BLOCK SOUTH,1,1,1,0,1,4,,0,30,0,0,0,1,0,4,2,7
,2018_74270,39.75158177,-104.92848,2/15/2018 11:15,11:15,6,0,0,FAIRFAX STREET 2359 BLOCK NORTH & 24TH AVENUE EAST,1,1,0,0,1,4,,0,25,0,0,0,0,0,4,2,13
,2018_74272,39.76721071,-104.9915323,8/14/2018 10:25,10:25,12,0,0,FOX STREET NORTH & GLOBEVILLE ROAD NORTH,1,1,1,0,1,4,,0,35,0,0,0,0,0,4,2,14
,2018_74273,39.6799301,-104.968422,9/26/2018 15:52,15:52,15,0,0,FRANKLIN STREET 2000 BLOCK NORTH & 21ST AVENUE EAST,1,1,0,0,1,4,,0,25,0,0,0,0,0,4,2,2
,2018_74274,39.77461777,-104.8140495,5/26/2018 3:06,3:06,6,0,1,FREEPORT WAY 4800 BLOCK NORTH & 46TH AVENUE EAST,1,3,0,0,1,4,,0,25,0,0,0,0,2,4,4,5
,2018_74275,39.63202686,-105.1015995,11/18/2018 20:20,20:20,6,0,2,GARLAND WAY 4661 SOUTH & GARRISON STREET,1,3,1,0,1,4,,0,25,0,0,0,0,3,4,2,1
,2018_74276,39.70832306,-104.8697912,7/27/2018 22:34,22:34,6,0,0,GALENA WAY & 500 SOUTH,1,3,0,0,1,4,,0,25,0,0,0,0,0,4,2,13
,2018_74277,39.74359721,-104.989779,7/6/2018 16:45,16:45,2,0,0,GLENARM PLACE 1600 BLOCK & 17TH STREET,1,1,0,0,1,4,,0,30,1,0,0,0,0,4,2,13
,2018_74278,39.74265448,-104.991642,6/8/2018 12:39,12:39,12,0,0,GLENARM PLACE & 15TH STREET,1,1,0,0,1,4,,0,30,0,0,0,0,0,4,2,16
,2018_74279,39.75481223,-104.975559,9/14/2018 10:30,10:30,6,0,0,GLENARM PLACE 2800 BLOCK & 29TH STREET,1,1,0,0,1,4,,0,20,0,0,0,0,0,4,2,7
,2018_74281,39.61484541,-105.0611085,5/22/2018 15:00,15:00,6,0,0,GRAY STREET SOUTH & ALAMO DRIVE WEST,1,1,0,0,1,4,,0,25,0,0,0,0,0,4,2,14
,2018_74282,39.65164738,-104.9301495,10/16/2018 9:40,9:40,5,0,0,HAPPY CANYON ROAD EAST & EUDORA WAY SOUTH,1,1,0,0,3,4,,0,30,0,0,0,0,0,4,1,13
,2018_74283,39.67209985,-104.86818,11/26/2018 7:15,7:15,6,0,0,HARVARD AVENUE 10200 EAST & PARKER ROAD,1,1,1,1,1,4,,0,25,0,0,0,0,0,4,2,13
,2018_74284,39.76579664,-104.8605795,6/4/2018 6:16,6:16,12,0,0,HAVANA STREET 3600 BLOCK NORTH & 37TH AVENUE EAST,1,1,0,0,1,4,,0,40,0,0,0,0,0,4,2,13
,2018_74285,39.78213974,-104.865921,1/10/2018 5:59,5:59,15,0,0,HAVANA STREET & 47TH AVENUE EAST,1,3,0,0,1,3,,0,40,0,0,0,0,0,4,2,13
,2018_74286,39.78094364,-104.8649805,3/26/2018 7:30,7:30,12,0,1,HAVANA STREET 4600 BLOCK NORTH & 47TH AVENUE EAST,1,1,0,0,1,1,,0,40,0,0,0,0,1,4,2,3
,2018_74287,39.76718194,-104.921982,1/11/2018 17:00,17:00,6,0,0,HOLLY STREET 3600 BLOCK NORTH & 38TH AVENUE EAST,1,2,0,0,1,4,,0,35,0,0,0,0,0,4,3,1
,2018_74288,39.78153702,-104.921631,10/12/2018 9:43,9:43,3,0,0,HOLLY STREET 4700 BLOCK NORTH & 48TH AVENUE EAST,1,1,0,0,1,3,,0,30,0,0,0,0,0,4,2,13
,2018_74289,39.78110876,-104.921631,10/29/2018 9:46,9:46,5,0,0,HOLLY STREET 4700 BLOCK NORTH & 48TH AVENUE EAST,1,1,0,0,3,4,,0,30,0,0,0,0,0,4,1,13
,2018_74291,39.6670316,-104.9424795,1/4/2018 10:49,10:49,15,0,0,JACKSON STREET 2700 BLOCK NORTH & 28TH AVENUE EAST,1,1,0,0,1,4,,0,,0,0,0,0,0,4,2,1
,2018_74292,39.79076257,-104.9428133,11/1/2018 13:33,13:33,6,0,0,JACKSON STREET 5200 BLOCK NORTH & 53RD AVENUE EAST,1,1,0,0,1,4,,0,35,0,0,0,0,0,4,2,1
,2018_74293,39.75293248,-104.993451,3/31/2018 18:50,18:50,12,0,0,MARKET STREET 1900 BLOCK & 20TH STREET,1,3,1,0,1,3,,0,25,0,0,0,0,0,4,2,13
,2018_74294,39.73139595,-104.958993,12/13/2018 3:06,3:06,5,0,1,JOSEPHINE STREET 1000 BLOCK NORTH & 11TH AVENUE EAST,1,3,0,0,3,4,,0,30,0,0,0,0,1,4,1,3
,2018_74295,39.73343468,-104.958279,3/29/2018 12:00,12:00,6,0,0,JOSEPHINE STREET 1100 BLOCK NORTH & 12TH AVENUE EAST,1,1,0,0,1,4,,0,30,0,0,0,0,0,4,2,2
,2018_74299,39.69252447,-104.9707485,2/19/2018 12:19,12:19,6,0,0,LAFAYETTE STREET 1300 BLOCK NORTH & 14TH AVENUE EAST,5,1,0,0,1,4,,0,,0,0,0,0,0,4,2,13
,2018_74300,39.73930824,-104.9709105,8/20/2018 14:00,14:00,6,0,0,LAFAYETTE STREET 1400 BLOCK NORTH & COLFAX AVENUE EAST,1,1,0,0,1,4,,0,30,0,0,0,0,0,4,2,13