id,drcog_id,latitude,longitude,crashtime,time,crashtype,numbkilled,numbinjurd,drcoglocat,rdconditin,lightngcon,roadcntgrd,weatherco,location,roaddescrp,schoolzone,constrzone,splimit,bikeinv,pedinv,sctrinv,motoinv,svrty,rdsystem,ttlvehcls,hcf
,2018_74301,39.74979768,-104.9961142,4/17/2018 12:30,12:30,15,0,0,LARIMER STREET 1700 BLOCK & 18TH STREET,1,1,0,0,1,4,,0,30,0,0,0,0,0,4,2,13
,2018_74302,39.75361648,-104.99139,7/12/2018 11:55,11:55,6,0,0,LARIMER STREET & 21ST STREET,1,1,0,0,1,4,,0,30,0,0,0,0,0,4,2,14
,2018_74303,39.74636921,-104.998221,5/19/2018 21:10,21:10,12,0,0,LAWRENCE STREET 1400 BLOCK & 15TH STREET,1,3,0,0,1,4,,0,30,0,0,0,0,0,4,2,13
,2018_74304,39.73005895,-104.9859585,7/1/2018 11:40,11:40,2,0,0,LINCOLN STREET 900 BLOCK NORTH & 10TH AVENUE EAST,1,1,0,0,1,4,,0,30,1,0,0,0,0,4,2,13
,2018_74305,39.75374506,-104.9892357,8/11/2018 18:43,18:43,15,0,0,LAWRENCE STREET 2200 BLOCK & PARK ACE WEST,1,1,0,0,1,4,,0,30,0,0,0,0,0,4,2,1
,2018_74306,39.73187921,-104.9857515,1/27/2018 18:15,18:15,6,0,0,LINCOLN STREET 1000 BLOCK NORTH & 11TH AVENUE EAST,1,3,0,0,1,4,,0,30,0,0,0,0,0,4,1,13
,2018_74307,39.73174195,-104.9857515,6/12/2018 18:30,18:30,12,0,0,LINCOLN STREET 1000 BLOCK NORTH & 11TH AVENUE,1,1,1,0,1,4,,0,35,0,0,0,0,0,4,2,16
,2018_74308,39.7322361,-104.9857515,7/2/2018 13:50,13:50,6,0,0,LINCOLN STREET 1000 BLOCK NORTH & 11TH AVENUE EAST,1,1,0,0,1,4,,0,30,0,0,0,0,0,4,2,4
,2018_74309,39.71850727,-104.9860215,2/21/2018 19:22,19:22,12,0,0,LINCOLN STREET 100 BLOCK NORTH & 12TH AVENUE,2,3,0,0,1,1,,0,30,0,0,0,0,0,4,2,12
,2018_74310,39.73550757,-104.98572,2/14/2018 17:00,17:00,3,0,0,LINCOLN 1200 BLOCK NORTH & 13TH AVENUE EAST,1,1,0,0,1,2,,0,35,0,0,0,0,0,4,2,13
,2018_74311,39.7350546,-104.98572,5/29/2018 14:30,14:30,12,0,0,LINCOLN STREET 1200 BLOCK NORTH & 13TH AVENUE EAST,1,1,0,0,1,3,,0,30,0,0,0,0,0,4,2,13
,2018_74315,39.65279847,-104.9153535,5/16/2018 17:54,17:54,1,0,1,LOCUST STREET 3500 BLOCK SOUTH & HAMPDEN AVENUE EAST,1,1,0,0,1,2,,0,25,0,0,0,1,3,4,2,13
,2018_74316,39.78677126,-104.9831999,3/9/2018 23:30,23:30,11,0,1,LOGAN / GRANT STREET NORTH ALLEY & 13TH AVENUE,1,3,0,0,1,5,,0,,0,1,0,0,1,4,2,13
,2018_74317,39.76523995,-104.913828,2/13/2018 23:00,23:00,6,0,0,LOCUST STREET 3500 BLOCK NORTH & 36TH AVENUE EAST,1,3,0,0,1,4,,0,25,0,0,0,0,0,4,2,13
,2018_74318,39.73179821,-104.981922,9/3/2018 3:55,3:55,6,0,0,LOGAN STREET 1000 BLOCK NORTH & 11TH AVENUE EAST,1,3,0,0,1,4,,0,25,0,0,0,0,0,4,4,13
,2018_74320,39.74961148,-104.998311,5/9/2018 10:03,10:03,15,0,0,MARKET STREET 1560 & 16TH STREET,1,1,0,0,1,4,,0,25,0,0,0,0,0,4,2,14
,2018_74321,39.75413621,-104.9919705,5/5/2018 1:22,1:22,6,0,0,MARKET STREET 2100 BLOCK & 22ND STREET,1,3,0,0,1,4,,0,30,0,0,0,0,0,4,3,5
,2018_74322,39.7403817,-104.9808105,12/6/2018 22:30,22:30,6,0,0,PENNSYLVANIA STREET 1500 BLOCK NORTH & 16TH AVENUE EAST,1,5,0,0,1,4,,0,,0,0,0,0,0,4,2,13
,2018_74325,39.72912501,-104.912811,8/2/2018 18:16,18:16,12,0,0,MONACO STREET NORTH & EIGHTH AVENUE EAST,1,1,0,0,1,1,,0,35,0,0,0,0,0,4,3,3
,2018_74326,39.73981948,-104.912802,2/15/2018 6:00,6:00,15,0,0,MONACO STREET NORTH & COLFAX AVENUE EAST,1,2,0,0,1,4,,0,35,0,0,0,0,0,4,2,13
,2018_74327,39.73968221,-104.912802,12/24/2018 12:46,12:46,6,0,0,MONACO STREET NORTH & COLFAX AVENUE EAST,1,1,0,0,1,4,,0,30,0,0,0,0,0,4,2,13
,2018_74328,39.76536148,-104.9128695,6/15/2018 21:37,21:37,5,0,1,MONACO STREET NORTH & 35TH AVENUE EAST,1,3,0,0,3,4,,0,30,0,0,0,0,3,4,1,5
,2018_74329,39.73958522,-104.9453325,6/7/2018 15:46,15:46,14,0,0,MONROE STREET 1400 BLOCK NORTH & COLFAX AVENUE EAST,1,1,0,0,1,4,,0,,0,0,0,0,0,4,2,13
,2018_74330,39.78155474,-104.9808915,7/26/2018 4:00,4:00,6,0,0,PENNSYLVANIA STREET 4686 BLOCK & 47TH AVENUE EAST,1,3,0,0,1,3,,0,25,0,0,0,0,0,4,2,13
,2018_74331,39.70004788,-105.0481305,8/30/2018 12:42,12:42,12,0,0,MORRISON ROAD & KENTUCKY AVENUE WEST,1,1,0,0,1,4,,0,30,0,0,0,0,0,4,3,16
,2018_74332,39.63466788,-105.0367905,8/24/2018 0:20,0:20,6,0,0,NEWTON STREET SOUTH & RUTGERS PLACE WEST,1,4,0,0,1,4,,0,30,0,0,0,0,0,4,3,12
,2018_74333,39.76712186,-104.910282,8/30/2018 10:11,10:11,6,0,1,NIAGARA STREET 3600 BLOCK NORTH & 38TH AVENUE EAST,1,1,0,0,1,4,,0,25,0,0,0,0,2,4,3,13
,2018_74334,39.72350695,-104.910228,11/16/2018 11:07,11:07,6,0,0,NIAGARA STREET 200 BLOCK NORTH & NEWPORT STREET SOUTH,1,1,0,0,1,4,,0,25,0,0,0,0,0,4,2,13
,2018_74335,39.78113708,-104.90184,10/26/2018 12:30,12:30,15,0,0,NORTHFIELD QUEBEC STREET NORTH & SANDCREEK ROAD NORTH,1,1,1,0,1,4,,0,45,0,0,0,0,0,4,2,3
,2018_74337,39.70184174,-104.987214,12/28/2018 20:56,20:56,15,0,0,OHIO AVENUE EAST & LINCOLN STREET,1,3,0,0,1,4,,0,25,0,0,0,0,0,4,2,3
,2018_74338,39.67796692,-104.9757584,3/11/2018 1:49,1:49,6,0,0,OGDEN STREET 2100 BLOCK SOUTH & EVANS AVENUE EAST,1,3,0,0,1,4,,0,,0,0,0,0,0,4,2,13
,2018_74339,39.78103039,-104.8489515,8/17/2018 10:30,10:30,12,0,0,PARIS STREET 4600 NORTH & 47TH AVENUE EAST,1,1,0,0,1,2,,0,25,0,0,0,0,0,4,2,13
,2018_74340,39.67420494,-104.870862,10/6/2018 14:08,14:08,12,0,1,PARKER ROAD SOUTH & ILIFF AVENUE EAST,1,1,1,0,1,4,,0,40,0,0,0,0,1,4,2,13
,2018_74341,39.73531882,-104.9795415,6/9/2018 3:00,3:00,6,0,0,PEARL STREET 1200 BLOCK NORTH & 13TH AVENUE EAST,1,3,0,0,1,2,,0,,0,0,0,0,0,4,2,13
,2018_74342,39.7353411,-104.9807115,9/29/2018 17:00,17:00,6,0,0,PENNSYLVANIA STREET 1200 BLOCK NORTH & 13TH AVENUE EAST,1,1,0,0,1,4,,0,30,0,0,0,0,0,4,2,13
,2018_74343,39.83236425,-104.7217261,3/16/2018 16:35,16:35,15,0,0,PENA BOULEVARD 7600 BLOCK & 78TH AVENUE EAST,1,1,0,0,1,4,,0,45,0,0,0,0,0,4,2,13
,2018_74345,39.76929629,-104.846481,6/8/2018 16:19,16:19,12,0,0,PEORIA STREET 3800 BLOCK NORTH & 39TH AVENUE EAST,1,1,1,0,1,4,,0,40,0,0,0,0,0,4,2,14
,2018_74346,39.77880169,-104.8464495,11/9/2018 12:00,12:00,12,0,0,PEORIA STREET 4600 BLOCK NORTH & 47TH AVENUE EAST,1,1,0,0,1,4,,0,40,0,0,0,0,0,4,2,13
,2018_74347,39.77005948,-104.847498,12/21/2018 18:00,18:00,12,0,0,PEORIA STREET 3855 BLOCK NORTH & 39TH AVENUE EAST,1,1,0,0,1,3,,0,35,0,0,0,0,0,4,2,5
,2018_74348,39.77597374,-104.846049,3/21/2018 19:51,19:51,11,0,1,PEORIA STREET 4400 BLOCK NORTH & 44TH AVENUE EAST,1,3,0,0,1,4,,0,,0,1,0,0,3,4,2,13
,2018_74349,39.77594629,-104.846049,1/18/2018 15:45,15:45,1,0,0,PEORIA STREET 4400 BLOCK NORTH & 45TH AVENUE EAST,1,1,0,0,1,2,,0,40,0,0,0,0,0,4,2,7
,2018_74350,39.77644043,-104.846049,12/10/2018 14:30,14:30,1,0,0,PEORIA STREET 4400 BLOCK NORTH & 45TH AVENUE EAST,1,1,0,0,1,2,,0,40,0,0,0,0,0,4,2,3
,2018_74351,39.77390182,-105.03909,6/18/2018 2:46,2:46,6,0,0,PERRY STREET 4200 BLOCK NORTH & 43RD AVENUE WEST,2,3,0,0,1,4,,0,30,0,0,0,0,0,4,2,12
,2018_74352,39.71052668,-105.00066,9/23/2018 11:00,11:00,6,0,0,PLATTE RIVER 400 BLOCK SOUTH & ALAMEDA AVENUE WEST,1,3,0,0,1,4,,0,30,0,0,0,0,0,4,2,14
,2018_74353,39.71460238,-105.0025815,4/23/2018 15:18,15:18,12,0,0,PLATTE RIVER DRIVE SOUTH & BAYAUD AVENUE WEST,1,1,0,0,1,4,,0,35,0,0,0,0,0,4,2,3
,2018_74354,39.76728119,-104.90346,8/5/2018 11:20,11:20,12,0,0,QUEBEC STREET 3500 NORTH & 36TH AVENUE EAST,1,1,0,0,1,4,,0,40,0,0,0,0,0,4,2,3
,2018_74355,39.76627135,-104.9008095,10/26/2018 16:00,16:00,10,0,0,QUEBEC STREET 3500 BLOCK NORTH & 36TH AVENUE EAST,1,1,0,0,1,3,,0,35,0,0,0,0,0,4,2,7
,2018_74356,39.76605448,-104.9008095,11/30/2018 10:27,10:27,12,0,0,QUEBEC STREET 3500 BLOCK NORTH & 36TH AVENUE EAST,1,1,0,0,1,4,,0,40,0,0,0,0,0,4,2,13
,2018_74357,39.78621823,-104.9023502,4/19/2018 16:37,16:37,15,0,0,QUEBEC STREET 5000 BLOCK NORTH & 53RD AVENUE EAST,1,1,0,0,1,2,,0,40,0,0,0,0,0,4,2,13
,2018_74359,39.79406961,-104.90324,3/23/2018 15:35,15:35,15,0,0,QUEBEC STREET 5500 BLOCK NORTH & 56TH AVENUE EAST,1,1,0,0,1,4,,0,40,0,0,0,0,0,4,2,3
,2018_74360,39.68438847,-104.8923495,3/3/2018 3:39,3:39,6,0,0,QUEBEC WAY 1800 BLOCK SOUTH & COLORADO AVENUE SOUTH,1,4,0,0,1,4,,0,30,0,0,0,0,0,4,3,13
,2018_74361,39.68869161,-104.896719,7/28/2018 20:53,20:53,6,0,1,QUEBEC WAY 1500 BLOCK SOUTH & FLORIDA AVENUE EAST,1,3,0,0,1,4,,0,25,0,0,0,0,2,4,2,5
,2018_74362,39.63767535,-104.9038604,4/25/2018 11:37,11:37,15,0,2,QUEBEC STREET 4300 BLOCK NORTH & I70 EASTBOUND RAMPS,1,1,1,0,1,4,,0,40,0,0,0,0,1,4,2,13
,2018_74363,39.70981337,-104.997132,8/19/2018 17:04,17:04,5,0,0,SANTA FE DRIVE 500 BLOCK SOUTH & ALAMEDA AVENUE WEST,1,1,0,0,2,3,,0,,0,0,0,0,0,4,1,13
,2018_74364,39.87553139,-104.6756282,10/15/2018 5:39,5:39,5,0,0,QUEENSBURG STREET 9900 BLOCK & 99TH AVENUE,1,3,0,0,2,4,,0,10,0,0,0,0,0,4,1,6
,2018_74365,39.77150938,-105.04017,8/3/2018 18:20,18:20,6,0,0,QUITMAN STREET 4000 BLOCK NORTH & 41ST AVENUE WEST,1,1,0,0,1,4,,0,25,0,0,0,0,0,4,2,13
,2018_74366,39.70894496,-105.0420365,4/22/2018 6:52,6:52,6,0,0,RALEIGH STREET SOUTH & DAKOTA AVENUE WEST,1,3,0,0,1,4,,0,25,0,0,0,0,0,4,2,1
,2018_74367,39.64378941,-104.899869,4/6/2018 23:24,23:24,6,0,0,ROSLYN STREET SOUTH & ROSEMARY WAY SOUTH,1,4,0,0,1,4,,0,25,0,0,0,0,0,4,2,2
,2018_74368,39.74636921,-104.9918085,11/14/2018 11:50,11:50,15,0,0,17TH STREET 700 BLOCK & STOUT STREET,1,1,0,0,1,4,,0,25,0,0,0,0,0,4,2,13
,2018_74369,39.77331226,-104.8253798,10/16/2018 0:31,0:31,6,0,0,SABLE STREET 4300 BLOCK NORTH & 44TH AVENUE EAST,1,3,1,0,1,4,,0,25,0,0,0,0,0,4,2,14
,2018_74370,39.73511157,-104.998392,2/22/2018 7:37,7:37,6,0,0,SANTA FE DRIVE 1200 BLOCK NORTH & 13TH AVENUE WEST,1,1,0,0,1,4,,0,,0,0,0,0,0,4,2,13
,2018_74371,39.7106095,-104.997132,3/12/2018 16:30,16:30,12,0,0,SANTA FE DRIVE 300 BLOCK SOUTH & ALAMEDA AVENUE WEST,1,1,0,0,1,4,,0,30,0,0,0,0,0,4,2,13
,2018_74372,39.70953884,-104.997132,10/15/2018 15:13,15:13,12,0,2,SANTA FE DRIVE SOUTH & ALAMEDA AVENUE WEST,1,1,0,0,1,2,,0,35,0,0,0,0,1,4,3,1
,2018_74373,39.71309621,-104.9982795,10/9/2018 9:00,9:00,15,0,1,SANTA FE DRIVE SOUTH & CEDAR AVENUE WEST,1,1,0,0,1,4,,0,35,0,0,0,0,1,4,2,13
,2018_74375,39.69393068,-104.9847705,2/23/2018 20:30,20:30,6,0,0,SHERMAN STREET 1200 BLOCK NORTH & 13TH AVENUE EAST,1,3,0,0,1,4,,0,25,0,0,0,0,0,4,2,14
,2018_74376,39.69453464,-104.9847705,5/19/2018 11:42,11:42,6,0,0,SHERMAN STREET 1200 BLOCK NORTH & 13TH AVENUE EAST,2,1,0,1,1,4,,0,25,0,0,0,0,0,4,3,5
,2018_74377,39.68895147,-104.984811,11/8/2018 16:16,16:16,15,0,0,SHERMAN STREET 1500 BLOCK NORTH & 16TH AVENUE EAST,1,1,0,0,1,4,,0,,0,0,0,0,0,4,2,13
,2018_74378,39.73642732,-104.9957367,11/29/2018 17:45,17:45,15,0,0,SPEER BOULEVARD 1300 BLOCK & 14TH AVENUE WEST,1,3,0,0,1,4,,0,35,0,0,0,0,0,4,2,13
,2018_74379,39.76186565,-105.028929,2/28/2018 13:50,13:50,12,0,0,SPEER BOULEVARD 3100 NORTH & 32ND AVENUE WEST,1,1,1,0,1,4,,0,30,0,0,0,0,0,4,2,3
,2018_74380,39.72839395,-104.9906115,9/22/2018 8:45,8:45,15,0,0,SPEER BOULEVARD 700 BLOCK NORTH & EIGHTH AVENUE EAST,1,1,0,0,1,4,,0,35,0,0,0,0,0,4,2,1
,2018_74381,39.73978121,-104.9981805,7/17/2018 17:33,17:33,12,0,2,SPEER BOULEVARD 1400 NORTH & COLFAX AVENUE WEST,1,1,0,0,1,4,,0,30,0,0,0,0,1,4,3,13
,2018_74382,39.75165669,-105.0075585,7/2/2018 15:35,15:35,12,0,0,SPEER BOULEVARD 2400 NORTH & ELITCH CIRCLE NORTH,1,1,0,0,1,4,,0,30,0,0,0,0,0,4,2,13
,2018_74383,39.74115592,-104.8972185,6/27/2018 20:00,20:00,6,0,1,SPRUCE STREET 1572 BLOCK NORTH & 16TH AVENUE EAST,1,1,0,0,1,4,,0,25,0,0,0,0,2,4,2,12
,2018_74388,39.74553479,-104.993028,6/8/2018 15:39,15:39,6,0,0,STOUT STREET & 16TH STREET,1,1,0,0,1,4,,0,25,0,0,0,0,0,4,2,13
,2018_74389,39.74538686,-104.9927805,6/29/2018 14:11,14:11,12,0,0,STOUT STREET 1600 BLOCK & 17TH STREET,1,1,0,0,1,4,,0,30,0,0,0,0,0,4,2,13
,2018_74390,39.75417855,-104.9817285,7/18/2018 7:17,7:17,15,0,0,STOUT STREET 2500 BLOCK & 26TH STREET,1,1,0,0,1,4,,0,30,0,0,0,0,0,4,2,3
,2018_74391,39.78897522,-105.0423795,10/2/2018 16:43,16:43,6,0,0,STUART STREET 5100 BLOCK NORTH & 52ND AVENUE WEST,1,1,1,0,1,4,,0,25,0,0,0,0,0,4,2,13
,2018_74392,39.65693394,-104.9000805,6/27/2018 15:03,15:03,15,0,0,TAMARAC DRIVE 3200 BLOCK SOUTH & EASTMAN AVENUE EAST,1,1,1,0,1,4,,0,30,0,0,0,0,0,4,2,3
,2018_74393,39.63838947,-104.89266,5/8/2018 22:42,22:42,15,0,1,TAMARAC DRIVE SOUTH & QUINCY AVENUE EAST,1,3,0,0,1,4,,0,30,0,0,0,0,1,4,2,1
,2018_74394,39.63709347,-104.8948605,7/31/2018 11:40,11:40,12,0,0,TAMARAC PARKWAY 4400 BLOCK SOUTH & QUINCY AVENUE EAST,1,1,0,0,1,2,,0,35,0,0,0,0,0,4,2,1
,2018_74396,39.80316736,-104.8804827,11/11/2018 16:51,16:51,5,0,0,TOWER ROAD NORTH & 59TH AVENUE EAST,5,3,0,2,3,4,,0,45,0,0,0,0,0,4,1,13
,2018_74397,39.78009448,-104.7718395,11/28/2018 11:23,11:23,1,0,0,TOWER ROAD 4600 BLOCK NORTH & 47TH AVENUE EAST,1,1,0,0,1,2,,0,40,0,0,0,0,0,4,2,13
,2018_74398,39.7803141,-104.7718395,4/3/2018 14:05,14:05,12,0,0,TOWER ROAD 4600 BLOCK NORTH & PRIVATE DRIVE,1,1,0,0,1,4,,0,35,0,0,0,0,0,4,2,7
,2018_74399,39.74325743,-104.9882805,12/12/2018 18:54,18:54,15,0,0,TREMONT PLACE & 17TH STREET,1,3,0,0,1,4,,0,30,0,0,0,0,0,4,3,8
,2018_74402,39.79377507,-104.835672,3/28/2018 17:19,17:19,12,0,1,UVALDA STREET NORTH & LOCKLAND DRIVE EAST,2,1,1,2,1,4,,0,25,0,0,0,0,1,4,2,1
,2018_74403,39.70491292,-104.8904798,5/10/2018 19:09,19:09,5,0,1,VALENTIA STREET 1000 BLOCK SOUTH & FAIRMOUNT DRIVE SOUTH,1,2,0,0,3,4,,0,30,0,0,0,0,1,4,1,10
,2018_74404,39.70585337,-104.8683015,5/5/2018 18:30,18:30,6,0,0,VIRGINA AVENUE EAST & GALENA WAY SOUTH,1,1,1,0,1,4,,0,30,0,0,0,0,0,4,2,13
,2018_74405,39.77771848,-104.7757005,10/14/2018 2:17,2:17,6,0,1,WALDEN WAY NORTH & 45TH AVENUE EAST,4,3,0,2,1,4,,0,25,0,0,0,0,2,4,3,5
,2018_74406,39.75655837,-104.989329,4/5/2018 16:38,16:38,12,0,0,WALNUT STREET 2300 BLOCK NORTH & 24TH STREET,1,1,0,0,1,4,,0,30,0,0,0,0,0,4,2,13
,2018_74407,39.76346921,-104.9801895,3/11/2018 20:04,20:04,10,0,0,WALNUT STREET & 31ST STREET,1,3,0,0,1,2,,0,30,0,0,0,0,0,4,2,8
,2018_74408,39.75600821,-104.9898285,4/10/2018 17:20,17:20,6,0,0,WALNUT STREET & PARK AVENUE WEST,1,1,0,0,3,4,,0,25,0,0,0,0,0,4,2,14
,2018_74409,39.69823409,-104.978889,8/21/2018 1:58,1:58,6,0,0,WASHINGTON STREET 1000 BLOCK NORTH & 11TH AVENUE EAST,1,3,0,0,1,4,,0,30,0,0,0,0,0,4,4,13
,2018_74410,39.68248036,-104.9790015,8/30/2018 10:18,10:18,6,0,0,WASHINGTON 1800 BLOCK NORTH & 18TH AVENUE EAST,1,1,0,0,1,4,,0,25,0,0,0,0,0,4,2,14
,2018_74411,39.78597148,-104.9767695,6/29/2018 16:26,16:26,12,0,0,WASHINGTON STREET 4900 BLOCK NORTH & 50TH AVENUE WEST,1,1,1,0,1,4,,0,35,0,0,0,0,0,4,2,13
,2018_74412,39.75178324,-104.998972,7/10/2018 12:12,12:12,6,0,0,WAZEE STREET & 1400 BLOCK,1,1,0,0,1,4,,0,5,0,0,0,0,0,4,2,14
,2018_74413,39.74940981,-105.0020298,1/8/2018 10:18,10:18,15,0,0,WAZEE STREET 1400 BLOCK & 15TH STREET,1,1,0,0,1,4,,0,25,0,0,0,0,0,4,2,14
,2018_74414,39.7425231,-104.993289,7/8/2018 13:35,13:35,12,0,0,WELTON STREET 1400 BLOCK & 15TH STREET,1,1,0,0,1,3,,0,30,0,0,0,0,0,4,2,13
,2018_74415,39.74427344,-104.991198,2/3/2018 18:20,18:20,12,0,0,WELTON STREET 1600 BLOCK & 17TH STREET,1,2,0,0,1,4,,0,25,0,0,0,0,0,4,2,14
,2018_74416,39.74609248,-104.988861,2/22/2018 12:23,12:23,15,0,0,WELTON STREET & 18TH STREET,6,1,0,0,1,4,,0,25,0,0,0,0,0,4,3,14
,2018_74417,39.75134848,-105.002991,7/24/2018 11:37,11:37,15,0,0,WEWATTA STREET 1400 & 15TH STREET,1,1,0,0,1,4,,0,30,0,0,0,0,0,4,2,14
,2018_74418,39.74982748,-104.8891905,5/4/2018 19:42,19:42,6,0,0,WILLOW COURT 2100 BLOCK NORTH & XANTHIA WAY NORTH,1,1,0,0,1,4,,0,25,0,0,0,0,0,4,2,1
,2018_74419,39.75260511,-104.999751,5/11/2018 6:51,6:51,15,0,0,WYNKOOP STREET & 17TH STREET,1,1,0,0,1,4,,0,30,0,0,0,0,0,4,2,13
,2018_74420,39.75260511,-104.999751,6/22/2018 10:17,10:17,6,0,0,WYNKOOP STREET & 17TH STREET,1,1,0,0,1,4,,0,25,0,0,0,0,0,4,2,13
,2018_74421,39.73232424,-104.885559,6/27/2018 15:20,15:20,6,0,0,XENIA STREET 1100 BLOCK NORTH & 12TH AVENUE EAST,1,1,0,0,1,4,,0,25,0,0,0,0,0,4,2,13
,2018_74422,39.67279582,-104.96025,1/15/2018 8:40,8:40,12,0,0,YORK STREET 2400 BLOCK NORTH & 28TH AVENUE EAST APPROXIMATELY,5,1,0,2,1,3,,0,30,0,0,0,0,0,4,2,14
,2018_74423,39.66564328,-104.9603805,3/2/2018 13:37,13:37,12,0,1,YORK STREET 2800 BLOCK NORTH & 29TH AVENUE EAST,1,1,0,0,1,4,,0,30,0,0,0,0,2,4,3,14
,2018_74424,39.77786564,-104.959089,11/3/2018 6:35,6:35,5,0,0,YORK STREET 4400 BLOCK NORTH & 45TH AVENUE EAST,2,3,0,1,3,4,,0,,0,0,0,0,0,4,1,13
,2018_74425,39.65814038,-104.8851564,5/8/2018 14:45,14:45,5,0,0,YOSEMITE STREET 3300 BLOCK SOUTH SOUTH & EASTMAN AVENUE EAST,1,1,0,0,3,4,,0,30,0,0,0,0,0,4,1,10
,2018_74426,39.66000747,-104.8851135,2/25/2018 1:07,1:07,5,0,1,YOSEMITE STREET SOUTH & SYRACUSE WAY SOUTH,1,3,0,0,3,3,,0,30,0,0,0,0,2,4,1,5
,2018_74427,39.65973294,-104.8851135,5/18/2018 22:17,22:17,5,0,0,YOSEMITE STREET SOUTH & SYRACUSE WAY SOUTH,1,3,0,0,3,4,,0,30,0,0,0,0,0,4,1,5
,2018_74428,39.76354348,-105.015159,9/29/2018 7:30,7:30,6,0,0,ZUNI STREET 3300 BLOCK NORTH & 34TH AVENUE WEST,1,3,0,0,1,4,,0,30,0,0,0,0,0,4,2,13
,2018_74513,39.64195221,-105.056307,1/16/2018 7:08,7:08,6,0,0,CHASE WAY 3982 BLOCK SOUTH & MANSFIELD AVENUE WEST,5,1,0,0,1,4,,0,25,0,0,0,0,0,4,2,5
,2018_74514,39.78386004,-104.7618585,3/31/2018 12:50,12:50,15,0,0,DUNKIRK STREET NORTH & CEYLON WAY NORTH,1,1,0,0,1,4,,0,25,0,0,0,0,0,4,2,13
,2018_74519,39.65177649,-104.918562,7/26/2018 11:37,11:37,12,0,0,I25 & HAMPDEN AVENUE EAST,1,1,0,0,1,4,,0,65,0,0,0,0,0,1,4,3
,2018_74536,39.65634777,-104.8547454,6/15/2018 21:00,21:00,5,0,0,DAM ROAD & VAUGHN WAY SOUTH,1,4,0,0,3,4,,0,,0,0,0,0,0,4,2,13
,2018_74539,39.67685099,-104.9052172,5/22/2018 8:03,8:03,12,0,0,EVANS AVENUE EAST & QUEBEC STREET SOUTH,1,1,1,0,1,3,,0,40,0,0,0,0,0,4,2,3
,2018_74540,39.676851,-104.9040625,6/7/2018 22:40,22:40,3,0,0,EVANS AVENUE EAST & QUEBEC STREET SOUTH,1,3,0,0,1,3,,0,40,0,0,0,0,0,4,2,13
,2018_74543,39.676518,-104.904229,1/31/2018 7:55,7:55,12,0,1,ILIFF AVENUE EAST & QUEBEC STREET SOUTH,1,1,1,0,1,4,,0,40,0,0,0,0,1,4,2,14
,2018_74626,39.70378799,-104.8675698,9/20/2018 21:21,21:21,5,0,0,EXPOSITION AVENUE EAST & HAVANA STREET SOUTH,1,4,0,0,3,4,,0,30,0,0,0,0,0,4,1,9
,2018_74688,39.754989,-104.9956765,8/23/2018 7:31,7:31,5,0,1,20TH STREET & WAZEE STREET,1,1,1,0,3,4,,0,35,0,0,0,0,1,4,1,5
,2018_74697,39.74598,-104.9984236,1/29/2018 16:15,16:15,6,0,0,14TH STREET & ARAPAHOE STREET,1,1,0,0,1,4,,0,30,0,0,0,0,0,4,2,13
,2018_74701,39.762,-104.9157431,5/30/2018 22:12,22:12,11,1,0,MLK BOULEVARD  & LEYDEN STREET NORTH,1,3,0,0,1,4,,0,,0,1,0,0,4,4,2,13
,2018_74702,39.83338796,-104.7751837,9/19/2018 18:35,18:35,15,0,0,PENA BOULEVARD 7500 BLOCK EASTBOUND EXIT RAMP & TOWER ROAD NORTH,2,1,0,1,1,8,,0,45,0,0,0,0,0,4,2,13
,2018_74703,39.672594,-104.8685353,10/2/2018 8:14,8:14,10,0,0,HARVARD AVENUE EAST & PARKER ROAD SOUTH / 10200 BLOCK EAST,1,1,1,0,1,3,,0,25,0,0,0,0,0,4,2,13
,2018_74704,39.733866,-105.0219423,1/23/2018 12:42,12:42,12,0,0,11TH AVENUE WEST & DECATUR STREET NORTH,2,1,0,0,1,4,,0,25,0,0,0,0,0,4,2,9
,2018_74705,39.740661,-104.9914846,2/22/2018 10:21,10:21,3,0,0,14TH AVENUE 400 BLOCK WEST & COURT PLACE,1,1,0,0,1,5,,0,5,0,0,0,0,0,4,2,14
,2018_74706,39.77939812,-105.0271421,2/22/2018 15:59,15:59,3,0,3,14TH AVENUE WEST & GROVE STREET NORTH,4,1,0,2,1,2,,0,15,0,0,0,0,1,4,2,13
,2018_74707,39.741327,-104.9923171,9/20/2018 16:41,16:41,12,0,0,14TH STREET & TREMONT STREET,1,1,0,0,1,4,,0,,0,0,0,0,0,4,2,13
,2018_74708,39.754008,-104.9967677,2/7/2018 11:00,11:00,6,0,0,1605 19TH STREET & WAZEE STREET,1,1,0,0,1,4,,0,25,0,0,0,0,0,4,2,14
,2018_74709,39.745566,-104.9955432,10/9/2018 12:30,12:30,6,0,0,15TH STREET & CHAMPA STREET,2,1,0,1,1,4,,0,30,0,0,0,0,0,4,2,16
,2018_74710,39.756456,-105.0096647,8/20/2018 18:00,18:00,15,0,0,15TH STREET & PLATTE STREET,1,1,0,0,1,4,,0,30,0,0,0,0,0,4,2,16
,2018_74711,39.74625,-104.9963266,8/13/2018 17:35,17:35,6,0,1,15TH STREET 1020 & CURTIS STREET,1,1,0,0,1,4,,0,35,0,0,0,0,2,4,3,10