id,drcog_id,latitude,longitude,crashtime,time,crashtype,numbkilled,numbinjurd,drcoglocat,rdconditin,lightngcon,roadcntgrd,weatherco,location,roaddescrp,schoolzone,constrzone,splimit,bikeinv,pedinv,sctrinv,motoinv,svrty,rdsystem,ttlvehcls,hcf
,2018_74712,39.74895,-104.9997617,6/14/2018 12:15,12:15,15,0,0,15TH STREET 1400 BLOCK & MARKET STREET,1,1,0,0,1,4,,1,30,0,0,0,0,0,4,2,13
,2018_74713,39.743397,-104.9877273,3/2/2018 16:18,16:18,12,0,0,17TH STREET 300 BLOCK & BROADWAY NORTH,1,1,0,0,1,4,,0,30,0,0,0,0,0,4,2,13
,2018_74714,39.746106,-104.9913271,1/5/2018 8:27,8:27,12,0,0,17TH STREET 700 BLOCK & CALIFORNIA STREET,1,1,0,0,1,4,,0,25,0,0,0,0,0,4,2,14
,2018_74715,39.759264,-105.0088234,5/17/2018 8:15,8:15,6,0,0,17TH STREET 2500 BLOCK & CENTRAL COURT,1,1,0,0,1,4,,0,25,0,0,0,0,0,4,2,13
,2018_74716,39.744666,-104.9324176,9/19/2018 14:48,14:48,6,0,0,18TH AVENUE 4600 BLOCK EAST & DAHLIA STREET NORTH,1,1,0,0,1,4,,0,25,0,0,0,0,0,4,2,3
,2018_74717,39.750381,-104.9945217,9/11/2018 12:29,12:29,6,0,0,18TH STREET 1200 BLOCK & LAWRENCE STREET,1,1,0,0,1,4,,0,30,0,0,0,0,0,4,3,13
,2018_74718,39.75669,-105.0009485,8/10/2018 10:37,10:37,6,0,0,19TH STREET & CHESTNUT PLACE,1,1,0,0,1,4,,0,,0,0,0,0,0,4,2,13
,2018_74719,39.718197,-104.9561865,4/7/2018 14:38,14:38,12,0,0,FIRST AVENUE 2700 BLOCK EAST & CLAYTON LANE NORTH,1,1,0,0,1,4,,0,30,0,0,0,0,0,4,2,14
,2018_74720,39.718341,-104.9669572,3/6/2018 16:23,16:23,12,0,0,FIRST AVENUE EAST & GILPIN STREET NORTH,1,1,0,0,1,4,,0,30,0,0,0,0,0,4,2,13
,2018_74721,39.718341,-104.9669572,9/17/2018 8:14,8:14,12,0,1,FIRST AVENUE EAST & GILPIN STREET NORTH,1,1,0,0,1,4,,0,30,0,0,0,0,1,4,3,13
,2018_74722,39.71834099,-104.9723459,7/12/2018 18:28,18:28,12,0,2,FIRST AVENUE EAST & LAFAYETTE STREET NORTH,1,1,0,0,1,4,,0,30,0,0,0,0,1,4,4,3
,2018_74723,39.718206,-104.952933,10/27/2018 12:20,12:20,15,0,0,FIRST AVENUE EAST & MILWAUKEE STREET NORTH,1,1,0,0,1,4,,0,30,0,0,0,0,0,4,2,16
,2018_74724,39.719538,-104.9001795,3/20/2018 4:54,4:54,5,0,2,FIRST AVENUE 7400 BLOCK EAST & ROSELYN STREET NORTH,1,3,0,0,2,4,,0,25,0,0,0,0,1,4,1,13
,2018_74725,39.746961,-104.9737051,1/3/2018 20:36,20:36,2,0,1,20TH AVENUE EAST & DOWNING STREET NORTH,1,3,0,0,1,5,,0,25,1,0,0,0,2,4,2,5
,2018_74726,39.757662,-104.9989862,11/4/2018 11:36,11:36,12,0,0,20TH STREET 2000 BLOCK & CHESTNUT PLACE,1,1,0,0,1,4,,0,35,0,0,0,0,0,4,2,16
,2018_74727,39.752271,-104.9921552,8/21/2018 17:50,17:50,6,0,0,20TH STREET 1217 & LAWRENCE STREET,2,1,0,0,1,5,,0,35,0,0,0,0,0,4,2,1
,2018_74728,39.759588,-105.0021362,2/12/2018 15:47,15:47,12,0,0,20TH STREET & LITTLE RAVEN STREET,5,1,1,0,1,4,,0,30,0,0,0,0,0,4,2,13
,2018_74729,39.759588,-105.0020828,10/29/2018 13:44,13:44,12,0,0,20TH STREET & LITTLE RAVEN STREET,1,1,1,0,1,4,,0,30,0,0,0,0,0,4,2,1
,2018_74730,39.749841,-104.9865076,1/22/2018 19:34,19:34,6,0,0,21ST STREET & CALIFORNIA STREET,4,3,0,0,1,4,,0,25,0,0,0,0,0,4,2,5
,2018_74731,39.750543,-104.9876287,8/19/2018 20:19,20:19,3,0,0,21ST STREET 700 BLOCK & STOUT STREET,1,3,0,0,1,5,,0,,0,0,0,0,0,4,2,13
,2018_74732,39.753432,-104.9889177,9/24/2018 11:35,11:35,12,0,0,22ND STREET & ARAPAHOE STREET,1,1,0,0,1,5,,0,30,0,0,0,0,0,4,2,7
,2018_74733,39.754809,-104.9905442,9/29/2018 21:35,21:35,15,0,0,22ND STREET & LARIMER STREET,1,3,0,0,1,4,,0,30,0,0,0,0,0,4,2,14
,2018_74734,39.75705,-104.9932442,9/12/2018 13:04,13:04,15,0,0,22ND STREET & WAZEE STREET,1,1,0,0,1,3,,0,30,0,0,0,0,0,4,2,1
,2018_74735,39.751173,-104.8911828,5/18/2018 7:50,7:50,3,0,1,23RD AVENUE EAST & VERBENA STREET NORTH,1,1,0,0,1,5,,0,25,0,0,0,0,1,4,2,13
,2018_74736,39.756996,-104.9742094,9/1/2018 7:00,7:00,6,0,0,30TH STREET & GLENARM STREET,1,3,0,0,1,4,,0,25,0,0,0,0,0,4,2,13
,2018_74737,39.72408872,-105.0057683,8/3/2018 15:40,15:40,6,0,0,SECOND AVENUE 1500 BLOCK WEST  & OSAGE STREET NORTH,1,1,1,0,1,4,,0,25,0,0,0,0,0,4,3,13
,2018_74738,39.76199999,-105.0269365,3/17/2018 21:29,21:29,6,0,0,32ND AVENUE 3100 BLOCK WEST & FEDERAL BOULEVARD NORTH,1,4,1,0,1,4,,0,25,0,0,0,0,0,4,2,5
,2018_74739,39.768948,-104.9955988,6/25/2018 15:01,15:01,10,0,0,38TH AVENUE 600 BLOCK WEST & FOX STREET NORTH,1,1,1,0,1,4,,0,30,0,0,0,0,0,4,2,13
,2018_74741,39.771234,-105.0302173,2/19/2018 11:46,11:46,15,0,0,39TH AVENUE 3300 BLOCK WEST & IRVING STREET NORTH,5,1,1,2,1,4,,0,25,0,0,0,0,0,4,2,13
,2018_74742,39.772476,-105.0445466,7/7/2018 13:39,13:39,3,0,0,41ST AVENUE 4400 WEST & TENNYSON STREET NORTH,1,1,0,0,1,5,,0,30,0,0,0,0,0,4,2,13
,2018_74743,39.775266,-105.044213,10/18/2018 15:00,15:00,6,0,0,43RD AVENUE 4400 BLOCK WEST & TENNYSON STREET NORTH,1,1,0,0,1,4,,0,25,0,0,0,0,0,4,2,8
,2018_74744,39.790314,-104.8622787,2/1/2018 11:00,11:00,15,0,0,51ST AVENUE 10700 BLOCK EAST & JOLIET STREET NORTH,1,1,0,0,1,4,,0,30,0,0,0,0,0,4,2,3
,2018_74745,39.790314,-104.8617094,5/18/2018 8:59,8:59,15,0,0,51ST AVENUE EAST & JOLIET STREET NORTH,1,1,0,0,1,4,,0,,0,0,0,0,0,4,2,13
,2018_74746,39.789648,-104.8229471,7/8/2018 17:40,17:40,11,0,1,52ND AVENUE 14200 EAST & CRYSTAL STREET NORTH,1,1,0,0,1,4,,0,25,0,1,0,0,2,4,2,13
,2018_74747,39.79455295,-104.8695787,2/20/2018 12:03,12:03,14,0,1,54TH AVENUE EAST & HAVANA STREET NORTH,4,1,0,0,1,4,,0,30,0,0,0,0,2,4,2,13
,2018_74748,39.79833839,-104.8503916,5/31/2018 15:42,15:42,9,0,1,56TH AVENUE EAST & OSWEGO STREET NORTH,1,1,0,0,1,4,,0,45,0,0,0,1,3,4,1,13
,2018_74749,39.798243,-104.7725374,9/5/2018 13:38,13:38,12,0,0,56TH AVENUE EAST & TOWER ROAD NORTH,1,1,0,0,1,3,,0,40,0,0,0,0,0,4,2,16
,2018_74750,39.798243,-104.7723595,11/25/2018 9:17,9:17,12,0,0,56TH AVENUE 18400 BLOCK EAST & TOWER ROAD NORTH,1,1,0,0,1,3,,0,45,0,0,0,0,0,4,2,3
,2018_74751,39.7242,-105.0021475,1/11/2018 9:30,9:30,6,0,0,FIFTH AVENUE 110 BLOCK WEST & LIPAN STREET NORTH,1,1,0,0,1,4,,0,25,0,0,0,0,0,4,2,13
,2018_74752,39.72627899,-105.0019786,1/2/2018 11:05,11:05,12,0,0,SIXTH AVENUE 1100 BLOCK WEST & KALAMATH STREET NORTH,1,1,0,0,1,4,,0,40,0,0,0,0,0,4,2,1
,2018_74753,39.726279,-105.0003432,1/10/2018 8:22,8:22,12,0,0,SIXTH AVENUE 900 BLOCK WEST & KALAMATH STREET NORTH,1,1,0,0,1,4,,0,30,0,0,0,0,0,4,3,13
,2018_74754,39.726279,-105.0003788,1/11/2018 17:50,17:50,12,0,0,SIXTH AVENUE WEST & KALAMATH STREET NORTH,1,3,0,0,1,4,,0,40,0,0,0,0,0,4,2,16
,2018_74755,39.726279,-105.0009121,11/12/2018 9:30,9:30,15,0,0,SIXTH AVENUE WEST  & KALAMATH STREET NORTH,4,1,0,2,1,4,,0,45,0,0,0,0,0,4,2,13
,2018_74756,39.726279,-105.0012676,11/20/2018 16:00,16:00,12,0,0,SIXTH AVENUE WEST & KALAMATH STREET NORTH,1,2,0,0,1,4,,0,35,0,0,0,0,0,4,3,13
,2018_74757,39.7258335,-104.8923461,3/7/2018 11:43,11:43,5,0,1,SIXTH AVENUE 8200 BLOCK EAST & UINTA WAY NORTH,1,1,0,0,3,4,,0,30,0,0,0,0,1,4,1,2
,2018_74758,39.83185795,-104.6965107,9/14/2018 20:48,20:48,12,0,0,75TH AVENUE EAST & JACKSON GAP STREET NORTH,1,3,0,0,1,2,,0,45,0,0,0,0,0,4,2,13
,2018_74760,39.73045344,-104.9732292,11/14/2018 18:29,18:29,6,0,0,NINTH AVENUE 1100 BLOCK EAST & DOWNING STREET NORTH,1,3,0,0,1,4,,0,30,0,0,0,0,0,4,2,13
,2018_74761,39.71118599,-104.9496594,6/28/2018 10:55,10:55,5,0,0,ALAMEDA AVENUE 3300 BLOCK EAST & CHERRY CREEK DRIVE NORTH,1,1,0,0,3,4,,0,30,0,0,0,0,0,4,1,2
,2018_74762,39.709026,-104.8756162,7/9/2018 17:35,17:35,12,0,0,ALAMEDA AVENUE 9600 EAST & DAYTON STREET SOUTH,1,1,0,0,1,1,,0,40,0,0,0,0,0,4,3,16
,2018_74763,39.709026,-104.8762738,7/27/2018 11:28,11:28,3,0,0,ALAMEDA AVENUE 9000 BLOCK EAST & DAYTON STREET SOUTH,1,1,0,0,1,2,,0,30,0,0,0,0,0,4,2,13
,2018_74764,39.709026,-104.8756518,9/22/2018 9:31,9:31,12,0,0,ALAMEDA AVENUE EAST & DAYTON STREET SOUTH,1,1,0,0,1,3,,0,30,0,0,0,0,0,4,2,5
,2018_74765,39.709026,-104.8756162,11/25/2018 6:07,6:07,5,0,0,ALAMEDA AVENUE EAST & DAYTON STREET SOUTH,5,2,0,0,3,4,,0,35,0,0,0,0,0,4,1,13
,2018_74766,39.709026,-104.8755274,12/18/2018 10:05,10:05,12,0,0,ALAMEDA AVENUE 9600 BLOCK EAST & DAYTON STREET SOUTH,1,1,0,0,1,3,,0,40,0,0,0,0,0,4,2,3
,2018_74767,39.71016,-104.8714293,11/3/2018 10:33,10:33,12,0,0,ALAMEDA AVENUE 10098 EAST & GALENA STREET SOUTH,2,1,0,0,1,2,,0,40,0,0,0,0,0,4,2,13
,2018_74768,39.76011372,-105.0097251,2/4/2018 20:55,20:55,5,0,0,BOULDER STREET & 1849,1,3,2,0,3,4,,0,25,0,0,0,0,0,4,1,14
,2018_74769,39.711366,-104.9132083,7/17/2018 7:40,7:40,15,0,0,ALAMEDA AVENUE 6500 EAST & MONACO STREET SOUTH,1,1,0,0,1,4,,0,35,0,0,0,0,0,4,2,1
,2018_74770,39.70605596,-104.9440673,12/26/2018 18:30,18:30,5,0,1,CHERRY CREEK SOUTH DRIVE EAST & COLORADO BOULEVARD SOUTH,2,3,0,2,2,4,,0,35,0,0,0,0,2,4,1,13
,2018_74771,39.711366,-104.9136704,9/27/2018 10:38,10:38,12,0,1,ALAMEDA AVENUE EAST & MONACO STREET SOUTH,1,1,0,0,1,4,,0,35,0,0,0,0,1,4,4,7
,2018_74772,39.781107,-104.8433226,7/24/2018 15:32,15:32,12,0,1,ALBROOK DRIVE 12700 EAST & TULSA DRIVE NORTH,1,1,0,0,1,4,,0,25,0,0,0,0,1,4,2,8
,2018_74773,39.74598,-104.9984236,2/22/2018 13:59,13:59,3,0,0,ARAPAHOE STREET & 14TH STREET,1,1,1,0,1,2,,0,25,0,0,0,0,0,4,2,13
,2018_74774,39.752658,-104.9891378,3/22/2018 16:23,16:23,6,0,0,ARAPAHOE STREET 2100 BLOCK & 22ND STREET,1,1,0,0,1,4,,0,25,0,0,0,0,0,4,2,14
,2018_74775,39.715173,-104.9081476,5/8/2018 9:08,9:08,12,0,0,ARCHER DRIVE EAST & ONEIDA STREET SOUTH,1,1,0,0,1,4,,0,25,0,0,0,0,0,4,2,14
,2018_74776,39.690828,-105.0261385,5/15/2018 8:20,8:20,6,0,0,ARKANSAS AVENUE 3100 BLOCK WEST & FEDERAL BOULEVARD SOUTH,1,1,0,0,1,4,,0,25,0,0,0,0,0,4,4,1
,2018_74777,39.62420095,-104.89828,2/26/2018 17:45,17:45,1,0,0,BELLEVIEW AVENUE 7800 BLOCK EAST & ULSTER STREET SOUTH,1,3,1,0,1,2,,0,35,0,0,0,0,0,4,2,13
,2018_74778,39.750543,-104.9995172,9/1/2018 13:10,13:10,10,0,1,BLAKE STREET & 16TH STREET,1,1,0,0,1,1,,0,25,0,0,0,1,1,4,2,13
,2018_74779,39.760659,-105.0092216,6/3/2018 13:50,13:50,3,0,0,BOULDER STREET 1700 BLOCK & CENTRAL STREET,1,1,0,0,1,2,,0,10,0,0,0,0,0,4,2,13
,2018_74780,39.657222,-105.0385783,4/27/2018 23:35,23:35,6,0,0,GIRARD AVENUE 3800 BLOCK WEST & PATTON WAY SOUTH,1,4,0,0,1,4,,0,25,0,0,0,0,0,4,2,13
,2018_74781,39.68010897,-104.9432475,7/16/2018 9:45,9:45,12,0,0,BUCHTEL BOULEVARD 3700 EAST & COLORADO BOULEVARD SOUTH,1,1,0,0,1,2,,0,35,0,0,0,0,0,4,2,13
,2018_74782,39.679253,-104.9425144,6/18/2018 0:00,0:00,2,0,0,BUTCHEL BOULEVARD EAST & COLORADO BOULEVARD SOUTH,1,1,0,0,1,4,,0,30,1,0,0,0,0,4,2,13
,2018_74783,39.746529,-104.9944333,8/23/2018 8:20,8:20,15,0,0,CHAMPA STREET 1600 BLOCK & 17TH STREET,1,1,0,0,1,2,,0,30,0,0,0,0,0,4,2,13
,2018_74784,39.695895,-104.9229402,2/21/2018 7:57,7:57,12,0,0,CHERRY CREEK SOUTH DRIVE 5500 BLOCK EAST & HOLLY STREET SOUTH,2,1,0,0,1,3,,0,30,0,0,0,0,0,4,2,16
,2018_74785,39.711429,-104.9409765,9/22/2018 22:16,22:16,12,0,0,ALAMEDA AVENUE EAST & COLORADO BOULEVARD SOUTH,1,3,0,0,1,3,,0,35,0,0,0,0,0,4,2,3
,2018_74786,39.751866,-104.9890465,4/5/2018 16:40,16:40,15,0,0,CURTIS STREET & 21ST STREET,1,1,0,0,1,4,,0,35,0,0,0,0,0,4,2,16
,2018_74788,39.758949,-105.0165994,9/8/2018 22:33,22:33,5,0,1,DUNKELD PLACE WEST & ZUNI STREET NORTH,2,3,0,1,3,4,,0,25,0,0,0,0,1,4,1,5
,2018_74789,39.79368,-104.8437686,1/25/2018 2:00,2:00,6,0,0,EDWARDS PLACE EAST & SCRANTON STREET NORTH,1,3,0,0,1,4,,0,20,0,0,0,0,0,4,2,5
,2018_74790,39.79339226,-104.8458424,2/5/2018 8:08,8:08,3,0,0,ELMENDORF PLACE 12300 BLOCK EAST & 54TH AVENUE EAST,1,1,0,0,1,2,,0,25,0,0,0,0,0,4,2,13
,2018_74791,39.71655525,-104.9853778,1/13/2018 19:11,19:11,6,0,0,ELLSWORTH AVENUE EAST & SHERMAN STREET NORTH,1,4,0,0,1,4,,0,,0,0,0,0,0,4,2,13
,2018_74792,39.676671,-104.9041158,2/21/2018 8:33,8:33,5,0,0,EVANS AVENUE 7200 BLOCK EAST & QUEBEC STREET SOUTH,1,1,1,0,2,3,,0,35,0,0,0,0,0,4,3,10
,2018_74795,39.750372,-104.982514,5/9/2018 8:40,8:40,15,0,0,GLENARM PLACE & PARK AVENUE WEST,1,1,0,0,1,4,,0,25,0,0,0,0,0,4,2,14
,2018_74796,39.732768,-104.9320617,3/21/2018 12:40,12:40,15,0,0,HALE PARKWAY 4700 BLOCK EAST & DAHLIA STREET NORTH,1,1,0,0,1,4,,0,30,0,0,0,0,0,4,2,13
,2018_74797,39.67259399,-104.8699562,9/22/2018 2:34,2:34,6,0,0,HARVARD AVENUE EAST & PARKER ROAD SOUTH,1,3,0,0,1,4,,0,25,0,0,0,0,0,4,2,13
,2018_74798,39.675942,-104.9229005,8/7/2018 10:56,10:56,12,0,1,ILIFF AVENUE 5600 EAST & HOLLY STREET SOUTH,1,1,0,0,1,4,,0,35,0,0,0,0,1,4,3,4
,2018_74799,39.75102,-104.9946368,5/4/2018 17:55,17:55,12,0,0,LARIMER STREET 1800 BLOCK & 19TH STREET,1,1,0,0,1,4,,0,25,0,0,0,0,0,4,2,13
,2018_74800,39.755745,-104.9893652,2/7/2018 13:17,13:17,15,0,0,LARIMER STREET & PARK AVENUE WEST,1,1,0,0,1,4,,0,30,0,0,0,0,0,4,2,16
,2018_74801,39.746781,-104.9985411,12/17/2018 7:37,7:37,15,0,0,LAWRENCE STREET 1400 BLOCK & 15TH STREET,1,1,0,0,1,4,,0,25,0,0,0,0,0,4,2,13
,2018_74802,39.78704578,-104.9839116,11/2/2018 9:55,9:55,2,0,0,LOGAN 600 BLOCK & GRANT ALLEY,1,1,0,0,1,5,,0,,1,0,0,0,0,4,2,13
,2018_74803,39.753207,-104.9935221,12/8/2018 22:50,22:50,15,0,0,MARKET STREET 1900 BLOCK & 20TH STREET,1,3,0,0,1,4,,0,30,0,0,0,0,0,4,2,14
,2018_74804,39.761991,-104.9091497,11/2/2018 17:31,17:31,12,0,0,MLK BOULEVARD & ONEIDA STREET NORTH,1,1,0,0,1,4,,0,35,0,0,0,1,0,4,2,16
,2018_74805,39.69795596,-104.8855174,12/13/2018 10:25,10:25,12,0,0,MISSISSIPPI 9100 BLOCK EAST & ALTON STREET SOUTH,1,1,0,0,1,4,,0,40,0,0,0,0,0,4,3,14
,2018_74806,39.696903,-104.9246097,9/4/2018 17:00,17:00,12,0,0,MISSISSIPPI AVENUE EAST & CHERRY CREEK DRIVE SOUTH,1,1,0,0,1,4,,0,25,0,0,0,0,0,4,3,13
,2018_74807,39.759876,-104.8908471,5/9/2018 15:20,15:20,12,0,1,MLK BOULEVARD & CENTRAL PARK BOULEVARD,1,1,0,0,1,3,,0,35,0,0,0,0,1,4,2,3
,2018_74808,39.76829996,-104.9420477,9/18/2018 17:00,17:00,12,0,0,MLK BOULEVARD EAST & HARRISON STREET NORTH,1,1,0,0,1,3,,0,35,0,0,0,0,0,4,2,2
,2018_74809,39.761946,-104.9467931,7/11/2018 12:18,12:18,5,0,0,MLK BOULEVARD 3400 BLOCK EAST & MADISON STREET NORTH,1,1,0,0,2,4,,0,35,0,0,0,0,0,4,1,13
,2018_74810,39.761973,-104.9035221,7/3/2018 21:34,21:34,15,0,0,MLK BOULEVARD & QUEBEC STREET NORTH,1,1,0,0,1,3,,0,35,0,0,0,0,0,4,2,13
,2018_74811,39.761973,-104.9035221,9/3/2018 16:40,16:40,3,0,0,MLK BOULEVARD EAST & QUEBEC STREET NORTH,1,1,0,0,1,3,,0,35,0,0,0,0,0,4,2,13
,2018_74812,39.761973,-104.9036289,11/1/2018 14:59,14:59,12,0,0,MLK BOULEVARD 7200 BLOCK & QUEBEC STREET NORTH,1,1,0,0,1,3,,0,35,0,0,0,0,0,4,2,16
,2018_74813,39.76056,-104.9010508,12/31/2018 16:03,16:03,5,0,0,MLK BOULEVARD 7400 BLOCK & ROSLYN STREET NORTH,4,2,1,2,2,4,,0,35,0,0,0,0,0,4,1,13
,2018_74814,39.76011,-104.9000856,8/26/2018 5:45,5:45,5,0,0,MLK BOULEVARD EAST & SYRACUSE STREET NORTH,1,1,1,0,3,4,,0,40,0,0,0,0,0,4,1,13
,2018_74815,39.70133576,-105.0476484,4/30/2018 14:20,14:20,12,0,2,MORRISON ROAD & ADA PLACE WEST,1,1,0,0,1,4,,0,30,0,0,0,0,3,4,3,3
,2018_74816,39.702087,-105.0461765,8/5/2018 6:30,6:30,6,0,0,MORRISON ROAD 4400 BLOCK & UTICA STREET SOUTH,1,2,0,0,1,4,,0,35,0,0,0,0,0,4,3,13
,2018_74817,39.710241,-104.9878676,3/30/2018 17:07,17:07,14,0,0,NEVADA PLACE 0 BLOCK WEST & BROADWAY SOUTH,1,1,0,0,1,4,,0,10,0,0,0,0,0,4,2,14
,2018_74818,39.757086,-104.9914219,3/5/2018 13:01,13:01,5,0,0,PARK AVENUE WEST & BLAKE STREET,1,1,0,6,1,4,,0,,0,0,0,0,0,4,1,13
,2018_74819,39.751713,-104.9840957,1/8/2018 12:19,12:19,15,0,0,PARK AVENUE WEST & CALIFORNIA STREET,1,1,0,0,1,4,,0,25,0,0,0,0,0,4,2,14
,2018_74820,39.753063,-104.9857573,8/24/2018 1:40,1:40,6,0,0,PARK AVENUE WEST & CHAMPA STREET,1,3,0,0,1,4,,0,30,0,0,0,0,0,4,2,14
,2018_74821,39.75372,-104.9870613,10/9/2018 15:26,15:26,3,0,0,PARK AVENUE WEST & CURTIS STREET,1,1,0,0,1,1,,0,30,0,0,0,0,0,4,5,8
,2018_74822,39.83338798,-104.7741155,4/18/2018 13:04,13:04,9,0,1,PENA BOULEVARD 8000 BLOCK & TOWER ROAD,1,1,0,0,3,4,,0,65,0,0,0,0,3,4,1,16
,2018_74823,39.757887,-104.9924614,6/10/2018 16:40,16:40,12,0,0,PARK AVENUE WEST & WAZEE STREET,1,1,0,0,1,4,,0,35,0,0,0,0,0,4,4,13
,2018_74824,39.759291,-104.9946034,5/7/2018 2:25,2:25,5,0,0,PARK AVENUE WEST & WEWATTA STREET,1,3,2,0,3,3,,0,30,0,0,0,0,0,4,1,13
,2018_74825,39.83354983,-104.729222,10/4/2018 19:53,19:53,5,0,0,PENA BOULEVARD 7500 BLOCK & 75TH AVENUE EAST,1,1,0,0,1,4,,0,65,0,0,0,0,0,4,1,13
,2018_74826,39.83441366,-104.7244015,6/6/2018 20:35,20:35,5,0,0,PENA BOULEVARD & GUN CLUB ROAD NORTH,1,3,0,0,3,4,,0,65,0,0,0,0,0,4,1,5
,2018_74827,39.83373685,-104.7231504,5/22/2018 11:37,11:37,12,0,1,PENA BOULEVARD 7600 BLOCK & E470,1,1,0,0,1,4,,0,55,0,0,0,0,3,4,2,10
,2018_74828,39.745566,-104.9955076,11/26/2018 15:10,15:10,11,0,1,15TH STREET 900 BLOCK & CHAMPA STREET,1,1,0,0,1,4,,0,30,0,1,0,0,2,4,2,14
,2018_74829,39.760182,-105.0075904,12/3/2018 17:25,17:25,6,0,0,18TH STREET & CENTRAL STREET,1,3,1,0,1,4,,0,25,0,0,0,0,0,4,2,13
,2018_74830,39.746106,-104.9916828,11/19/2018 19:58,19:58,6,0,0,17TH STREET & CALIFORNIA STREET,1,3,0,0,1,4,,0,30,0,0,0,0,0,4,2,8
,2018_74831,39.759264,-105.0084677,12/11/2018 21:48,21:48,6,0,0,17TH STREET 2500 BLOCK & CENTRAL STREET,1,3,1,0,1,4,,0,25,0,0,0,0,0,4,3,12
,2018_74833,39.760299,-105.0260355,12/22/2018 7:57,7:57,12,0,0,SPEER BOULEVARD 3000 BLOCK NORTH & FEDERAL BOULEVARD NORTH,1,1,0,0,1,4,,0,35,0,0,0,0,0,4,2,16
,2018_74834,39.723435,-104.9845005,2/16/2018 8:58,8:58,15,0,0,SPEER BOULEVARD 200 BLOCK EAST & GRANT STREET NORTH,2,1,0,0,1,4,,0,,0,0,0,0,0,4,2,13
,2018_74835,39.722616,-104.9832995,5/23/2018 8:54,8:54,15,0,0,SPEER BOULEVARD 300 BLOCK & LOGAN STREET NORTH,1,1,0,0,1,4,,0,35,0,0,0,0,0,4,2,13
,2018_74836,39.748761,-105.003853,12/11/2018 13:35,13:35,12,0,0,SPEER BOULEVARD & WAZEE STREET,1,1,0,0,1,4,,0,30,0,0,0,0,0,4,2,13
,2018_74837,39.635253,-105.0828721,5/14/2018 13:50,13:50,3,0,0,STANFORD AVENUE 7600 BLOCK WEST & WADSWORTH WAY SOUTH,2,1,0,0,1,3,,0,25,0,0,0,0,0,4,2,3
,2018_74838,39.74487922,-104.9947103,6/1/2018 6:50,6:50,12,0,0,STOUT STREET 1500 BLOCK & 16TH STREET,1,1,0,0,1,4,,0,25,0,0,0,0,0,4,2,14
,2018_74839,39.747708,-104.9909671,1/17/2018 8:20,8:20,15,0,0,STOUT STREET & 18TH STREET,1,1,0,0,1,1,,0,25,0,0,0,0,0,4,2,13
,2018_74840,39.755196,-104.9813016,4/9/2018 9:08,9:08,6,0,0,STOUT STREET 2531 & 26TH STREET,1,1,0,0,1,4,,0,25,0,0,0,0,0,4,2,13
,2018_74841,39.63633299,-104.8951777,8/6/2018 14:56,14:56,1,0,0,TAMARAC STREET SOUTH & DTC BOULEVARD SOUTH,1,1,0,0,1,1,,0,40,0,0,0,0,0,4,2,13
,2018_74842,39.760362,-105.0108977,11/10/2018 21:45,21:45,6,0,0,TEJON STREET 3000 BLOCK NORTH & 30TH AVENUE WEST,1,3,0,0,1,4,,0,25,0,0,0,0,0,4,2,13
,2018_74843,39.632382,-104.8905535,11/19/2018 6:30,6:30,5,0,1,TEMPLE DRIVE 8630 BLOCK EAST & SPRING CREEK ROAD SOUTH,1,1,0,0,3,4,,0,35,0,0,0,0,1,4,1,2
,2018_74844,39.69858599,-105.0455289,10/28/2018 19:20,19:20,6,0,0,TENNESSEE AVENUE WEST & TENNYSON STREET SOUTH,1,3,0,0,1,4,,0,25,0,0,0,0,0,4,3,1
,2018_74845,39.74193,-104.9907679,10/31/2018 10:55,10:55,15,0,0,TREMONT STREET 1400 BLOCK & 15TH STREET,1,1,0,0,1,4,,0,30,0,0,0,0,0,4,2,16
,2018_74846,39.760128,-104.9852983,11/2/2018 20:49,20:49,14,0,0,WALNUT STREET & 27TH STREET,1,3,0,0,1,4,,0,25,0,0,0,0,0,4,2,13
,2018_74847,39.703167,-105.0412454,11/17/2018 21:10,21:10,6,0,0,WALSH PLACE 4100 BLOCK WEST & QUITMAN STREET SOUTH,5,4,0,2,1,1,,0,25,0,0,0,0,0,4,2,13
,2018_74849,39.750687,-105.0036437,6/19/2018 18:18,18:18,1,0,0,WEWATTA STREET 1400 BLOCK & 15TH STREET,2,1,0,0,1,5,,0,30,0,0,0,0,0,4,2,13
,2018_74850,39.667725,-104.9211066,3/6/2018 21:56,21:56,12,0,1,YALE AVENUE EAST & HOLLY STREET SOUTH,1,3,0,0,1,4,,0,25,0,0,0,0,2,4,2,5
,2018_74923,39.72627862,-105.0095868,7/26/2018 8:47,8:47,12,0,0,SIXTH AVENUE WEST & KALAMATH STREET NORTH,1,1,1,0,1,4,,0,45,0,0,0,0,0,4,2,13
,2018_74932,39.749886,-104.9986311,11/8/2018 12:30,12:30,6,0,0,MARKET STREET & 16TH STREET / 1500 BLOCK,1,1,0,0,1,4,,0,25,0,0,0,0,0,4,2,13
,2018_74937,39.72627891,-105.0048939,3/8/2018 7:31,7:31,12,0,0,SIXTH AVENUE WEST & KALAMATH STREET NORTH,1,1,0,0,1,4,,0,,0,0,0,0,0,4,3,13